ISO-10303-21;
HEADER;
FILE_DESCRIPTION(('KiCad electronic assembly'),'2;1');
FILE_NAME('Brine.step','2026-04-04T11:06:15',('Pcbnew'),('Kicad'),
  'Open CASCADE STEP processor 7.8','KiCad to STEP converter','Unknown'
  );
FILE_SCHEMA(('AUTOMOTIVE_DESIGN { 1 0 10303 214 1 1 1 1 }'));
ENDSEC;
DATA;
#1 = APPLICATION_PROTOCOL_DEFINITION('international standard',
  'automotive_design',2000,#2);
#2 = APPLICATION_CONTEXT(
  'core data for automotive mechanical design processes');
#3 = SHAPE_DEFINITION_REPRESENTATION(#4,#10);
#4 = PRODUCT_DEFINITION_SHAPE('','',#5);
#5 = PRODUCT_DEFINITION('design','',#6,#9);
#6 = PRODUCT_DEFINITION_FORMATION('','',#7);
#7 = PRODUCT('Brine 1','Brine 1','',(#8));
#8 = PRODUCT_CONTEXT('',#2,'mechanical');
#9 = PRODUCT_DEFINITION_CONTEXT('part definition',#2,'design');
#10 = SHAPE_REPRESENTATION('',(#11,#15,#19,#23,#27,#31,#35,#39,#43,#47,
    #51,#55,#59,#63,#67,#71,#75),#79);
#11 = AXIS2_PLACEMENT_3D('',#12,#13,#14);
#12 = CARTESIAN_POINT('',(0.,0.,0.));
#13 = DIRECTION('',(0.,0.,1.));
#14 = DIRECTION('',(1.,0.,-0.));
#15 = AXIS2_PLACEMENT_3D('',#16,#17,#18);
#16 = CARTESIAN_POINT('',(139.7,-87.63,1.595));
#17 = DIRECTION('',(0.,-0.,1.));
#18 = DIRECTION('',(1.110223024625E-16,1.,0.));
#19 = AXIS2_PLACEMENT_3D('',#20,#21,#22);
#20 = CARTESIAN_POINT('',(149.5025,-101.6,1.595));
#21 = DIRECTION('',(0.,0.,1.));
#22 = DIRECTION('',(1.,0.,0.));
#23 = AXIS2_PLACEMENT_3D('',#24,#25,#26);
#24 = CARTESIAN_POINT('',(157.1225,-101.6,1.595));
#25 = DIRECTION('',(0.,0.,1.));
#26 = DIRECTION('',(1.,0.,0.));
#27 = AXIS2_PLACEMENT_3D('',#28,#29,#30);
#28 = CARTESIAN_POINT('',(165.1,-84.1775,1.595));
#29 = DIRECTION('',(0.,-0.,1.));
#30 = DIRECTION('',(1.110223024625E-16,1.,0.));
#31 = AXIS2_PLACEMENT_3D('',#32,#33,#34);
#32 = CARTESIAN_POINT('',(139.7,-82.55,1.595));
#33 = DIRECTION('',(0.,0.,1.));
#34 = DIRECTION('',(-1.,1.224646799147E-16,0.));
#35 = AXIS2_PLACEMENT_3D('',#36,#37,#38);
#36 = CARTESIAN_POINT('',(165.1,-76.5575,1.595));
#37 = DIRECTION('',(0.,-0.,1.));
#38 = DIRECTION('',(1.110223024625E-16,1.,0.));
#39 = AXIS2_PLACEMENT_3D('',#40,#41,#42);
#40 = CARTESIAN_POINT('',(158.43,-96.52,1.595));
#41 = DIRECTION('',(0.,0.,1.));
#42 = DIRECTION('',(1.,0.,0.));
#43 = AXIS2_PLACEMENT_3D('',#44,#45,#46);
#44 = CARTESIAN_POINT('',(163.83,-99.38,1.595));
#45 = DIRECTION('',(0.,-0.,1.));
#46 = DIRECTION('',(1.110223024625E-16,1.,0.));
#47 = AXIS2_PLACEMENT_3D('',#48,#49,#50);
#48 = CARTESIAN_POINT('',(162.56,-108.236,1.595));
#49 = DIRECTION('',(0.,0.,1.));
#50 = DIRECTION('',(1.,0.,0.));
#51 = AXIS2_PLACEMENT_3D('',#52,#53,#54);
#52 = CARTESIAN_POINT('',(152.279,-97.4516,1.595));
#53 = DIRECTION('',(0.,0.,1.));
#54 = DIRECTION('',(1.,0.,0.));
#55 = AXIS2_PLACEMENT_3D('',#56,#57,#58);
#56 = CARTESIAN_POINT('',(144.46,-95.25,1.595));
#57 = DIRECTION('',(0.,0.,1.));
#58 = DIRECTION('',(1.,0.,0.));
#59 = AXIS2_PLACEMENT_3D('',#60,#61,#62);
#60 = CARTESIAN_POINT('',(139.7,-92.71,1.595));
#61 = DIRECTION('',(0.,-0.,1.));
#62 = DIRECTION('',(1.110223024625E-16,1.,0.));
#63 = AXIS2_PLACEMENT_3D('',#64,#65,#66);
#64 = CARTESIAN_POINT('',(143.4,-105.8,1.595));
#65 = DIRECTION('',(0.,0.,1.));
#66 = DIRECTION('',(-1.,1.224646799147E-16,0.));
#67 = AXIS2_PLACEMENT_3D('',#68,#69,#70);
#68 = CARTESIAN_POINT('',(163.83,-94.3375,1.595));
#69 = DIRECTION('',(0.,-0.,1.));
#70 = DIRECTION('',(1.110223024625E-16,1.,0.));
#71 = AXIS2_PLACEMENT_3D('',#72,#73,#74);
#72 = CARTESIAN_POINT('',(152.4,-108.236,2.395));
#73 = DIRECTION('',(0.,-1.,1.110223024625E-16));
#74 = DIRECTION('',(1.,0.,0.));
#75 = AXIS2_PLACEMENT_3D('',#76,#77,#78);
#76 = CARTESIAN_POINT('',(0.,0.,0.));
#77 = DIRECTION('',(0.,0.,1.));
#78 = DIRECTION('',(1.,0.,-0.));
#79 = ( GEOMETRIC_REPRESENTATION_CONTEXT(3) 
GLOBAL_UNCERTAINTY_ASSIGNED_CONTEXT((#83)) GLOBAL_UNIT_ASSIGNED_CONTEXT(
(#80,#81,#82)) REPRESENTATION_CONTEXT('Context #1',
  '3D Context with UNIT and UNCERTAINTY') );
#80 = ( LENGTH_UNIT() NAMED_UNIT(*) SI_UNIT(.MILLI.,.METRE.) );
#81 = ( NAMED_UNIT(*) PLANE_ANGLE_UNIT() SI_UNIT($,.RADIAN.) );
#82 = ( NAMED_UNIT(*) SI_UNIT($,.STERADIAN.) SOLID_ANGLE_UNIT() );
#83 = UNCERTAINTY_MEASURE_WITH_UNIT(LENGTH_MEASURE(1.E-07),#80,
  'distance_accuracy_value','confusion accuracy');
#84 = PRODUCT_RELATED_PRODUCT_CATEGORY('part',$,(#7));
#85 = SHAPE_DEFINITION_REPRESENTATION(#86,#92);
#86 = PRODUCT_DEFINITION_SHAPE('','',#87);
#87 = PRODUCT_DEFINITION('design','',#88,#91);
#88 = PRODUCT_DEFINITION_FORMATION('','',#89);
#89 = PRODUCT('R_0805_2012Metric','R_0805_2012Metric','',(#90));
#90 = PRODUCT_CONTEXT('',#2,'mechanical');
#91 = PRODUCT_DEFINITION_CONTEXT('part definition',#2,'design');
#92 = ADVANCED_BREP_SHAPE_REPRESENTATION('',(#11,#93),#883);
#93 = MANIFOLD_SOLID_BREP('',#94);
#94 = CLOSED_SHELL('',(#95,#135,#218,#243,#268,#335,#352,#369,#418,#435,
    #452,#501,#518,#587,#618,#642,#711,#735,#752,#769,#786,#803,#820,
    #837,#854,#871));
#95 = ADVANCED_FACE('',(#96),#130,.F.);
#96 = FACE_BOUND('',#97,.F.);
#97 = EDGE_LOOP('',(#98,#108,#116,#124));
#98 = ORIENTED_EDGE('',*,*,#99,.F.);
#99 = EDGE_CURVE('',#100,#102,#104,.T.);
#100 = VERTEX_POINT('',#101);
#101 = CARTESIAN_POINT('',(-1.,-0.6,4.5E-02));
#102 = VERTEX_POINT('',#103);
#103 = CARTESIAN_POINT('',(-1.,-0.6,0.405));
#104 = LINE('',#105,#106);
#105 = CARTESIAN_POINT('',(-1.,-0.6,0.));
#106 = VECTOR('',#107,1.);
#107 = DIRECTION('',(0.,0.,1.));
#108 = ORIENTED_EDGE('',*,*,#109,.T.);
#109 = EDGE_CURVE('',#100,#110,#112,.T.);
#110 = VERTEX_POINT('',#111);
#111 = CARTESIAN_POINT('',(-1.,0.6,4.5E-02));
#112 = LINE('',#113,#114);
#113 = CARTESIAN_POINT('',(-1.,-0.6,4.5E-02));
#114 = VECTOR('',#115,1.);
#115 = DIRECTION('',(0.,1.,0.));
#116 = ORIENTED_EDGE('',*,*,#117,.T.);
#117 = EDGE_CURVE('',#110,#118,#120,.T.);
#118 = VERTEX_POINT('',#119);
#119 = CARTESIAN_POINT('',(-1.,0.6,0.405));
#120 = LINE('',#121,#122);
#121 = CARTESIAN_POINT('',(-1.,0.6,0.));
#122 = VECTOR('',#123,1.);
#123 = DIRECTION('',(0.,0.,1.));
#124 = ORIENTED_EDGE('',*,*,#125,.F.);
#125 = EDGE_CURVE('',#102,#118,#126,.T.);
#126 = LINE('',#127,#128);
#127 = CARTESIAN_POINT('',(-1.,-0.6,0.405));
#128 = VECTOR('',#129,1.);
#129 = DIRECTION('',(0.,1.,0.));
#130 = PLANE('',#131);
#131 = AXIS2_PLACEMENT_3D('',#132,#133,#134);
#132 = CARTESIAN_POINT('',(-1.,-0.6,0.));
#133 = DIRECTION('',(1.,0.,0.));
#134 = DIRECTION('',(0.,0.,1.));
#135 = ADVANCED_FACE('',(#136),#213,.F.);
#136 = FACE_BOUND('',#137,.F.);
#137 = EDGE_LOOP('',(#138,#148,#155,#156,#165,#173,#182,#190,#198,#206)
  );
#138 = ORIENTED_EDGE('',*,*,#139,.F.);
#139 = EDGE_CURVE('',#140,#142,#144,.T.);
#140 = VERTEX_POINT('',#141);
#141 = CARTESIAN_POINT('',(-0.955,-0.6,-2.775557561563E-17));
#142 = VERTEX_POINT('',#143);
#143 = CARTESIAN_POINT('',(-0.745,-0.6,-2.775557561563E-17));
#144 = LINE('',#145,#146);
#145 = CARTESIAN_POINT('',(-1.,-0.6,0.));
#146 = VECTOR('',#147,1.);
#147 = DIRECTION('',(1.,0.,0.));
#148 = ORIENTED_EDGE('',*,*,#149,.F.);
#149 = EDGE_CURVE('',#100,#140,#150,.T.);
#150 = CIRCLE('',#151,4.5E-02);
#151 = AXIS2_PLACEMENT_3D('',#152,#153,#154);
#152 = CARTESIAN_POINT('',(-0.955,-0.6,4.5E-02));
#153 = DIRECTION('',(0.,-1.,0.));
#154 = DIRECTION('',(0.,0.,1.));
#155 = ORIENTED_EDGE('',*,*,#99,.T.);
#156 = ORIENTED_EDGE('',*,*,#157,.T.);
#157 = EDGE_CURVE('',#102,#158,#160,.T.);
#158 = VERTEX_POINT('',#159);
#159 = CARTESIAN_POINT('',(-0.955,-0.6,0.45));
#160 = CIRCLE('',#161,4.5E-02);
#161 = AXIS2_PLACEMENT_3D('',#162,#163,#164);
#162 = CARTESIAN_POINT('',(-0.955,-0.6,0.405));
#163 = DIRECTION('',(0.,1.,0.));
#164 = DIRECTION('',(0.,-0.,1.));
#165 = ORIENTED_EDGE('',*,*,#166,.T.);
#166 = EDGE_CURVE('',#158,#167,#169,.T.);
#167 = VERTEX_POINT('',#168);
#168 = CARTESIAN_POINT('',(-0.745,-0.6,0.45));
#169 = LINE('',#170,#171);
#170 = CARTESIAN_POINT('',(-1.,-0.6,0.45));
#171 = VECTOR('',#172,1.);
#172 = DIRECTION('',(1.,0.,0.));
#173 = ORIENTED_EDGE('',*,*,#174,.F.);
#174 = EDGE_CURVE('',#175,#167,#177,.T.);
#175 = VERTEX_POINT('',#176);
#176 = CARTESIAN_POINT('',(-0.7,-0.6,0.405));
#177 = CIRCLE('',#178,4.5E-02);
#178 = AXIS2_PLACEMENT_3D('',#179,#180,#181);
#179 = CARTESIAN_POINT('',(-0.745,-0.6,0.405));
#180 = DIRECTION('',(0.,-1.,0.));
#181 = DIRECTION('',(0.,0.,1.));
#182 = ORIENTED_EDGE('',*,*,#183,.F.);
#183 = EDGE_CURVE('',#184,#175,#186,.T.);
#184 = VERTEX_POINT('',#185);
#185 = CARTESIAN_POINT('',(-0.955,-0.6,0.405));
#186 = LINE('',#187,#188);
#187 = CARTESIAN_POINT('',(-0.955,-0.6,0.405));
#188 = VECTOR('',#189,1.);
#189 = DIRECTION('',(1.,0.,0.));
#190 = ORIENTED_EDGE('',*,*,#191,.F.);
#191 = EDGE_CURVE('',#192,#184,#194,.T.);
#192 = VERTEX_POINT('',#193);
#193 = CARTESIAN_POINT('',(-0.955,-0.6,4.5E-02));
#194 = LINE('',#195,#196);
#195 = CARTESIAN_POINT('',(-0.955,-0.6,4.5E-02));
#196 = VECTOR('',#197,1.);
#197 = DIRECTION('',(0.,0.,1.));
#198 = ORIENTED_EDGE('',*,*,#199,.T.);
#199 = EDGE_CURVE('',#192,#200,#202,.T.);
#200 = VERTEX_POINT('',#201);
#201 = CARTESIAN_POINT('',(-0.7,-0.6,4.5E-02));
#202 = LINE('',#203,#204);
#203 = CARTESIAN_POINT('',(-0.955,-0.6,4.5E-02));
#204 = VECTOR('',#205,1.);
#205 = DIRECTION('',(1.,0.,0.));
#206 = ORIENTED_EDGE('',*,*,#207,.T.);
#207 = EDGE_CURVE('',#200,#142,#208,.T.);
#208 = CIRCLE('',#209,4.5E-02);
#209 = AXIS2_PLACEMENT_3D('',#210,#211,#212);
#210 = CARTESIAN_POINT('',(-0.745,-0.6,4.5E-02));
#211 = DIRECTION('',(0.,1.,0.));
#212 = DIRECTION('',(0.,-0.,1.));
#213 = PLANE('',#214);
#214 = AXIS2_PLACEMENT_3D('',#215,#216,#217);
#215 = CARTESIAN_POINT('',(-1.,-0.6,0.));
#216 = DIRECTION('',(0.,1.,0.));
#217 = DIRECTION('',(0.,-0.,1.));
#218 = ADVANCED_FACE('',(#219),#238,.T.);
#219 = FACE_BOUND('',#220,.T.);
#220 = EDGE_LOOP('',(#221,#222,#231,#237));
#221 = ORIENTED_EDGE('',*,*,#109,.T.);
#222 = ORIENTED_EDGE('',*,*,#223,.T.);
#223 = EDGE_CURVE('',#110,#224,#226,.T.);
#224 = VERTEX_POINT('',#225);
#225 = CARTESIAN_POINT('',(-0.955,0.6,-2.775557561563E-17));
#226 = CIRCLE('',#227,4.5E-02);
#227 = AXIS2_PLACEMENT_3D('',#228,#229,#230);
#228 = CARTESIAN_POINT('',(-0.955,0.6,4.5E-02));
#229 = DIRECTION('',(0.,-1.,0.));
#230 = DIRECTION('',(0.,0.,1.));
#231 = ORIENTED_EDGE('',*,*,#232,.F.);
#232 = EDGE_CURVE('',#140,#224,#233,.T.);
#233 = LINE('',#234,#235);
#234 = CARTESIAN_POINT('',(-0.955,-0.6,-2.775557561563E-17));
#235 = VECTOR('',#236,1.);
#236 = DIRECTION('',(0.,1.,0.));
#237 = ORIENTED_EDGE('',*,*,#149,.F.);
#238 = CYLINDRICAL_SURFACE('',#239,4.5E-02);
#239 = AXIS2_PLACEMENT_3D('',#240,#241,#242);
#240 = CARTESIAN_POINT('',(-0.955,-0.6,4.5E-02));
#241 = DIRECTION('',(0.,1.,0.));
#242 = DIRECTION('',(-1.,0.,0.));
#243 = ADVANCED_FACE('',(#244),#263,.T.);
#244 = FACE_BOUND('',#245,.T.);
#245 = EDGE_LOOP('',(#246,#247,#255,#262));
#246 = ORIENTED_EDGE('',*,*,#157,.T.);
#247 = ORIENTED_EDGE('',*,*,#248,.T.);
#248 = EDGE_CURVE('',#158,#249,#251,.T.);
#249 = VERTEX_POINT('',#250);
#250 = CARTESIAN_POINT('',(-0.955,0.6,0.45));
#251 = LINE('',#252,#253);
#252 = CARTESIAN_POINT('',(-0.955,-0.6,0.45));
#253 = VECTOR('',#254,1.);
#254 = DIRECTION('',(0.,1.,0.));
#255 = ORIENTED_EDGE('',*,*,#256,.F.);
#256 = EDGE_CURVE('',#118,#249,#257,.T.);
#257 = CIRCLE('',#258,4.5E-02);
#258 = AXIS2_PLACEMENT_3D('',#259,#260,#261);
#259 = CARTESIAN_POINT('',(-0.955,0.6,0.405));
#260 = DIRECTION('',(0.,1.,0.));
#261 = DIRECTION('',(0.,-0.,1.));
#262 = ORIENTED_EDGE('',*,*,#125,.F.);
#263 = CYLINDRICAL_SURFACE('',#264,4.5E-02);
#264 = AXIS2_PLACEMENT_3D('',#265,#266,#267);
#265 = CARTESIAN_POINT('',(-0.955,-0.6,0.405));
#266 = DIRECTION('',(0.,1.,0.));
#267 = DIRECTION('',(-1.,0.,0.));
#268 = ADVANCED_FACE('',(#269),#330,.T.);
#269 = FACE_BOUND('',#270,.T.);
#270 = EDGE_LOOP('',(#271,#279,#280,#281,#282,#290,#299,#307,#315,#323)
  );
#271 = ORIENTED_EDGE('',*,*,#272,.F.);
#272 = EDGE_CURVE('',#224,#273,#275,.T.);
#273 = VERTEX_POINT('',#274);
#274 = CARTESIAN_POINT('',(-0.745,0.6,-2.775557561563E-17));
#275 = LINE('',#276,#277);
#276 = CARTESIAN_POINT('',(-1.,0.6,0.));
#277 = VECTOR('',#278,1.);
#278 = DIRECTION('',(1.,0.,0.));
#279 = ORIENTED_EDGE('',*,*,#223,.F.);
#280 = ORIENTED_EDGE('',*,*,#117,.T.);
#281 = ORIENTED_EDGE('',*,*,#256,.T.);
#282 = ORIENTED_EDGE('',*,*,#283,.T.);
#283 = EDGE_CURVE('',#249,#284,#286,.T.);
#284 = VERTEX_POINT('',#285);
#285 = CARTESIAN_POINT('',(-0.745,0.6,0.45));
#286 = LINE('',#287,#288);
#287 = CARTESIAN_POINT('',(-1.,0.6,0.45));
#288 = VECTOR('',#289,1.);
#289 = DIRECTION('',(1.,0.,0.));
#290 = ORIENTED_EDGE('',*,*,#291,.F.);
#291 = EDGE_CURVE('',#292,#284,#294,.T.);
#292 = VERTEX_POINT('',#293);
#293 = CARTESIAN_POINT('',(-0.7,0.6,0.405));
#294 = CIRCLE('',#295,4.5E-02);
#295 = AXIS2_PLACEMENT_3D('',#296,#297,#298);
#296 = CARTESIAN_POINT('',(-0.745,0.6,0.405));
#297 = DIRECTION('',(0.,-1.,0.));
#298 = DIRECTION('',(0.,0.,1.));
#299 = ORIENTED_EDGE('',*,*,#300,.F.);
#300 = EDGE_CURVE('',#301,#292,#303,.T.);
#301 = VERTEX_POINT('',#302);
#302 = CARTESIAN_POINT('',(-0.955,0.6,0.405));
#303 = LINE('',#304,#305);
#304 = CARTESIAN_POINT('',(-0.955,0.6,0.405));
#305 = VECTOR('',#306,1.);
#306 = DIRECTION('',(1.,0.,0.));
#307 = ORIENTED_EDGE('',*,*,#308,.F.);
#308 = EDGE_CURVE('',#309,#301,#311,.T.);
#309 = VERTEX_POINT('',#310);
#310 = CARTESIAN_POINT('',(-0.955,0.6,4.5E-02));
#311 = LINE('',#312,#313);
#312 = CARTESIAN_POINT('',(-0.955,0.6,4.5E-02));
#313 = VECTOR('',#314,1.);
#314 = DIRECTION('',(0.,0.,1.));
#315 = ORIENTED_EDGE('',*,*,#316,.T.);
#316 = EDGE_CURVE('',#309,#317,#319,.T.);
#317 = VERTEX_POINT('',#318);
#318 = CARTESIAN_POINT('',(-0.7,0.6,4.5E-02));
#319 = LINE('',#320,#321);
#320 = CARTESIAN_POINT('',(-0.955,0.6,4.5E-02));
#321 = VECTOR('',#322,1.);
#322 = DIRECTION('',(1.,0.,0.));
#323 = ORIENTED_EDGE('',*,*,#324,.T.);
#324 = EDGE_CURVE('',#317,#273,#325,.T.);
#325 = CIRCLE('',#326,4.5E-02);
#326 = AXIS2_PLACEMENT_3D('',#327,#328,#329);
#327 = CARTESIAN_POINT('',(-0.745,0.6,4.5E-02));
#328 = DIRECTION('',(0.,1.,0.));
#329 = DIRECTION('',(0.,-0.,1.));
#330 = PLANE('',#331);
#331 = AXIS2_PLACEMENT_3D('',#332,#333,#334);
#332 = CARTESIAN_POINT('',(-1.,0.6,0.));
#333 = DIRECTION('',(0.,1.,0.));
#334 = DIRECTION('',(0.,-0.,1.));
#335 = ADVANCED_FACE('',(#336),#347,.F.);
#336 = FACE_BOUND('',#337,.F.);
#337 = EDGE_LOOP('',(#338,#339,#340,#341));
#338 = ORIENTED_EDGE('',*,*,#272,.F.);
#339 = ORIENTED_EDGE('',*,*,#232,.F.);
#340 = ORIENTED_EDGE('',*,*,#139,.T.);
#341 = ORIENTED_EDGE('',*,*,#342,.T.);
#342 = EDGE_CURVE('',#142,#273,#343,.T.);
#343 = LINE('',#344,#345);
#344 = CARTESIAN_POINT('',(-0.745,-0.6,-2.775557561563E-17));
#345 = VECTOR('',#346,1.);
#346 = DIRECTION('',(0.,1.,0.));
#347 = PLANE('',#348);
#348 = AXIS2_PLACEMENT_3D('',#349,#350,#351);
#349 = CARTESIAN_POINT('',(-1.,-0.6,0.));
#350 = DIRECTION('',(0.,0.,1.));
#351 = DIRECTION('',(1.,0.,-0.));
#352 = ADVANCED_FACE('',(#353),#364,.T.);
#353 = FACE_BOUND('',#354,.T.);
#354 = EDGE_LOOP('',(#355,#356,#357,#358));
#355 = ORIENTED_EDGE('',*,*,#207,.T.);
#356 = ORIENTED_EDGE('',*,*,#342,.T.);
#357 = ORIENTED_EDGE('',*,*,#324,.F.);
#358 = ORIENTED_EDGE('',*,*,#359,.F.);
#359 = EDGE_CURVE('',#200,#317,#360,.T.);
#360 = LINE('',#361,#362);
#361 = CARTESIAN_POINT('',(-0.7,-0.6,4.5E-02));
#362 = VECTOR('',#363,1.);
#363 = DIRECTION('',(0.,1.,0.));
#364 = CYLINDRICAL_SURFACE('',#365,4.5E-02);
#365 = AXIS2_PLACEMENT_3D('',#366,#367,#368);
#366 = CARTESIAN_POINT('',(-0.745,-0.6,4.5E-02));
#367 = DIRECTION('',(0.,1.,0.));
#368 = DIRECTION('',(1.,0.,0.));
#369 = ADVANCED_FACE('',(#370),#413,.F.);
#370 = FACE_BOUND('',#371,.F.);
#371 = EDGE_LOOP('',(#372,#373,#374,#375,#383,#391,#399,#407));
#372 = ORIENTED_EDGE('',*,*,#199,.F.);
#373 = ORIENTED_EDGE('',*,*,#191,.T.);
#374 = ORIENTED_EDGE('',*,*,#183,.T.);
#375 = ORIENTED_EDGE('',*,*,#376,.T.);
#376 = EDGE_CURVE('',#175,#377,#379,.T.);
#377 = VERTEX_POINT('',#378);
#378 = CARTESIAN_POINT('',(0.7,-0.6,0.405));
#379 = LINE('',#380,#381);
#380 = CARTESIAN_POINT('',(-0.7,-0.6,0.405));
#381 = VECTOR('',#382,1.);
#382 = DIRECTION('',(1.,0.,0.));
#383 = ORIENTED_EDGE('',*,*,#384,.T.);
#384 = EDGE_CURVE('',#377,#385,#387,.T.);
#385 = VERTEX_POINT('',#386);
#386 = CARTESIAN_POINT('',(0.955,-0.6,0.405));
#387 = LINE('',#388,#389);
#388 = CARTESIAN_POINT('',(-0.955,-0.6,0.405));
#389 = VECTOR('',#390,1.);
#390 = DIRECTION('',(1.,0.,0.));
#391 = ORIENTED_EDGE('',*,*,#392,.F.);
#392 = EDGE_CURVE('',#393,#385,#395,.T.);
#393 = VERTEX_POINT('',#394);
#394 = CARTESIAN_POINT('',(0.955,-0.6,4.5E-02));
#395 = LINE('',#396,#397);
#396 = CARTESIAN_POINT('',(0.955,-0.6,4.5E-02));
#397 = VECTOR('',#398,1.);
#398 = DIRECTION('',(0.,0.,1.));
#399 = ORIENTED_EDGE('',*,*,#400,.F.);
#400 = EDGE_CURVE('',#401,#393,#403,.T.);
#401 = VERTEX_POINT('',#402);
#402 = CARTESIAN_POINT('',(0.7,-0.6,4.5E-02));
#403 = LINE('',#404,#405);
#404 = CARTESIAN_POINT('',(-0.955,-0.6,4.5E-02));
#405 = VECTOR('',#406,1.);
#406 = DIRECTION('',(1.,0.,0.));
#407 = ORIENTED_EDGE('',*,*,#408,.F.);
#408 = EDGE_CURVE('',#200,#401,#409,.T.);
#409 = LINE('',#410,#411);
#410 = CARTESIAN_POINT('',(-0.955,-0.6,4.5E-02));
#411 = VECTOR('',#412,1.);
#412 = DIRECTION('',(1.,0.,0.));
#413 = PLANE('',#414);
#414 = AXIS2_PLACEMENT_3D('',#415,#416,#417);
#415 = CARTESIAN_POINT('',(-0.955,-0.6,4.5E-02));
#416 = DIRECTION('',(0.,1.,0.));
#417 = DIRECTION('',(0.,-0.,1.));
#418 = ADVANCED_FACE('',(#419),#430,.T.);
#419 = FACE_BOUND('',#420,.T.);
#420 = EDGE_LOOP('',(#421,#422,#423,#424));
#421 = ORIENTED_EDGE('',*,*,#283,.F.);
#422 = ORIENTED_EDGE('',*,*,#248,.F.);
#423 = ORIENTED_EDGE('',*,*,#166,.T.);
#424 = ORIENTED_EDGE('',*,*,#425,.T.);
#425 = EDGE_CURVE('',#167,#284,#426,.T.);
#426 = LINE('',#427,#428);
#427 = CARTESIAN_POINT('',(-0.745,-0.6,0.45));
#428 = VECTOR('',#429,1.);
#429 = DIRECTION('',(0.,1.,0.));
#430 = PLANE('',#431);
#431 = AXIS2_PLACEMENT_3D('',#432,#433,#434);
#432 = CARTESIAN_POINT('',(-1.,-0.6,0.45));
#433 = DIRECTION('',(0.,0.,1.));
#434 = DIRECTION('',(1.,0.,-0.));
#435 = ADVANCED_FACE('',(#436),#447,.T.);
#436 = FACE_BOUND('',#437,.T.);
#437 = EDGE_LOOP('',(#438,#444,#445,#446));
#438 = ORIENTED_EDGE('',*,*,#439,.T.);
#439 = EDGE_CURVE('',#175,#292,#440,.T.);
#440 = LINE('',#441,#442);
#441 = CARTESIAN_POINT('',(-0.7,-0.6,0.405));
#442 = VECTOR('',#443,1.);
#443 = DIRECTION('',(0.,1.,0.));
#444 = ORIENTED_EDGE('',*,*,#291,.T.);
#445 = ORIENTED_EDGE('',*,*,#425,.F.);
#446 = ORIENTED_EDGE('',*,*,#174,.F.);
#447 = CYLINDRICAL_SURFACE('',#448,4.5E-02);
#448 = AXIS2_PLACEMENT_3D('',#449,#450,#451);
#449 = CARTESIAN_POINT('',(-0.745,-0.6,0.405));
#450 = DIRECTION('',(0.,1.,0.));
#451 = DIRECTION('',(1.,0.,0.));
#452 = ADVANCED_FACE('',(#453),#496,.T.);
#453 = FACE_BOUND('',#454,.T.);
#454 = EDGE_LOOP('',(#455,#456,#457,#458,#466,#474,#482,#490));
#455 = ORIENTED_EDGE('',*,*,#316,.F.);
#456 = ORIENTED_EDGE('',*,*,#308,.T.);
#457 = ORIENTED_EDGE('',*,*,#300,.T.);
#458 = ORIENTED_EDGE('',*,*,#459,.T.);
#459 = EDGE_CURVE('',#292,#460,#462,.T.);
#460 = VERTEX_POINT('',#461);
#461 = CARTESIAN_POINT('',(0.7,0.6,0.405));
#462 = LINE('',#463,#464);
#463 = CARTESIAN_POINT('',(-0.7,0.6,0.405));
#464 = VECTOR('',#465,1.);
#465 = DIRECTION('',(1.,0.,0.));
#466 = ORIENTED_EDGE('',*,*,#467,.T.);
#467 = EDGE_CURVE('',#460,#468,#470,.T.);
#468 = VERTEX_POINT('',#469);
#469 = CARTESIAN_POINT('',(0.955,0.6,0.405));
#470 = LINE('',#471,#472);
#471 = CARTESIAN_POINT('',(-0.955,0.6,0.405));
#472 = VECTOR('',#473,1.);
#473 = DIRECTION('',(1.,0.,0.));
#474 = ORIENTED_EDGE('',*,*,#475,.F.);
#475 = EDGE_CURVE('',#476,#468,#478,.T.);
#476 = VERTEX_POINT('',#477);
#477 = CARTESIAN_POINT('',(0.955,0.6,4.5E-02));
#478 = LINE('',#479,#480);
#479 = CARTESIAN_POINT('',(0.955,0.6,4.5E-02));
#480 = VECTOR('',#481,1.);
#481 = DIRECTION('',(0.,0.,1.));
#482 = ORIENTED_EDGE('',*,*,#483,.F.);
#483 = EDGE_CURVE('',#484,#476,#486,.T.);
#484 = VERTEX_POINT('',#485);
#485 = CARTESIAN_POINT('',(0.7,0.6,4.5E-02));
#486 = LINE('',#487,#488);
#487 = CARTESIAN_POINT('',(-0.955,0.6,4.5E-02));
#488 = VECTOR('',#489,1.);
#489 = DIRECTION('',(1.,0.,0.));
#490 = ORIENTED_EDGE('',*,*,#491,.F.);
#491 = EDGE_CURVE('',#317,#484,#492,.T.);
#492 = LINE('',#493,#494);
#493 = CARTESIAN_POINT('',(-0.955,0.6,4.5E-02));
#494 = VECTOR('',#495,1.);
#495 = DIRECTION('',(1.,0.,0.));
#496 = PLANE('',#497);
#497 = AXIS2_PLACEMENT_3D('',#498,#499,#500);
#498 = CARTESIAN_POINT('',(-0.955,0.6,4.5E-02));
#499 = DIRECTION('',(0.,1.,0.));
#500 = DIRECTION('',(0.,-0.,1.));
#501 = ADVANCED_FACE('',(#502),#513,.F.);
#502 = FACE_BOUND('',#503,.F.);
#503 = EDGE_LOOP('',(#504,#505,#506,#512));
#504 = ORIENTED_EDGE('',*,*,#359,.F.);
#505 = ORIENTED_EDGE('',*,*,#408,.T.);
#506 = ORIENTED_EDGE('',*,*,#507,.T.);
#507 = EDGE_CURVE('',#401,#484,#508,.T.);
#508 = LINE('',#509,#510);
#509 = CARTESIAN_POINT('',(0.7,-0.6,4.5E-02));
#510 = VECTOR('',#511,1.);
#511 = DIRECTION('',(0.,1.,0.));
#512 = ORIENTED_EDGE('',*,*,#491,.F.);
#513 = PLANE('',#514);
#514 = AXIS2_PLACEMENT_3D('',#515,#516,#517);
#515 = CARTESIAN_POINT('',(-0.955,-0.6,4.5E-02));
#516 = DIRECTION('',(0.,0.,1.));
#517 = DIRECTION('',(1.,0.,-0.));
#518 = ADVANCED_FACE('',(#519),#582,.F.);
#519 = FACE_BOUND('',#520,.F.);
#520 = EDGE_LOOP('',(#521,#531,#538,#539,#540,#541,#550,#558,#567,#575)
  );
#521 = ORIENTED_EDGE('',*,*,#522,.F.);
#522 = EDGE_CURVE('',#523,#525,#527,.T.);
#523 = VERTEX_POINT('',#524);
#524 = CARTESIAN_POINT('',(0.745,-0.6,-2.775557561563E-17));
#525 = VERTEX_POINT('',#526);
#526 = CARTESIAN_POINT('',(0.955,-0.6,-2.775557561563E-17));
#527 = LINE('',#528,#529);
#528 = CARTESIAN_POINT('',(0.7,-0.6,0.));
#529 = VECTOR('',#530,1.);
#530 = DIRECTION('',(1.,0.,0.));
#531 = ORIENTED_EDGE('',*,*,#532,.F.);
#532 = EDGE_CURVE('',#401,#523,#533,.T.);
#533 = CIRCLE('',#534,4.5E-02);
#534 = AXIS2_PLACEMENT_3D('',#535,#536,#537);
#535 = CARTESIAN_POINT('',(0.745,-0.6,4.5E-02));
#536 = DIRECTION('',(0.,-1.,0.));
#537 = DIRECTION('',(0.,0.,1.));
#538 = ORIENTED_EDGE('',*,*,#400,.T.);
#539 = ORIENTED_EDGE('',*,*,#392,.T.);
#540 = ORIENTED_EDGE('',*,*,#384,.F.);
#541 = ORIENTED_EDGE('',*,*,#542,.T.);
#542 = EDGE_CURVE('',#377,#543,#545,.T.);
#543 = VERTEX_POINT('',#544);
#544 = CARTESIAN_POINT('',(0.745,-0.6,0.45));
#545 = CIRCLE('',#546,4.5E-02);
#546 = AXIS2_PLACEMENT_3D('',#547,#548,#549);
#547 = CARTESIAN_POINT('',(0.745,-0.6,0.405));
#548 = DIRECTION('',(0.,1.,0.));
#549 = DIRECTION('',(0.,-0.,1.));
#550 = ORIENTED_EDGE('',*,*,#551,.T.);
#551 = EDGE_CURVE('',#543,#552,#554,.T.);
#552 = VERTEX_POINT('',#553);
#553 = CARTESIAN_POINT('',(0.955,-0.6,0.45));
#554 = LINE('',#555,#556);
#555 = CARTESIAN_POINT('',(0.7,-0.6,0.45));
#556 = VECTOR('',#557,1.);
#557 = DIRECTION('',(1.,0.,0.));
#558 = ORIENTED_EDGE('',*,*,#559,.F.);
#559 = EDGE_CURVE('',#560,#552,#562,.T.);
#560 = VERTEX_POINT('',#561);
#561 = CARTESIAN_POINT('',(1.,-0.6,0.405));
#562 = CIRCLE('',#563,4.5E-02);
#563 = AXIS2_PLACEMENT_3D('',#564,#565,#566);
#564 = CARTESIAN_POINT('',(0.955,-0.6,0.405));
#565 = DIRECTION('',(0.,-1.,0.));
#566 = DIRECTION('',(0.,0.,1.));
#567 = ORIENTED_EDGE('',*,*,#568,.F.);
#568 = EDGE_CURVE('',#569,#560,#571,.T.);
#569 = VERTEX_POINT('',#570);
#570 = CARTESIAN_POINT('',(1.,-0.6,4.5E-02));
#571 = LINE('',#572,#573);
#572 = CARTESIAN_POINT('',(1.,-0.6,0.));
#573 = VECTOR('',#574,1.);
#574 = DIRECTION('',(0.,0.,1.));
#575 = ORIENTED_EDGE('',*,*,#576,.T.);
#576 = EDGE_CURVE('',#569,#525,#577,.T.);
#577 = CIRCLE('',#578,4.5E-02);
#578 = AXIS2_PLACEMENT_3D('',#579,#580,#581);
#579 = CARTESIAN_POINT('',(0.955,-0.6,4.5E-02));
#580 = DIRECTION('',(0.,1.,0.));
#581 = DIRECTION('',(0.,-0.,1.));
#582 = PLANE('',#583);
#583 = AXIS2_PLACEMENT_3D('',#584,#585,#586);
#584 = CARTESIAN_POINT('',(0.7,-0.6,0.));
#585 = DIRECTION('',(0.,1.,0.));
#586 = DIRECTION('',(0.,-0.,1.));
#587 = ADVANCED_FACE('',(#588),#613,.F.);
#588 = FACE_BOUND('',#589,.F.);
#589 = EDGE_LOOP('',(#590,#591,#599,#607));
#590 = ORIENTED_EDGE('',*,*,#376,.F.);
#591 = ORIENTED_EDGE('',*,*,#592,.T.);
#592 = EDGE_CURVE('',#175,#593,#595,.T.);
#593 = VERTEX_POINT('',#594);
#594 = CARTESIAN_POINT('',(-0.7,-0.6,0.45));
#595 = LINE('',#596,#597);
#596 = CARTESIAN_POINT('',(-0.7,-0.6,0.405));
#597 = VECTOR('',#598,1.);
#598 = DIRECTION('',(0.,0.,1.));
#599 = ORIENTED_EDGE('',*,*,#600,.T.);
#600 = EDGE_CURVE('',#593,#601,#603,.T.);
#601 = VERTEX_POINT('',#602);
#602 = CARTESIAN_POINT('',(0.7,-0.6,0.45));
#603 = LINE('',#604,#605);
#604 = CARTESIAN_POINT('',(-0.7,-0.6,0.45));
#605 = VECTOR('',#606,1.);
#606 = DIRECTION('',(1.,0.,0.));
#607 = ORIENTED_EDGE('',*,*,#608,.F.);
#608 = EDGE_CURVE('',#377,#601,#609,.T.);
#609 = LINE('',#610,#611);
#610 = CARTESIAN_POINT('',(0.7,-0.6,0.405));
#611 = VECTOR('',#612,1.);
#612 = DIRECTION('',(0.,0.,1.));
#613 = PLANE('',#614);
#614 = AXIS2_PLACEMENT_3D('',#615,#616,#617);
#615 = CARTESIAN_POINT('',(-0.7,-0.6,0.405));
#616 = DIRECTION('',(0.,1.,0.));
#617 = DIRECTION('',(0.,-0.,1.));
#618 = ADVANCED_FACE('',(#619),#637,.F.);
#619 = FACE_BOUND('',#620,.F.);
#620 = EDGE_LOOP('',(#621,#622,#623,#631));
#621 = ORIENTED_EDGE('',*,*,#592,.F.);
#622 = ORIENTED_EDGE('',*,*,#439,.T.);
#623 = ORIENTED_EDGE('',*,*,#624,.T.);
#624 = EDGE_CURVE('',#292,#625,#627,.T.);
#625 = VERTEX_POINT('',#626);
#626 = CARTESIAN_POINT('',(-0.7,0.6,0.45));
#627 = LINE('',#628,#629);
#628 = CARTESIAN_POINT('',(-0.7,0.6,0.405));
#629 = VECTOR('',#630,1.);
#630 = DIRECTION('',(0.,0.,1.));
#631 = ORIENTED_EDGE('',*,*,#632,.F.);
#632 = EDGE_CURVE('',#593,#625,#633,.T.);
#633 = LINE('',#634,#635);
#634 = CARTESIAN_POINT('',(-0.7,-0.6,0.45));
#635 = VECTOR('',#636,1.);
#636 = DIRECTION('',(0.,1.,0.));
#637 = PLANE('',#638);
#638 = AXIS2_PLACEMENT_3D('',#639,#640,#641);
#639 = CARTESIAN_POINT('',(-0.7,-0.6,0.405));
#640 = DIRECTION('',(1.,0.,0.));
#641 = DIRECTION('',(0.,0.,1.));
#642 = ADVANCED_FACE('',(#643),#706,.T.);
#643 = FACE_BOUND('',#644,.T.);
#644 = EDGE_LOOP('',(#645,#655,#662,#663,#664,#665,#674,#682,#691,#699)
  );
#645 = ORIENTED_EDGE('',*,*,#646,.F.);
#646 = EDGE_CURVE('',#647,#649,#651,.T.);
#647 = VERTEX_POINT('',#648);
#648 = CARTESIAN_POINT('',(0.745,0.6,-2.775557561563E-17));
#649 = VERTEX_POINT('',#650);
#650 = CARTESIAN_POINT('',(0.955,0.6,-2.775557561563E-17));
#651 = LINE('',#652,#653);
#652 = CARTESIAN_POINT('',(0.7,0.6,0.));
#653 = VECTOR('',#654,1.);
#654 = DIRECTION('',(1.,0.,0.));
#655 = ORIENTED_EDGE('',*,*,#656,.F.);
#656 = EDGE_CURVE('',#484,#647,#657,.T.);
#657 = CIRCLE('',#658,4.5E-02);
#658 = AXIS2_PLACEMENT_3D('',#659,#660,#661);
#659 = CARTESIAN_POINT('',(0.745,0.6,4.5E-02));
#660 = DIRECTION('',(0.,-1.,0.));
#661 = DIRECTION('',(0.,0.,1.));
#662 = ORIENTED_EDGE('',*,*,#483,.T.);
#663 = ORIENTED_EDGE('',*,*,#475,.T.);
#664 = ORIENTED_EDGE('',*,*,#467,.F.);
#665 = ORIENTED_EDGE('',*,*,#666,.T.);
#666 = EDGE_CURVE('',#460,#667,#669,.T.);
#667 = VERTEX_POINT('',#668);
#668 = CARTESIAN_POINT('',(0.745,0.6,0.45));
#669 = CIRCLE('',#670,4.5E-02);
#670 = AXIS2_PLACEMENT_3D('',#671,#672,#673);
#671 = CARTESIAN_POINT('',(0.745,0.6,0.405));
#672 = DIRECTION('',(0.,1.,0.));
#673 = DIRECTION('',(0.,-0.,1.));
#674 = ORIENTED_EDGE('',*,*,#675,.T.);
#675 = EDGE_CURVE('',#667,#676,#678,.T.);
#676 = VERTEX_POINT('',#677);
#677 = CARTESIAN_POINT('',(0.955,0.6,0.45));
#678 = LINE('',#679,#680);
#679 = CARTESIAN_POINT('',(0.7,0.6,0.45));
#680 = VECTOR('',#681,1.);
#681 = DIRECTION('',(1.,0.,0.));
#682 = ORIENTED_EDGE('',*,*,#683,.F.);
#683 = EDGE_CURVE('',#684,#676,#686,.T.);
#684 = VERTEX_POINT('',#685);
#685 = CARTESIAN_POINT('',(1.,0.6,0.405));
#686 = CIRCLE('',#687,4.5E-02);
#687 = AXIS2_PLACEMENT_3D('',#688,#689,#690);
#688 = CARTESIAN_POINT('',(0.955,0.6,0.405));
#689 = DIRECTION('',(0.,-1.,0.));
#690 = DIRECTION('',(0.,0.,1.));
#691 = ORIENTED_EDGE('',*,*,#692,.F.);
#692 = EDGE_CURVE('',#693,#684,#695,.T.);
#693 = VERTEX_POINT('',#694);
#694 = CARTESIAN_POINT('',(1.,0.6,4.5E-02));
#695 = LINE('',#696,#697);
#696 = CARTESIAN_POINT('',(1.,0.6,0.));
#697 = VECTOR('',#698,1.);
#698 = DIRECTION('',(0.,0.,1.));
#699 = ORIENTED_EDGE('',*,*,#700,.T.);
#700 = EDGE_CURVE('',#693,#649,#701,.T.);
#701 = CIRCLE('',#702,4.5E-02);
#702 = AXIS2_PLACEMENT_3D('',#703,#704,#705);
#703 = CARTESIAN_POINT('',(0.955,0.6,4.5E-02));
#704 = DIRECTION('',(0.,1.,0.));
#705 = DIRECTION('',(0.,-0.,1.));
#706 = PLANE('',#707);
#707 = AXIS2_PLACEMENT_3D('',#708,#709,#710);
#708 = CARTESIAN_POINT('',(0.7,0.6,0.));
#709 = DIRECTION('',(0.,1.,0.));
#710 = DIRECTION('',(0.,-0.,1.));
#711 = ADVANCED_FACE('',(#712),#730,.T.);
#712 = FACE_BOUND('',#713,.T.);
#713 = EDGE_LOOP('',(#714,#715,#716,#724));
#714 = ORIENTED_EDGE('',*,*,#459,.F.);
#715 = ORIENTED_EDGE('',*,*,#624,.T.);
#716 = ORIENTED_EDGE('',*,*,#717,.T.);
#717 = EDGE_CURVE('',#625,#718,#720,.T.);
#718 = VERTEX_POINT('',#719);
#719 = CARTESIAN_POINT('',(0.7,0.6,0.45));
#720 = LINE('',#721,#722);
#721 = CARTESIAN_POINT('',(-0.7,0.6,0.45));
#722 = VECTOR('',#723,1.);
#723 = DIRECTION('',(1.,0.,0.));
#724 = ORIENTED_EDGE('',*,*,#725,.F.);
#725 = EDGE_CURVE('',#460,#718,#726,.T.);
#726 = LINE('',#727,#728);
#727 = CARTESIAN_POINT('',(0.7,0.6,0.405));
#728 = VECTOR('',#729,1.);
#729 = DIRECTION('',(0.,0.,1.));
#730 = PLANE('',#731);
#731 = AXIS2_PLACEMENT_3D('',#732,#733,#734);
#732 = CARTESIAN_POINT('',(-0.7,0.6,0.405));
#733 = DIRECTION('',(0.,1.,0.));
#734 = DIRECTION('',(0.,-0.,1.));
#735 = ADVANCED_FACE('',(#736),#747,.T.);
#736 = FACE_BOUND('',#737,.T.);
#737 = EDGE_LOOP('',(#738,#739,#740,#746));
#738 = ORIENTED_EDGE('',*,*,#507,.T.);
#739 = ORIENTED_EDGE('',*,*,#656,.T.);
#740 = ORIENTED_EDGE('',*,*,#741,.F.);
#741 = EDGE_CURVE('',#523,#647,#742,.T.);
#742 = LINE('',#743,#744);
#743 = CARTESIAN_POINT('',(0.745,-0.6,-2.775557561563E-17));
#744 = VECTOR('',#745,1.);
#745 = DIRECTION('',(0.,1.,0.));
#746 = ORIENTED_EDGE('',*,*,#532,.F.);
#747 = CYLINDRICAL_SURFACE('',#748,4.5E-02);
#748 = AXIS2_PLACEMENT_3D('',#749,#750,#751);
#749 = CARTESIAN_POINT('',(0.745,-0.6,4.5E-02));
#750 = DIRECTION('',(0.,1.,0.));
#751 = DIRECTION('',(-1.,0.,0.));
#752 = ADVANCED_FACE('',(#753),#764,.F.);
#753 = FACE_BOUND('',#754,.F.);
#754 = EDGE_LOOP('',(#755,#756,#757,#758));
#755 = ORIENTED_EDGE('',*,*,#646,.F.);
#756 = ORIENTED_EDGE('',*,*,#741,.F.);
#757 = ORIENTED_EDGE('',*,*,#522,.T.);
#758 = ORIENTED_EDGE('',*,*,#759,.T.);
#759 = EDGE_CURVE('',#525,#649,#760,.T.);
#760 = LINE('',#761,#762);
#761 = CARTESIAN_POINT('',(0.955,-0.6,-2.775557561563E-17));
#762 = VECTOR('',#763,1.);
#763 = DIRECTION('',(0.,1.,0.));
#764 = PLANE('',#765);
#765 = AXIS2_PLACEMENT_3D('',#766,#767,#768);
#766 = CARTESIAN_POINT('',(0.7,-0.6,0.));
#767 = DIRECTION('',(0.,0.,1.));
#768 = DIRECTION('',(1.,0.,-0.));
#769 = ADVANCED_FACE('',(#770),#781,.T.);
#770 = FACE_BOUND('',#771,.T.);
#771 = EDGE_LOOP('',(#772,#773,#774,#775));
#772 = ORIENTED_EDGE('',*,*,#576,.T.);
#773 = ORIENTED_EDGE('',*,*,#759,.T.);
#774 = ORIENTED_EDGE('',*,*,#700,.F.);
#775 = ORIENTED_EDGE('',*,*,#776,.F.);
#776 = EDGE_CURVE('',#569,#693,#777,.T.);
#777 = LINE('',#778,#779);
#778 = CARTESIAN_POINT('',(1.,-0.6,4.5E-02));
#779 = VECTOR('',#780,1.);
#780 = DIRECTION('',(0.,1.,0.));
#781 = CYLINDRICAL_SURFACE('',#782,4.5E-02);
#782 = AXIS2_PLACEMENT_3D('',#783,#784,#785);
#783 = CARTESIAN_POINT('',(0.955,-0.6,4.5E-02));
#784 = DIRECTION('',(0.,1.,0.));
#785 = DIRECTION('',(1.,0.,0.));
#786 = ADVANCED_FACE('',(#787),#798,.T.);
#787 = FACE_BOUND('',#788,.T.);
#788 = EDGE_LOOP('',(#789,#790,#791,#792));
#789 = ORIENTED_EDGE('',*,*,#568,.F.);
#790 = ORIENTED_EDGE('',*,*,#776,.T.);
#791 = ORIENTED_EDGE('',*,*,#692,.T.);
#792 = ORIENTED_EDGE('',*,*,#793,.F.);
#793 = EDGE_CURVE('',#560,#684,#794,.T.);
#794 = LINE('',#795,#796);
#795 = CARTESIAN_POINT('',(1.,-0.6,0.405));
#796 = VECTOR('',#797,1.);
#797 = DIRECTION('',(0.,1.,0.));
#798 = PLANE('',#799);
#799 = AXIS2_PLACEMENT_3D('',#800,#801,#802);
#800 = CARTESIAN_POINT('',(1.,-0.6,0.));
#801 = DIRECTION('',(1.,0.,0.));
#802 = DIRECTION('',(0.,0.,1.));
#803 = ADVANCED_FACE('',(#804),#815,.T.);
#804 = FACE_BOUND('',#805,.T.);
#805 = EDGE_LOOP('',(#806,#807,#808,#814));
#806 = ORIENTED_EDGE('',*,*,#793,.T.);
#807 = ORIENTED_EDGE('',*,*,#683,.T.);
#808 = ORIENTED_EDGE('',*,*,#809,.F.);
#809 = EDGE_CURVE('',#552,#676,#810,.T.);
#810 = LINE('',#811,#812);
#811 = CARTESIAN_POINT('',(0.955,-0.6,0.45));
#812 = VECTOR('',#813,1.);
#813 = DIRECTION('',(0.,1.,0.));
#814 = ORIENTED_EDGE('',*,*,#559,.F.);
#815 = CYLINDRICAL_SURFACE('',#816,4.5E-02);
#816 = AXIS2_PLACEMENT_3D('',#817,#818,#819);
#817 = CARTESIAN_POINT('',(0.955,-0.6,0.405));
#818 = DIRECTION('',(0.,1.,0.));
#819 = DIRECTION('',(1.,0.,0.));
#820 = ADVANCED_FACE('',(#821),#832,.T.);
#821 = FACE_BOUND('',#822,.T.);
#822 = EDGE_LOOP('',(#823,#824,#830,#831));
#823 = ORIENTED_EDGE('',*,*,#675,.F.);
#824 = ORIENTED_EDGE('',*,*,#825,.F.);
#825 = EDGE_CURVE('',#543,#667,#826,.T.);
#826 = LINE('',#827,#828);
#827 = CARTESIAN_POINT('',(0.745,-0.6,0.45));
#828 = VECTOR('',#829,1.);
#829 = DIRECTION('',(0.,1.,0.));
#830 = ORIENTED_EDGE('',*,*,#551,.T.);
#831 = ORIENTED_EDGE('',*,*,#809,.T.);
#832 = PLANE('',#833);
#833 = AXIS2_PLACEMENT_3D('',#834,#835,#836);
#834 = CARTESIAN_POINT('',(0.7,-0.6,0.45));
#835 = DIRECTION('',(0.,0.,1.));
#836 = DIRECTION('',(1.,0.,-0.));
#837 = ADVANCED_FACE('',(#838),#849,.T.);
#838 = FACE_BOUND('',#839,.T.);
#839 = EDGE_LOOP('',(#840,#841,#842,#843));
#840 = ORIENTED_EDGE('',*,*,#542,.T.);
#841 = ORIENTED_EDGE('',*,*,#825,.T.);
#842 = ORIENTED_EDGE('',*,*,#666,.F.);
#843 = ORIENTED_EDGE('',*,*,#844,.F.);
#844 = EDGE_CURVE('',#377,#460,#845,.T.);
#845 = LINE('',#846,#847);
#846 = CARTESIAN_POINT('',(0.7,-0.6,0.405));
#847 = VECTOR('',#848,1.);
#848 = DIRECTION('',(0.,1.,0.));
#849 = CYLINDRICAL_SURFACE('',#850,4.5E-02);
#850 = AXIS2_PLACEMENT_3D('',#851,#852,#853);
#851 = CARTESIAN_POINT('',(0.745,-0.6,0.405));
#852 = DIRECTION('',(0.,1.,0.));
#853 = DIRECTION('',(-1.,0.,0.));
#854 = ADVANCED_FACE('',(#855),#866,.T.);
#855 = FACE_BOUND('',#856,.T.);
#856 = EDGE_LOOP('',(#857,#858,#859,#860));
#857 = ORIENTED_EDGE('',*,*,#608,.F.);
#858 = ORIENTED_EDGE('',*,*,#844,.T.);
#859 = ORIENTED_EDGE('',*,*,#725,.T.);
#860 = ORIENTED_EDGE('',*,*,#861,.F.);
#861 = EDGE_CURVE('',#601,#718,#862,.T.);
#862 = LINE('',#863,#864);
#863 = CARTESIAN_POINT('',(0.7,-0.6,0.45));
#864 = VECTOR('',#865,1.);
#865 = DIRECTION('',(0.,1.,0.));
#866 = PLANE('',#867);
#867 = AXIS2_PLACEMENT_3D('',#868,#869,#870);
#868 = CARTESIAN_POINT('',(0.7,-0.6,0.405));
#869 = DIRECTION('',(1.,0.,0.));
#870 = DIRECTION('',(0.,0.,1.));
#871 = ADVANCED_FACE('',(#872),#878,.T.);
#872 = FACE_BOUND('',#873,.T.);
#873 = EDGE_LOOP('',(#874,#875,#876,#877));
#874 = ORIENTED_EDGE('',*,*,#632,.F.);
#875 = ORIENTED_EDGE('',*,*,#600,.T.);
#876 = ORIENTED_EDGE('',*,*,#861,.T.);
#877 = ORIENTED_EDGE('',*,*,#717,.F.);
#878 = PLANE('',#879);
#879 = AXIS2_PLACEMENT_3D('',#880,#881,#882);
#880 = CARTESIAN_POINT('',(-0.7,-0.6,0.45));
#881 = DIRECTION('',(0.,0.,1.));
#882 = DIRECTION('',(1.,0.,-0.));
#883 = ( GEOMETRIC_REPRESENTATION_CONTEXT(3) 
GLOBAL_UNCERTAINTY_ASSIGNED_CONTEXT((#887)) GLOBAL_UNIT_ASSIGNED_CONTEXT
((#884,#885,#886)) REPRESENTATION_CONTEXT('Context #1',
  '3D Context with UNIT and UNCERTAINTY') );
#884 = ( LENGTH_UNIT() NAMED_UNIT(*) SI_UNIT(.MILLI.,.METRE.) );
#885 = ( NAMED_UNIT(*) PLANE_ANGLE_UNIT() SI_UNIT($,.RADIAN.) );
#886 = ( NAMED_UNIT(*) SI_UNIT($,.STERADIAN.) SOLID_ANGLE_UNIT() );
#887 = UNCERTAINTY_MEASURE_WITH_UNIT(LENGTH_MEASURE(1.E-07),#884,
  'distance_accuracy_value','confusion accuracy');
#888 = CONTEXT_DEPENDENT_SHAPE_REPRESENTATION(#889,#891);
#889 = ( REPRESENTATION_RELATIONSHIP('','',#92,#10) 
REPRESENTATION_RELATIONSHIP_WITH_TRANSFORMATION(#890) 
SHAPE_REPRESENTATION_RELATIONSHIP() );
#890 = ITEM_DEFINED_TRANSFORMATION('','',#11,#15);
#891 = PRODUCT_DEFINITION_SHAPE('Placement','Placement of an item',#892
  );
#892 = NEXT_ASSEMBLY_USAGE_OCCURRENCE('1','R2','',#5,#87,$);
#893 = PRODUCT_RELATED_PRODUCT_CATEGORY('part',$,(#89));
#894 = CONTEXT_DEPENDENT_SHAPE_REPRESENTATION(#895,#897);
#895 = ( REPRESENTATION_RELATIONSHIP('','',#92,#10) 
REPRESENTATION_RELATIONSHIP_WITH_TRANSFORMATION(#896) 
SHAPE_REPRESENTATION_RELATIONSHIP() );
#896 = ITEM_DEFINED_TRANSFORMATION('','',#11,#19);
#897 = PRODUCT_DEFINITION_SHAPE('Placement','Placement of an item',#898
  );
#898 = NEXT_ASSEMBLY_USAGE_OCCURRENCE('2','R3','',#5,#87,$);
#899 = CONTEXT_DEPENDENT_SHAPE_REPRESENTATION(#900,#902);
#900 = ( REPRESENTATION_RELATIONSHIP('','',#92,#10) 
REPRESENTATION_RELATIONSHIP_WITH_TRANSFORMATION(#901) 
SHAPE_REPRESENTATION_RELATIONSHIP() );
#901 = ITEM_DEFINED_TRANSFORMATION('','',#11,#23);
#902 = PRODUCT_DEFINITION_SHAPE('Placement','Placement of an item',#903
  );
#903 = NEXT_ASSEMBLY_USAGE_OCCURRENCE('3','R5','',#5,#87,$);
#904 = CONTEXT_DEPENDENT_SHAPE_REPRESENTATION(#905,#907);
#905 = ( REPRESENTATION_RELATIONSHIP('','',#92,#10) 
REPRESENTATION_RELATIONSHIP_WITH_TRANSFORMATION(#906) 
SHAPE_REPRESENTATION_RELATIONSHIP() );
#906 = ITEM_DEFINED_TRANSFORMATION('','',#11,#27);
#907 = PRODUCT_DEFINITION_SHAPE('Placement','Placement of an item',#908
  );
#908 = NEXT_ASSEMBLY_USAGE_OCCURRENCE('4','SDA1','',#5,#87,$);
#909 = SHAPE_DEFINITION_REPRESENTATION(#910,#916);
#910 = PRODUCT_DEFINITION_SHAPE('','',#911);
#911 = PRODUCT_DEFINITION('design','',#912,#915);
#912 = PRODUCT_DEFINITION_FORMATION('','',#913);
#913 = PRODUCT('PinHeader_1x02_P2.54mm_Vertical',
  'PinHeader_1x02_P2.54mm_Vertical','',(#914));
#914 = PRODUCT_CONTEXT('',#2,'mechanical');
#915 = PRODUCT_DEFINITION_CONTEXT('part definition',#2,'design');
#916 = ADVANCED_BREP_SHAPE_REPRESENTATION('',(#11,#917),#2349);
#917 = MANIFOLD_SOLID_BREP('',#918);
#918 = CLOSED_SHELL('',(#919,#959,#990,#1021,#1186,#1351,#1368,#1385,
    #1402,#1419,#1436,#1453,#1470,#1487,#1504,#1521,#1533,#1564,#1588,
    #1612,#1629,#1660,#1684,#1708,#1725,#1756,#1780,#1804,#1821,#1852,
    #1876,#1900,#1917,#1948,#1972,#1996,#2013,#2044,#2068,#2092,#2109,
    #2140,#2164,#2188,#2205,#2236,#2260,#2284,#2301,#2313,#2325,#2337));
#919 = ADVANCED_FACE('',(#920),#954,.F.);
#920 = FACE_BOUND('',#921,.F.);
#921 = EDGE_LOOP('',(#922,#932,#940,#948));
#922 = ORIENTED_EDGE('',*,*,#923,.T.);
#923 = EDGE_CURVE('',#924,#926,#928,.T.);
#924 = VERTEX_POINT('',#925);
#925 = CARTESIAN_POINT('',(-1.016,1.27,0.));
#926 = VERTEX_POINT('',#927);
#927 = CARTESIAN_POINT('',(-1.016,1.27,2.54));
#928 = LINE('',#929,#930);
#929 = CARTESIAN_POINT('',(-1.016,1.27,0.));
#930 = VECTOR('',#931,1.);
#931 = DIRECTION('',(0.,0.,1.));
#932 = ORIENTED_EDGE('',*,*,#933,.T.);
#933 = EDGE_CURVE('',#926,#934,#936,.T.);
#934 = VERTEX_POINT('',#935);
#935 = CARTESIAN_POINT('',(-1.27,1.016,2.54));
#936 = LINE('',#937,#938);
#937 = CARTESIAN_POINT('',(-1.016,1.27,2.54));
#938 = VECTOR('',#939,1.);
#939 = DIRECTION('',(-0.707106781187,-0.707106781187,0.));
#940 = ORIENTED_EDGE('',*,*,#941,.F.);
#941 = EDGE_CURVE('',#942,#934,#944,.T.);
#942 = VERTEX_POINT('',#943);
#943 = CARTESIAN_POINT('',(-1.27,1.016,0.));
#944 = LINE('',#945,#946);
#945 = CARTESIAN_POINT('',(-1.27,1.016,0.));
#946 = VECTOR('',#947,1.);
#947 = DIRECTION('',(0.,0.,1.));
#948 = ORIENTED_EDGE('',*,*,#949,.F.);
#949 = EDGE_CURVE('',#924,#942,#950,.T.);
#950 = LINE('',#951,#952);
#951 = CARTESIAN_POINT('',(-1.016,1.27,0.));
#952 = VECTOR('',#953,1.);
#953 = DIRECTION('',(-0.707106781187,-0.707106781187,0.));
#954 = PLANE('',#955);
#955 = AXIS2_PLACEMENT_3D('',#956,#957,#958);
#956 = CARTESIAN_POINT('',(-1.016,1.27,0.));
#957 = DIRECTION('',(0.707106781187,-0.707106781187,0.));
#958 = DIRECTION('',(-0.707106781187,-0.707106781187,0.));
#959 = ADVANCED_FACE('',(#960),#985,.F.);
#960 = FACE_BOUND('',#961,.F.);
#961 = EDGE_LOOP('',(#962,#972,#978,#979));
#962 = ORIENTED_EDGE('',*,*,#963,.T.);
#963 = EDGE_CURVE('',#964,#966,#968,.T.);
#964 = VERTEX_POINT('',#965);
#965 = CARTESIAN_POINT('',(1.016,1.27,0.));
#966 = VERTEX_POINT('',#967);
#967 = CARTESIAN_POINT('',(1.016,1.27,2.54));
#968 = LINE('',#969,#970);
#969 = CARTESIAN_POINT('',(1.016,1.27,0.));
#970 = VECTOR('',#971,1.);
#971 = DIRECTION('',(0.,0.,1.));
#972 = ORIENTED_EDGE('',*,*,#973,.T.);
#973 = EDGE_CURVE('',#966,#926,#974,.T.);
#974 = LINE('',#975,#976);
#975 = CARTESIAN_POINT('',(1.016,1.27,2.54));
#976 = VECTOR('',#977,1.);
#977 = DIRECTION('',(-1.,0.,0.));
#978 = ORIENTED_EDGE('',*,*,#923,.F.);
#979 = ORIENTED_EDGE('',*,*,#980,.F.);
#980 = EDGE_CURVE('',#964,#924,#981,.T.);
#981 = LINE('',#982,#983);
#982 = CARTESIAN_POINT('',(1.016,1.27,0.));
#983 = VECTOR('',#984,1.);
#984 = DIRECTION('',(-1.,0.,0.));
#985 = PLANE('',#986);
#986 = AXIS2_PLACEMENT_3D('',#987,#988,#989);
#987 = CARTESIAN_POINT('',(1.016,1.27,0.));
#988 = DIRECTION('',(0.,-1.,0.));
#989 = DIRECTION('',(-1.,0.,0.));
#990 = ADVANCED_FACE('',(#991),#1016,.F.);
#991 = FACE_BOUND('',#992,.F.);
#992 = EDGE_LOOP('',(#993,#994,#1002,#1010));
#993 = ORIENTED_EDGE('',*,*,#941,.T.);
#994 = ORIENTED_EDGE('',*,*,#995,.T.);
#995 = EDGE_CURVE('',#934,#996,#998,.T.);
#996 = VERTEX_POINT('',#997);
#997 = CARTESIAN_POINT('',(-1.27,-1.016,2.54));
#998 = LINE('',#999,#1000);
#999 = CARTESIAN_POINT('',(-1.27,1.016,2.54));
#1000 = VECTOR('',#1001,1.);
#1001 = DIRECTION('',(0.,-1.,0.));
#1002 = ORIENTED_EDGE('',*,*,#1003,.F.);
#1003 = EDGE_CURVE('',#1004,#996,#1006,.T.);
#1004 = VERTEX_POINT('',#1005);
#1005 = CARTESIAN_POINT('',(-1.27,-1.016,0.));
#1006 = LINE('',#1007,#1008);
#1007 = CARTESIAN_POINT('',(-1.27,-1.016,0.));
#1008 = VECTOR('',#1009,1.);
#1009 = DIRECTION('',(0.,0.,1.));
#1010 = ORIENTED_EDGE('',*,*,#1011,.F.);
#1011 = EDGE_CURVE('',#942,#1004,#1012,.T.);
#1012 = LINE('',#1013,#1014);
#1013 = CARTESIAN_POINT('',(-1.27,1.016,0.));
#1014 = VECTOR('',#1015,1.);
#1015 = DIRECTION('',(0.,-1.,0.));
#1016 = PLANE('',#1017);
#1017 = AXIS2_PLACEMENT_3D('',#1018,#1019,#1020);
#1018 = CARTESIAN_POINT('',(-1.27,1.016,0.));
#1019 = DIRECTION('',(1.,0.,0.));
#1020 = DIRECTION('',(0.,-1.,0.));
#1021 = ADVANCED_FACE('',(#1022,#1113,#1147),#1181,.F.);
#1022 = FACE_BOUND('',#1023,.F.);
#1023 = EDGE_LOOP('',(#1024,#1025,#1026,#1034,#1042,#1050,#1058,#1066,
    #1074,#1082,#1090,#1098,#1106,#1112));
#1024 = ORIENTED_EDGE('',*,*,#949,.T.);
#1025 = ORIENTED_EDGE('',*,*,#1011,.T.);
#1026 = ORIENTED_EDGE('',*,*,#1027,.T.);
#1027 = EDGE_CURVE('',#1004,#1028,#1030,.T.);
#1028 = VERTEX_POINT('',#1029);
#1029 = CARTESIAN_POINT('',(-1.016,-1.27,0.));
#1030 = LINE('',#1031,#1032);
#1031 = CARTESIAN_POINT('',(-1.27,-1.016,0.));
#1032 = VECTOR('',#1033,1.);
#1033 = DIRECTION('',(0.707106781187,-0.707106781187,0.));
#1034 = ORIENTED_EDGE('',*,*,#1035,.T.);
#1035 = EDGE_CURVE('',#1028,#1036,#1038,.T.);
#1036 = VERTEX_POINT('',#1037);
#1037 = CARTESIAN_POINT('',(-1.27,-1.524,0.));
#1038 = LINE('',#1039,#1040);
#1039 = CARTESIAN_POINT('',(-1.016,-1.27,0.));
#1040 = VECTOR('',#1041,1.);
#1041 = DIRECTION('',(-0.707106781187,-0.707106781187,0.));
#1042 = ORIENTED_EDGE('',*,*,#1043,.T.);
#1043 = EDGE_CURVE('',#1036,#1044,#1046,.T.);
#1044 = VERTEX_POINT('',#1045);
#1045 = CARTESIAN_POINT('',(-1.27,-3.556,0.));
#1046 = LINE('',#1047,#1048);
#1047 = CARTESIAN_POINT('',(-1.27,-1.524,0.));
#1048 = VECTOR('',#1049,1.);
#1049 = DIRECTION('',(0.,-1.,0.));
#1050 = ORIENTED_EDGE('',*,*,#1051,.T.);
#1051 = EDGE_CURVE('',#1044,#1052,#1054,.T.);
#1052 = VERTEX_POINT('',#1053);
#1053 = CARTESIAN_POINT('',(-1.016,-3.81,0.));
#1054 = LINE('',#1055,#1056);
#1055 = CARTESIAN_POINT('',(-1.27,-3.556,0.));
#1056 = VECTOR('',#1057,1.);
#1057 = DIRECTION('',(0.707106781187,-0.707106781187,0.));
#1058 = ORIENTED_EDGE('',*,*,#1059,.T.);
#1059 = EDGE_CURVE('',#1052,#1060,#1062,.T.);
#1060 = VERTEX_POINT('',#1061);
#1061 = CARTESIAN_POINT('',(1.016,-3.81,0.));
#1062 = LINE('',#1063,#1064);
#1063 = CARTESIAN_POINT('',(-1.016,-3.81,0.));
#1064 = VECTOR('',#1065,1.);
#1065 = DIRECTION('',(1.,0.,0.));
#1066 = ORIENTED_EDGE('',*,*,#1067,.T.);
#1067 = EDGE_CURVE('',#1060,#1068,#1070,.T.);
#1068 = VERTEX_POINT('',#1069);
#1069 = CARTESIAN_POINT('',(1.27,-3.556,0.));
#1070 = LINE('',#1071,#1072);
#1071 = CARTESIAN_POINT('',(1.016,-3.81,0.));
#1072 = VECTOR('',#1073,1.);
#1073 = DIRECTION('',(0.707106781187,0.707106781187,0.));
#1074 = ORIENTED_EDGE('',*,*,#1075,.T.);
#1075 = EDGE_CURVE('',#1068,#1076,#1078,.T.);
#1076 = VERTEX_POINT('',#1077);
#1077 = CARTESIAN_POINT('',(1.27,-1.524,0.));
#1078 = LINE('',#1079,#1080);
#1079 = CARTESIAN_POINT('',(1.27,-3.556,0.));
#1080 = VECTOR('',#1081,1.);
#1081 = DIRECTION('',(0.,1.,0.));
#1082 = ORIENTED_EDGE('',*,*,#1083,.T.);
#1083 = EDGE_CURVE('',#1076,#1084,#1086,.T.);
#1084 = VERTEX_POINT('',#1085);
#1085 = CARTESIAN_POINT('',(1.016,-1.27,0.));
#1086 = LINE('',#1087,#1088);
#1087 = CARTESIAN_POINT('',(1.27,-1.524,0.));
#1088 = VECTOR('',#1089,1.);
#1089 = DIRECTION('',(-0.707106781187,0.707106781187,0.));
#1090 = ORIENTED_EDGE('',*,*,#1091,.T.);
#1091 = EDGE_CURVE('',#1084,#1092,#1094,.T.);
#1092 = VERTEX_POINT('',#1093);
#1093 = CARTESIAN_POINT('',(1.27,-1.016,0.));
#1094 = LINE('',#1095,#1096);
#1095 = CARTESIAN_POINT('',(1.016,-1.27,0.));
#1096 = VECTOR('',#1097,1.);
#1097 = DIRECTION('',(0.707106781187,0.707106781187,0.));
#1098 = ORIENTED_EDGE('',*,*,#1099,.T.);
#1099 = EDGE_CURVE('',#1092,#1100,#1102,.T.);
#1100 = VERTEX_POINT('',#1101);
#1101 = CARTESIAN_POINT('',(1.27,1.016,0.));
#1102 = LINE('',#1103,#1104);
#1103 = CARTESIAN_POINT('',(1.27,-1.016,0.));
#1104 = VECTOR('',#1105,1.);
#1105 = DIRECTION('',(0.,1.,0.));
#1106 = ORIENTED_EDGE('',*,*,#1107,.T.);
#1107 = EDGE_CURVE('',#1100,#964,#1108,.T.);
#1108 = LINE('',#1109,#1110);
#1109 = CARTESIAN_POINT('',(1.27,1.016,0.));
#1110 = VECTOR('',#1111,1.);
#1111 = DIRECTION('',(-0.707106781187,0.707106781187,0.));
#1112 = ORIENTED_EDGE('',*,*,#980,.T.);
#1113 = FACE_BOUND('',#1114,.F.);
#1114 = EDGE_LOOP('',(#1115,#1125,#1133,#1141));
#1115 = ORIENTED_EDGE('',*,*,#1116,.T.);
#1116 = EDGE_CURVE('',#1117,#1119,#1121,.T.);
#1117 = VERTEX_POINT('',#1118);
#1118 = CARTESIAN_POINT('',(0.32,-0.32,0.));
#1119 = VERTEX_POINT('',#1120);
#1120 = CARTESIAN_POINT('',(-0.32,-0.32,0.));
#1121 = LINE('',#1122,#1123);
#1122 = CARTESIAN_POINT('',(-0.16,-0.32,0.));
#1123 = VECTOR('',#1124,1.);
#1124 = DIRECTION('',(-1.,0.,0.));
#1125 = ORIENTED_EDGE('',*,*,#1126,.T.);
#1126 = EDGE_CURVE('',#1119,#1127,#1129,.T.);
#1127 = VERTEX_POINT('',#1128);
#1128 = CARTESIAN_POINT('',(-0.32,0.32,0.));
#1129 = LINE('',#1130,#1131);
#1130 = CARTESIAN_POINT('',(-0.32,-0.795,0.));
#1131 = VECTOR('',#1132,1.);
#1132 = DIRECTION('',(0.,1.,0.));
#1133 = ORIENTED_EDGE('',*,*,#1134,.F.);
#1134 = EDGE_CURVE('',#1135,#1127,#1137,.T.);
#1135 = VERTEX_POINT('',#1136);
#1136 = CARTESIAN_POINT('',(0.32,0.32,0.));
#1137 = LINE('',#1138,#1139);
#1138 = CARTESIAN_POINT('',(-0.16,0.32,0.));
#1139 = VECTOR('',#1140,1.);
#1140 = DIRECTION('',(-1.,0.,0.));
#1141 = ORIENTED_EDGE('',*,*,#1142,.F.);
#1142 = EDGE_CURVE('',#1117,#1135,#1143,.T.);
#1143 = LINE('',#1144,#1145);
#1144 = CARTESIAN_POINT('',(0.32,-0.795,0.));
#1145 = VECTOR('',#1146,1.);
#1146 = DIRECTION('',(0.,1.,0.));
#1147 = FACE_BOUND('',#1148,.F.);
#1148 = EDGE_LOOP('',(#1149,#1159,#1167,#1175));
#1149 = ORIENTED_EDGE('',*,*,#1150,.T.);
#1150 = EDGE_CURVE('',#1151,#1153,#1155,.T.);
#1151 = VERTEX_POINT('',#1152);
#1152 = CARTESIAN_POINT('',(0.32,-2.86,0.));
#1153 = VERTEX_POINT('',#1154);
#1154 = CARTESIAN_POINT('',(-0.32,-2.86,0.));
#1155 = LINE('',#1156,#1157);
#1156 = CARTESIAN_POINT('',(-0.16,-2.86,0.));
#1157 = VECTOR('',#1158,1.);
#1158 = DIRECTION('',(-1.,0.,0.));
#1159 = ORIENTED_EDGE('',*,*,#1160,.T.);
#1160 = EDGE_CURVE('',#1153,#1161,#1163,.T.);
#1161 = VERTEX_POINT('',#1162);
#1162 = CARTESIAN_POINT('',(-0.32,-2.22,0.));
#1163 = LINE('',#1164,#1165);
#1164 = CARTESIAN_POINT('',(-0.32,-2.065,0.));
#1165 = VECTOR('',#1166,1.);
#1166 = DIRECTION('',(0.,1.,0.));
#1167 = ORIENTED_EDGE('',*,*,#1168,.F.);
#1168 = EDGE_CURVE('',#1169,#1161,#1171,.T.);
#1169 = VERTEX_POINT('',#1170);
#1170 = CARTESIAN_POINT('',(0.32,-2.22,0.));
#1171 = LINE('',#1172,#1173);
#1172 = CARTESIAN_POINT('',(-0.16,-2.22,0.));
#1173 = VECTOR('',#1174,1.);
#1174 = DIRECTION('',(-1.,0.,0.));
#1175 = ORIENTED_EDGE('',*,*,#1176,.F.);
#1176 = EDGE_CURVE('',#1151,#1169,#1177,.T.);
#1177 = LINE('',#1178,#1179);
#1178 = CARTESIAN_POINT('',(0.32,-2.065,0.));
#1179 = VECTOR('',#1180,1.);
#1180 = DIRECTION('',(0.,1.,0.));
#1181 = PLANE('',#1182);
#1182 = AXIS2_PLACEMENT_3D('',#1183,#1184,#1185);
#1183 = CARTESIAN_POINT('',(1.473843703412E-17,-1.27,0.));
#1184 = DIRECTION('',(0.,0.,1.));
#1185 = DIRECTION('',(1.,0.,-0.));
#1186 = ADVANCED_FACE('',(#1187,#1278,#1312),#1346,.T.);
#1187 = FACE_BOUND('',#1188,.T.);
#1188 = EDGE_LOOP('',(#1189,#1190,#1191,#1199,#1207,#1215,#1223,#1231,
    #1239,#1247,#1255,#1263,#1271,#1277));
#1189 = ORIENTED_EDGE('',*,*,#933,.T.);
#1190 = ORIENTED_EDGE('',*,*,#995,.T.);
#1191 = ORIENTED_EDGE('',*,*,#1192,.T.);
#1192 = EDGE_CURVE('',#996,#1193,#1195,.T.);
#1193 = VERTEX_POINT('',#1194);
#1194 = CARTESIAN_POINT('',(-1.016,-1.27,2.54));
#1195 = LINE('',#1196,#1197);
#1196 = CARTESIAN_POINT('',(-1.27,-1.016,2.54));
#1197 = VECTOR('',#1198,1.);
#1198 = DIRECTION('',(0.707106781187,-0.707106781187,0.));
#1199 = ORIENTED_EDGE('',*,*,#1200,.T.);
#1200 = EDGE_CURVE('',#1193,#1201,#1203,.T.);
#1201 = VERTEX_POINT('',#1202);
#1202 = CARTESIAN_POINT('',(-1.27,-1.524,2.54));
#1203 = LINE('',#1204,#1205);
#1204 = CARTESIAN_POINT('',(-1.016,-1.27,2.54));
#1205 = VECTOR('',#1206,1.);
#1206 = DIRECTION('',(-0.707106781187,-0.707106781187,0.));
#1207 = ORIENTED_EDGE('',*,*,#1208,.T.);
#1208 = EDGE_CURVE('',#1201,#1209,#1211,.T.);
#1209 = VERTEX_POINT('',#1210);
#1210 = CARTESIAN_POINT('',(-1.27,-3.556,2.54));
#1211 = LINE('',#1212,#1213);
#1212 = CARTESIAN_POINT('',(-1.27,-1.524,2.54));
#1213 = VECTOR('',#1214,1.);
#1214 = DIRECTION('',(0.,-1.,0.));
#1215 = ORIENTED_EDGE('',*,*,#1216,.T.);
#1216 = EDGE_CURVE('',#1209,#1217,#1219,.T.);
#1217 = VERTEX_POINT('',#1218);
#1218 = CARTESIAN_POINT('',(-1.016,-3.81,2.54));
#1219 = LINE('',#1220,#1221);
#1220 = CARTESIAN_POINT('',(-1.27,-3.556,2.54));
#1221 = VECTOR('',#1222,1.);
#1222 = DIRECTION('',(0.707106781187,-0.707106781187,0.));
#1223 = ORIENTED_EDGE('',*,*,#1224,.T.);
#1224 = EDGE_CURVE('',#1217,#1225,#1227,.T.);
#1225 = VERTEX_POINT('',#1226);
#1226 = CARTESIAN_POINT('',(1.016,-3.81,2.54));
#1227 = LINE('',#1228,#1229);
#1228 = CARTESIAN_POINT('',(-1.016,-3.81,2.54));
#1229 = VECTOR('',#1230,1.);
#1230 = DIRECTION('',(1.,0.,0.));
#1231 = ORIENTED_EDGE('',*,*,#1232,.T.);
#1232 = EDGE_CURVE('',#1225,#1233,#1235,.T.);
#1233 = VERTEX_POINT('',#1234);
#1234 = CARTESIAN_POINT('',(1.27,-3.556,2.54));
#1235 = LINE('',#1236,#1237);
#1236 = CARTESIAN_POINT('',(1.016,-3.81,2.54));
#1237 = VECTOR('',#1238,1.);
#1238 = DIRECTION('',(0.707106781187,0.707106781187,0.));
#1239 = ORIENTED_EDGE('',*,*,#1240,.T.);
#1240 = EDGE_CURVE('',#1233,#1241,#1243,.T.);
#1241 = VERTEX_POINT('',#1242);
#1242 = CARTESIAN_POINT('',(1.27,-1.524,2.54));
#1243 = LINE('',#1244,#1245);
#1244 = CARTESIAN_POINT('',(1.27,-3.556,2.54));
#1245 = VECTOR('',#1246,1.);
#1246 = DIRECTION('',(0.,1.,0.));
#1247 = ORIENTED_EDGE('',*,*,#1248,.T.);
#1248 = EDGE_CURVE('',#1241,#1249,#1251,.T.);
#1249 = VERTEX_POINT('',#1250);
#1250 = CARTESIAN_POINT('',(1.016,-1.27,2.54));
#1251 = LINE('',#1252,#1253);
#1252 = CARTESIAN_POINT('',(1.27,-1.524,2.54));
#1253 = VECTOR('',#1254,1.);
#1254 = DIRECTION('',(-0.707106781187,0.707106781187,0.));
#1255 = ORIENTED_EDGE('',*,*,#1256,.T.);
#1256 = EDGE_CURVE('',#1249,#1257,#1259,.T.);
#1257 = VERTEX_POINT('',#1258);
#1258 = CARTESIAN_POINT('',(1.27,-1.016,2.54));
#1259 = LINE('',#1260,#1261);
#1260 = CARTESIAN_POINT('',(1.016,-1.27,2.54));
#1261 = VECTOR('',#1262,1.);
#1262 = DIRECTION('',(0.707106781187,0.707106781187,0.));
#1263 = ORIENTED_EDGE('',*,*,#1264,.T.);
#1264 = EDGE_CURVE('',#1257,#1265,#1267,.T.);
#1265 = VERTEX_POINT('',#1266);
#1266 = CARTESIAN_POINT('',(1.27,1.016,2.54));
#1267 = LINE('',#1268,#1269);
#1268 = CARTESIAN_POINT('',(1.27,-1.016,2.54));
#1269 = VECTOR('',#1270,1.);
#1270 = DIRECTION('',(0.,1.,0.));
#1271 = ORIENTED_EDGE('',*,*,#1272,.T.);
#1272 = EDGE_CURVE('',#1265,#966,#1273,.T.);
#1273 = LINE('',#1274,#1275);
#1274 = CARTESIAN_POINT('',(1.27,1.016,2.54));
#1275 = VECTOR('',#1276,1.);
#1276 = DIRECTION('',(-0.707106781187,0.707106781187,0.));
#1277 = ORIENTED_EDGE('',*,*,#973,.T.);
#1278 = FACE_BOUND('',#1279,.T.);
#1279 = EDGE_LOOP('',(#1280,#1290,#1298,#1306));
#1280 = ORIENTED_EDGE('',*,*,#1281,.T.);
#1281 = EDGE_CURVE('',#1282,#1284,#1286,.T.);
#1282 = VERTEX_POINT('',#1283);
#1283 = CARTESIAN_POINT('',(0.32,-0.32,2.54));
#1284 = VERTEX_POINT('',#1285);
#1285 = CARTESIAN_POINT('',(-0.32,-0.32,2.54));
#1286 = LINE('',#1287,#1288);
#1287 = CARTESIAN_POINT('',(-0.16,-0.32,2.54));
#1288 = VECTOR('',#1289,1.);
#1289 = DIRECTION('',(-1.,0.,0.));
#1290 = ORIENTED_EDGE('',*,*,#1291,.T.);
#1291 = EDGE_CURVE('',#1284,#1292,#1294,.T.);
#1292 = VERTEX_POINT('',#1293);
#1293 = CARTESIAN_POINT('',(-0.32,0.32,2.54));
#1294 = LINE('',#1295,#1296);
#1295 = CARTESIAN_POINT('',(-0.32,-0.795,2.54));
#1296 = VECTOR('',#1297,1.);
#1297 = DIRECTION('',(0.,1.,0.));
#1298 = ORIENTED_EDGE('',*,*,#1299,.F.);
#1299 = EDGE_CURVE('',#1300,#1292,#1302,.T.);
#1300 = VERTEX_POINT('',#1301);
#1301 = CARTESIAN_POINT('',(0.32,0.32,2.54));
#1302 = LINE('',#1303,#1304);
#1303 = CARTESIAN_POINT('',(-0.16,0.32,2.54));
#1304 = VECTOR('',#1305,1.);
#1305 = DIRECTION('',(-1.,0.,0.));
#1306 = ORIENTED_EDGE('',*,*,#1307,.F.);
#1307 = EDGE_CURVE('',#1282,#1300,#1308,.T.);
#1308 = LINE('',#1309,#1310);
#1309 = CARTESIAN_POINT('',(0.32,-0.795,2.54));
#1310 = VECTOR('',#1311,1.);
#1311 = DIRECTION('',(0.,1.,0.));
#1312 = FACE_BOUND('',#1313,.T.);
#1313 = EDGE_LOOP('',(#1314,#1324,#1332,#1340));
#1314 = ORIENTED_EDGE('',*,*,#1315,.T.);
#1315 = EDGE_CURVE('',#1316,#1318,#1320,.T.);
#1316 = VERTEX_POINT('',#1317);
#1317 = CARTESIAN_POINT('',(0.32,-2.86,2.54));
#1318 = VERTEX_POINT('',#1319);
#1319 = CARTESIAN_POINT('',(-0.32,-2.86,2.54));
#1320 = LINE('',#1321,#1322);
#1321 = CARTESIAN_POINT('',(-0.16,-2.86,2.54));
#1322 = VECTOR('',#1323,1.);
#1323 = DIRECTION('',(-1.,0.,0.));
#1324 = ORIENTED_EDGE('',*,*,#1325,.T.);
#1325 = EDGE_CURVE('',#1318,#1326,#1328,.T.);
#1326 = VERTEX_POINT('',#1327);
#1327 = CARTESIAN_POINT('',(-0.32,-2.22,2.54));
#1328 = LINE('',#1329,#1330);
#1329 = CARTESIAN_POINT('',(-0.32,-2.065,2.54));
#1330 = VECTOR('',#1331,1.);
#1331 = DIRECTION('',(0.,1.,0.));
#1332 = ORIENTED_EDGE('',*,*,#1333,.F.);
#1333 = EDGE_CURVE('',#1334,#1326,#1336,.T.);
#1334 = VERTEX_POINT('',#1335);
#1335 = CARTESIAN_POINT('',(0.32,-2.22,2.54));
#1336 = LINE('',#1337,#1338);
#1337 = CARTESIAN_POINT('',(-0.16,-2.22,2.54));
#1338 = VECTOR('',#1339,1.);
#1339 = DIRECTION('',(-1.,0.,0.));
#1340 = ORIENTED_EDGE('',*,*,#1341,.F.);
#1341 = EDGE_CURVE('',#1316,#1334,#1342,.T.);
#1342 = LINE('',#1343,#1344);
#1343 = CARTESIAN_POINT('',(0.32,-2.065,2.54));
#1344 = VECTOR('',#1345,1.);
#1345 = DIRECTION('',(0.,1.,0.));
#1346 = PLANE('',#1347);
#1347 = AXIS2_PLACEMENT_3D('',#1348,#1349,#1350);
#1348 = CARTESIAN_POINT('',(1.473843703412E-17,-1.27,2.54));
#1349 = DIRECTION('',(0.,0.,1.));
#1350 = DIRECTION('',(1.,0.,-0.));
#1351 = ADVANCED_FACE('',(#1352),#1363,.F.);
#1352 = FACE_BOUND('',#1353,.F.);
#1353 = EDGE_LOOP('',(#1354,#1360,#1361,#1362));
#1354 = ORIENTED_EDGE('',*,*,#1355,.T.);
#1355 = EDGE_CURVE('',#1100,#1265,#1356,.T.);
#1356 = LINE('',#1357,#1358);
#1357 = CARTESIAN_POINT('',(1.27,1.016,0.));
#1358 = VECTOR('',#1359,1.);
#1359 = DIRECTION('',(0.,0.,1.));
#1360 = ORIENTED_EDGE('',*,*,#1272,.T.);
#1361 = ORIENTED_EDGE('',*,*,#963,.F.);
#1362 = ORIENTED_EDGE('',*,*,#1107,.F.);
#1363 = PLANE('',#1364);
#1364 = AXIS2_PLACEMENT_3D('',#1365,#1366,#1367);
#1365 = CARTESIAN_POINT('',(1.27,1.016,0.));
#1366 = DIRECTION('',(-0.707106781187,-0.707106781187,0.));
#1367 = DIRECTION('',(-0.707106781187,0.707106781187,0.));
#1368 = ADVANCED_FACE('',(#1369),#1380,.F.);
#1369 = FACE_BOUND('',#1370,.F.);
#1370 = EDGE_LOOP('',(#1371,#1372,#1373,#1379));
#1371 = ORIENTED_EDGE('',*,*,#1003,.T.);
#1372 = ORIENTED_EDGE('',*,*,#1192,.T.);
#1373 = ORIENTED_EDGE('',*,*,#1374,.F.);
#1374 = EDGE_CURVE('',#1028,#1193,#1375,.T.);
#1375 = LINE('',#1376,#1377);
#1376 = CARTESIAN_POINT('',(-1.016,-1.27,0.));
#1377 = VECTOR('',#1378,1.);
#1378 = DIRECTION('',(0.,0.,1.));
#1379 = ORIENTED_EDGE('',*,*,#1027,.F.);
#1380 = PLANE('',#1381);
#1381 = AXIS2_PLACEMENT_3D('',#1382,#1383,#1384);
#1382 = CARTESIAN_POINT('',(-1.27,-1.016,0.));
#1383 = DIRECTION('',(0.707106781187,0.707106781187,0.));
#1384 = DIRECTION('',(0.707106781187,-0.707106781187,0.));
#1385 = ADVANCED_FACE('',(#1386),#1397,.F.);
#1386 = FACE_BOUND('',#1387,.F.);
#1387 = EDGE_LOOP('',(#1388,#1394,#1395,#1396));
#1388 = ORIENTED_EDGE('',*,*,#1389,.T.);
#1389 = EDGE_CURVE('',#1092,#1257,#1390,.T.);
#1390 = LINE('',#1391,#1392);
#1391 = CARTESIAN_POINT('',(1.27,-1.016,0.));
#1392 = VECTOR('',#1393,1.);
#1393 = DIRECTION('',(0.,0.,1.));
#1394 = ORIENTED_EDGE('',*,*,#1264,.T.);
#1395 = ORIENTED_EDGE('',*,*,#1355,.F.);
#1396 = ORIENTED_EDGE('',*,*,#1099,.F.);
#1397 = PLANE('',#1398);
#1398 = AXIS2_PLACEMENT_3D('',#1399,#1400,#1401);
#1399 = CARTESIAN_POINT('',(1.27,-1.016,0.));
#1400 = DIRECTION('',(-1.,0.,0.));
#1401 = DIRECTION('',(0.,1.,0.));
#1402 = ADVANCED_FACE('',(#1403),#1414,.F.);
#1403 = FACE_BOUND('',#1404,.F.);
#1404 = EDGE_LOOP('',(#1405,#1406,#1407,#1413));
#1405 = ORIENTED_EDGE('',*,*,#1374,.T.);
#1406 = ORIENTED_EDGE('',*,*,#1200,.T.);
#1407 = ORIENTED_EDGE('',*,*,#1408,.F.);
#1408 = EDGE_CURVE('',#1036,#1201,#1409,.T.);
#1409 = LINE('',#1410,#1411);
#1410 = CARTESIAN_POINT('',(-1.27,-1.524,0.));
#1411 = VECTOR('',#1412,1.);
#1412 = DIRECTION('',(0.,0.,1.));
#1413 = ORIENTED_EDGE('',*,*,#1035,.F.);
#1414 = PLANE('',#1415);
#1415 = AXIS2_PLACEMENT_3D('',#1416,#1417,#1418);
#1416 = CARTESIAN_POINT('',(-1.016,-1.27,0.));
#1417 = DIRECTION('',(0.707106781187,-0.707106781187,0.));
#1418 = DIRECTION('',(-0.707106781187,-0.707106781187,0.));
#1419 = ADVANCED_FACE('',(#1420),#1431,.F.);
#1420 = FACE_BOUND('',#1421,.F.);
#1421 = EDGE_LOOP('',(#1422,#1428,#1429,#1430));
#1422 = ORIENTED_EDGE('',*,*,#1423,.T.);
#1423 = EDGE_CURVE('',#1084,#1249,#1424,.T.);
#1424 = LINE('',#1425,#1426);
#1425 = CARTESIAN_POINT('',(1.016,-1.27,0.));
#1426 = VECTOR('',#1427,1.);
#1427 = DIRECTION('',(0.,0.,1.));
#1428 = ORIENTED_EDGE('',*,*,#1256,.T.);
#1429 = ORIENTED_EDGE('',*,*,#1389,.F.);
#1430 = ORIENTED_EDGE('',*,*,#1091,.F.);
#1431 = PLANE('',#1432);
#1432 = AXIS2_PLACEMENT_3D('',#1433,#1434,#1435);
#1433 = CARTESIAN_POINT('',(1.016,-1.27,0.));
#1434 = DIRECTION('',(-0.707106781187,0.707106781187,0.));
#1435 = DIRECTION('',(0.707106781187,0.707106781187,0.));
#1436 = ADVANCED_FACE('',(#1437),#1448,.F.);
#1437 = FACE_BOUND('',#1438,.F.);
#1438 = EDGE_LOOP('',(#1439,#1440,#1441,#1447));
#1439 = ORIENTED_EDGE('',*,*,#1408,.T.);
#1440 = ORIENTED_EDGE('',*,*,#1208,.T.);
#1441 = ORIENTED_EDGE('',*,*,#1442,.F.);
#1442 = EDGE_CURVE('',#1044,#1209,#1443,.T.);
#1443 = LINE('',#1444,#1445);
#1444 = CARTESIAN_POINT('',(-1.27,-3.556,0.));
#1445 = VECTOR('',#1446,1.);
#1446 = DIRECTION('',(0.,0.,1.));
#1447 = ORIENTED_EDGE('',*,*,#1043,.F.);
#1448 = PLANE('',#1449);
#1449 = AXIS2_PLACEMENT_3D('',#1450,#1451,#1452);
#1450 = CARTESIAN_POINT('',(-1.27,-1.524,0.));
#1451 = DIRECTION('',(1.,0.,0.));
#1452 = DIRECTION('',(0.,-1.,0.));
#1453 = ADVANCED_FACE('',(#1454),#1465,.F.);
#1454 = FACE_BOUND('',#1455,.F.);
#1455 = EDGE_LOOP('',(#1456,#1462,#1463,#1464));
#1456 = ORIENTED_EDGE('',*,*,#1457,.T.);
#1457 = EDGE_CURVE('',#1076,#1241,#1458,.T.);
#1458 = LINE('',#1459,#1460);
#1459 = CARTESIAN_POINT('',(1.27,-1.524,0.));
#1460 = VECTOR('',#1461,1.);
#1461 = DIRECTION('',(0.,0.,1.));
#1462 = ORIENTED_EDGE('',*,*,#1248,.T.);
#1463 = ORIENTED_EDGE('',*,*,#1423,.F.);
#1464 = ORIENTED_EDGE('',*,*,#1083,.F.);
#1465 = PLANE('',#1466);
#1466 = AXIS2_PLACEMENT_3D('',#1467,#1468,#1469);
#1467 = CARTESIAN_POINT('',(1.27,-1.524,0.));
#1468 = DIRECTION('',(-0.707106781187,-0.707106781187,0.));
#1469 = DIRECTION('',(-0.707106781187,0.707106781187,0.));
#1470 = ADVANCED_FACE('',(#1471),#1482,.F.);
#1471 = FACE_BOUND('',#1472,.F.);
#1472 = EDGE_LOOP('',(#1473,#1474,#1475,#1481));
#1473 = ORIENTED_EDGE('',*,*,#1442,.T.);
#1474 = ORIENTED_EDGE('',*,*,#1216,.T.);
#1475 = ORIENTED_EDGE('',*,*,#1476,.F.);
#1476 = EDGE_CURVE('',#1052,#1217,#1477,.T.);
#1477 = LINE('',#1478,#1479);
#1478 = CARTESIAN_POINT('',(-1.016,-3.81,0.));
#1479 = VECTOR('',#1480,1.);
#1480 = DIRECTION('',(0.,0.,1.));
#1481 = ORIENTED_EDGE('',*,*,#1051,.F.);
#1482 = PLANE('',#1483);
#1483 = AXIS2_PLACEMENT_3D('',#1484,#1485,#1486);
#1484 = CARTESIAN_POINT('',(-1.27,-3.556,0.));
#1485 = DIRECTION('',(0.707106781187,0.707106781187,0.));
#1486 = DIRECTION('',(0.707106781187,-0.707106781187,0.));
#1487 = ADVANCED_FACE('',(#1488),#1499,.F.);
#1488 = FACE_BOUND('',#1489,.F.);
#1489 = EDGE_LOOP('',(#1490,#1496,#1497,#1498));
#1490 = ORIENTED_EDGE('',*,*,#1491,.T.);
#1491 = EDGE_CURVE('',#1068,#1233,#1492,.T.);
#1492 = LINE('',#1493,#1494);
#1493 = CARTESIAN_POINT('',(1.27,-3.556,0.));
#1494 = VECTOR('',#1495,1.);
#1495 = DIRECTION('',(0.,0.,1.));
#1496 = ORIENTED_EDGE('',*,*,#1240,.T.);
#1497 = ORIENTED_EDGE('',*,*,#1457,.F.);
#1498 = ORIENTED_EDGE('',*,*,#1075,.F.);
#1499 = PLANE('',#1500);
#1500 = AXIS2_PLACEMENT_3D('',#1501,#1502,#1503);
#1501 = CARTESIAN_POINT('',(1.27,-3.556,0.));
#1502 = DIRECTION('',(-1.,0.,0.));
#1503 = DIRECTION('',(0.,1.,0.));
#1504 = ADVANCED_FACE('',(#1505),#1516,.F.);
#1505 = FACE_BOUND('',#1506,.F.);
#1506 = EDGE_LOOP('',(#1507,#1508,#1509,#1515));
#1507 = ORIENTED_EDGE('',*,*,#1476,.T.);
#1508 = ORIENTED_EDGE('',*,*,#1224,.T.);
#1509 = ORIENTED_EDGE('',*,*,#1510,.F.);
#1510 = EDGE_CURVE('',#1060,#1225,#1511,.T.);
#1511 = LINE('',#1512,#1513);
#1512 = CARTESIAN_POINT('',(1.016,-3.81,0.));
#1513 = VECTOR('',#1514,1.);
#1514 = DIRECTION('',(0.,0.,1.));
#1515 = ORIENTED_EDGE('',*,*,#1059,.F.);
#1516 = PLANE('',#1517);
#1517 = AXIS2_PLACEMENT_3D('',#1518,#1519,#1520);
#1518 = CARTESIAN_POINT('',(-1.016,-3.81,0.));
#1519 = DIRECTION('',(0.,1.,0.));
#1520 = DIRECTION('',(1.,0.,0.));
#1521 = ADVANCED_FACE('',(#1522),#1528,.F.);
#1522 = FACE_BOUND('',#1523,.F.);
#1523 = EDGE_LOOP('',(#1524,#1525,#1526,#1527));
#1524 = ORIENTED_EDGE('',*,*,#1510,.T.);
#1525 = ORIENTED_EDGE('',*,*,#1232,.T.);
#1526 = ORIENTED_EDGE('',*,*,#1491,.F.);
#1527 = ORIENTED_EDGE('',*,*,#1067,.F.);
#1528 = PLANE('',#1529);
#1529 = AXIS2_PLACEMENT_3D('',#1530,#1531,#1532);
#1530 = CARTESIAN_POINT('',(1.016,-3.81,0.));
#1531 = DIRECTION('',(-0.707106781187,0.707106781187,0.));
#1532 = DIRECTION('',(0.707106781187,0.707106781187,0.));
#1533 = ADVANCED_FACE('',(#1534),#1559,.F.);
#1534 = FACE_BOUND('',#1535,.F.);
#1535 = EDGE_LOOP('',(#1536,#1544,#1552,#1558));
#1536 = ORIENTED_EDGE('',*,*,#1537,.F.);
#1537 = EDGE_CURVE('',#1538,#1117,#1540,.T.);
#1538 = VERTEX_POINT('',#1539);
#1539 = CARTESIAN_POINT('',(0.32,-0.32,-2.84));
#1540 = LINE('',#1541,#1542);
#1541 = CARTESIAN_POINT('',(0.32,-0.32,-3.));
#1542 = VECTOR('',#1543,1.);
#1543 = DIRECTION('',(0.,0.,1.));
#1544 = ORIENTED_EDGE('',*,*,#1545,.F.);
#1545 = EDGE_CURVE('',#1546,#1538,#1548,.T.);
#1546 = VERTEX_POINT('',#1547);
#1547 = CARTESIAN_POINT('',(-0.32,-0.32,-2.84));
#1548 = LINE('',#1549,#1550);
#1549 = CARTESIAN_POINT('',(-0.32,-0.32,-2.84));
#1550 = VECTOR('',#1551,1.);
#1551 = DIRECTION('',(1.,0.,0.));
#1552 = ORIENTED_EDGE('',*,*,#1553,.T.);
#1553 = EDGE_CURVE('',#1546,#1119,#1554,.T.);
#1554 = LINE('',#1555,#1556);
#1555 = CARTESIAN_POINT('',(-0.32,-0.32,-3.));
#1556 = VECTOR('',#1557,1.);
#1557 = DIRECTION('',(0.,0.,1.));
#1558 = ORIENTED_EDGE('',*,*,#1116,.F.);
#1559 = PLANE('',#1560);
#1560 = AXIS2_PLACEMENT_3D('',#1561,#1562,#1563);
#1561 = CARTESIAN_POINT('',(-0.32,-0.32,-3.));
#1562 = DIRECTION('',(0.,1.,0.));
#1563 = DIRECTION('',(0.,-0.,1.));
#1564 = ADVANCED_FACE('',(#1565),#1583,.T.);
#1565 = FACE_BOUND('',#1566,.T.);
#1566 = EDGE_LOOP('',(#1567,#1568,#1576,#1582));
#1567 = ORIENTED_EDGE('',*,*,#1537,.F.);
#1568 = ORIENTED_EDGE('',*,*,#1569,.T.);
#1569 = EDGE_CURVE('',#1538,#1570,#1572,.T.);
#1570 = VERTEX_POINT('',#1571);
#1571 = CARTESIAN_POINT('',(0.32,0.32,-2.84));
#1572 = LINE('',#1573,#1574);
#1573 = CARTESIAN_POINT('',(0.32,-0.32,-2.84));
#1574 = VECTOR('',#1575,1.);
#1575 = DIRECTION('',(0.,1.,0.));
#1576 = ORIENTED_EDGE('',*,*,#1577,.T.);
#1577 = EDGE_CURVE('',#1570,#1135,#1578,.T.);
#1578 = LINE('',#1579,#1580);
#1579 = CARTESIAN_POINT('',(0.32,0.32,-3.));
#1580 = VECTOR('',#1581,1.);
#1581 = DIRECTION('',(0.,0.,1.));
#1582 = ORIENTED_EDGE('',*,*,#1142,.F.);
#1583 = PLANE('',#1584);
#1584 = AXIS2_PLACEMENT_3D('',#1585,#1586,#1587);
#1585 = CARTESIAN_POINT('',(0.32,-0.32,-3.));
#1586 = DIRECTION('',(1.,0.,0.));
#1587 = DIRECTION('',(0.,0.,1.));
#1588 = ADVANCED_FACE('',(#1589),#1607,.T.);
#1589 = FACE_BOUND('',#1590,.T.);
#1590 = EDGE_LOOP('',(#1591,#1592,#1600,#1606));
#1591 = ORIENTED_EDGE('',*,*,#1577,.F.);
#1592 = ORIENTED_EDGE('',*,*,#1593,.F.);
#1593 = EDGE_CURVE('',#1594,#1570,#1596,.T.);
#1594 = VERTEX_POINT('',#1595);
#1595 = CARTESIAN_POINT('',(-0.32,0.32,-2.84));
#1596 = LINE('',#1597,#1598);
#1597 = CARTESIAN_POINT('',(-0.32,0.32,-2.84));
#1598 = VECTOR('',#1599,1.);
#1599 = DIRECTION('',(1.,0.,0.));
#1600 = ORIENTED_EDGE('',*,*,#1601,.T.);
#1601 = EDGE_CURVE('',#1594,#1127,#1602,.T.);
#1602 = LINE('',#1603,#1604);
#1603 = CARTESIAN_POINT('',(-0.32,0.32,-3.));
#1604 = VECTOR('',#1605,1.);
#1605 = DIRECTION('',(0.,0.,1.));
#1606 = ORIENTED_EDGE('',*,*,#1134,.F.);
#1607 = PLANE('',#1608);
#1608 = AXIS2_PLACEMENT_3D('',#1609,#1610,#1611);
#1609 = CARTESIAN_POINT('',(-0.32,0.32,-3.));
#1610 = DIRECTION('',(0.,1.,0.));
#1611 = DIRECTION('',(0.,-0.,1.));
#1612 = ADVANCED_FACE('',(#1613),#1624,.F.);
#1613 = FACE_BOUND('',#1614,.F.);
#1614 = EDGE_LOOP('',(#1615,#1616,#1622,#1623));
#1615 = ORIENTED_EDGE('',*,*,#1553,.F.);
#1616 = ORIENTED_EDGE('',*,*,#1617,.T.);
#1617 = EDGE_CURVE('',#1546,#1594,#1618,.T.);
#1618 = LINE('',#1619,#1620);
#1619 = CARTESIAN_POINT('',(-0.32,-0.32,-2.84));
#1620 = VECTOR('',#1621,1.);
#1621 = DIRECTION('',(0.,1.,0.));
#1622 = ORIENTED_EDGE('',*,*,#1601,.T.);
#1623 = ORIENTED_EDGE('',*,*,#1126,.F.);
#1624 = PLANE('',#1625);
#1625 = AXIS2_PLACEMENT_3D('',#1626,#1627,#1628);
#1626 = CARTESIAN_POINT('',(-0.32,-0.32,-3.));
#1627 = DIRECTION('',(1.,0.,0.));
#1628 = DIRECTION('',(0.,0.,1.));
#1629 = ADVANCED_FACE('',(#1630),#1655,.F.);
#1630 = FACE_BOUND('',#1631,.F.);
#1631 = EDGE_LOOP('',(#1632,#1640,#1648,#1654));
#1632 = ORIENTED_EDGE('',*,*,#1633,.F.);
#1633 = EDGE_CURVE('',#1634,#1151,#1636,.T.);
#1634 = VERTEX_POINT('',#1635);
#1635 = CARTESIAN_POINT('',(0.32,-2.86,-2.84));
#1636 = LINE('',#1637,#1638);
#1637 = CARTESIAN_POINT('',(0.32,-2.86,-3.));
#1638 = VECTOR('',#1639,1.);
#1639 = DIRECTION('',(0.,0.,1.));
#1640 = ORIENTED_EDGE('',*,*,#1641,.F.);
#1641 = EDGE_CURVE('',#1642,#1634,#1644,.T.);
#1642 = VERTEX_POINT('',#1643);
#1643 = CARTESIAN_POINT('',(-0.32,-2.86,-2.84));
#1644 = LINE('',#1645,#1646);
#1645 = CARTESIAN_POINT('',(-0.32,-2.86,-2.84));
#1646 = VECTOR('',#1647,1.);
#1647 = DIRECTION('',(1.,0.,0.));
#1648 = ORIENTED_EDGE('',*,*,#1649,.T.);
#1649 = EDGE_CURVE('',#1642,#1153,#1650,.T.);
#1650 = LINE('',#1651,#1652);
#1651 = CARTESIAN_POINT('',(-0.32,-2.86,-3.));
#1652 = VECTOR('',#1653,1.);
#1653 = DIRECTION('',(0.,0.,1.));
#1654 = ORIENTED_EDGE('',*,*,#1150,.F.);
#1655 = PLANE('',#1656);
#1656 = AXIS2_PLACEMENT_3D('',#1657,#1658,#1659);
#1657 = CARTESIAN_POINT('',(-0.32,-2.86,-3.));
#1658 = DIRECTION('',(0.,1.,0.));
#1659 = DIRECTION('',(0.,-0.,1.));
#1660 = ADVANCED_FACE('',(#1661),#1679,.T.);
#1661 = FACE_BOUND('',#1662,.T.);
#1662 = EDGE_LOOP('',(#1663,#1664,#1672,#1678));
#1663 = ORIENTED_EDGE('',*,*,#1633,.F.);
#1664 = ORIENTED_EDGE('',*,*,#1665,.T.);
#1665 = EDGE_CURVE('',#1634,#1666,#1668,.T.);
#1666 = VERTEX_POINT('',#1667);
#1667 = CARTESIAN_POINT('',(0.32,-2.22,-2.84));
#1668 = LINE('',#1669,#1670);
#1669 = CARTESIAN_POINT('',(0.32,-2.86,-2.84));
#1670 = VECTOR('',#1671,1.);
#1671 = DIRECTION('',(0.,1.,0.));
#1672 = ORIENTED_EDGE('',*,*,#1673,.T.);
#1673 = EDGE_CURVE('',#1666,#1169,#1674,.T.);
#1674 = LINE('',#1675,#1676);
#1675 = CARTESIAN_POINT('',(0.32,-2.22,-3.));
#1676 = VECTOR('',#1677,1.);
#1677 = DIRECTION('',(0.,0.,1.));
#1678 = ORIENTED_EDGE('',*,*,#1176,.F.);
#1679 = PLANE('',#1680);
#1680 = AXIS2_PLACEMENT_3D('',#1681,#1682,#1683);
#1681 = CARTESIAN_POINT('',(0.32,-2.86,-3.));
#1682 = DIRECTION('',(1.,0.,0.));
#1683 = DIRECTION('',(0.,0.,1.));
#1684 = ADVANCED_FACE('',(#1685),#1703,.T.);
#1685 = FACE_BOUND('',#1686,.T.);
#1686 = EDGE_LOOP('',(#1687,#1688,#1696,#1702));
#1687 = ORIENTED_EDGE('',*,*,#1673,.F.);
#1688 = ORIENTED_EDGE('',*,*,#1689,.F.);
#1689 = EDGE_CURVE('',#1690,#1666,#1692,.T.);
#1690 = VERTEX_POINT('',#1691);
#1691 = CARTESIAN_POINT('',(-0.32,-2.22,-2.84));
#1692 = LINE('',#1693,#1694);
#1693 = CARTESIAN_POINT('',(-0.32,-2.22,-2.84));
#1694 = VECTOR('',#1695,1.);
#1695 = DIRECTION('',(1.,0.,0.));
#1696 = ORIENTED_EDGE('',*,*,#1697,.T.);
#1697 = EDGE_CURVE('',#1690,#1161,#1698,.T.);
#1698 = LINE('',#1699,#1700);
#1699 = CARTESIAN_POINT('',(-0.32,-2.22,-3.));
#1700 = VECTOR('',#1701,1.);
#1701 = DIRECTION('',(0.,0.,1.));
#1702 = ORIENTED_EDGE('',*,*,#1168,.F.);
#1703 = PLANE('',#1704);
#1704 = AXIS2_PLACEMENT_3D('',#1705,#1706,#1707);
#1705 = CARTESIAN_POINT('',(-0.32,-2.22,-3.));
#1706 = DIRECTION('',(0.,1.,0.));
#1707 = DIRECTION('',(0.,-0.,1.));
#1708 = ADVANCED_FACE('',(#1709),#1720,.F.);
#1709 = FACE_BOUND('',#1710,.F.);
#1710 = EDGE_LOOP('',(#1711,#1712,#1718,#1719));
#1711 = ORIENTED_EDGE('',*,*,#1649,.F.);
#1712 = ORIENTED_EDGE('',*,*,#1713,.T.);
#1713 = EDGE_CURVE('',#1642,#1690,#1714,.T.);
#1714 = LINE('',#1715,#1716);
#1715 = CARTESIAN_POINT('',(-0.32,-2.86,-2.84));
#1716 = VECTOR('',#1717,1.);
#1717 = DIRECTION('',(0.,1.,0.));
#1718 = ORIENTED_EDGE('',*,*,#1697,.T.);
#1719 = ORIENTED_EDGE('',*,*,#1160,.F.);
#1720 = PLANE('',#1721);
#1721 = AXIS2_PLACEMENT_3D('',#1722,#1723,#1724);
#1722 = CARTESIAN_POINT('',(-0.32,-2.86,-3.));
#1723 = DIRECTION('',(1.,0.,0.));
#1724 = DIRECTION('',(0.,0.,1.));
#1725 = ADVANCED_FACE('',(#1726),#1751,.F.);
#1726 = FACE_BOUND('',#1727,.F.);
#1727 = EDGE_LOOP('',(#1728,#1736,#1737,#1745));
#1728 = ORIENTED_EDGE('',*,*,#1729,.F.);
#1729 = EDGE_CURVE('',#1282,#1730,#1732,.T.);
#1730 = VERTEX_POINT('',#1731);
#1731 = CARTESIAN_POINT('',(0.32,-0.32,8.38));
#1732 = LINE('',#1733,#1734);
#1733 = CARTESIAN_POINT('',(0.32,-0.32,-3.));
#1734 = VECTOR('',#1735,1.);
#1735 = DIRECTION('',(0.,0.,1.));
#1736 = ORIENTED_EDGE('',*,*,#1281,.T.);
#1737 = ORIENTED_EDGE('',*,*,#1738,.T.);
#1738 = EDGE_CURVE('',#1284,#1739,#1741,.T.);
#1739 = VERTEX_POINT('',#1740);
#1740 = CARTESIAN_POINT('',(-0.32,-0.32,8.38));
#1741 = LINE('',#1742,#1743);
#1742 = CARTESIAN_POINT('',(-0.32,-0.32,-3.));
#1743 = VECTOR('',#1744,1.);
#1744 = DIRECTION('',(0.,0.,1.));
#1745 = ORIENTED_EDGE('',*,*,#1746,.T.);
#1746 = EDGE_CURVE('',#1739,#1730,#1747,.T.);
#1747 = LINE('',#1748,#1749);
#1748 = CARTESIAN_POINT('',(-0.32,-0.32,8.38));
#1749 = VECTOR('',#1750,1.);
#1750 = DIRECTION('',(1.,0.,0.));
#1751 = PLANE('',#1752);
#1752 = AXIS2_PLACEMENT_3D('',#1753,#1754,#1755);
#1753 = CARTESIAN_POINT('',(-0.32,-0.32,-3.));
#1754 = DIRECTION('',(0.,1.,0.));
#1755 = DIRECTION('',(0.,-0.,1.));
#1756 = ADVANCED_FACE('',(#1757),#1775,.T.);
#1757 = FACE_BOUND('',#1758,.T.);
#1758 = EDGE_LOOP('',(#1759,#1760,#1761,#1769));
#1759 = ORIENTED_EDGE('',*,*,#1729,.F.);
#1760 = ORIENTED_EDGE('',*,*,#1307,.T.);
#1761 = ORIENTED_EDGE('',*,*,#1762,.T.);
#1762 = EDGE_CURVE('',#1300,#1763,#1765,.T.);
#1763 = VERTEX_POINT('',#1764);
#1764 = CARTESIAN_POINT('',(0.32,0.32,8.38));
#1765 = LINE('',#1766,#1767);
#1766 = CARTESIAN_POINT('',(0.32,0.32,-3.));
#1767 = VECTOR('',#1768,1.);
#1768 = DIRECTION('',(0.,0.,1.));
#1769 = ORIENTED_EDGE('',*,*,#1770,.F.);
#1770 = EDGE_CURVE('',#1730,#1763,#1771,.T.);
#1771 = LINE('',#1772,#1773);
#1772 = CARTESIAN_POINT('',(0.32,-0.32,8.38));
#1773 = VECTOR('',#1774,1.);
#1774 = DIRECTION('',(0.,1.,0.));
#1775 = PLANE('',#1776);
#1776 = AXIS2_PLACEMENT_3D('',#1777,#1778,#1779);
#1777 = CARTESIAN_POINT('',(0.32,-0.32,-3.));
#1778 = DIRECTION('',(1.,0.,0.));
#1779 = DIRECTION('',(0.,0.,1.));
#1780 = ADVANCED_FACE('',(#1781),#1799,.T.);
#1781 = FACE_BOUND('',#1782,.T.);
#1782 = EDGE_LOOP('',(#1783,#1784,#1785,#1793));
#1783 = ORIENTED_EDGE('',*,*,#1762,.F.);
#1784 = ORIENTED_EDGE('',*,*,#1299,.T.);
#1785 = ORIENTED_EDGE('',*,*,#1786,.T.);
#1786 = EDGE_CURVE('',#1292,#1787,#1789,.T.);
#1787 = VERTEX_POINT('',#1788);
#1788 = CARTESIAN_POINT('',(-0.32,0.32,8.38));
#1789 = LINE('',#1790,#1791);
#1790 = CARTESIAN_POINT('',(-0.32,0.32,-3.));
#1791 = VECTOR('',#1792,1.);
#1792 = DIRECTION('',(0.,0.,1.));
#1793 = ORIENTED_EDGE('',*,*,#1794,.T.);
#1794 = EDGE_CURVE('',#1787,#1763,#1795,.T.);
#1795 = LINE('',#1796,#1797);
#1796 = CARTESIAN_POINT('',(-0.32,0.32,8.38));
#1797 = VECTOR('',#1798,1.);
#1798 = DIRECTION('',(1.,0.,0.));
#1799 = PLANE('',#1800);
#1800 = AXIS2_PLACEMENT_3D('',#1801,#1802,#1803);
#1801 = CARTESIAN_POINT('',(-0.32,0.32,-3.));
#1802 = DIRECTION('',(0.,1.,0.));
#1803 = DIRECTION('',(0.,-0.,1.));
#1804 = ADVANCED_FACE('',(#1805),#1816,.F.);
#1805 = FACE_BOUND('',#1806,.F.);
#1806 = EDGE_LOOP('',(#1807,#1808,#1809,#1810));
#1807 = ORIENTED_EDGE('',*,*,#1738,.F.);
#1808 = ORIENTED_EDGE('',*,*,#1291,.T.);
#1809 = ORIENTED_EDGE('',*,*,#1786,.T.);
#1810 = ORIENTED_EDGE('',*,*,#1811,.F.);
#1811 = EDGE_CURVE('',#1739,#1787,#1812,.T.);
#1812 = LINE('',#1813,#1814);
#1813 = CARTESIAN_POINT('',(-0.32,-0.32,8.38));
#1814 = VECTOR('',#1815,1.);
#1815 = DIRECTION('',(0.,1.,0.));
#1816 = PLANE('',#1817);
#1817 = AXIS2_PLACEMENT_3D('',#1818,#1819,#1820);
#1818 = CARTESIAN_POINT('',(-0.32,-0.32,-3.));
#1819 = DIRECTION('',(1.,0.,0.));
#1820 = DIRECTION('',(0.,0.,1.));
#1821 = ADVANCED_FACE('',(#1822),#1847,.F.);
#1822 = FACE_BOUND('',#1823,.F.);
#1823 = EDGE_LOOP('',(#1824,#1832,#1833,#1841));
#1824 = ORIENTED_EDGE('',*,*,#1825,.F.);
#1825 = EDGE_CURVE('',#1316,#1826,#1828,.T.);
#1826 = VERTEX_POINT('',#1827);
#1827 = CARTESIAN_POINT('',(0.32,-2.86,8.38));
#1828 = LINE('',#1829,#1830);
#1829 = CARTESIAN_POINT('',(0.32,-2.86,-3.));
#1830 = VECTOR('',#1831,1.);
#1831 = DIRECTION('',(0.,0.,1.));
#1832 = ORIENTED_EDGE('',*,*,#1315,.T.);
#1833 = ORIENTED_EDGE('',*,*,#1834,.T.);
#1834 = EDGE_CURVE('',#1318,#1835,#1837,.T.);
#1835 = VERTEX_POINT('',#1836);
#1836 = CARTESIAN_POINT('',(-0.32,-2.86,8.38));
#1837 = LINE('',#1838,#1839);
#1838 = CARTESIAN_POINT('',(-0.32,-2.86,-3.));
#1839 = VECTOR('',#1840,1.);
#1840 = DIRECTION('',(0.,0.,1.));
#1841 = ORIENTED_EDGE('',*,*,#1842,.T.);
#1842 = EDGE_CURVE('',#1835,#1826,#1843,.T.);
#1843 = LINE('',#1844,#1845);
#1844 = CARTESIAN_POINT('',(-0.32,-2.86,8.38));
#1845 = VECTOR('',#1846,1.);
#1846 = DIRECTION('',(1.,0.,0.));
#1847 = PLANE('',#1848);
#1848 = AXIS2_PLACEMENT_3D('',#1849,#1850,#1851);
#1849 = CARTESIAN_POINT('',(-0.32,-2.86,-3.));
#1850 = DIRECTION('',(0.,1.,0.));
#1851 = DIRECTION('',(0.,-0.,1.));
#1852 = ADVANCED_FACE('',(#1853),#1871,.T.);
#1853 = FACE_BOUND('',#1854,.T.);
#1854 = EDGE_LOOP('',(#1855,#1856,#1857,#1865));
#1855 = ORIENTED_EDGE('',*,*,#1825,.F.);
#1856 = ORIENTED_EDGE('',*,*,#1341,.T.);
#1857 = ORIENTED_EDGE('',*,*,#1858,.T.);
#1858 = EDGE_CURVE('',#1334,#1859,#1861,.T.);
#1859 = VERTEX_POINT('',#1860);
#1860 = CARTESIAN_POINT('',(0.32,-2.22,8.38));
#1861 = LINE('',#1862,#1863);
#1862 = CARTESIAN_POINT('',(0.32,-2.22,-3.));
#1863 = VECTOR('',#1864,1.);
#1864 = DIRECTION('',(0.,0.,1.));
#1865 = ORIENTED_EDGE('',*,*,#1866,.F.);
#1866 = EDGE_CURVE('',#1826,#1859,#1867,.T.);
#1867 = LINE('',#1868,#1869);
#1868 = CARTESIAN_POINT('',(0.32,-2.86,8.38));
#1869 = VECTOR('',#1870,1.);
#1870 = DIRECTION('',(0.,1.,0.));
#1871 = PLANE('',#1872);
#1872 = AXIS2_PLACEMENT_3D('',#1873,#1874,#1875);
#1873 = CARTESIAN_POINT('',(0.32,-2.86,-3.));
#1874 = DIRECTION('',(1.,0.,0.));
#1875 = DIRECTION('',(0.,0.,1.));
#1876 = ADVANCED_FACE('',(#1877),#1895,.T.);
#1877 = FACE_BOUND('',#1878,.T.);
#1878 = EDGE_LOOP('',(#1879,#1880,#1881,#1889));
#1879 = ORIENTED_EDGE('',*,*,#1858,.F.);
#1880 = ORIENTED_EDGE('',*,*,#1333,.T.);
#1881 = ORIENTED_EDGE('',*,*,#1882,.T.);
#1882 = EDGE_CURVE('',#1326,#1883,#1885,.T.);
#1883 = VERTEX_POINT('',#1884);
#1884 = CARTESIAN_POINT('',(-0.32,-2.22,8.38));
#1885 = LINE('',#1886,#1887);
#1886 = CARTESIAN_POINT('',(-0.32,-2.22,-3.));
#1887 = VECTOR('',#1888,1.);
#1888 = DIRECTION('',(0.,0.,1.));
#1889 = ORIENTED_EDGE('',*,*,#1890,.T.);
#1890 = EDGE_CURVE('',#1883,#1859,#1891,.T.);
#1891 = LINE('',#1892,#1893);
#1892 = CARTESIAN_POINT('',(-0.32,-2.22,8.38));
#1893 = VECTOR('',#1894,1.);
#1894 = DIRECTION('',(1.,0.,0.));
#1895 = PLANE('',#1896);
#1896 = AXIS2_PLACEMENT_3D('',#1897,#1898,#1899);
#1897 = CARTESIAN_POINT('',(-0.32,-2.22,-3.));
#1898 = DIRECTION('',(0.,1.,0.));
#1899 = DIRECTION('',(0.,-0.,1.));
#1900 = ADVANCED_FACE('',(#1901),#1912,.F.);
#1901 = FACE_BOUND('',#1902,.F.);
#1902 = EDGE_LOOP('',(#1903,#1904,#1905,#1906));
#1903 = ORIENTED_EDGE('',*,*,#1834,.F.);
#1904 = ORIENTED_EDGE('',*,*,#1325,.T.);
#1905 = ORIENTED_EDGE('',*,*,#1882,.T.);
#1906 = ORIENTED_EDGE('',*,*,#1907,.F.);
#1907 = EDGE_CURVE('',#1835,#1883,#1908,.T.);
#1908 = LINE('',#1909,#1910);
#1909 = CARTESIAN_POINT('',(-0.32,-2.86,8.38));
#1910 = VECTOR('',#1911,1.);
#1911 = DIRECTION('',(0.,1.,0.));
#1912 = PLANE('',#1913);
#1913 = AXIS2_PLACEMENT_3D('',#1914,#1915,#1916);
#1914 = CARTESIAN_POINT('',(-0.32,-2.86,-3.));
#1915 = DIRECTION('',(1.,0.,0.));
#1916 = DIRECTION('',(0.,0.,1.));
#1917 = ADVANCED_FACE('',(#1918),#1943,.T.);
#1918 = FACE_BOUND('',#1919,.F.);
#1919 = EDGE_LOOP('',(#1920,#1928,#1929,#1937));
#1920 = ORIENTED_EDGE('',*,*,#1921,.F.);
#1921 = EDGE_CURVE('',#1546,#1922,#1924,.T.);
#1922 = VERTEX_POINT('',#1923);
#1923 = CARTESIAN_POINT('',(-0.16,-0.16,-3.));
#1924 = LINE('',#1925,#1926);
#1925 = CARTESIAN_POINT('',(-0.266666666667,-0.266666666667,
    -2.893333333333));
#1926 = VECTOR('',#1927,1.);
#1927 = DIRECTION('',(0.57735026919,0.57735026919,-0.57735026919));
#1928 = ORIENTED_EDGE('',*,*,#1545,.T.);
#1929 = ORIENTED_EDGE('',*,*,#1930,.T.);
#1930 = EDGE_CURVE('',#1538,#1931,#1933,.T.);
#1931 = VERTEX_POINT('',#1932);
#1932 = CARTESIAN_POINT('',(0.16,-0.16,-3.));
#1933 = LINE('',#1934,#1935);
#1934 = CARTESIAN_POINT('',(0.16,-0.16,-3.));
#1935 = VECTOR('',#1936,1.);
#1936 = DIRECTION('',(-0.57735026919,0.57735026919,-0.57735026919));
#1937 = ORIENTED_EDGE('',*,*,#1938,.F.);
#1938 = EDGE_CURVE('',#1922,#1931,#1939,.T.);
#1939 = LINE('',#1940,#1941);
#1940 = CARTESIAN_POINT('',(-0.32,-0.16,-3.));
#1941 = VECTOR('',#1942,1.);
#1942 = DIRECTION('',(1.,0.,0.));
#1943 = PLANE('',#1944);
#1944 = AXIS2_PLACEMENT_3D('',#1945,#1946,#1947);
#1945 = CARTESIAN_POINT('',(-0.32,-0.24,-2.92));
#1946 = DIRECTION('',(1.735167508357E-18,-0.707106781187,-0.707106781187
    ));
#1947 = DIRECTION('',(-1.,-1.226948711654E-18,-1.226948711654E-18));
#1948 = ADVANCED_FACE('',(#1949),#1967,.F.);
#1949 = FACE_BOUND('',#1950,.F.);
#1950 = EDGE_LOOP('',(#1951,#1952,#1953,#1961));
#1951 = ORIENTED_EDGE('',*,*,#1930,.F.);
#1952 = ORIENTED_EDGE('',*,*,#1569,.T.);
#1953 = ORIENTED_EDGE('',*,*,#1954,.T.);
#1954 = EDGE_CURVE('',#1570,#1955,#1957,.T.);
#1955 = VERTEX_POINT('',#1956);
#1956 = CARTESIAN_POINT('',(0.16,0.16,-3.));
#1957 = LINE('',#1958,#1959);
#1958 = CARTESIAN_POINT('',(5.333333333333E-02,5.333333333333E-02,
    -3.106666666667));
#1959 = VECTOR('',#1960,1.);
#1960 = DIRECTION('',(-0.57735026919,-0.57735026919,-0.57735026919));
#1961 = ORIENTED_EDGE('',*,*,#1962,.F.);
#1962 = EDGE_CURVE('',#1931,#1955,#1963,.T.);
#1963 = LINE('',#1964,#1965);
#1964 = CARTESIAN_POINT('',(0.16,-0.32,-3.));
#1965 = VECTOR('',#1966,1.);
#1966 = DIRECTION('',(0.,1.,0.));
#1967 = PLANE('',#1968);
#1968 = AXIS2_PLACEMENT_3D('',#1969,#1970,#1971);
#1969 = CARTESIAN_POINT('',(0.24,-0.32,-2.92));
#1970 = DIRECTION('',(-0.707106781187,1.735167508357E-18,0.707106781187)
  );
#1971 = DIRECTION('',(1.226948711654E-18,1.,-1.226948711654E-18));
#1972 = ADVANCED_FACE('',(#1973),#1991,.F.);
#1973 = FACE_BOUND('',#1974,.T.);
#1974 = EDGE_LOOP('',(#1975,#1983,#1984,#1985));
#1975 = ORIENTED_EDGE('',*,*,#1976,.F.);
#1976 = EDGE_CURVE('',#1594,#1977,#1979,.T.);
#1977 = VERTEX_POINT('',#1978);
#1978 = CARTESIAN_POINT('',(-0.16,0.16,-3.));
#1979 = LINE('',#1980,#1981);
#1980 = CARTESIAN_POINT('',(-0.16,0.16,-3.));
#1981 = VECTOR('',#1982,1.);
#1982 = DIRECTION('',(0.57735026919,-0.57735026919,-0.57735026919));
#1983 = ORIENTED_EDGE('',*,*,#1593,.T.);
#1984 = ORIENTED_EDGE('',*,*,#1954,.T.);
#1985 = ORIENTED_EDGE('',*,*,#1986,.F.);
#1986 = EDGE_CURVE('',#1977,#1955,#1987,.T.);
#1987 = LINE('',#1988,#1989);
#1988 = CARTESIAN_POINT('',(-0.32,0.16,-3.));
#1989 = VECTOR('',#1990,1.);
#1990 = DIRECTION('',(1.,0.,0.));
#1991 = PLANE('',#1992);
#1992 = AXIS2_PLACEMENT_3D('',#1993,#1994,#1995);
#1993 = CARTESIAN_POINT('',(-0.32,0.24,-2.92));
#1994 = DIRECTION('',(-1.735167508357E-18,-0.707106781187,0.707106781187
    ));
#1995 = DIRECTION('',(-1.,1.226948711654E-18,-1.226948711654E-18));
#1996 = ADVANCED_FACE('',(#1997),#2008,.T.);
#1997 = FACE_BOUND('',#1998,.T.);
#1998 = EDGE_LOOP('',(#1999,#2000,#2001,#2002));
#1999 = ORIENTED_EDGE('',*,*,#1921,.F.);
#2000 = ORIENTED_EDGE('',*,*,#1617,.T.);
#2001 = ORIENTED_EDGE('',*,*,#1976,.T.);
#2002 = ORIENTED_EDGE('',*,*,#2003,.F.);
#2003 = EDGE_CURVE('',#1922,#1977,#2004,.T.);
#2004 = LINE('',#2005,#2006);
#2005 = CARTESIAN_POINT('',(-0.16,-0.32,-3.));
#2006 = VECTOR('',#2007,1.);
#2007 = DIRECTION('',(0.,1.,0.));
#2008 = PLANE('',#2009);
#2009 = AXIS2_PLACEMENT_3D('',#2010,#2011,#2012);
#2010 = CARTESIAN_POINT('',(-0.24,-0.32,-2.92));
#2011 = DIRECTION('',(-0.707106781187,-1.735167508357E-18,
    -0.707106781187));
#2012 = DIRECTION('',(-1.226948711654E-18,1.,-1.226948711654E-18));
#2013 = ADVANCED_FACE('',(#2014),#2039,.T.);
#2014 = FACE_BOUND('',#2015,.F.);
#2015 = EDGE_LOOP('',(#2016,#2024,#2025,#2033));
#2016 = ORIENTED_EDGE('',*,*,#2017,.F.);
#2017 = EDGE_CURVE('',#1642,#2018,#2020,.T.);
#2018 = VERTEX_POINT('',#2019);
#2019 = CARTESIAN_POINT('',(-0.16,-2.7,-3.));
#2020 = LINE('',#2021,#2022);
#2021 = CARTESIAN_POINT('',(-0.266666666667,-2.806666666667,
    -2.893333333333));
#2022 = VECTOR('',#2023,1.);
#2023 = DIRECTION('',(0.57735026919,0.57735026919,-0.57735026919));
#2024 = ORIENTED_EDGE('',*,*,#1641,.T.);
#2025 = ORIENTED_EDGE('',*,*,#2026,.T.);
#2026 = EDGE_CURVE('',#1634,#2027,#2029,.T.);
#2027 = VERTEX_POINT('',#2028);
#2028 = CARTESIAN_POINT('',(0.16,-2.7,-3.));
#2029 = LINE('',#2030,#2031);
#2030 = CARTESIAN_POINT('',(0.16,-2.7,-3.));
#2031 = VECTOR('',#2032,1.);
#2032 = DIRECTION('',(-0.57735026919,0.57735026919,-0.57735026919));
#2033 = ORIENTED_EDGE('',*,*,#2034,.F.);
#2034 = EDGE_CURVE('',#2018,#2027,#2035,.T.);
#2035 = LINE('',#2036,#2037);
#2036 = CARTESIAN_POINT('',(-0.32,-2.7,-3.));
#2037 = VECTOR('',#2038,1.);
#2038 = DIRECTION('',(1.,0.,0.));
#2039 = PLANE('',#2040);
#2040 = AXIS2_PLACEMENT_3D('',#2041,#2042,#2043);
#2041 = CARTESIAN_POINT('',(-0.32,-2.78,-2.92));
#2042 = DIRECTION('',(1.735167508357E-18,-0.707106781187,-0.707106781187
    ));
#2043 = DIRECTION('',(-1.,-1.226948711654E-18,-1.226948711654E-18));
#2044 = ADVANCED_FACE('',(#2045),#2063,.F.);
#2045 = FACE_BOUND('',#2046,.F.);
#2046 = EDGE_LOOP('',(#2047,#2048,#2049,#2057));
#2047 = ORIENTED_EDGE('',*,*,#2026,.F.);
#2048 = ORIENTED_EDGE('',*,*,#1665,.T.);
#2049 = ORIENTED_EDGE('',*,*,#2050,.T.);
#2050 = EDGE_CURVE('',#1666,#2051,#2053,.T.);
#2051 = VERTEX_POINT('',#2052);
#2052 = CARTESIAN_POINT('',(0.16,-2.38,-3.));
#2053 = LINE('',#2054,#2055);
#2054 = CARTESIAN_POINT('',(5.333333333333E-02,-2.486666666667,
    -3.106666666667));
#2055 = VECTOR('',#2056,1.);
#2056 = DIRECTION('',(-0.57735026919,-0.57735026919,-0.57735026919));
#2057 = ORIENTED_EDGE('',*,*,#2058,.F.);
#2058 = EDGE_CURVE('',#2027,#2051,#2059,.T.);
#2059 = LINE('',#2060,#2061);
#2060 = CARTESIAN_POINT('',(0.16,-2.86,-3.));
#2061 = VECTOR('',#2062,1.);
#2062 = DIRECTION('',(0.,1.,0.));
#2063 = PLANE('',#2064);
#2064 = AXIS2_PLACEMENT_3D('',#2065,#2066,#2067);
#2065 = CARTESIAN_POINT('',(0.24,-2.86,-2.92));
#2066 = DIRECTION('',(-0.707106781187,1.735167508357E-18,0.707106781187)
  );
#2067 = DIRECTION('',(1.226948711654E-18,1.,-1.226948711654E-18));
#2068 = ADVANCED_FACE('',(#2069),#2087,.F.);
#2069 = FACE_BOUND('',#2070,.T.);
#2070 = EDGE_LOOP('',(#2071,#2079,#2080,#2081));
#2071 = ORIENTED_EDGE('',*,*,#2072,.F.);
#2072 = EDGE_CURVE('',#1690,#2073,#2075,.T.);
#2073 = VERTEX_POINT('',#2074);
#2074 = CARTESIAN_POINT('',(-0.16,-2.38,-3.));
#2075 = LINE('',#2076,#2077);
#2076 = CARTESIAN_POINT('',(-0.16,-2.38,-3.));
#2077 = VECTOR('',#2078,1.);
#2078 = DIRECTION('',(0.57735026919,-0.57735026919,-0.57735026919));
#2079 = ORIENTED_EDGE('',*,*,#1689,.T.);
#2080 = ORIENTED_EDGE('',*,*,#2050,.T.);
#2081 = ORIENTED_EDGE('',*,*,#2082,.F.);
#2082 = EDGE_CURVE('',#2073,#2051,#2083,.T.);
#2083 = LINE('',#2084,#2085);
#2084 = CARTESIAN_POINT('',(-0.32,-2.38,-3.));
#2085 = VECTOR('',#2086,1.);
#2086 = DIRECTION('',(1.,0.,0.));
#2087 = PLANE('',#2088);
#2088 = AXIS2_PLACEMENT_3D('',#2089,#2090,#2091);
#2089 = CARTESIAN_POINT('',(-0.32,-2.3,-2.92));
#2090 = DIRECTION('',(-1.735167508357E-18,-0.707106781187,0.707106781187
    ));
#2091 = DIRECTION('',(-1.,1.226948711654E-18,-1.226948711654E-18));
#2092 = ADVANCED_FACE('',(#2093),#2104,.T.);
#2093 = FACE_BOUND('',#2094,.T.);
#2094 = EDGE_LOOP('',(#2095,#2096,#2097,#2098));
#2095 = ORIENTED_EDGE('',*,*,#2017,.F.);
#2096 = ORIENTED_EDGE('',*,*,#1713,.T.);
#2097 = ORIENTED_EDGE('',*,*,#2072,.T.);
#2098 = ORIENTED_EDGE('',*,*,#2099,.F.);
#2099 = EDGE_CURVE('',#2018,#2073,#2100,.T.);
#2100 = LINE('',#2101,#2102);
#2101 = CARTESIAN_POINT('',(-0.16,-2.86,-3.));
#2102 = VECTOR('',#2103,1.);
#2103 = DIRECTION('',(0.,1.,0.));
#2104 = PLANE('',#2105);
#2105 = AXIS2_PLACEMENT_3D('',#2106,#2107,#2108);
#2106 = CARTESIAN_POINT('',(-0.24,-2.86,-2.92));
#2107 = DIRECTION('',(-0.707106781187,-1.735167508357E-18,
    -0.707106781187));
#2108 = DIRECTION('',(-1.226948711654E-18,1.,-1.226948711654E-18));
#2109 = ADVANCED_FACE('',(#2110),#2135,.F.);
#2110 = FACE_BOUND('',#2111,.T.);
#2111 = EDGE_LOOP('',(#2112,#2120,#2121,#2129));
#2112 = ORIENTED_EDGE('',*,*,#2113,.F.);
#2113 = EDGE_CURVE('',#1739,#2114,#2116,.T.);
#2114 = VERTEX_POINT('',#2115);
#2115 = CARTESIAN_POINT('',(-0.16,-0.16,8.54));
#2116 = LINE('',#2117,#2118);
#2117 = CARTESIAN_POINT('',(-0.266666666667,-0.266666666667,
    8.433333333333));
#2118 = VECTOR('',#2119,1.);
#2119 = DIRECTION('',(0.57735026919,0.57735026919,0.57735026919));
#2120 = ORIENTED_EDGE('',*,*,#1746,.T.);
#2121 = ORIENTED_EDGE('',*,*,#2122,.T.);
#2122 = EDGE_CURVE('',#1730,#2123,#2125,.T.);
#2123 = VERTEX_POINT('',#2124);
#2124 = CARTESIAN_POINT('',(0.16,-0.16,8.54));
#2125 = LINE('',#2126,#2127);
#2126 = CARTESIAN_POINT('',(0.16,-0.16,8.54));
#2127 = VECTOR('',#2128,1.);
#2128 = DIRECTION('',(-0.57735026919,0.57735026919,0.57735026919));
#2129 = ORIENTED_EDGE('',*,*,#2130,.F.);
#2130 = EDGE_CURVE('',#2114,#2123,#2131,.T.);
#2131 = LINE('',#2132,#2133);
#2132 = CARTESIAN_POINT('',(-0.32,-0.16,8.54));
#2133 = VECTOR('',#2134,1.);
#2134 = DIRECTION('',(1.,0.,0.));
#2135 = PLANE('',#2136);
#2136 = AXIS2_PLACEMENT_3D('',#2137,#2138,#2139);
#2137 = CARTESIAN_POINT('',(-0.32,-0.24,8.46));
#2138 = DIRECTION('',(-1.735167508357E-18,0.707106781187,-0.707106781187
    ));
#2139 = DIRECTION('',(-1.,-1.226948711654E-18,1.226948711654E-18));
#2140 = ADVANCED_FACE('',(#2141),#2159,.T.);
#2141 = FACE_BOUND('',#2142,.T.);
#2142 = EDGE_LOOP('',(#2143,#2144,#2145,#2153));
#2143 = ORIENTED_EDGE('',*,*,#2122,.F.);
#2144 = ORIENTED_EDGE('',*,*,#1770,.T.);
#2145 = ORIENTED_EDGE('',*,*,#2146,.T.);
#2146 = EDGE_CURVE('',#1763,#2147,#2149,.T.);
#2147 = VERTEX_POINT('',#2148);
#2148 = CARTESIAN_POINT('',(0.16,0.16,8.54));
#2149 = LINE('',#2150,#2151);
#2150 = CARTESIAN_POINT('',(5.333333333333E-02,5.333333333333E-02,
    8.646666666667));
#2151 = VECTOR('',#2152,1.);
#2152 = DIRECTION('',(-0.57735026919,-0.57735026919,0.57735026919));
#2153 = ORIENTED_EDGE('',*,*,#2154,.F.);
#2154 = EDGE_CURVE('',#2123,#2147,#2155,.T.);
#2155 = LINE('',#2156,#2157);
#2156 = CARTESIAN_POINT('',(0.16,-0.32,8.54));
#2157 = VECTOR('',#2158,1.);
#2158 = DIRECTION('',(0.,1.,0.));
#2159 = PLANE('',#2160);
#2160 = AXIS2_PLACEMENT_3D('',#2161,#2162,#2163);
#2161 = CARTESIAN_POINT('',(0.24,-0.32,8.46));
#2162 = DIRECTION('',(0.707106781187,-1.735167508357E-18,0.707106781187)
  );
#2163 = DIRECTION('',(1.226948711654E-18,1.,1.226948711654E-18));
#2164 = ADVANCED_FACE('',(#2165),#2183,.T.);
#2165 = FACE_BOUND('',#2166,.F.);
#2166 = EDGE_LOOP('',(#2167,#2175,#2176,#2177));
#2167 = ORIENTED_EDGE('',*,*,#2168,.F.);
#2168 = EDGE_CURVE('',#1787,#2169,#2171,.T.);
#2169 = VERTEX_POINT('',#2170);
#2170 = CARTESIAN_POINT('',(-0.16,0.16,8.54));
#2171 = LINE('',#2172,#2173);
#2172 = CARTESIAN_POINT('',(-0.16,0.16,8.54));
#2173 = VECTOR('',#2174,1.);
#2174 = DIRECTION('',(0.57735026919,-0.57735026919,0.57735026919));
#2175 = ORIENTED_EDGE('',*,*,#1794,.T.);
#2176 = ORIENTED_EDGE('',*,*,#2146,.T.);
#2177 = ORIENTED_EDGE('',*,*,#2178,.F.);
#2178 = EDGE_CURVE('',#2169,#2147,#2179,.T.);
#2179 = LINE('',#2180,#2181);
#2180 = CARTESIAN_POINT('',(-0.32,0.16,8.54));
#2181 = VECTOR('',#2182,1.);
#2182 = DIRECTION('',(1.,0.,0.));
#2183 = PLANE('',#2184);
#2184 = AXIS2_PLACEMENT_3D('',#2185,#2186,#2187);
#2185 = CARTESIAN_POINT('',(-0.32,0.24,8.46));
#2186 = DIRECTION('',(1.735167508357E-18,0.707106781187,0.707106781187)
  );
#2187 = DIRECTION('',(-1.,1.226948711654E-18,1.226948711654E-18));
#2188 = ADVANCED_FACE('',(#2189),#2200,.F.);
#2189 = FACE_BOUND('',#2190,.F.);
#2190 = EDGE_LOOP('',(#2191,#2192,#2193,#2194));
#2191 = ORIENTED_EDGE('',*,*,#2113,.F.);
#2192 = ORIENTED_EDGE('',*,*,#1811,.T.);
#2193 = ORIENTED_EDGE('',*,*,#2168,.T.);
#2194 = ORIENTED_EDGE('',*,*,#2195,.F.);
#2195 = EDGE_CURVE('',#2114,#2169,#2196,.T.);
#2196 = LINE('',#2197,#2198);
#2197 = CARTESIAN_POINT('',(-0.16,-0.32,8.54));
#2198 = VECTOR('',#2199,1.);
#2199 = DIRECTION('',(0.,1.,0.));
#2200 = PLANE('',#2201);
#2201 = AXIS2_PLACEMENT_3D('',#2202,#2203,#2204);
#2202 = CARTESIAN_POINT('',(-0.24,-0.32,8.46));
#2203 = DIRECTION('',(0.707106781187,1.735167508357E-18,-0.707106781187)
  );
#2204 = DIRECTION('',(-1.226948711654E-18,1.,1.226948711654E-18));
#2205 = ADVANCED_FACE('',(#2206),#2231,.F.);
#2206 = FACE_BOUND('',#2207,.T.);
#2207 = EDGE_LOOP('',(#2208,#2216,#2217,#2225));
#2208 = ORIENTED_EDGE('',*,*,#2209,.F.);
#2209 = EDGE_CURVE('',#1835,#2210,#2212,.T.);
#2210 = VERTEX_POINT('',#2211);
#2211 = CARTESIAN_POINT('',(-0.16,-2.7,8.54));
#2212 = LINE('',#2213,#2214);
#2213 = CARTESIAN_POINT('',(-0.266666666667,-2.806666666667,
    8.433333333333));
#2214 = VECTOR('',#2215,1.);
#2215 = DIRECTION('',(0.57735026919,0.57735026919,0.57735026919));
#2216 = ORIENTED_EDGE('',*,*,#1842,.T.);
#2217 = ORIENTED_EDGE('',*,*,#2218,.T.);
#2218 = EDGE_CURVE('',#1826,#2219,#2221,.T.);
#2219 = VERTEX_POINT('',#2220);
#2220 = CARTESIAN_POINT('',(0.16,-2.7,8.54));
#2221 = LINE('',#2222,#2223);
#2222 = CARTESIAN_POINT('',(0.16,-2.7,8.54));
#2223 = VECTOR('',#2224,1.);
#2224 = DIRECTION('',(-0.57735026919,0.57735026919,0.57735026919));
#2225 = ORIENTED_EDGE('',*,*,#2226,.F.);
#2226 = EDGE_CURVE('',#2210,#2219,#2227,.T.);
#2227 = LINE('',#2228,#2229);
#2228 = CARTESIAN_POINT('',(-0.32,-2.7,8.54));
#2229 = VECTOR('',#2230,1.);
#2230 = DIRECTION('',(1.,0.,0.));
#2231 = PLANE('',#2232);
#2232 = AXIS2_PLACEMENT_3D('',#2233,#2234,#2235);
#2233 = CARTESIAN_POINT('',(-0.32,-2.78,8.46));
#2234 = DIRECTION('',(-1.735167508357E-18,0.707106781187,-0.707106781187
    ));
#2235 = DIRECTION('',(-1.,-1.226948711654E-18,1.226948711654E-18));
#2236 = ADVANCED_FACE('',(#2237),#2255,.T.);
#2237 = FACE_BOUND('',#2238,.T.);
#2238 = EDGE_LOOP('',(#2239,#2240,#2241,#2249));
#2239 = ORIENTED_EDGE('',*,*,#2218,.F.);
#2240 = ORIENTED_EDGE('',*,*,#1866,.T.);
#2241 = ORIENTED_EDGE('',*,*,#2242,.T.);
#2242 = EDGE_CURVE('',#1859,#2243,#2245,.T.);
#2243 = VERTEX_POINT('',#2244);
#2244 = CARTESIAN_POINT('',(0.16,-2.38,8.54));
#2245 = LINE('',#2246,#2247);
#2246 = CARTESIAN_POINT('',(5.333333333333E-02,-2.486666666667,
    8.646666666667));
#2247 = VECTOR('',#2248,1.);
#2248 = DIRECTION('',(-0.57735026919,-0.57735026919,0.57735026919));
#2249 = ORIENTED_EDGE('',*,*,#2250,.F.);
#2250 = EDGE_CURVE('',#2219,#2243,#2251,.T.);
#2251 = LINE('',#2252,#2253);
#2252 = CARTESIAN_POINT('',(0.16,-2.86,8.54));
#2253 = VECTOR('',#2254,1.);
#2254 = DIRECTION('',(0.,1.,0.));
#2255 = PLANE('',#2256);
#2256 = AXIS2_PLACEMENT_3D('',#2257,#2258,#2259);
#2257 = CARTESIAN_POINT('',(0.24,-2.86,8.46));
#2258 = DIRECTION('',(0.707106781187,-1.735167508357E-18,0.707106781187)
  );
#2259 = DIRECTION('',(1.226948711654E-18,1.,1.226948711654E-18));
#2260 = ADVANCED_FACE('',(#2261),#2279,.T.);
#2261 = FACE_BOUND('',#2262,.F.);
#2262 = EDGE_LOOP('',(#2263,#2271,#2272,#2273));
#2263 = ORIENTED_EDGE('',*,*,#2264,.F.);
#2264 = EDGE_CURVE('',#1883,#2265,#2267,.T.);
#2265 = VERTEX_POINT('',#2266);
#2266 = CARTESIAN_POINT('',(-0.16,-2.38,8.54));
#2267 = LINE('',#2268,#2269);
#2268 = CARTESIAN_POINT('',(-0.16,-2.38,8.54));
#2269 = VECTOR('',#2270,1.);
#2270 = DIRECTION('',(0.57735026919,-0.57735026919,0.57735026919));
#2271 = ORIENTED_EDGE('',*,*,#1890,.T.);
#2272 = ORIENTED_EDGE('',*,*,#2242,.T.);
#2273 = ORIENTED_EDGE('',*,*,#2274,.F.);
#2274 = EDGE_CURVE('',#2265,#2243,#2275,.T.);
#2275 = LINE('',#2276,#2277);
#2276 = CARTESIAN_POINT('',(-0.32,-2.38,8.54));
#2277 = VECTOR('',#2278,1.);
#2278 = DIRECTION('',(1.,0.,0.));
#2279 = PLANE('',#2280);
#2280 = AXIS2_PLACEMENT_3D('',#2281,#2282,#2283);
#2281 = CARTESIAN_POINT('',(-0.32,-2.3,8.46));
#2282 = DIRECTION('',(1.735167508357E-18,0.707106781187,0.707106781187)
  );
#2283 = DIRECTION('',(-1.,1.226948711654E-18,1.226948711654E-18));
#2284 = ADVANCED_FACE('',(#2285),#2296,.F.);
#2285 = FACE_BOUND('',#2286,.F.);
#2286 = EDGE_LOOP('',(#2287,#2288,#2289,#2290));
#2287 = ORIENTED_EDGE('',*,*,#2209,.F.);
#2288 = ORIENTED_EDGE('',*,*,#1907,.T.);
#2289 = ORIENTED_EDGE('',*,*,#2264,.T.);
#2290 = ORIENTED_EDGE('',*,*,#2291,.F.);
#2291 = EDGE_CURVE('',#2210,#2265,#2292,.T.);
#2292 = LINE('',#2293,#2294);
#2293 = CARTESIAN_POINT('',(-0.16,-2.86,8.54));
#2294 = VECTOR('',#2295,1.);
#2295 = DIRECTION('',(0.,1.,0.));
#2296 = PLANE('',#2297);
#2297 = AXIS2_PLACEMENT_3D('',#2298,#2299,#2300);
#2298 = CARTESIAN_POINT('',(-0.24,-2.86,8.46));
#2299 = DIRECTION('',(0.707106781187,1.735167508357E-18,-0.707106781187)
  );
#2300 = DIRECTION('',(-1.226948711654E-18,1.,1.226948711654E-18));
#2301 = ADVANCED_FACE('',(#2302),#2308,.F.);
#2302 = FACE_BOUND('',#2303,.F.);
#2303 = EDGE_LOOP('',(#2304,#2305,#2306,#2307));
#2304 = ORIENTED_EDGE('',*,*,#2003,.F.);
#2305 = ORIENTED_EDGE('',*,*,#1938,.T.);
#2306 = ORIENTED_EDGE('',*,*,#1962,.T.);
#2307 = ORIENTED_EDGE('',*,*,#1986,.F.);
#2308 = PLANE('',#2309);
#2309 = AXIS2_PLACEMENT_3D('',#2310,#2311,#2312);
#2310 = CARTESIAN_POINT('',(-0.32,-0.32,-3.));
#2311 = DIRECTION('',(0.,0.,1.));
#2312 = DIRECTION('',(1.,0.,-0.));
#2313 = ADVANCED_FACE('',(#2314),#2320,.F.);
#2314 = FACE_BOUND('',#2315,.F.);
#2315 = EDGE_LOOP('',(#2316,#2317,#2318,#2319));
#2316 = ORIENTED_EDGE('',*,*,#2099,.F.);
#2317 = ORIENTED_EDGE('',*,*,#2034,.T.);
#2318 = ORIENTED_EDGE('',*,*,#2058,.T.);
#2319 = ORIENTED_EDGE('',*,*,#2082,.F.);
#2320 = PLANE('',#2321);
#2321 = AXIS2_PLACEMENT_3D('',#2322,#2323,#2324);
#2322 = CARTESIAN_POINT('',(-0.32,-2.86,-3.));
#2323 = DIRECTION('',(0.,0.,1.));
#2324 = DIRECTION('',(1.,0.,-0.));
#2325 = ADVANCED_FACE('',(#2326),#2332,.T.);
#2326 = FACE_BOUND('',#2327,.T.);
#2327 = EDGE_LOOP('',(#2328,#2329,#2330,#2331));
#2328 = ORIENTED_EDGE('',*,*,#2178,.F.);
#2329 = ORIENTED_EDGE('',*,*,#2195,.F.);
#2330 = ORIENTED_EDGE('',*,*,#2130,.T.);
#2331 = ORIENTED_EDGE('',*,*,#2154,.T.);
#2332 = PLANE('',#2333);
#2333 = AXIS2_PLACEMENT_3D('',#2334,#2335,#2336);
#2334 = CARTESIAN_POINT('',(-0.32,-0.32,8.54));
#2335 = DIRECTION('',(0.,0.,1.));
#2336 = DIRECTION('',(1.,0.,-0.));
#2337 = ADVANCED_FACE('',(#2338),#2344,.T.);
#2338 = FACE_BOUND('',#2339,.T.);
#2339 = EDGE_LOOP('',(#2340,#2341,#2342,#2343));
#2340 = ORIENTED_EDGE('',*,*,#2274,.F.);
#2341 = ORIENTED_EDGE('',*,*,#2291,.F.);
#2342 = ORIENTED_EDGE('',*,*,#2226,.T.);
#2343 = ORIENTED_EDGE('',*,*,#2250,.T.);
#2344 = PLANE('',#2345);
#2345 = AXIS2_PLACEMENT_3D('',#2346,#2347,#2348);
#2346 = CARTESIAN_POINT('',(-0.32,-2.86,8.54));
#2347 = DIRECTION('',(0.,0.,1.));
#2348 = DIRECTION('',(1.,0.,-0.));
#2349 = ( GEOMETRIC_REPRESENTATION_CONTEXT(3) 
GLOBAL_UNCERTAINTY_ASSIGNED_CONTEXT((#2353)) 
GLOBAL_UNIT_ASSIGNED_CONTEXT((#2350,#2351,#2352)) REPRESENTATION_CONTEXT
('Context #1','3D Context with UNIT and UNCERTAINTY') );
#2350 = ( LENGTH_UNIT() NAMED_UNIT(*) SI_UNIT(.MILLI.,.METRE.) );
#2351 = ( NAMED_UNIT(*) PLANE_ANGLE_UNIT() SI_UNIT($,.RADIAN.) );
#2352 = ( NAMED_UNIT(*) SI_UNIT($,.STERADIAN.) SOLID_ANGLE_UNIT() );
#2353 = UNCERTAINTY_MEASURE_WITH_UNIT(LENGTH_MEASURE(1.E-07),#2350,
  'distance_accuracy_value','confusion accuracy');
#2354 = CONTEXT_DEPENDENT_SHAPE_REPRESENTATION(#2355,#2357);
#2355 = ( REPRESENTATION_RELATIONSHIP('','',#916,#10) 
REPRESENTATION_RELATIONSHIP_WITH_TRANSFORMATION(#2356) 
SHAPE_REPRESENTATION_RELATIONSHIP() );
#2356 = ITEM_DEFINED_TRANSFORMATION('','',#11,#31);
#2357 = PRODUCT_DEFINITION_SHAPE('Placement','Placement of an item',
  #2358);
#2358 = NEXT_ASSEMBLY_USAGE_OCCURRENCE('5','BATT1','',#5,#911,$);
#2359 = PRODUCT_RELATED_PRODUCT_CATEGORY('part',$,(#913));
#2360 = CONTEXT_DEPENDENT_SHAPE_REPRESENTATION(#2361,#2363);
#2361 = ( REPRESENTATION_RELATIONSHIP('','',#92,#10) 
REPRESENTATION_RELATIONSHIP_WITH_TRANSFORMATION(#2362) 
SHAPE_REPRESENTATION_RELATIONSHIP() );
#2362 = ITEM_DEFINED_TRANSFORMATION('','',#11,#35);
#2363 = PRODUCT_DEFINITION_SHAPE('Placement','Placement of an item',
  #2364);
#2364 = NEXT_ASSEMBLY_USAGE_OCCURRENCE('6','SCL1','',#5,#87,$);
#2365 = SHAPE_DEFINITION_REPRESENTATION(#2366,#2372);
#2366 = PRODUCT_DEFINITION_SHAPE('','',#2367);
#2367 = PRODUCT_DEFINITION('design','',#2368,#2371);
#2368 = PRODUCT_DEFINITION_FORMATION('','',#2369);
#2369 = PRODUCT('C_0805_2012Metric','C_0805_2012Metric','',(#2370));
#2370 = PRODUCT_CONTEXT('',#2,'mechanical');
#2371 = PRODUCT_DEFINITION_CONTEXT('part definition',#2,'design');
#2372 = ADVANCED_BREP_SHAPE_REPRESENTATION('',(#11,#2373),#3227);
#2373 = MANIFOLD_SOLID_BREP('',#2374);
#2374 = CLOSED_SHELL('',(#2375,#2451,#2482,#2507,#2532,#2556,#2580,#2605
    ,#2630,#2647,#2733,#2765,#2789,#2814,#2838,#2863,#2887,#2912,#2929,
    #3015,#3046,#3071,#3096,#3120,#3144,#3169,#3194,#3211));
#2375 = ADVANCED_FACE('',(#2376),#2446,.F.);
#2376 = FACE_BOUND('',#2377,.F.);
#2377 = EDGE_LOOP('',(#2378,#2388,#2397,#2405,#2414,#2422,#2431,#2439));
#2378 = ORIENTED_EDGE('',*,*,#2379,.F.);
#2379 = EDGE_CURVE('',#2380,#2382,#2384,.T.);
#2380 = VERTEX_POINT('',#2381);
#2381 = CARTESIAN_POINT('',(-1.,-0.625,4.E-02));
#2382 = VERTEX_POINT('',#2383);
#2383 = CARTESIAN_POINT('',(-1.,-0.625,1.21));
#2384 = LINE('',#2385,#2386);
#2385 = CARTESIAN_POINT('',(-1.,-0.625,0.));
#2386 = VECTOR('',#2387,1.);
#2387 = DIRECTION('',(0.,0.,1.));
#2388 = ORIENTED_EDGE('',*,*,#2389,.T.);
#2389 = EDGE_CURVE('',#2380,#2390,#2392,.T.);
#2390 = VERTEX_POINT('',#2391);
#2391 = CARTESIAN_POINT('',(-1.,-0.585,0.));
#2392 = CIRCLE('',#2393,4.E-02);
#2393 = AXIS2_PLACEMENT_3D('',#2394,#2395,#2396);
#2394 = CARTESIAN_POINT('',(-1.,-0.585,4.E-02));
#2395 = DIRECTION('',(1.,0.,-0.));
#2396 = DIRECTION('',(0.,0.,1.));
#2397 = ORIENTED_EDGE('',*,*,#2398,.T.);
#2398 = EDGE_CURVE('',#2390,#2399,#2401,.T.);
#2399 = VERTEX_POINT('',#2400);
#2400 = CARTESIAN_POINT('',(-1.,0.585,0.));
#2401 = LINE('',#2402,#2403);
#2402 = CARTESIAN_POINT('',(-1.,-0.625,0.));
#2403 = VECTOR('',#2404,1.);
#2404 = DIRECTION('',(0.,1.,0.));
#2405 = ORIENTED_EDGE('',*,*,#2406,.F.);
#2406 = EDGE_CURVE('',#2407,#2399,#2409,.T.);
#2407 = VERTEX_POINT('',#2408);
#2408 = CARTESIAN_POINT('',(-1.,0.625,4.E-02));
#2409 = CIRCLE('',#2410,4.E-02);
#2410 = AXIS2_PLACEMENT_3D('',#2411,#2412,#2413);
#2411 = CARTESIAN_POINT('',(-1.,0.585,4.E-02));
#2412 = DIRECTION('',(-1.,0.,0.));
#2413 = DIRECTION('',(0.,0.,1.));
#2414 = ORIENTED_EDGE('',*,*,#2415,.T.);
#2415 = EDGE_CURVE('',#2407,#2416,#2418,.T.);
#2416 = VERTEX_POINT('',#2417);
#2417 = CARTESIAN_POINT('',(-1.,0.625,1.21));
#2418 = LINE('',#2419,#2420);
#2419 = CARTESIAN_POINT('',(-1.,0.625,0.));
#2420 = VECTOR('',#2421,1.);
#2421 = DIRECTION('',(0.,0.,1.));
#2422 = ORIENTED_EDGE('',*,*,#2423,.T.);
#2423 = EDGE_CURVE('',#2416,#2424,#2426,.T.);
#2424 = VERTEX_POINT('',#2425);
#2425 = CARTESIAN_POINT('',(-1.,0.585,1.25));
#2426 = CIRCLE('',#2427,4.E-02);
#2427 = AXIS2_PLACEMENT_3D('',#2428,#2429,#2430);
#2428 = CARTESIAN_POINT('',(-1.,0.585,1.21));
#2429 = DIRECTION('',(1.,0.,-0.));
#2430 = DIRECTION('',(0.,0.,1.));
#2431 = ORIENTED_EDGE('',*,*,#2432,.F.);
#2432 = EDGE_CURVE('',#2433,#2424,#2435,.T.);
#2433 = VERTEX_POINT('',#2434);
#2434 = CARTESIAN_POINT('',(-1.,-0.585,1.25));
#2435 = LINE('',#2436,#2437);
#2436 = CARTESIAN_POINT('',(-1.,-0.625,1.25));
#2437 = VECTOR('',#2438,1.);
#2438 = DIRECTION('',(0.,1.,0.));
#2439 = ORIENTED_EDGE('',*,*,#2440,.F.);
#2440 = EDGE_CURVE('',#2382,#2433,#2441,.T.);
#2441 = CIRCLE('',#2442,4.E-02);
#2442 = AXIS2_PLACEMENT_3D('',#2443,#2444,#2445);
#2443 = CARTESIAN_POINT('',(-1.,-0.585,1.21));
#2444 = DIRECTION('',(-1.,0.,0.));
#2445 = DIRECTION('',(0.,0.,1.));
#2446 = PLANE('',#2447);
#2447 = AXIS2_PLACEMENT_3D('',#2448,#2449,#2450);
#2448 = CARTESIAN_POINT('',(-1.,-0.625,0.));
#2449 = DIRECTION('',(1.,0.,0.));
#2450 = DIRECTION('',(0.,0.,1.));
#2451 = ADVANCED_FACE('',(#2452),#2477,.F.);
#2452 = FACE_BOUND('',#2453,.F.);
#2453 = EDGE_LOOP('',(#2454,#2464,#2470,#2471));
#2454 = ORIENTED_EDGE('',*,*,#2455,.F.);
#2455 = EDGE_CURVE('',#2456,#2458,#2460,.T.);
#2456 = VERTEX_POINT('',#2457);
#2457 = CARTESIAN_POINT('',(-0.6,-0.625,4.E-02));
#2458 = VERTEX_POINT('',#2459);
#2459 = CARTESIAN_POINT('',(-0.6,-0.625,1.21));
#2460 = LINE('',#2461,#2462);
#2461 = CARTESIAN_POINT('',(-0.6,-0.625,0.));
#2462 = VECTOR('',#2463,1.);
#2463 = DIRECTION('',(0.,0.,1.));
#2464 = ORIENTED_EDGE('',*,*,#2465,.F.);
#2465 = EDGE_CURVE('',#2380,#2456,#2466,.T.);
#2466 = LINE('',#2467,#2468);
#2467 = CARTESIAN_POINT('',(-1.,-0.625,4.E-02));
#2468 = VECTOR('',#2469,1.);
#2469 = DIRECTION('',(1.,0.,0.));
#2470 = ORIENTED_EDGE('',*,*,#2379,.T.);
#2471 = ORIENTED_EDGE('',*,*,#2472,.T.);
#2472 = EDGE_CURVE('',#2382,#2458,#2473,.T.);
#2473 = LINE('',#2474,#2475);
#2474 = CARTESIAN_POINT('',(-1.,-0.625,1.21));
#2475 = VECTOR('',#2476,1.);
#2476 = DIRECTION('',(1.,0.,0.));
#2477 = PLANE('',#2478);
#2478 = AXIS2_PLACEMENT_3D('',#2479,#2480,#2481);
#2479 = CARTESIAN_POINT('',(-1.,-0.625,0.));
#2480 = DIRECTION('',(0.,1.,0.));
#2481 = DIRECTION('',(0.,-0.,1.));
#2482 = ADVANCED_FACE('',(#2483),#2502,.T.);
#2483 = FACE_BOUND('',#2484,.T.);
#2484 = EDGE_LOOP('',(#2485,#2486,#2494,#2501));
#2485 = ORIENTED_EDGE('',*,*,#2389,.T.);
#2486 = ORIENTED_EDGE('',*,*,#2487,.T.);
#2487 = EDGE_CURVE('',#2390,#2488,#2490,.T.);
#2488 = VERTEX_POINT('',#2489);
#2489 = CARTESIAN_POINT('',(-0.6,-0.585,0.));
#2490 = LINE('',#2491,#2492);
#2491 = CARTESIAN_POINT('',(-1.,-0.585,0.));
#2492 = VECTOR('',#2493,1.);
#2493 = DIRECTION('',(1.,0.,0.));
#2494 = ORIENTED_EDGE('',*,*,#2495,.F.);
#2495 = EDGE_CURVE('',#2456,#2488,#2496,.T.);
#2496 = CIRCLE('',#2497,4.E-02);
#2497 = AXIS2_PLACEMENT_3D('',#2498,#2499,#2500);
#2498 = CARTESIAN_POINT('',(-0.6,-0.585,4.E-02));
#2499 = DIRECTION('',(1.,0.,-0.));
#2500 = DIRECTION('',(0.,0.,1.));
#2501 = ORIENTED_EDGE('',*,*,#2465,.F.);
#2502 = CYLINDRICAL_SURFACE('',#2503,4.E-02);
#2503 = AXIS2_PLACEMENT_3D('',#2504,#2505,#2506);
#2504 = CARTESIAN_POINT('',(-1.,-0.585,4.E-02));
#2505 = DIRECTION('',(1.,0.,0.));
#2506 = DIRECTION('',(0.,-1.,0.));
#2507 = ADVANCED_FACE('',(#2508),#2527,.T.);
#2508 = FACE_BOUND('',#2509,.T.);
#2509 = EDGE_LOOP('',(#2510,#2511,#2520,#2526));
#2510 = ORIENTED_EDGE('',*,*,#2472,.T.);
#2511 = ORIENTED_EDGE('',*,*,#2512,.T.);
#2512 = EDGE_CURVE('',#2458,#2513,#2515,.T.);
#2513 = VERTEX_POINT('',#2514);
#2514 = CARTESIAN_POINT('',(-0.6,-0.585,1.25));
#2515 = CIRCLE('',#2516,4.E-02);
#2516 = AXIS2_PLACEMENT_3D('',#2517,#2518,#2519);
#2517 = CARTESIAN_POINT('',(-0.6,-0.585,1.21));
#2518 = DIRECTION('',(-1.,0.,0.));
#2519 = DIRECTION('',(0.,0.,1.));
#2520 = ORIENTED_EDGE('',*,*,#2521,.F.);
#2521 = EDGE_CURVE('',#2433,#2513,#2522,.T.);
#2522 = LINE('',#2523,#2524);
#2523 = CARTESIAN_POINT('',(-1.,-0.585,1.25));
#2524 = VECTOR('',#2525,1.);
#2525 = DIRECTION('',(1.,0.,0.));
#2526 = ORIENTED_EDGE('',*,*,#2440,.F.);
#2527 = CYLINDRICAL_SURFACE('',#2528,4.E-02);
#2528 = AXIS2_PLACEMENT_3D('',#2529,#2530,#2531);
#2529 = CARTESIAN_POINT('',(-1.,-0.585,1.21));
#2530 = DIRECTION('',(1.,0.,0.));
#2531 = DIRECTION('',(0.,-1.,0.));
#2532 = ADVANCED_FACE('',(#2533),#2551,.F.);
#2533 = FACE_BOUND('',#2534,.F.);
#2534 = EDGE_LOOP('',(#2535,#2536,#2537,#2545));
#2535 = ORIENTED_EDGE('',*,*,#2398,.F.);
#2536 = ORIENTED_EDGE('',*,*,#2487,.T.);
#2537 = ORIENTED_EDGE('',*,*,#2538,.T.);
#2538 = EDGE_CURVE('',#2488,#2539,#2541,.T.);
#2539 = VERTEX_POINT('',#2540);
#2540 = CARTESIAN_POINT('',(-0.6,0.585,0.));
#2541 = LINE('',#2542,#2543);
#2542 = CARTESIAN_POINT('',(-0.6,-0.625,0.));
#2543 = VECTOR('',#2544,1.);
#2544 = DIRECTION('',(0.,1.,0.));
#2545 = ORIENTED_EDGE('',*,*,#2546,.F.);
#2546 = EDGE_CURVE('',#2399,#2539,#2547,.T.);
#2547 = LINE('',#2548,#2549);
#2548 = CARTESIAN_POINT('',(-1.,0.585,0.));
#2549 = VECTOR('',#2550,1.);
#2550 = DIRECTION('',(1.,0.,0.));
#2551 = PLANE('',#2552);
#2552 = AXIS2_PLACEMENT_3D('',#2553,#2554,#2555);
#2553 = CARTESIAN_POINT('',(-1.,-0.625,0.));
#2554 = DIRECTION('',(0.,0.,1.));
#2555 = DIRECTION('',(1.,0.,-0.));
#2556 = ADVANCED_FACE('',(#2557),#2575,.T.);
#2557 = FACE_BOUND('',#2558,.T.);
#2558 = EDGE_LOOP('',(#2559,#2560,#2561,#2569));
#2559 = ORIENTED_EDGE('',*,*,#2432,.F.);
#2560 = ORIENTED_EDGE('',*,*,#2521,.T.);
#2561 = ORIENTED_EDGE('',*,*,#2562,.T.);
#2562 = EDGE_CURVE('',#2513,#2563,#2565,.T.);
#2563 = VERTEX_POINT('',#2564);
#2564 = CARTESIAN_POINT('',(-0.6,0.585,1.25));
#2565 = LINE('',#2566,#2567);
#2566 = CARTESIAN_POINT('',(-0.6,-0.625,1.25));
#2567 = VECTOR('',#2568,1.);
#2568 = DIRECTION('',(0.,1.,0.));
#2569 = ORIENTED_EDGE('',*,*,#2570,.F.);
#2570 = EDGE_CURVE('',#2424,#2563,#2571,.T.);
#2571 = LINE('',#2572,#2573);
#2572 = CARTESIAN_POINT('',(-1.,0.585,1.25));
#2573 = VECTOR('',#2574,1.);
#2574 = DIRECTION('',(1.,0.,0.));
#2575 = PLANE('',#2576);
#2576 = AXIS2_PLACEMENT_3D('',#2577,#2578,#2579);
#2577 = CARTESIAN_POINT('',(-1.,-0.625,1.25));
#2578 = DIRECTION('',(0.,0.,1.));
#2579 = DIRECTION('',(1.,0.,-0.));
#2580 = ADVANCED_FACE('',(#2581),#2600,.T.);
#2581 = FACE_BOUND('',#2582,.T.);
#2582 = EDGE_LOOP('',(#2583,#2591,#2598,#2599));
#2583 = ORIENTED_EDGE('',*,*,#2584,.T.);
#2584 = EDGE_CURVE('',#2407,#2585,#2587,.T.);
#2585 = VERTEX_POINT('',#2586);
#2586 = CARTESIAN_POINT('',(-0.6,0.625,4.E-02));
#2587 = LINE('',#2588,#2589);
#2588 = CARTESIAN_POINT('',(-1.,0.625,4.E-02));
#2589 = VECTOR('',#2590,1.);
#2590 = DIRECTION('',(1.,0.,0.));
#2591 = ORIENTED_EDGE('',*,*,#2592,.T.);
#2592 = EDGE_CURVE('',#2585,#2539,#2593,.T.);
#2593 = CIRCLE('',#2594,4.E-02);
#2594 = AXIS2_PLACEMENT_3D('',#2595,#2596,#2597);
#2595 = CARTESIAN_POINT('',(-0.6,0.585,4.E-02));
#2596 = DIRECTION('',(-1.,0.,0.));
#2597 = DIRECTION('',(0.,0.,1.));
#2598 = ORIENTED_EDGE('',*,*,#2546,.F.);
#2599 = ORIENTED_EDGE('',*,*,#2406,.F.);
#2600 = CYLINDRICAL_SURFACE('',#2601,4.E-02);
#2601 = AXIS2_PLACEMENT_3D('',#2602,#2603,#2604);
#2602 = CARTESIAN_POINT('',(-1.,0.585,4.E-02));
#2603 = DIRECTION('',(1.,0.,0.));
#2604 = DIRECTION('',(-0.,1.,0.));
#2605 = ADVANCED_FACE('',(#2606),#2625,.T.);
#2606 = FACE_BOUND('',#2607,.T.);
#2607 = EDGE_LOOP('',(#2608,#2609,#2610,#2619));
#2608 = ORIENTED_EDGE('',*,*,#2423,.T.);
#2609 = ORIENTED_EDGE('',*,*,#2570,.T.);
#2610 = ORIENTED_EDGE('',*,*,#2611,.F.);
#2611 = EDGE_CURVE('',#2612,#2563,#2614,.T.);
#2612 = VERTEX_POINT('',#2613);
#2613 = CARTESIAN_POINT('',(-0.6,0.625,1.21));
#2614 = CIRCLE('',#2615,4.E-02);
#2615 = AXIS2_PLACEMENT_3D('',#2616,#2617,#2618);
#2616 = CARTESIAN_POINT('',(-0.6,0.585,1.21));
#2617 = DIRECTION('',(1.,0.,-0.));
#2618 = DIRECTION('',(0.,0.,1.));
#2619 = ORIENTED_EDGE('',*,*,#2620,.F.);
#2620 = EDGE_CURVE('',#2416,#2612,#2621,.T.);
#2621 = LINE('',#2622,#2623);
#2622 = CARTESIAN_POINT('',(-1.,0.625,1.21));
#2623 = VECTOR('',#2624,1.);
#2624 = DIRECTION('',(1.,0.,0.));
#2625 = CYLINDRICAL_SURFACE('',#2626,4.E-02);
#2626 = AXIS2_PLACEMENT_3D('',#2627,#2628,#2629);
#2627 = CARTESIAN_POINT('',(-1.,0.585,1.21));
#2628 = DIRECTION('',(1.,0.,0.));
#2629 = DIRECTION('',(-0.,1.,0.));
#2630 = ADVANCED_FACE('',(#2631),#2642,.T.);
#2631 = FACE_BOUND('',#2632,.T.);
#2632 = EDGE_LOOP('',(#2633,#2639,#2640,#2641));
#2633 = ORIENTED_EDGE('',*,*,#2634,.F.);
#2634 = EDGE_CURVE('',#2585,#2612,#2635,.T.);
#2635 = LINE('',#2636,#2637);
#2636 = CARTESIAN_POINT('',(-0.6,0.625,0.));
#2637 = VECTOR('',#2638,1.);
#2638 = DIRECTION('',(0.,0.,1.));
#2639 = ORIENTED_EDGE('',*,*,#2584,.F.);
#2640 = ORIENTED_EDGE('',*,*,#2415,.T.);
#2641 = ORIENTED_EDGE('',*,*,#2620,.T.);
#2642 = PLANE('',#2643);
#2643 = AXIS2_PLACEMENT_3D('',#2644,#2645,#2646);
#2644 = CARTESIAN_POINT('',(-1.,0.625,0.));
#2645 = DIRECTION('',(0.,1.,0.));
#2646 = DIRECTION('',(0.,-0.,1.));
#2647 = ADVANCED_FACE('',(#2648,#2658),#2728,.T.);
#2648 = FACE_BOUND('',#2649,.T.);
#2649 = EDGE_LOOP('',(#2650,#2651,#2652,#2653,#2654,#2655,#2656,#2657));
#2650 = ORIENTED_EDGE('',*,*,#2455,.F.);
#2651 = ORIENTED_EDGE('',*,*,#2495,.T.);
#2652 = ORIENTED_EDGE('',*,*,#2538,.T.);
#2653 = ORIENTED_EDGE('',*,*,#2592,.F.);
#2654 = ORIENTED_EDGE('',*,*,#2634,.T.);
#2655 = ORIENTED_EDGE('',*,*,#2611,.T.);
#2656 = ORIENTED_EDGE('',*,*,#2562,.F.);
#2657 = ORIENTED_EDGE('',*,*,#2512,.F.);
#2658 = FACE_BOUND('',#2659,.T.);
#2659 = EDGE_LOOP('',(#2660,#2671,#2679,#2688,#2696,#2705,#2713,#2722));
#2660 = ORIENTED_EDGE('',*,*,#2661,.F.);
#2661 = EDGE_CURVE('',#2662,#2664,#2666,.T.);
#2662 = VERTEX_POINT('',#2663);
#2663 = CARTESIAN_POINT('',(-0.6,-0.585,8.E-02));
#2664 = VERTEX_POINT('',#2665);
#2665 = CARTESIAN_POINT('',(-0.6,-0.545,4.E-02));
#2666 = CIRCLE('',#2667,4.E-02);
#2667 = AXIS2_PLACEMENT_3D('',#2668,#2669,#2670);
#2668 = CARTESIAN_POINT('',(-0.6,-0.545,8.E-02));
#2669 = DIRECTION('',(1.,0.,-0.));
#2670 = DIRECTION('',(0.,0.,1.));
#2671 = ORIENTED_EDGE('',*,*,#2672,.T.);
#2672 = EDGE_CURVE('',#2662,#2673,#2675,.T.);
#2673 = VERTEX_POINT('',#2674);
#2674 = CARTESIAN_POINT('',(-0.6,-0.585,1.17));
#2675 = LINE('',#2676,#2677);
#2676 = CARTESIAN_POINT('',(-0.6,-0.585,4.E-02));
#2677 = VECTOR('',#2678,1.);
#2678 = DIRECTION('',(0.,0.,1.));
#2679 = ORIENTED_EDGE('',*,*,#2680,.T.);
#2680 = EDGE_CURVE('',#2673,#2681,#2683,.T.);
#2681 = VERTEX_POINT('',#2682);
#2682 = CARTESIAN_POINT('',(-0.6,-0.545,1.21));
#2683 = CIRCLE('',#2684,4.E-02);
#2684 = AXIS2_PLACEMENT_3D('',#2685,#2686,#2687);
#2685 = CARTESIAN_POINT('',(-0.6,-0.545,1.17));
#2686 = DIRECTION('',(-1.,0.,0.));
#2687 = DIRECTION('',(0.,0.,1.));
#2688 = ORIENTED_EDGE('',*,*,#2689,.T.);
#2689 = EDGE_CURVE('',#2681,#2690,#2692,.T.);
#2690 = VERTEX_POINT('',#2691);
#2691 = CARTESIAN_POINT('',(-0.6,0.545,1.21));
#2692 = LINE('',#2693,#2694);
#2693 = CARTESIAN_POINT('',(-0.6,-0.585,1.21));
#2694 = VECTOR('',#2695,1.);
#2695 = DIRECTION('',(0.,1.,0.));
#2696 = ORIENTED_EDGE('',*,*,#2697,.F.);
#2697 = EDGE_CURVE('',#2698,#2690,#2700,.T.);
#2698 = VERTEX_POINT('',#2699);
#2699 = CARTESIAN_POINT('',(-0.6,0.585,1.17));
#2700 = CIRCLE('',#2701,4.E-02);
#2701 = AXIS2_PLACEMENT_3D('',#2702,#2703,#2704);
#2702 = CARTESIAN_POINT('',(-0.6,0.545,1.17));
#2703 = DIRECTION('',(1.,0.,-0.));
#2704 = DIRECTION('',(0.,0.,1.));
#2705 = ORIENTED_EDGE('',*,*,#2706,.F.);
#2706 = EDGE_CURVE('',#2707,#2698,#2709,.T.);
#2707 = VERTEX_POINT('',#2708);
#2708 = CARTESIAN_POINT('',(-0.6,0.585,8.E-02));
#2709 = LINE('',#2710,#2711);
#2710 = CARTESIAN_POINT('',(-0.6,0.585,4.E-02));
#2711 = VECTOR('',#2712,1.);
#2712 = DIRECTION('',(0.,0.,1.));
#2713 = ORIENTED_EDGE('',*,*,#2714,.T.);
#2714 = EDGE_CURVE('',#2707,#2715,#2717,.T.);
#2715 = VERTEX_POINT('',#2716);
#2716 = CARTESIAN_POINT('',(-0.6,0.545,4.E-02));
#2717 = CIRCLE('',#2718,4.E-02);
#2718 = AXIS2_PLACEMENT_3D('',#2719,#2720,#2721);
#2719 = CARTESIAN_POINT('',(-0.6,0.545,8.E-02));
#2720 = DIRECTION('',(-1.,0.,0.));
#2721 = DIRECTION('',(0.,0.,1.));
#2722 = ORIENTED_EDGE('',*,*,#2723,.F.);
#2723 = EDGE_CURVE('',#2664,#2715,#2724,.T.);
#2724 = LINE('',#2725,#2726);
#2725 = CARTESIAN_POINT('',(-0.6,-0.585,4.E-02));
#2726 = VECTOR('',#2727,1.);
#2727 = DIRECTION('',(0.,1.,0.));
#2728 = PLANE('',#2729);
#2729 = AXIS2_PLACEMENT_3D('',#2730,#2731,#2732);
#2730 = CARTESIAN_POINT('',(-0.6,-0.625,0.));
#2731 = DIRECTION('',(1.,0.,0.));
#2732 = DIRECTION('',(0.,0.,1.));
#2733 = ADVANCED_FACE('',(#2734),#2760,.T.);
#2734 = FACE_BOUND('',#2735,.T.);
#2735 = EDGE_LOOP('',(#2736,#2737,#2745,#2754));
#2736 = ORIENTED_EDGE('',*,*,#2661,.T.);
#2737 = ORIENTED_EDGE('',*,*,#2738,.T.);
#2738 = EDGE_CURVE('',#2664,#2739,#2741,.T.);
#2739 = VERTEX_POINT('',#2740);
#2740 = CARTESIAN_POINT('',(0.6,-0.545,4.E-02));
#2741 = LINE('',#2742,#2743);
#2742 = CARTESIAN_POINT('',(-0.6,-0.545,4.E-02));
#2743 = VECTOR('',#2744,1.);
#2744 = DIRECTION('',(1.,0.,0.));
#2745 = ORIENTED_EDGE('',*,*,#2746,.F.);
#2746 = EDGE_CURVE('',#2747,#2739,#2749,.T.);
#2747 = VERTEX_POINT('',#2748);
#2748 = CARTESIAN_POINT('',(0.6,-0.585,8.E-02));
#2749 = CIRCLE('',#2750,4.E-02);
#2750 = AXIS2_PLACEMENT_3D('',#2751,#2752,#2753);
#2751 = CARTESIAN_POINT('',(0.6,-0.545,8.E-02));
#2752 = DIRECTION('',(1.,0.,-0.));
#2753 = DIRECTION('',(0.,0.,1.));
#2754 = ORIENTED_EDGE('',*,*,#2755,.F.);
#2755 = EDGE_CURVE('',#2662,#2747,#2756,.T.);
#2756 = LINE('',#2757,#2758);
#2757 = CARTESIAN_POINT('',(-0.6,-0.585,8.E-02));
#2758 = VECTOR('',#2759,1.);
#2759 = DIRECTION('',(1.,0.,0.));
#2760 = CYLINDRICAL_SURFACE('',#2761,4.E-02);
#2761 = AXIS2_PLACEMENT_3D('',#2762,#2763,#2764);
#2762 = CARTESIAN_POINT('',(-0.6,-0.545,8.E-02));
#2763 = DIRECTION('',(1.,0.,0.));
#2764 = DIRECTION('',(0.,-1.,0.));
#2765 = ADVANCED_FACE('',(#2766),#2784,.F.);
#2766 = FACE_BOUND('',#2767,.F.);
#2767 = EDGE_LOOP('',(#2768,#2769,#2770,#2778));
#2768 = ORIENTED_EDGE('',*,*,#2723,.F.);
#2769 = ORIENTED_EDGE('',*,*,#2738,.T.);
#2770 = ORIENTED_EDGE('',*,*,#2771,.T.);
#2771 = EDGE_CURVE('',#2739,#2772,#2774,.T.);
#2772 = VERTEX_POINT('',#2773);
#2773 = CARTESIAN_POINT('',(0.6,0.545,4.E-02));
#2774 = LINE('',#2775,#2776);
#2775 = CARTESIAN_POINT('',(0.6,-0.585,4.E-02));
#2776 = VECTOR('',#2777,1.);
#2777 = DIRECTION('',(0.,1.,0.));
#2778 = ORIENTED_EDGE('',*,*,#2779,.F.);
#2779 = EDGE_CURVE('',#2715,#2772,#2780,.T.);
#2780 = LINE('',#2781,#2782);
#2781 = CARTESIAN_POINT('',(-0.6,0.545,4.E-02));
#2782 = VECTOR('',#2783,1.);
#2783 = DIRECTION('',(1.,0.,0.));
#2784 = PLANE('',#2785);
#2785 = AXIS2_PLACEMENT_3D('',#2786,#2787,#2788);
#2786 = CARTESIAN_POINT('',(-0.6,-0.585,4.E-02));
#2787 = DIRECTION('',(0.,0.,1.));
#2788 = DIRECTION('',(1.,0.,-0.));
#2789 = ADVANCED_FACE('',(#2790),#2809,.T.);
#2790 = FACE_BOUND('',#2791,.T.);
#2791 = EDGE_LOOP('',(#2792,#2800,#2807,#2808));
#2792 = ORIENTED_EDGE('',*,*,#2793,.T.);
#2793 = EDGE_CURVE('',#2707,#2794,#2796,.T.);
#2794 = VERTEX_POINT('',#2795);
#2795 = CARTESIAN_POINT('',(0.6,0.585,8.E-02));
#2796 = LINE('',#2797,#2798);
#2797 = CARTESIAN_POINT('',(-0.6,0.585,8.E-02));
#2798 = VECTOR('',#2799,1.);
#2799 = DIRECTION('',(1.,0.,0.));
#2800 = ORIENTED_EDGE('',*,*,#2801,.T.);
#2801 = EDGE_CURVE('',#2794,#2772,#2802,.T.);
#2802 = CIRCLE('',#2803,4.E-02);
#2803 = AXIS2_PLACEMENT_3D('',#2804,#2805,#2806);
#2804 = CARTESIAN_POINT('',(0.6,0.545,8.E-02));
#2805 = DIRECTION('',(-1.,0.,0.));
#2806 = DIRECTION('',(0.,0.,1.));
#2807 = ORIENTED_EDGE('',*,*,#2779,.F.);
#2808 = ORIENTED_EDGE('',*,*,#2714,.F.);
#2809 = CYLINDRICAL_SURFACE('',#2810,4.E-02);
#2810 = AXIS2_PLACEMENT_3D('',#2811,#2812,#2813);
#2811 = CARTESIAN_POINT('',(-0.6,0.545,8.E-02));
#2812 = DIRECTION('',(1.,0.,0.));
#2813 = DIRECTION('',(-0.,1.,0.));
#2814 = ADVANCED_FACE('',(#2815),#2833,.T.);
#2815 = FACE_BOUND('',#2816,.T.);
#2816 = EDGE_LOOP('',(#2817,#2825,#2826,#2827));
#2817 = ORIENTED_EDGE('',*,*,#2818,.F.);
#2818 = EDGE_CURVE('',#2794,#2819,#2821,.T.);
#2819 = VERTEX_POINT('',#2820);
#2820 = CARTESIAN_POINT('',(0.6,0.585,1.17));
#2821 = LINE('',#2822,#2823);
#2822 = CARTESIAN_POINT('',(0.6,0.585,4.E-02));
#2823 = VECTOR('',#2824,1.);
#2824 = DIRECTION('',(0.,0.,1.));
#2825 = ORIENTED_EDGE('',*,*,#2793,.F.);
#2826 = ORIENTED_EDGE('',*,*,#2706,.T.);
#2827 = ORIENTED_EDGE('',*,*,#2828,.T.);
#2828 = EDGE_CURVE('',#2698,#2819,#2829,.T.);
#2829 = LINE('',#2830,#2831);
#2830 = CARTESIAN_POINT('',(-0.6,0.585,1.17));
#2831 = VECTOR('',#2832,1.);
#2832 = DIRECTION('',(1.,0.,0.));
#2833 = PLANE('',#2834);
#2834 = AXIS2_PLACEMENT_3D('',#2835,#2836,#2837);
#2835 = CARTESIAN_POINT('',(-0.6,0.585,4.E-02));
#2836 = DIRECTION('',(0.,1.,0.));
#2837 = DIRECTION('',(0.,-0.,1.));
#2838 = ADVANCED_FACE('',(#2839),#2858,.T.);
#2839 = FACE_BOUND('',#2840,.T.);
#2840 = EDGE_LOOP('',(#2841,#2842,#2850,#2857));
#2841 = ORIENTED_EDGE('',*,*,#2697,.T.);
#2842 = ORIENTED_EDGE('',*,*,#2843,.T.);
#2843 = EDGE_CURVE('',#2690,#2844,#2846,.T.);
#2844 = VERTEX_POINT('',#2845);
#2845 = CARTESIAN_POINT('',(0.6,0.545,1.21));
#2846 = LINE('',#2847,#2848);
#2847 = CARTESIAN_POINT('',(-0.6,0.545,1.21));
#2848 = VECTOR('',#2849,1.);
#2849 = DIRECTION('',(1.,0.,0.));
#2850 = ORIENTED_EDGE('',*,*,#2851,.F.);
#2851 = EDGE_CURVE('',#2819,#2844,#2852,.T.);
#2852 = CIRCLE('',#2853,4.E-02);
#2853 = AXIS2_PLACEMENT_3D('',#2854,#2855,#2856);
#2854 = CARTESIAN_POINT('',(0.6,0.545,1.17));
#2855 = DIRECTION('',(1.,0.,-0.));
#2856 = DIRECTION('',(0.,0.,1.));
#2857 = ORIENTED_EDGE('',*,*,#2828,.F.);
#2858 = CYLINDRICAL_SURFACE('',#2859,4.E-02);
#2859 = AXIS2_PLACEMENT_3D('',#2860,#2861,#2862);
#2860 = CARTESIAN_POINT('',(-0.6,0.545,1.17));
#2861 = DIRECTION('',(1.,0.,0.));
#2862 = DIRECTION('',(-0.,1.,0.));
#2863 = ADVANCED_FACE('',(#2864),#2882,.T.);
#2864 = FACE_BOUND('',#2865,.T.);
#2865 = EDGE_LOOP('',(#2866,#2867,#2875,#2881));
#2866 = ORIENTED_EDGE('',*,*,#2689,.F.);
#2867 = ORIENTED_EDGE('',*,*,#2868,.T.);
#2868 = EDGE_CURVE('',#2681,#2869,#2871,.T.);
#2869 = VERTEX_POINT('',#2870);
#2870 = CARTESIAN_POINT('',(0.6,-0.545,1.21));
#2871 = LINE('',#2872,#2873);
#2872 = CARTESIAN_POINT('',(-0.6,-0.545,1.21));
#2873 = VECTOR('',#2874,1.);
#2874 = DIRECTION('',(1.,0.,0.));
#2875 = ORIENTED_EDGE('',*,*,#2876,.T.);
#2876 = EDGE_CURVE('',#2869,#2844,#2877,.T.);
#2877 = LINE('',#2878,#2879);
#2878 = CARTESIAN_POINT('',(0.6,-0.585,1.21));
#2879 = VECTOR('',#2880,1.);
#2880 = DIRECTION('',(0.,1.,0.));
#2881 = ORIENTED_EDGE('',*,*,#2843,.F.);
#2882 = PLANE('',#2883);
#2883 = AXIS2_PLACEMENT_3D('',#2884,#2885,#2886);
#2884 = CARTESIAN_POINT('',(-0.6,-0.585,1.21));
#2885 = DIRECTION('',(0.,0.,1.));
#2886 = DIRECTION('',(1.,0.,-0.));
#2887 = ADVANCED_FACE('',(#2888),#2907,.T.);
#2888 = FACE_BOUND('',#2889,.T.);
#2889 = EDGE_LOOP('',(#2890,#2898,#2905,#2906));
#2890 = ORIENTED_EDGE('',*,*,#2891,.T.);
#2891 = EDGE_CURVE('',#2673,#2892,#2894,.T.);
#2892 = VERTEX_POINT('',#2893);
#2893 = CARTESIAN_POINT('',(0.6,-0.585,1.17));
#2894 = LINE('',#2895,#2896);
#2895 = CARTESIAN_POINT('',(-0.6,-0.585,1.17));
#2896 = VECTOR('',#2897,1.);
#2897 = DIRECTION('',(1.,0.,0.));
#2898 = ORIENTED_EDGE('',*,*,#2899,.T.);
#2899 = EDGE_CURVE('',#2892,#2869,#2900,.T.);
#2900 = CIRCLE('',#2901,4.E-02);
#2901 = AXIS2_PLACEMENT_3D('',#2902,#2903,#2904);
#2902 = CARTESIAN_POINT('',(0.6,-0.545,1.17));
#2903 = DIRECTION('',(-1.,0.,0.));
#2904 = DIRECTION('',(0.,0.,1.));
#2905 = ORIENTED_EDGE('',*,*,#2868,.F.);
#2906 = ORIENTED_EDGE('',*,*,#2680,.F.);
#2907 = CYLINDRICAL_SURFACE('',#2908,4.E-02);
#2908 = AXIS2_PLACEMENT_3D('',#2909,#2910,#2911);
#2909 = CARTESIAN_POINT('',(-0.6,-0.545,1.17));
#2910 = DIRECTION('',(1.,0.,0.));
#2911 = DIRECTION('',(0.,-1.,0.));
#2912 = ADVANCED_FACE('',(#2913),#2924,.F.);
#2913 = FACE_BOUND('',#2914,.F.);
#2914 = EDGE_LOOP('',(#2915,#2921,#2922,#2923));
#2915 = ORIENTED_EDGE('',*,*,#2916,.F.);
#2916 = EDGE_CURVE('',#2747,#2892,#2917,.T.);
#2917 = LINE('',#2918,#2919);
#2918 = CARTESIAN_POINT('',(0.6,-0.585,4.E-02));
#2919 = VECTOR('',#2920,1.);
#2920 = DIRECTION('',(0.,0.,1.));
#2921 = ORIENTED_EDGE('',*,*,#2755,.F.);
#2922 = ORIENTED_EDGE('',*,*,#2672,.T.);
#2923 = ORIENTED_EDGE('',*,*,#2891,.T.);
#2924 = PLANE('',#2925);
#2925 = AXIS2_PLACEMENT_3D('',#2926,#2927,#2928);
#2926 = CARTESIAN_POINT('',(-0.6,-0.585,4.E-02));
#2927 = DIRECTION('',(0.,1.,0.));
#2928 = DIRECTION('',(0.,-0.,1.));
#2929 = ADVANCED_FACE('',(#2930,#3000),#3010,.F.);
#2930 = FACE_BOUND('',#2931,.F.);
#2931 = EDGE_LOOP('',(#2932,#2942,#2951,#2959,#2968,#2976,#2985,#2993));
#2932 = ORIENTED_EDGE('',*,*,#2933,.F.);
#2933 = EDGE_CURVE('',#2934,#2936,#2938,.T.);
#2934 = VERTEX_POINT('',#2935);
#2935 = CARTESIAN_POINT('',(0.6,-0.625,4.E-02));
#2936 = VERTEX_POINT('',#2937);
#2937 = CARTESIAN_POINT('',(0.6,-0.625,1.21));
#2938 = LINE('',#2939,#2940);
#2939 = CARTESIAN_POINT('',(0.6,-0.625,0.));
#2940 = VECTOR('',#2941,1.);
#2941 = DIRECTION('',(0.,0.,1.));
#2942 = ORIENTED_EDGE('',*,*,#2943,.T.);
#2943 = EDGE_CURVE('',#2934,#2944,#2946,.T.);
#2944 = VERTEX_POINT('',#2945);
#2945 = CARTESIAN_POINT('',(0.6,-0.585,0.));
#2946 = CIRCLE('',#2947,4.E-02);
#2947 = AXIS2_PLACEMENT_3D('',#2948,#2949,#2950);
#2948 = CARTESIAN_POINT('',(0.6,-0.585,4.E-02));
#2949 = DIRECTION('',(1.,0.,-0.));
#2950 = DIRECTION('',(0.,0.,1.));
#2951 = ORIENTED_EDGE('',*,*,#2952,.T.);
#2952 = EDGE_CURVE('',#2944,#2953,#2955,.T.);
#2953 = VERTEX_POINT('',#2954);
#2954 = CARTESIAN_POINT('',(0.6,0.585,0.));
#2955 = LINE('',#2956,#2957);
#2956 = CARTESIAN_POINT('',(0.6,-0.625,0.));
#2957 = VECTOR('',#2958,1.);
#2958 = DIRECTION('',(0.,1.,0.));
#2959 = ORIENTED_EDGE('',*,*,#2960,.F.);
#2960 = EDGE_CURVE('',#2961,#2953,#2963,.T.);
#2961 = VERTEX_POINT('',#2962);
#2962 = CARTESIAN_POINT('',(0.6,0.625,4.E-02));
#2963 = CIRCLE('',#2964,4.E-02);
#2964 = AXIS2_PLACEMENT_3D('',#2965,#2966,#2967);
#2965 = CARTESIAN_POINT('',(0.6,0.585,4.E-02));
#2966 = DIRECTION('',(-1.,0.,0.));
#2967 = DIRECTION('',(0.,0.,1.));
#2968 = ORIENTED_EDGE('',*,*,#2969,.T.);
#2969 = EDGE_CURVE('',#2961,#2970,#2972,.T.);
#2970 = VERTEX_POINT('',#2971);
#2971 = CARTESIAN_POINT('',(0.6,0.625,1.21));
#2972 = LINE('',#2973,#2974);
#2973 = CARTESIAN_POINT('',(0.6,0.625,0.));
#2974 = VECTOR('',#2975,1.);
#2975 = DIRECTION('',(0.,0.,1.));
#2976 = ORIENTED_EDGE('',*,*,#2977,.T.);
#2977 = EDGE_CURVE('',#2970,#2978,#2980,.T.);
#2978 = VERTEX_POINT('',#2979);
#2979 = CARTESIAN_POINT('',(0.6,0.585,1.25));
#2980 = CIRCLE('',#2981,4.E-02);
#2981 = AXIS2_PLACEMENT_3D('',#2982,#2983,#2984);
#2982 = CARTESIAN_POINT('',(0.6,0.585,1.21));
#2983 = DIRECTION('',(1.,0.,-0.));
#2984 = DIRECTION('',(0.,0.,1.));
#2985 = ORIENTED_EDGE('',*,*,#2986,.F.);
#2986 = EDGE_CURVE('',#2987,#2978,#2989,.T.);
#2987 = VERTEX_POINT('',#2988);
#2988 = CARTESIAN_POINT('',(0.6,-0.585,1.25));
#2989 = LINE('',#2990,#2991);
#2990 = CARTESIAN_POINT('',(0.6,-0.625,1.25));
#2991 = VECTOR('',#2992,1.);
#2992 = DIRECTION('',(0.,1.,0.));
#2993 = ORIENTED_EDGE('',*,*,#2994,.F.);
#2994 = EDGE_CURVE('',#2936,#2987,#2995,.T.);
#2995 = CIRCLE('',#2996,4.E-02);
#2996 = AXIS2_PLACEMENT_3D('',#2997,#2998,#2999);
#2997 = CARTESIAN_POINT('',(0.6,-0.585,1.21));
#2998 = DIRECTION('',(-1.,0.,0.));
#2999 = DIRECTION('',(0.,0.,1.));
#3000 = FACE_BOUND('',#3001,.F.);
#3001 = EDGE_LOOP('',(#3002,#3003,#3004,#3005,#3006,#3007,#3008,#3009));
#3002 = ORIENTED_EDGE('',*,*,#2746,.F.);
#3003 = ORIENTED_EDGE('',*,*,#2916,.T.);
#3004 = ORIENTED_EDGE('',*,*,#2899,.T.);
#3005 = ORIENTED_EDGE('',*,*,#2876,.T.);
#3006 = ORIENTED_EDGE('',*,*,#2851,.F.);
#3007 = ORIENTED_EDGE('',*,*,#2818,.F.);
#3008 = ORIENTED_EDGE('',*,*,#2801,.T.);
#3009 = ORIENTED_EDGE('',*,*,#2771,.F.);
#3010 = PLANE('',#3011);
#3011 = AXIS2_PLACEMENT_3D('',#3012,#3013,#3014);
#3012 = CARTESIAN_POINT('',(0.6,-0.625,0.));
#3013 = DIRECTION('',(1.,0.,0.));
#3014 = DIRECTION('',(0.,0.,1.));
#3015 = ADVANCED_FACE('',(#3016),#3041,.F.);
#3016 = FACE_BOUND('',#3017,.F.);
#3017 = EDGE_LOOP('',(#3018,#3028,#3034,#3035));
#3018 = ORIENTED_EDGE('',*,*,#3019,.F.);
#3019 = EDGE_CURVE('',#3020,#3022,#3024,.T.);
#3020 = VERTEX_POINT('',#3021);
#3021 = CARTESIAN_POINT('',(1.,-0.625,4.E-02));
#3022 = VERTEX_POINT('',#3023);
#3023 = CARTESIAN_POINT('',(1.,-0.625,1.21));
#3024 = LINE('',#3025,#3026);
#3025 = CARTESIAN_POINT('',(1.,-0.625,0.));
#3026 = VECTOR('',#3027,1.);
#3027 = DIRECTION('',(0.,0.,1.));
#3028 = ORIENTED_EDGE('',*,*,#3029,.F.);
#3029 = EDGE_CURVE('',#2934,#3020,#3030,.T.);
#3030 = LINE('',#3031,#3032);
#3031 = CARTESIAN_POINT('',(0.6,-0.625,4.E-02));
#3032 = VECTOR('',#3033,1.);
#3033 = DIRECTION('',(1.,0.,0.));
#3034 = ORIENTED_EDGE('',*,*,#2933,.T.);
#3035 = ORIENTED_EDGE('',*,*,#3036,.T.);
#3036 = EDGE_CURVE('',#2936,#3022,#3037,.T.);
#3037 = LINE('',#3038,#3039);
#3038 = CARTESIAN_POINT('',(0.6,-0.625,1.21));
#3039 = VECTOR('',#3040,1.);
#3040 = DIRECTION('',(1.,0.,0.));
#3041 = PLANE('',#3042);
#3042 = AXIS2_PLACEMENT_3D('',#3043,#3044,#3045);
#3043 = CARTESIAN_POINT('',(0.6,-0.625,0.));
#3044 = DIRECTION('',(0.,1.,0.));
#3045 = DIRECTION('',(0.,-0.,1.));
#3046 = ADVANCED_FACE('',(#3047),#3066,.T.);
#3047 = FACE_BOUND('',#3048,.T.);
#3048 = EDGE_LOOP('',(#3049,#3050,#3058,#3065));
#3049 = ORIENTED_EDGE('',*,*,#2943,.T.);
#3050 = ORIENTED_EDGE('',*,*,#3051,.T.);
#3051 = EDGE_CURVE('',#2944,#3052,#3054,.T.);
#3052 = VERTEX_POINT('',#3053);
#3053 = CARTESIAN_POINT('',(1.,-0.585,0.));
#3054 = LINE('',#3055,#3056);
#3055 = CARTESIAN_POINT('',(0.6,-0.585,0.));
#3056 = VECTOR('',#3057,1.);
#3057 = DIRECTION('',(1.,0.,0.));
#3058 = ORIENTED_EDGE('',*,*,#3059,.F.);
#3059 = EDGE_CURVE('',#3020,#3052,#3060,.T.);
#3060 = CIRCLE('',#3061,4.E-02);
#3061 = AXIS2_PLACEMENT_3D('',#3062,#3063,#3064);
#3062 = CARTESIAN_POINT('',(1.,-0.585,4.E-02));
#3063 = DIRECTION('',(1.,0.,-0.));
#3064 = DIRECTION('',(0.,0.,1.));
#3065 = ORIENTED_EDGE('',*,*,#3029,.F.);
#3066 = CYLINDRICAL_SURFACE('',#3067,4.E-02);
#3067 = AXIS2_PLACEMENT_3D('',#3068,#3069,#3070);
#3068 = CARTESIAN_POINT('',(0.6,-0.585,4.E-02));
#3069 = DIRECTION('',(1.,0.,0.));
#3070 = DIRECTION('',(0.,-1.,0.));
#3071 = ADVANCED_FACE('',(#3072),#3091,.T.);
#3072 = FACE_BOUND('',#3073,.T.);
#3073 = EDGE_LOOP('',(#3074,#3075,#3084,#3090));
#3074 = ORIENTED_EDGE('',*,*,#3036,.T.);
#3075 = ORIENTED_EDGE('',*,*,#3076,.T.);
#3076 = EDGE_CURVE('',#3022,#3077,#3079,.T.);
#3077 = VERTEX_POINT('',#3078);
#3078 = CARTESIAN_POINT('',(1.,-0.585,1.25));
#3079 = CIRCLE('',#3080,4.E-02);
#3080 = AXIS2_PLACEMENT_3D('',#3081,#3082,#3083);
#3081 = CARTESIAN_POINT('',(1.,-0.585,1.21));
#3082 = DIRECTION('',(-1.,0.,0.));
#3083 = DIRECTION('',(0.,0.,1.));
#3084 = ORIENTED_EDGE('',*,*,#3085,.F.);
#3085 = EDGE_CURVE('',#2987,#3077,#3086,.T.);
#3086 = LINE('',#3087,#3088);
#3087 = CARTESIAN_POINT('',(0.6,-0.585,1.25));
#3088 = VECTOR('',#3089,1.);
#3089 = DIRECTION('',(1.,0.,0.));
#3090 = ORIENTED_EDGE('',*,*,#2994,.F.);
#3091 = CYLINDRICAL_SURFACE('',#3092,4.E-02);
#3092 = AXIS2_PLACEMENT_3D('',#3093,#3094,#3095);
#3093 = CARTESIAN_POINT('',(0.6,-0.585,1.21));
#3094 = DIRECTION('',(1.,0.,0.));
#3095 = DIRECTION('',(0.,-1.,0.));
#3096 = ADVANCED_FACE('',(#3097),#3115,.F.);
#3097 = FACE_BOUND('',#3098,.F.);
#3098 = EDGE_LOOP('',(#3099,#3100,#3101,#3109));
#3099 = ORIENTED_EDGE('',*,*,#2952,.F.);
#3100 = ORIENTED_EDGE('',*,*,#3051,.T.);
#3101 = ORIENTED_EDGE('',*,*,#3102,.T.);
#3102 = EDGE_CURVE('',#3052,#3103,#3105,.T.);
#3103 = VERTEX_POINT('',#3104);
#3104 = CARTESIAN_POINT('',(1.,0.585,0.));
#3105 = LINE('',#3106,#3107);
#3106 = CARTESIAN_POINT('',(1.,-0.625,0.));
#3107 = VECTOR('',#3108,1.);
#3108 = DIRECTION('',(0.,1.,0.));
#3109 = ORIENTED_EDGE('',*,*,#3110,.F.);
#3110 = EDGE_CURVE('',#2953,#3103,#3111,.T.);
#3111 = LINE('',#3112,#3113);
#3112 = CARTESIAN_POINT('',(0.6,0.585,0.));
#3113 = VECTOR('',#3114,1.);
#3114 = DIRECTION('',(1.,0.,0.));
#3115 = PLANE('',#3116);
#3116 = AXIS2_PLACEMENT_3D('',#3117,#3118,#3119);
#3117 = CARTESIAN_POINT('',(0.6,-0.625,0.));
#3118 = DIRECTION('',(0.,0.,1.));
#3119 = DIRECTION('',(1.,0.,-0.));
#3120 = ADVANCED_FACE('',(#3121),#3139,.T.);
#3121 = FACE_BOUND('',#3122,.T.);
#3122 = EDGE_LOOP('',(#3123,#3124,#3125,#3133));
#3123 = ORIENTED_EDGE('',*,*,#2986,.F.);
#3124 = ORIENTED_EDGE('',*,*,#3085,.T.);
#3125 = ORIENTED_EDGE('',*,*,#3126,.T.);
#3126 = EDGE_CURVE('',#3077,#3127,#3129,.T.);
#3127 = VERTEX_POINT('',#3128);
#3128 = CARTESIAN_POINT('',(1.,0.585,1.25));
#3129 = LINE('',#3130,#3131);
#3130 = CARTESIAN_POINT('',(1.,-0.625,1.25));
#3131 = VECTOR('',#3132,1.);
#3132 = DIRECTION('',(0.,1.,0.));
#3133 = ORIENTED_EDGE('',*,*,#3134,.F.);
#3134 = EDGE_CURVE('',#2978,#3127,#3135,.T.);
#3135 = LINE('',#3136,#3137);
#3136 = CARTESIAN_POINT('',(0.6,0.585,1.25));
#3137 = VECTOR('',#3138,1.);
#3138 = DIRECTION('',(1.,0.,0.));
#3139 = PLANE('',#3140);
#3140 = AXIS2_PLACEMENT_3D('',#3141,#3142,#3143);
#3141 = CARTESIAN_POINT('',(0.6,-0.625,1.25));
#3142 = DIRECTION('',(0.,0.,1.));
#3143 = DIRECTION('',(1.,0.,-0.));
#3144 = ADVANCED_FACE('',(#3145),#3164,.T.);
#3145 = FACE_BOUND('',#3146,.T.);
#3146 = EDGE_LOOP('',(#3147,#3155,#3162,#3163));
#3147 = ORIENTED_EDGE('',*,*,#3148,.T.);
#3148 = EDGE_CURVE('',#2961,#3149,#3151,.T.);
#3149 = VERTEX_POINT('',#3150);
#3150 = CARTESIAN_POINT('',(1.,0.625,4.E-02));
#3151 = LINE('',#3152,#3153);
#3152 = CARTESIAN_POINT('',(0.6,0.625,4.E-02));
#3153 = VECTOR('',#3154,1.);
#3154 = DIRECTION('',(1.,0.,0.));
#3155 = ORIENTED_EDGE('',*,*,#3156,.T.);
#3156 = EDGE_CURVE('',#3149,#3103,#3157,.T.);
#3157 = CIRCLE('',#3158,4.E-02);
#3158 = AXIS2_PLACEMENT_3D('',#3159,#3160,#3161);
#3159 = CARTESIAN_POINT('',(1.,0.585,4.E-02));
#3160 = DIRECTION('',(-1.,0.,0.));
#3161 = DIRECTION('',(0.,0.,1.));
#3162 = ORIENTED_EDGE('',*,*,#3110,.F.);
#3163 = ORIENTED_EDGE('',*,*,#2960,.F.);
#3164 = CYLINDRICAL_SURFACE('',#3165,4.E-02);
#3165 = AXIS2_PLACEMENT_3D('',#3166,#3167,#3168);
#3166 = CARTESIAN_POINT('',(0.6,0.585,4.E-02));
#3167 = DIRECTION('',(1.,0.,0.));
#3168 = DIRECTION('',(-0.,1.,0.));
#3169 = ADVANCED_FACE('',(#3170),#3189,.T.);
#3170 = FACE_BOUND('',#3171,.T.);
#3171 = EDGE_LOOP('',(#3172,#3173,#3174,#3183));
#3172 = ORIENTED_EDGE('',*,*,#2977,.T.);
#3173 = ORIENTED_EDGE('',*,*,#3134,.T.);
#3174 = ORIENTED_EDGE('',*,*,#3175,.F.);
#3175 = EDGE_CURVE('',#3176,#3127,#3178,.T.);
#3176 = VERTEX_POINT('',#3177);
#3177 = CARTESIAN_POINT('',(1.,0.625,1.21));
#3178 = CIRCLE('',#3179,4.E-02);
#3179 = AXIS2_PLACEMENT_3D('',#3180,#3181,#3182);
#3180 = CARTESIAN_POINT('',(1.,0.585,1.21));
#3181 = DIRECTION('',(1.,0.,-0.));
#3182 = DIRECTION('',(0.,0.,1.));
#3183 = ORIENTED_EDGE('',*,*,#3184,.F.);
#3184 = EDGE_CURVE('',#2970,#3176,#3185,.T.);
#3185 = LINE('',#3186,#3187);
#3186 = CARTESIAN_POINT('',(0.6,0.625,1.21));
#3187 = VECTOR('',#3188,1.);
#3188 = DIRECTION('',(1.,0.,0.));
#3189 = CYLINDRICAL_SURFACE('',#3190,4.E-02);
#3190 = AXIS2_PLACEMENT_3D('',#3191,#3192,#3193);
#3191 = CARTESIAN_POINT('',(0.6,0.585,1.21));
#3192 = DIRECTION('',(1.,0.,0.));
#3193 = DIRECTION('',(-0.,1.,0.));
#3194 = ADVANCED_FACE('',(#3195),#3206,.T.);
#3195 = FACE_BOUND('',#3196,.T.);
#3196 = EDGE_LOOP('',(#3197,#3203,#3204,#3205));
#3197 = ORIENTED_EDGE('',*,*,#3198,.F.);
#3198 = EDGE_CURVE('',#3149,#3176,#3199,.T.);
#3199 = LINE('',#3200,#3201);
#3200 = CARTESIAN_POINT('',(1.,0.625,0.));
#3201 = VECTOR('',#3202,1.);
#3202 = DIRECTION('',(0.,0.,1.));
#3203 = ORIENTED_EDGE('',*,*,#3148,.F.);
#3204 = ORIENTED_EDGE('',*,*,#2969,.T.);
#3205 = ORIENTED_EDGE('',*,*,#3184,.T.);
#3206 = PLANE('',#3207);
#3207 = AXIS2_PLACEMENT_3D('',#3208,#3209,#3210);
#3208 = CARTESIAN_POINT('',(0.6,0.625,0.));
#3209 = DIRECTION('',(0.,1.,0.));
#3210 = DIRECTION('',(0.,-0.,1.));
#3211 = ADVANCED_FACE('',(#3212),#3222,.T.);
#3212 = FACE_BOUND('',#3213,.T.);
#3213 = EDGE_LOOP('',(#3214,#3215,#3216,#3217,#3218,#3219,#3220,#3221));
#3214 = ORIENTED_EDGE('',*,*,#3019,.F.);
#3215 = ORIENTED_EDGE('',*,*,#3059,.T.);
#3216 = ORIENTED_EDGE('',*,*,#3102,.T.);
#3217 = ORIENTED_EDGE('',*,*,#3156,.F.);
#3218 = ORIENTED_EDGE('',*,*,#3198,.T.);
#3219 = ORIENTED_EDGE('',*,*,#3175,.T.);
#3220 = ORIENTED_EDGE('',*,*,#3126,.F.);
#3221 = ORIENTED_EDGE('',*,*,#3076,.F.);
#3222 = PLANE('',#3223);
#3223 = AXIS2_PLACEMENT_3D('',#3224,#3225,#3226);
#3224 = CARTESIAN_POINT('',(1.,-0.625,0.));
#3225 = DIRECTION('',(1.,0.,0.));
#3226 = DIRECTION('',(0.,0.,1.));
#3227 = ( GEOMETRIC_REPRESENTATION_CONTEXT(3) 
GLOBAL_UNCERTAINTY_ASSIGNED_CONTEXT((#3231)) 
GLOBAL_UNIT_ASSIGNED_CONTEXT((#3228,#3229,#3230)) REPRESENTATION_CONTEXT
('Context #1','3D Context with UNIT and UNCERTAINTY') );
#3228 = ( LENGTH_UNIT() NAMED_UNIT(*) SI_UNIT(.MILLI.,.METRE.) );
#3229 = ( NAMED_UNIT(*) PLANE_ANGLE_UNIT() SI_UNIT($,.RADIAN.) );
#3230 = ( NAMED_UNIT(*) SI_UNIT($,.STERADIAN.) SOLID_ANGLE_UNIT() );
#3231 = UNCERTAINTY_MEASURE_WITH_UNIT(LENGTH_MEASURE(1.E-07),#3228,
  'distance_accuracy_value','confusion accuracy');
#3232 = CONTEXT_DEPENDENT_SHAPE_REPRESENTATION(#3233,#3235);
#3233 = ( REPRESENTATION_RELATIONSHIP('','',#2372,#10) 
REPRESENTATION_RELATIONSHIP_WITH_TRANSFORMATION(#3234) 
SHAPE_REPRESENTATION_RELATIONSHIP() );
#3234 = ITEM_DEFINED_TRANSFORMATION('','',#11,#39);
#3235 = PRODUCT_DEFINITION_SHAPE('Placement','Placement of an item',
  #3236);
#3236 = NEXT_ASSEMBLY_USAGE_OCCURRENCE('7','C2','',#5,#2367,$);
#3237 = PRODUCT_RELATED_PRODUCT_CATEGORY('part',$,(#2369));
#3238 = CONTEXT_DEPENDENT_SHAPE_REPRESENTATION(#3239,#3241);
#3239 = ( REPRESENTATION_RELATIONSHIP('','',#2372,#10) 
REPRESENTATION_RELATIONSHIP_WITH_TRANSFORMATION(#3240) 
SHAPE_REPRESENTATION_RELATIONSHIP() );
#3240 = ITEM_DEFINED_TRANSFORMATION('','',#11,#43);
#3241 = PRODUCT_DEFINITION_SHAPE('Placement','Placement of an item',
  #3242);
#3242 = NEXT_ASSEMBLY_USAGE_OCCURRENCE('8','C1','',#5,#2367,$);
#3243 = SHAPE_DEFINITION_REPRESENTATION(#3244,#3250);
#3244 = PRODUCT_DEFINITION_SHAPE('','',#3245);
#3245 = PRODUCT_DEFINITION('design','',#3246,#3249);
#3246 = PRODUCT_DEFINITION_FORMATION('','',#3247);
#3247 = PRODUCT('LED_WS2812B_PLCC4_5.0x5.0mm_P3.2mm',
  'LED_WS2812B_PLCC4_5.0x5.0mm_P3.2mm','',(#3248));
#3248 = PRODUCT_CONTEXT('',#2,'mechanical');
#3249 = PRODUCT_DEFINITION_CONTEXT('part definition',#2,'design');
#3250 = ADVANCED_BREP_SHAPE_REPRESENTATION('',(#11,#3251),#5518);
#3251 = MANIFOLD_SOLID_BREP('',#3252);
#3252 = CLOSED_SHELL('',(#3253,#3312,#3337,#3370,#3395,#3420,#3445,#3462
    ,#3487,#3518,#3558,#3689,#3813,#3830,#3839,#3850,#4018,#4049,#4080,
    #4111,#4196,#4220,#4298,#4329,#4414,#4438,#4516,#4547,#4578,#4609,
    #4694,#4718,#4796,#4827,#4912,#4936,#5014,#5031,#5048,#5065,#5082,
    #5099,#5116,#5133,#5155,#5167,#5179,#5196,#5208,#5225,#5247,#5259,
    #5276,#5288,#5300,#5317,#5334,#5351,#5373,#5385,#5402,#5414,#5426,
    #5443,#5465,#5477,#5494,#5506));
#3253 = ADVANCED_FACE('',(#3254,#3265),#3307,.T.);
#3254 = FACE_BOUND('',#3255,.T.);
#3255 = EDGE_LOOP('',(#3256));
#3256 = ORIENTED_EDGE('',*,*,#3257,.T.);
#3257 = EDGE_CURVE('',#3258,#3258,#3260,.T.);
#3258 = VERTEX_POINT('',#3259);
#3259 = CARTESIAN_POINT('',(-1.966666666667,2.408472038323E-16,1.6));
#3260 = CIRCLE('',#3261,1.966666666667);
#3261 = AXIS2_PLACEMENT_3D('',#3262,#3263,#3264);
#3262 = CARTESIAN_POINT('',(0.,0.,1.6));
#3263 = DIRECTION('',(0.,0.,-1.));
#3264 = DIRECTION('',(-1.,1.224646799147E-16,0.));
#3265 = FACE_BOUND('',#3266,.T.);
#3266 = EDGE_LOOP('',(#3267,#3277,#3285,#3293,#3301));
#3267 = ORIENTED_EDGE('',*,*,#3268,.T.);
#3268 = EDGE_CURVE('',#3269,#3271,#3273,.T.);
#3269 = VERTEX_POINT('',#3270);
#3270 = CARTESIAN_POINT('',(1.433400076889,-2.425,1.6));
#3271 = VERTEX_POINT('',#3272);
#3272 = CARTESIAN_POINT('',(2.425,-1.433400076889,1.6));
#3273 = LINE('',#3274,#3275);
#3274 = CARTESIAN_POINT('',(1.411433085478,-2.446966991411,1.6));
#3275 = VECTOR('',#3276,1.);
#3276 = DIRECTION('',(0.707106781187,0.707106781187,0.));
#3277 = ORIENTED_EDGE('',*,*,#3278,.T.);
#3278 = EDGE_CURVE('',#3271,#3279,#3281,.T.);
#3279 = VERTEX_POINT('',#3280);
#3280 = CARTESIAN_POINT('',(2.425,2.425,1.6));
#3281 = LINE('',#3282,#3283);
#3282 = CARTESIAN_POINT('',(2.425,-1.464466094067,1.6));
#3283 = VECTOR('',#3284,1.);
#3284 = DIRECTION('',(1.224646799147E-16,1.,0.));
#3285 = ORIENTED_EDGE('',*,*,#3286,.T.);
#3286 = EDGE_CURVE('',#3279,#3287,#3289,.T.);
#3287 = VERTEX_POINT('',#3288);
#3288 = CARTESIAN_POINT('',(-2.425,2.425,1.6));
#3289 = LINE('',#3290,#3291);
#3290 = CARTESIAN_POINT('',(2.5,2.425,1.6));
#3291 = VECTOR('',#3292,1.);
#3292 = DIRECTION('',(-1.,1.224646799147E-16,0.));
#3293 = ORIENTED_EDGE('',*,*,#3294,.T.);
#3294 = EDGE_CURVE('',#3287,#3295,#3297,.T.);
#3295 = VERTEX_POINT('',#3296);
#3296 = CARTESIAN_POINT('',(-2.425,-2.425,1.6));
#3297 = LINE('',#3298,#3299);
#3298 = CARTESIAN_POINT('',(-2.425,2.5,1.6));
#3299 = VECTOR('',#3300,1.);
#3300 = DIRECTION('',(-1.224646799147E-16,-1.,0.));
#3301 = ORIENTED_EDGE('',*,*,#3302,.T.);
#3302 = EDGE_CURVE('',#3295,#3269,#3303,.T.);
#3303 = LINE('',#3304,#3305);
#3304 = CARTESIAN_POINT('',(-2.5,-2.425,1.6));
#3305 = VECTOR('',#3306,1.);
#3306 = DIRECTION('',(1.,-1.224646799147E-16,0.));
#3307 = PLANE('',#3308);
#3308 = AXIS2_PLACEMENT_3D('',#3309,#3310,#3311);
#3309 = CARTESIAN_POINT('',(0.,0.,1.6));
#3310 = DIRECTION('',(0.,0.,1.));
#3311 = DIRECTION('',(-1.,1.224646799147E-16,0.));
#3312 = ADVANCED_FACE('',(#3313),#3332,.F.);
#3313 = FACE_BOUND('',#3314,.F.);
#3314 = EDGE_LOOP('',(#3315,#3323,#3324,#3325));
#3315 = ORIENTED_EDGE('',*,*,#3316,.F.);
#3316 = EDGE_CURVE('',#3258,#3317,#3319,.T.);
#3317 = VERTEX_POINT('',#3318);
#3318 = CARTESIAN_POINT('',(-1.666666666667,2.041077998579E-16,1.3));
#3319 = LINE('',#3320,#3321);
#3320 = CARTESIAN_POINT('',(-1.666666666667,2.041077998579E-16,1.3));
#3321 = VECTOR('',#3322,1.);
#3322 = DIRECTION('',(0.707106781187,-8.659560562349E-17,-0.707106781187
    ));
#3323 = ORIENTED_EDGE('',*,*,#3257,.T.);
#3324 = ORIENTED_EDGE('',*,*,#3316,.T.);
#3325 = ORIENTED_EDGE('',*,*,#3326,.F.);
#3326 = EDGE_CURVE('',#3317,#3317,#3327,.T.);
#3327 = CIRCLE('',#3328,1.666666666667);
#3328 = AXIS2_PLACEMENT_3D('',#3329,#3330,#3331);
#3329 = CARTESIAN_POINT('',(0.,0.,1.3));
#3330 = DIRECTION('',(0.,0.,-1.));
#3331 = DIRECTION('',(-1.,1.224646799147E-16,0.));
#3332 = CONICAL_SURFACE('',#3333,1.666666666667,0.785398163397);
#3333 = AXIS2_PLACEMENT_3D('',#3334,#3335,#3336);
#3334 = CARTESIAN_POINT('',(0.,0.,1.3));
#3335 = DIRECTION('',(0.,0.,1.));
#3336 = DIRECTION('',(-1.,1.224646799147E-16,0.));
#3337 = ADVANCED_FACE('',(#3338),#3365,.T.);
#3338 = FACE_BOUND('',#3339,.T.);
#3339 = EDGE_LOOP('',(#3340,#3349,#3357,#3364));
#3340 = ORIENTED_EDGE('',*,*,#3341,.T.);
#3341 = EDGE_CURVE('',#3269,#3342,#3344,.T.);
#3342 = VERTEX_POINT('',#3343);
#3343 = CARTESIAN_POINT('',(1.464466094067,-2.5,1.525));
#3344 = ELLIPSE('',#3345,8.117941502193E-02,7.5E-02);
#3345 = AXIS2_PLACEMENT_3D('',#3346,#3347,#3348);
#3346 = CARTESIAN_POINT('',(1.433400076889,-2.425,1.525));
#3347 = DIRECTION('',(0.923879532511,0.382683432365,-0.));
#3348 = DIRECTION('',(-0.382683432365,0.923879532511,0.));
#3349 = ORIENTED_EDGE('',*,*,#3350,.T.);
#3350 = EDGE_CURVE('',#3342,#3351,#3353,.T.);
#3351 = VERTEX_POINT('',#3352);
#3352 = CARTESIAN_POINT('',(2.5,-1.464466094067,1.525));
#3353 = LINE('',#3354,#3355);
#3354 = CARTESIAN_POINT('',(1.464466094067,-2.5,1.525));
#3355 = VECTOR('',#3356,1.);
#3356 = DIRECTION('',(0.707106781187,0.707106781187,0.));
#3357 = ORIENTED_EDGE('',*,*,#3358,.F.);
#3358 = EDGE_CURVE('',#3271,#3351,#3359,.T.);
#3359 = ELLIPSE('',#3360,8.117941502193E-02,7.5E-02);
#3360 = AXIS2_PLACEMENT_3D('',#3361,#3362,#3363);
#3361 = CARTESIAN_POINT('',(2.425,-1.433400076889,1.525));
#3362 = DIRECTION('',(0.382683432365,0.923879532511,0.));
#3363 = DIRECTION('',(0.923879532511,-0.382683432365,0.));
#3364 = ORIENTED_EDGE('',*,*,#3268,.F.);
#3365 = CYLINDRICAL_SURFACE('',#3366,7.5E-02);
#3366 = AXIS2_PLACEMENT_3D('',#3367,#3368,#3369);
#3367 = CARTESIAN_POINT('',(1.411433085478,-2.446966991411,1.525));
#3368 = DIRECTION('',(0.707106781187,0.707106781187,0.));
#3369 = DIRECTION('',(0.,-0.,1.));
#3370 = ADVANCED_FACE('',(#3371),#3390,.T.);
#3371 = FACE_BOUND('',#3372,.T.);
#3372 = EDGE_LOOP('',(#3373,#3382,#3388,#3389));
#3373 = ORIENTED_EDGE('',*,*,#3374,.F.);
#3374 = EDGE_CURVE('',#3375,#3295,#3377,.T.);
#3375 = VERTEX_POINT('',#3376);
#3376 = CARTESIAN_POINT('',(-2.5,-2.5,1.525));
#3377 = ELLIPSE('',#3378,0.106066017178,7.5E-02);
#3378 = AXIS2_PLACEMENT_3D('',#3379,#3380,#3381);
#3379 = CARTESIAN_POINT('',(-2.425,-2.425,1.525));
#3380 = DIRECTION('',(-0.707106781187,0.707106781187,0.));
#3381 = DIRECTION('',(-0.707106781187,-0.707106781187,0.));
#3382 = ORIENTED_EDGE('',*,*,#3383,.T.);
#3383 = EDGE_CURVE('',#3375,#3342,#3384,.T.);
#3384 = LINE('',#3385,#3386);
#3385 = CARTESIAN_POINT('',(-2.5,-2.5,1.525));
#3386 = VECTOR('',#3387,1.);
#3387 = DIRECTION('',(1.,-1.224646799147E-16,0.));
#3388 = ORIENTED_EDGE('',*,*,#3341,.F.);
#3389 = ORIENTED_EDGE('',*,*,#3302,.F.);
#3390 = CYLINDRICAL_SURFACE('',#3391,7.5E-02);
#3391 = AXIS2_PLACEMENT_3D('',#3392,#3393,#3394);
#3392 = CARTESIAN_POINT('',(-2.5,-2.425,1.525));
#3393 = DIRECTION('',(1.,-1.224646799147E-16,0.));
#3394 = DIRECTION('',(0.,0.,1.));
#3395 = ADVANCED_FACE('',(#3396),#3415,.T.);
#3396 = FACE_BOUND('',#3397,.T.);
#3397 = EDGE_LOOP('',(#3398,#3406,#3413,#3414));
#3398 = ORIENTED_EDGE('',*,*,#3399,.T.);
#3399 = EDGE_CURVE('',#3351,#3400,#3402,.T.);
#3400 = VERTEX_POINT('',#3401);
#3401 = CARTESIAN_POINT('',(2.5,2.5,1.525));
#3402 = LINE('',#3403,#3404);
#3403 = CARTESIAN_POINT('',(2.5,-1.464466094067,1.525));
#3404 = VECTOR('',#3405,1.);
#3405 = DIRECTION('',(1.224646799147E-16,1.,0.));
#3406 = ORIENTED_EDGE('',*,*,#3407,.T.);
#3407 = EDGE_CURVE('',#3400,#3279,#3408,.T.);
#3408 = ELLIPSE('',#3409,0.106066017178,7.5E-02);
#3409 = AXIS2_PLACEMENT_3D('',#3410,#3411,#3412);
#3410 = CARTESIAN_POINT('',(2.425,2.425,1.525));
#3411 = DIRECTION('',(0.707106781187,-0.707106781187,-0.));
#3412 = DIRECTION('',(-0.707106781187,-0.707106781187,0.));
#3413 = ORIENTED_EDGE('',*,*,#3278,.F.);
#3414 = ORIENTED_EDGE('',*,*,#3358,.T.);
#3415 = CYLINDRICAL_SURFACE('',#3416,7.5E-02);
#3416 = AXIS2_PLACEMENT_3D('',#3417,#3418,#3419);
#3417 = CARTESIAN_POINT('',(2.425,-1.464466094067,1.525));
#3418 = DIRECTION('',(1.224646799147E-16,1.,0.));
#3419 = DIRECTION('',(1.,-1.224646799147E-16,0.));
#3420 = ADVANCED_FACE('',(#3421),#3440,.T.);
#3421 = FACE_BOUND('',#3422,.T.);
#3422 = EDGE_LOOP('',(#3423,#3431,#3432,#3433));
#3423 = ORIENTED_EDGE('',*,*,#3424,.T.);
#3424 = EDGE_CURVE('',#3425,#3375,#3427,.T.);
#3425 = VERTEX_POINT('',#3426);
#3426 = CARTESIAN_POINT('',(-2.5,2.5,1.525));
#3427 = LINE('',#3428,#3429);
#3428 = CARTESIAN_POINT('',(-2.5,2.5,1.525));
#3429 = VECTOR('',#3430,1.);
#3430 = DIRECTION('',(-1.224646799147E-16,-1.,0.));
#3431 = ORIENTED_EDGE('',*,*,#3374,.T.);
#3432 = ORIENTED_EDGE('',*,*,#3294,.F.);
#3433 = ORIENTED_EDGE('',*,*,#3434,.F.);
#3434 = EDGE_CURVE('',#3425,#3287,#3435,.T.);
#3435 = ELLIPSE('',#3436,0.106066017178,7.5E-02);
#3436 = AXIS2_PLACEMENT_3D('',#3437,#3438,#3439);
#3437 = CARTESIAN_POINT('',(-2.425,2.425,1.525));
#3438 = DIRECTION('',(0.707106781187,0.707106781187,-0.));
#3439 = DIRECTION('',(-0.707106781187,0.707106781187,0.));
#3440 = CYLINDRICAL_SURFACE('',#3441,7.5E-02);
#3441 = AXIS2_PLACEMENT_3D('',#3442,#3443,#3444);
#3442 = CARTESIAN_POINT('',(-2.425,2.5,1.525));
#3443 = DIRECTION('',(-1.224646799147E-16,-1.,0.));
#3444 = DIRECTION('',(-1.,1.224646799147E-16,0.));
#3445 = ADVANCED_FACE('',(#3446),#3457,.T.);
#3446 = FACE_BOUND('',#3447,.T.);
#3447 = EDGE_LOOP('',(#3448,#3454,#3455,#3456));
#3448 = ORIENTED_EDGE('',*,*,#3449,.T.);
#3449 = EDGE_CURVE('',#3400,#3425,#3450,.T.);
#3450 = LINE('',#3451,#3452);
#3451 = CARTESIAN_POINT('',(2.5,2.5,1.525));
#3452 = VECTOR('',#3453,1.);
#3453 = DIRECTION('',(-1.,1.224646799147E-16,0.));
#3454 = ORIENTED_EDGE('',*,*,#3434,.T.);
#3455 = ORIENTED_EDGE('',*,*,#3286,.F.);
#3456 = ORIENTED_EDGE('',*,*,#3407,.F.);
#3457 = CYLINDRICAL_SURFACE('',#3458,7.5E-02);
#3458 = AXIS2_PLACEMENT_3D('',#3459,#3460,#3461);
#3459 = CARTESIAN_POINT('',(2.5,2.425,1.525));
#3460 = DIRECTION('',(-1.,1.224646799147E-16,0.));
#3461 = DIRECTION('',(1.224646799147E-16,1.,0.));
#3462 = ADVANCED_FACE('',(#3463),#3482,.F.);
#3463 = FACE_BOUND('',#3464,.F.);
#3464 = EDGE_LOOP('',(#3465,#3473,#3474,#3475));
#3465 = ORIENTED_EDGE('',*,*,#3466,.T.);
#3466 = EDGE_CURVE('',#3467,#3317,#3469,.T.);
#3467 = VERTEX_POINT('',#3468);
#3468 = CARTESIAN_POINT('',(-1.666666666667,2.041077998579E-16,1.225));
#3469 = LINE('',#3470,#3471);
#3470 = CARTESIAN_POINT('',(-1.666666666667,2.041077998579E-16,0.85));
#3471 = VECTOR('',#3472,1.);
#3472 = DIRECTION('',(0.,0.,1.));
#3473 = ORIENTED_EDGE('',*,*,#3326,.T.);
#3474 = ORIENTED_EDGE('',*,*,#3466,.F.);
#3475 = ORIENTED_EDGE('',*,*,#3476,.T.);
#3476 = EDGE_CURVE('',#3467,#3467,#3477,.T.);
#3477 = CIRCLE('',#3478,1.666666666667);
#3478 = AXIS2_PLACEMENT_3D('',#3479,#3480,#3481);
#3479 = CARTESIAN_POINT('',(0.,0.,1.225));
#3480 = DIRECTION('',(0.,0.,1.));
#3481 = DIRECTION('',(-1.,1.224646799147E-16,0.));
#3482 = CYLINDRICAL_SURFACE('',#3483,1.666666666667);
#3483 = AXIS2_PLACEMENT_3D('',#3484,#3485,#3486);
#3484 = CARTESIAN_POINT('',(0.,0.,0.85));
#3485 = DIRECTION('',(0.,0.,-1.));
#3486 = DIRECTION('',(-1.,1.224646799147E-16,0.));
#3487 = ADVANCED_FACE('',(#3488),#3513,.T.);
#3488 = FACE_BOUND('',#3489,.T.);
#3489 = EDGE_LOOP('',(#3490,#3498,#3506,#3512));
#3490 = ORIENTED_EDGE('',*,*,#3491,.T.);
#3491 = EDGE_CURVE('',#3342,#3492,#3494,.T.);
#3492 = VERTEX_POINT('',#3493);
#3493 = CARTESIAN_POINT('',(1.464466094067,-2.5,1.3));
#3494 = LINE('',#3495,#3496);
#3495 = CARTESIAN_POINT('',(1.464466094067,-2.5,0.7));
#3496 = VECTOR('',#3497,1.);
#3497 = DIRECTION('',(0.,0.,-1.));
#3498 = ORIENTED_EDGE('',*,*,#3499,.F.);
#3499 = EDGE_CURVE('',#3500,#3492,#3502,.T.);
#3500 = VERTEX_POINT('',#3501);
#3501 = CARTESIAN_POINT('',(2.5,-1.464466094067,1.3));
#3502 = LINE('',#3503,#3504);
#3503 = CARTESIAN_POINT('',(3.75,-0.214466094067,1.3));
#3504 = VECTOR('',#3505,1.);
#3505 = DIRECTION('',(-0.707106781187,-0.707106781187,0.));
#3506 = ORIENTED_EDGE('',*,*,#3507,.T.);
#3507 = EDGE_CURVE('',#3500,#3351,#3508,.T.);
#3508 = LINE('',#3509,#3510);
#3509 = CARTESIAN_POINT('',(2.5,-1.464466094067,0.7));
#3510 = VECTOR('',#3511,1.);
#3511 = DIRECTION('',(0.,0.,1.));
#3512 = ORIENTED_EDGE('',*,*,#3350,.F.);
#3513 = PLANE('',#3514);
#3514 = AXIS2_PLACEMENT_3D('',#3515,#3516,#3517);
#3515 = CARTESIAN_POINT('',(3.75,-0.214466094067,1.3));
#3516 = DIRECTION('',(0.707106781187,-0.707106781187,0.));
#3517 = DIRECTION('',(-0.707106781187,-0.707106781187,0.));
#3518 = ADVANCED_FACE('',(#3519),#3553,.F.);
#3519 = FACE_BOUND('',#3520,.F.);
#3520 = EDGE_LOOP('',(#3521,#3522,#3530,#3538,#3546,#3552));
#3521 = ORIENTED_EDGE('',*,*,#3491,.T.);
#3522 = ORIENTED_EDGE('',*,*,#3523,.T.);
#3523 = EDGE_CURVE('',#3492,#3524,#3526,.T.);
#3524 = VERTEX_POINT('',#3525);
#3525 = CARTESIAN_POINT('',(2.5,-2.5,1.3));
#3526 = LINE('',#3527,#3528);
#3527 = CARTESIAN_POINT('',(0.625,-2.5,1.3));
#3528 = VECTOR('',#3529,1.);
#3529 = DIRECTION('',(1.,-1.224646799147E-16,0.));
#3530 = ORIENTED_EDGE('',*,*,#3531,.F.);
#3531 = EDGE_CURVE('',#3532,#3524,#3534,.T.);
#3532 = VERTEX_POINT('',#3533);
#3533 = CARTESIAN_POINT('',(2.5,-2.5,0.1));
#3534 = LINE('',#3535,#3536);
#3535 = CARTESIAN_POINT('',(2.5,-2.5,0.1));
#3536 = VECTOR('',#3537,1.);
#3537 = DIRECTION('',(0.,0.,1.));
#3538 = ORIENTED_EDGE('',*,*,#3539,.F.);
#3539 = EDGE_CURVE('',#3540,#3532,#3542,.T.);
#3540 = VERTEX_POINT('',#3541);
#3541 = CARTESIAN_POINT('',(-2.5,-2.5,0.1));
#3542 = LINE('',#3543,#3544);
#3543 = CARTESIAN_POINT('',(-2.5,-2.5,0.1));
#3544 = VECTOR('',#3545,1.);
#3545 = DIRECTION('',(1.,-1.224646799147E-16,0.));
#3546 = ORIENTED_EDGE('',*,*,#3547,.T.);
#3547 = EDGE_CURVE('',#3540,#3375,#3548,.T.);
#3548 = LINE('',#3549,#3550);
#3549 = CARTESIAN_POINT('',(-2.5,-2.5,0.1));
#3550 = VECTOR('',#3551,1.);
#3551 = DIRECTION('',(0.,0.,1.));
#3552 = ORIENTED_EDGE('',*,*,#3383,.T.);
#3553 = PLANE('',#3554);
#3554 = AXIS2_PLACEMENT_3D('',#3555,#3556,#3557);
#3555 = CARTESIAN_POINT('',(-2.5,-2.5,0.1));
#3556 = DIRECTION('',(1.224646799147E-16,1.,0.));
#3557 = DIRECTION('',(1.,-1.224646799147E-16,0.));
#3558 = ADVANCED_FACE('',(#3559,#3616,#3650),#3684,.F.);
#3559 = FACE_BOUND('',#3560,.F.);
#3560 = EDGE_LOOP('',(#3561,#3569,#3577,#3585,#3593,#3601,#3607,#3608,
    #3614,#3615));
#3561 = ORIENTED_EDGE('',*,*,#3562,.F.);
#3562 = EDGE_CURVE('',#3563,#3400,#3565,.T.);
#3563 = VERTEX_POINT('',#3564);
#3564 = CARTESIAN_POINT('',(2.5,2.5,0.1));
#3565 = LINE('',#3566,#3567);
#3566 = CARTESIAN_POINT('',(2.5,2.5,0.1));
#3567 = VECTOR('',#3568,1.);
#3568 = DIRECTION('',(0.,0.,1.));
#3569 = ORIENTED_EDGE('',*,*,#3570,.F.);
#3570 = EDGE_CURVE('',#3571,#3563,#3573,.T.);
#3571 = VERTEX_POINT('',#3572);
#3572 = CARTESIAN_POINT('',(2.5,2.1,0.1));
#3573 = LINE('',#3574,#3575);
#3574 = CARTESIAN_POINT('',(2.5,-2.5,0.1));
#3575 = VECTOR('',#3576,1.);
#3576 = DIRECTION('',(1.224646799147E-16,1.,0.));
#3577 = ORIENTED_EDGE('',*,*,#3578,.F.);
#3578 = EDGE_CURVE('',#3579,#3571,#3581,.T.);
#3579 = VERTEX_POINT('',#3580);
#3580 = CARTESIAN_POINT('',(2.5,1.2,0.1));
#3581 = LINE('',#3582,#3583);
#3582 = CARTESIAN_POINT('',(2.5,-2.5,0.1));
#3583 = VECTOR('',#3584,1.);
#3584 = DIRECTION('',(1.224646799147E-16,1.,0.));
#3585 = ORIENTED_EDGE('',*,*,#3586,.F.);
#3586 = EDGE_CURVE('',#3587,#3579,#3589,.T.);
#3587 = VERTEX_POINT('',#3588);
#3588 = CARTESIAN_POINT('',(2.5,-1.2,0.1));
#3589 = LINE('',#3590,#3591);
#3590 = CARTESIAN_POINT('',(2.5,-2.5,0.1));
#3591 = VECTOR('',#3592,1.);
#3592 = DIRECTION('',(1.224646799147E-16,1.,0.));
#3593 = ORIENTED_EDGE('',*,*,#3594,.F.);
#3594 = EDGE_CURVE('',#3595,#3587,#3597,.T.);
#3595 = VERTEX_POINT('',#3596);
#3596 = CARTESIAN_POINT('',(2.5,-2.1,0.1));
#3597 = LINE('',#3598,#3599);
#3598 = CARTESIAN_POINT('',(2.5,-2.5,0.1));
#3599 = VECTOR('',#3600,1.);
#3600 = DIRECTION('',(1.224646799147E-16,1.,0.));
#3601 = ORIENTED_EDGE('',*,*,#3602,.F.);
#3602 = EDGE_CURVE('',#3532,#3595,#3603,.T.);
#3603 = LINE('',#3604,#3605);
#3604 = CARTESIAN_POINT('',(2.5,-2.5,0.1));
#3605 = VECTOR('',#3606,1.);
#3606 = DIRECTION('',(1.224646799147E-16,1.,0.));
#3607 = ORIENTED_EDGE('',*,*,#3531,.T.);
#3608 = ORIENTED_EDGE('',*,*,#3609,.T.);
#3609 = EDGE_CURVE('',#3524,#3500,#3610,.T.);
#3610 = LINE('',#3611,#3612);
#3611 = CARTESIAN_POINT('',(2.5,-3.125,1.3));
#3612 = VECTOR('',#3613,1.);
#3613 = DIRECTION('',(1.224646799147E-16,1.,0.));
#3614 = ORIENTED_EDGE('',*,*,#3507,.T.);
#3615 = ORIENTED_EDGE('',*,*,#3399,.T.);
#3616 = FACE_BOUND('',#3617,.F.);
#3617 = EDGE_LOOP('',(#3618,#3628,#3636,#3644));
#3618 = ORIENTED_EDGE('',*,*,#3619,.T.);
#3619 = EDGE_CURVE('',#3620,#3622,#3624,.T.);
#3620 = VERTEX_POINT('',#3621);
#3621 = CARTESIAN_POINT('',(2.5,1.2,0.9));
#3622 = VERTEX_POINT('',#3623);
#3623 = CARTESIAN_POINT('',(2.5,2.1,0.9));
#3624 = LINE('',#3625,#3626);
#3625 = CARTESIAN_POINT('',(2.5,-0.425,0.9));
#3626 = VECTOR('',#3627,1.);
#3627 = DIRECTION('',(1.224646799147E-16,1.,-1.556307025767E-32));
#3628 = ORIENTED_EDGE('',*,*,#3629,.T.);
#3629 = EDGE_CURVE('',#3622,#3630,#3632,.T.);
#3630 = VERTEX_POINT('',#3631);
#3631 = CARTESIAN_POINT('',(2.5,2.1,1.));
#3632 = LINE('',#3633,#3634);
#3633 = CARTESIAN_POINT('',(2.5,2.1,5.E-02));
#3634 = VECTOR('',#3635,1.);
#3635 = DIRECTION('',(0.,0.,1.));
#3636 = ORIENTED_EDGE('',*,*,#3637,.F.);
#3637 = EDGE_CURVE('',#3638,#3630,#3640,.T.);
#3638 = VERTEX_POINT('',#3639);
#3639 = CARTESIAN_POINT('',(2.5,1.2,1.));
#3640 = LINE('',#3641,#3642);
#3641 = CARTESIAN_POINT('',(2.5,-0.425,1.));
#3642 = VECTOR('',#3643,1.);
#3643 = DIRECTION('',(1.224646799147E-16,1.,0.));
#3644 = ORIENTED_EDGE('',*,*,#3645,.T.);
#3645 = EDGE_CURVE('',#3638,#3620,#3646,.T.);
#3646 = LINE('',#3647,#3648);
#3647 = CARTESIAN_POINT('',(2.5,1.2,5.E-02));
#3648 = VECTOR('',#3649,1.);
#3649 = DIRECTION('',(-0.,0.,-1.));
#3650 = FACE_BOUND('',#3651,.F.);
#3651 = EDGE_LOOP('',(#3652,#3662,#3670,#3678));
#3652 = ORIENTED_EDGE('',*,*,#3653,.F.);
#3653 = EDGE_CURVE('',#3654,#3656,#3658,.T.);
#3654 = VERTEX_POINT('',#3655);
#3655 = CARTESIAN_POINT('',(2.5,-2.1,1.));
#3656 = VERTEX_POINT('',#3657);
#3657 = CARTESIAN_POINT('',(2.5,-1.2,1.));
#3658 = LINE('',#3659,#3660);
#3659 = CARTESIAN_POINT('',(2.5,-2.075,1.));
#3660 = VECTOR('',#3661,1.);
#3661 = DIRECTION('',(1.224646799147E-16,1.,0.));
#3662 = ORIENTED_EDGE('',*,*,#3663,.T.);
#3663 = EDGE_CURVE('',#3654,#3664,#3666,.T.);
#3664 = VERTEX_POINT('',#3665);
#3665 = CARTESIAN_POINT('',(2.5,-2.1,0.9));
#3666 = LINE('',#3667,#3668);
#3667 = CARTESIAN_POINT('',(2.5,-2.1,5.E-02));
#3668 = VECTOR('',#3669,1.);
#3669 = DIRECTION('',(-0.,0.,-1.));
#3670 = ORIENTED_EDGE('',*,*,#3671,.T.);
#3671 = EDGE_CURVE('',#3664,#3672,#3674,.T.);
#3672 = VERTEX_POINT('',#3673);
#3673 = CARTESIAN_POINT('',(2.5,-1.2,0.9));
#3674 = LINE('',#3675,#3676);
#3675 = CARTESIAN_POINT('',(2.5,-2.075,0.9));
#3676 = VECTOR('',#3677,1.);
#3677 = DIRECTION('',(1.224646799147E-16,1.,-3.890767564419E-33));
#3678 = ORIENTED_EDGE('',*,*,#3679,.T.);
#3679 = EDGE_CURVE('',#3672,#3656,#3680,.T.);
#3680 = LINE('',#3681,#3682);
#3681 = CARTESIAN_POINT('',(2.5,-1.2,5.E-02));
#3682 = VECTOR('',#3683,1.);
#3683 = DIRECTION('',(0.,0.,1.));
#3684 = PLANE('',#3685);
#3685 = AXIS2_PLACEMENT_3D('',#3686,#3687,#3688);
#3686 = CARTESIAN_POINT('',(2.5,-2.5,0.1));
#3687 = DIRECTION('',(-1.,1.224646799147E-16,0.));
#3688 = DIRECTION('',(1.224646799147E-16,1.,0.));
#3689 = ADVANCED_FACE('',(#3690,#3740,#3774),#3808,.F.);
#3690 = FACE_BOUND('',#3691,.F.);
#3691 = EDGE_LOOP('',(#3692,#3700,#3701,#3702,#3710,#3718,#3726,#3734));
#3692 = ORIENTED_EDGE('',*,*,#3693,.T.);
#3693 = EDGE_CURVE('',#3694,#3425,#3696,.T.);
#3694 = VERTEX_POINT('',#3695);
#3695 = CARTESIAN_POINT('',(-2.5,2.5,0.1));
#3696 = LINE('',#3697,#3698);
#3697 = CARTESIAN_POINT('',(-2.5,2.5,0.1));
#3698 = VECTOR('',#3699,1.);
#3699 = DIRECTION('',(0.,0.,1.));
#3700 = ORIENTED_EDGE('',*,*,#3424,.T.);
#3701 = ORIENTED_EDGE('',*,*,#3547,.F.);
#3702 = ORIENTED_EDGE('',*,*,#3703,.F.);
#3703 = EDGE_CURVE('',#3704,#3540,#3706,.T.);
#3704 = VERTEX_POINT('',#3705);
#3705 = CARTESIAN_POINT('',(-2.5,-2.1,0.1));
#3706 = LINE('',#3707,#3708);
#3707 = CARTESIAN_POINT('',(-2.5,2.5,0.1));
#3708 = VECTOR('',#3709,1.);
#3709 = DIRECTION('',(-1.224646799147E-16,-1.,0.));
#3710 = ORIENTED_EDGE('',*,*,#3711,.F.);
#3711 = EDGE_CURVE('',#3712,#3704,#3714,.T.);
#3712 = VERTEX_POINT('',#3713);
#3713 = CARTESIAN_POINT('',(-2.5,-1.2,0.1));
#3714 = LINE('',#3715,#3716);
#3715 = CARTESIAN_POINT('',(-2.5,2.5,0.1));
#3716 = VECTOR('',#3717,1.);
#3717 = DIRECTION('',(-1.224646799147E-16,-1.,0.));
#3718 = ORIENTED_EDGE('',*,*,#3719,.F.);
#3719 = EDGE_CURVE('',#3720,#3712,#3722,.T.);
#3720 = VERTEX_POINT('',#3721);
#3721 = CARTESIAN_POINT('',(-2.5,1.2,0.1));
#3722 = LINE('',#3723,#3724);
#3723 = CARTESIAN_POINT('',(-2.5,2.5,0.1));
#3724 = VECTOR('',#3725,1.);
#3725 = DIRECTION('',(-1.224646799147E-16,-1.,0.));
#3726 = ORIENTED_EDGE('',*,*,#3727,.F.);
#3727 = EDGE_CURVE('',#3728,#3720,#3730,.T.);
#3728 = VERTEX_POINT('',#3729);
#3729 = CARTESIAN_POINT('',(-2.5,2.1,0.1));
#3730 = LINE('',#3731,#3732);
#3731 = CARTESIAN_POINT('',(-2.5,2.5,0.1));
#3732 = VECTOR('',#3733,1.);
#3733 = DIRECTION('',(-1.224646799147E-16,-1.,0.));
#3734 = ORIENTED_EDGE('',*,*,#3735,.F.);
#3735 = EDGE_CURVE('',#3694,#3728,#3736,.T.);
#3736 = LINE('',#3737,#3738);
#3737 = CARTESIAN_POINT('',(-2.5,2.5,0.1));
#3738 = VECTOR('',#3739,1.);
#3739 = DIRECTION('',(-1.224646799147E-16,-1.,0.));
#3740 = FACE_BOUND('',#3741,.F.);
#3741 = EDGE_LOOP('',(#3742,#3752,#3760,#3768));
#3742 = ORIENTED_EDGE('',*,*,#3743,.F.);
#3743 = EDGE_CURVE('',#3744,#3746,#3748,.T.);
#3744 = VERTEX_POINT('',#3745);
#3745 = CARTESIAN_POINT('',(-2.5,-1.2,1.));
#3746 = VERTEX_POINT('',#3747);
#3747 = CARTESIAN_POINT('',(-2.5,-2.1,1.));
#3748 = LINE('',#3749,#3750);
#3749 = CARTESIAN_POINT('',(-2.5,0.425,1.));
#3750 = VECTOR('',#3751,1.);
#3751 = DIRECTION('',(-1.224646799147E-16,-1.,0.));
#3752 = ORIENTED_EDGE('',*,*,#3753,.T.);
#3753 = EDGE_CURVE('',#3744,#3754,#3756,.T.);
#3754 = VERTEX_POINT('',#3755);
#3755 = CARTESIAN_POINT('',(-2.5,-1.2,0.9));
#3756 = LINE('',#3757,#3758);
#3757 = CARTESIAN_POINT('',(-2.5,-1.2,5.E-02));
#3758 = VECTOR('',#3759,1.);
#3759 = DIRECTION('',(-0.,0.,-1.));
#3760 = ORIENTED_EDGE('',*,*,#3761,.T.);
#3761 = EDGE_CURVE('',#3754,#3762,#3764,.T.);
#3762 = VERTEX_POINT('',#3763);
#3763 = CARTESIAN_POINT('',(-2.5,-2.1,0.9));
#3764 = LINE('',#3765,#3766);
#3765 = CARTESIAN_POINT('',(-2.5,0.425,0.9));
#3766 = VECTOR('',#3767,1.);
#3767 = DIRECTION('',(-1.224646799147E-16,-1.,3.890767564419E-33));
#3768 = ORIENTED_EDGE('',*,*,#3769,.T.);
#3769 = EDGE_CURVE('',#3762,#3746,#3770,.T.);
#3770 = LINE('',#3771,#3772);
#3771 = CARTESIAN_POINT('',(-2.5,-2.1,5.E-02));
#3772 = VECTOR('',#3773,1.);
#3773 = DIRECTION('',(0.,0.,1.));
#3774 = FACE_BOUND('',#3775,.F.);
#3775 = EDGE_LOOP('',(#3776,#3786,#3794,#3802));
#3776 = ORIENTED_EDGE('',*,*,#3777,.F.);
#3777 = EDGE_CURVE('',#3778,#3780,#3782,.T.);
#3778 = VERTEX_POINT('',#3779);
#3779 = CARTESIAN_POINT('',(-2.5,2.1,1.));
#3780 = VERTEX_POINT('',#3781);
#3781 = CARTESIAN_POINT('',(-2.5,1.2,1.));
#3782 = LINE('',#3783,#3784);
#3783 = CARTESIAN_POINT('',(-2.5,2.075,1.));
#3784 = VECTOR('',#3785,1.);
#3785 = DIRECTION('',(-1.224646799147E-16,-1.,0.));
#3786 = ORIENTED_EDGE('',*,*,#3787,.T.);
#3787 = EDGE_CURVE('',#3778,#3788,#3790,.T.);
#3788 = VERTEX_POINT('',#3789);
#3789 = CARTESIAN_POINT('',(-2.5,2.1,0.9));
#3790 = LINE('',#3791,#3792);
#3791 = CARTESIAN_POINT('',(-2.5,2.1,5.E-02));
#3792 = VECTOR('',#3793,1.);
#3793 = DIRECTION('',(-0.,0.,-1.));
#3794 = ORIENTED_EDGE('',*,*,#3795,.T.);
#3795 = EDGE_CURVE('',#3788,#3796,#3798,.T.);
#3796 = VERTEX_POINT('',#3797);
#3797 = CARTESIAN_POINT('',(-2.5,1.2,0.9));
#3798 = LINE('',#3799,#3800);
#3799 = CARTESIAN_POINT('',(-2.5,2.075,0.9));
#3800 = VECTOR('',#3801,1.);
#3801 = DIRECTION('',(-1.224646799147E-16,-1.,1.556307025767E-32));
#3802 = ORIENTED_EDGE('',*,*,#3803,.T.);
#3803 = EDGE_CURVE('',#3796,#3780,#3804,.T.);
#3804 = LINE('',#3805,#3806);
#3805 = CARTESIAN_POINT('',(-2.5,1.2,5.E-02));
#3806 = VECTOR('',#3807,1.);
#3807 = DIRECTION('',(0.,0.,1.));
#3808 = PLANE('',#3809);
#3809 = AXIS2_PLACEMENT_3D('',#3810,#3811,#3812);
#3810 = CARTESIAN_POINT('',(-2.5,2.5,0.1));
#3811 = DIRECTION('',(1.,-1.224646799147E-16,0.));
#3812 = DIRECTION('',(-1.224646799147E-16,-1.,0.));
#3813 = ADVANCED_FACE('',(#3814),#3825,.F.);
#3814 = FACE_BOUND('',#3815,.F.);
#3815 = EDGE_LOOP('',(#3816,#3817,#3818,#3819));
#3816 = ORIENTED_EDGE('',*,*,#3562,.T.);
#3817 = ORIENTED_EDGE('',*,*,#3449,.T.);
#3818 = ORIENTED_EDGE('',*,*,#3693,.F.);
#3819 = ORIENTED_EDGE('',*,*,#3820,.F.);
#3820 = EDGE_CURVE('',#3563,#3694,#3821,.T.);
#3821 = LINE('',#3822,#3823);
#3822 = CARTESIAN_POINT('',(2.5,2.5,0.1));
#3823 = VECTOR('',#3824,1.);
#3824 = DIRECTION('',(-1.,1.224646799147E-16,0.));
#3825 = PLANE('',#3826);
#3826 = AXIS2_PLACEMENT_3D('',#3827,#3828,#3829);
#3827 = CARTESIAN_POINT('',(2.5,2.5,0.1));
#3828 = DIRECTION('',(-1.224646799147E-16,-1.,0.));
#3829 = DIRECTION('',(-1.,1.224646799147E-16,0.));
#3830 = ADVANCED_FACE('',(#3831),#3834,.T.);
#3831 = FACE_BOUND('',#3832,.T.);
#3832 = EDGE_LOOP('',(#3833));
#3833 = ORIENTED_EDGE('',*,*,#3476,.T.);
#3834 = PLANE('',#3835);
#3835 = AXIS2_PLACEMENT_3D('',#3836,#3837,#3838);
#3836 = CARTESIAN_POINT('',(1.538370149107E-16,-1.370800865949E-16,1.225
    ));
#3837 = DIRECTION('',(0.,0.,1.));
#3838 = DIRECTION('',(-1.,1.224646799147E-16,0.));
#3839 = ADVANCED_FACE('',(#3840),#3845,.T.);
#3840 = FACE_BOUND('',#3841,.T.);
#3841 = EDGE_LOOP('',(#3842,#3843,#3844));
#3842 = ORIENTED_EDGE('',*,*,#3609,.T.);
#3843 = ORIENTED_EDGE('',*,*,#3499,.T.);
#3844 = ORIENTED_EDGE('',*,*,#3523,.T.);
#3845 = PLANE('',#3846);
#3846 = AXIS2_PLACEMENT_3D('',#3847,#3848,#3849);
#3847 = CARTESIAN_POINT('',(3.75,-3.75,1.3));
#3848 = DIRECTION('',(0.,0.,1.));
#3849 = DIRECTION('',(-0.707106781187,-0.707106781187,0.));
#3850 = ADVANCED_FACE('',(#3851),#4013,.F.);
#3851 = FACE_BOUND('',#3852,.F.);
#3852 = EDGE_LOOP('',(#3853,#3854,#3855,#3856,#3864,#3872,#3880,#3888,
    #3894,#3895,#3903,#3911,#3919,#3927,#3933,#3934,#3935,#3936,#3944,
    #3952,#3960,#3968,#3974,#3975,#3983,#3991,#3999,#4007));
#3853 = ORIENTED_EDGE('',*,*,#3570,.T.);
#3854 = ORIENTED_EDGE('',*,*,#3820,.T.);
#3855 = ORIENTED_EDGE('',*,*,#3735,.T.);
#3856 = ORIENTED_EDGE('',*,*,#3857,.F.);
#3857 = EDGE_CURVE('',#3858,#3728,#3860,.T.);
#3858 = VERTEX_POINT('',#3859);
#3859 = CARTESIAN_POINT('',(-1.95,2.1,0.1));
#3860 = LINE('',#3861,#3862);
#3861 = CARTESIAN_POINT('',(-2.025,2.1,0.1));
#3862 = VECTOR('',#3863,1.);
#3863 = DIRECTION('',(-1.,1.224646799147E-16,-4.996063166392E-32));
#3864 = ORIENTED_EDGE('',*,*,#3865,.T.);
#3865 = EDGE_CURVE('',#3858,#3866,#3868,.T.);
#3866 = VERTEX_POINT('',#3867);
#3867 = CARTESIAN_POINT('',(-1.8,2.1,0.1));
#3868 = LINE('',#3869,#3870);
#3869 = CARTESIAN_POINT('',(-0.9,2.1,0.1));
#3870 = VECTOR('',#3871,1.);
#3871 = DIRECTION('',(1.,-1.224646799147E-16,0.));
#3872 = ORIENTED_EDGE('',*,*,#3873,.T.);
#3873 = EDGE_CURVE('',#3866,#3874,#3876,.T.);
#3874 = VERTEX_POINT('',#3875);
#3875 = CARTESIAN_POINT('',(-1.8,1.2,0.1));
#3876 = LINE('',#3877,#3878);
#3877 = CARTESIAN_POINT('',(-1.8,0.6,0.1));
#3878 = VECTOR('',#3879,1.);
#3879 = DIRECTION('',(-1.224646799147E-16,-1.,0.));
#3880 = ORIENTED_EDGE('',*,*,#3881,.T.);
#3881 = EDGE_CURVE('',#3874,#3882,#3884,.T.);
#3882 = VERTEX_POINT('',#3883);
#3883 = CARTESIAN_POINT('',(-1.95,1.2,0.1));
#3884 = LINE('',#3885,#3886);
#3885 = CARTESIAN_POINT('',(-1.35,1.2,0.1));
#3886 = VECTOR('',#3887,1.);
#3887 = DIRECTION('',(-1.,1.224646799147E-16,0.));
#3888 = ORIENTED_EDGE('',*,*,#3889,.F.);
#3889 = EDGE_CURVE('',#3720,#3882,#3890,.T.);
#3890 = LINE('',#3891,#3892);
#3891 = CARTESIAN_POINT('',(-2.475,1.2,0.1));
#3892 = VECTOR('',#3893,1.);
#3893 = DIRECTION('',(1.,-1.224646799147E-16,4.996063166392E-32));
#3894 = ORIENTED_EDGE('',*,*,#3719,.T.);
#3895 = ORIENTED_EDGE('',*,*,#3896,.F.);
#3896 = EDGE_CURVE('',#3897,#3712,#3899,.T.);
#3897 = VERTEX_POINT('',#3898);
#3898 = CARTESIAN_POINT('',(-1.95,-1.2,0.1));
#3899 = LINE('',#3900,#3901);
#3900 = CARTESIAN_POINT('',(-2.025,-1.2,0.1));
#3901 = VECTOR('',#3902,1.);
#3902 = DIRECTION('',(-1.,1.224646799147E-16,-4.996063166392E-32));
#3903 = ORIENTED_EDGE('',*,*,#3904,.T.);
#3904 = EDGE_CURVE('',#3897,#3905,#3907,.T.);
#3905 = VERTEX_POINT('',#3906);
#3906 = CARTESIAN_POINT('',(-1.8,-1.2,0.1));
#3907 = LINE('',#3908,#3909);
#3908 = CARTESIAN_POINT('',(-0.9,-1.2,0.1));
#3909 = VECTOR('',#3910,1.);
#3910 = DIRECTION('',(1.,-1.224646799147E-16,0.));
#3911 = ORIENTED_EDGE('',*,*,#3912,.T.);
#3912 = EDGE_CURVE('',#3905,#3913,#3915,.T.);
#3913 = VERTEX_POINT('',#3914);
#3914 = CARTESIAN_POINT('',(-1.8,-2.1,0.1));
#3915 = LINE('',#3916,#3917);
#3916 = CARTESIAN_POINT('',(-1.8,-1.05,0.1));
#3917 = VECTOR('',#3918,1.);
#3918 = DIRECTION('',(-1.224646799147E-16,-1.,0.));
#3919 = ORIENTED_EDGE('',*,*,#3920,.T.);
#3920 = EDGE_CURVE('',#3913,#3921,#3923,.T.);
#3921 = VERTEX_POINT('',#3922);
#3922 = CARTESIAN_POINT('',(-1.95,-2.1,0.1));
#3923 = LINE('',#3924,#3925);
#3924 = CARTESIAN_POINT('',(-1.35,-2.1,0.1));
#3925 = VECTOR('',#3926,1.);
#3926 = DIRECTION('',(-1.,1.224646799147E-16,0.));
#3927 = ORIENTED_EDGE('',*,*,#3928,.F.);
#3928 = EDGE_CURVE('',#3704,#3921,#3929,.T.);
#3929 = LINE('',#3930,#3931);
#3930 = CARTESIAN_POINT('',(-2.475,-2.1,0.1));
#3931 = VECTOR('',#3932,1.);
#3932 = DIRECTION('',(1.,-1.224646799147E-16,4.996063166392E-32));
#3933 = ORIENTED_EDGE('',*,*,#3703,.T.);
#3934 = ORIENTED_EDGE('',*,*,#3539,.T.);
#3935 = ORIENTED_EDGE('',*,*,#3602,.T.);
#3936 = ORIENTED_EDGE('',*,*,#3937,.F.);
#3937 = EDGE_CURVE('',#3938,#3595,#3940,.T.);
#3938 = VERTEX_POINT('',#3939);
#3939 = CARTESIAN_POINT('',(1.95,-2.1,0.1));
#3940 = LINE('',#3941,#3942);
#3941 = CARTESIAN_POINT('',(2.025,-2.1,0.1));
#3942 = VECTOR('',#3943,1.);
#3943 = DIRECTION('',(1.,-1.224646799147E-16,-4.996063166392E-32));
#3944 = ORIENTED_EDGE('',*,*,#3945,.T.);
#3945 = EDGE_CURVE('',#3938,#3946,#3948,.T.);
#3946 = VERTEX_POINT('',#3947);
#3947 = CARTESIAN_POINT('',(1.8,-2.1,0.1));
#3948 = LINE('',#3949,#3950);
#3949 = CARTESIAN_POINT('',(0.9,-2.1,0.1));
#3950 = VECTOR('',#3951,1.);
#3951 = DIRECTION('',(-1.,1.224646799147E-16,0.));
#3952 = ORIENTED_EDGE('',*,*,#3953,.T.);
#3953 = EDGE_CURVE('',#3946,#3954,#3956,.T.);
#3954 = VERTEX_POINT('',#3955);
#3955 = CARTESIAN_POINT('',(1.8,-1.2,0.1));
#3956 = LINE('',#3957,#3958);
#3957 = CARTESIAN_POINT('',(1.8,-0.6,0.1));
#3958 = VECTOR('',#3959,1.);
#3959 = DIRECTION('',(1.224646799147E-16,1.,0.));
#3960 = ORIENTED_EDGE('',*,*,#3961,.T.);
#3961 = EDGE_CURVE('',#3954,#3962,#3964,.T.);
#3962 = VERTEX_POINT('',#3963);
#3963 = CARTESIAN_POINT('',(1.95,-1.2,0.1));
#3964 = LINE('',#3965,#3966);
#3965 = CARTESIAN_POINT('',(1.35,-1.2,0.1));
#3966 = VECTOR('',#3967,1.);
#3967 = DIRECTION('',(1.,-1.224646799147E-16,0.));
#3968 = ORIENTED_EDGE('',*,*,#3969,.F.);
#3969 = EDGE_CURVE('',#3587,#3962,#3970,.T.);
#3970 = LINE('',#3971,#3972);
#3971 = CARTESIAN_POINT('',(2.475,-1.2,0.1));
#3972 = VECTOR('',#3973,1.);
#3973 = DIRECTION('',(-1.,1.224646799147E-16,4.996063166392E-32));
#3974 = ORIENTED_EDGE('',*,*,#3586,.T.);
#3975 = ORIENTED_EDGE('',*,*,#3976,.F.);
#3976 = EDGE_CURVE('',#3977,#3579,#3979,.T.);
#3977 = VERTEX_POINT('',#3978);
#3978 = CARTESIAN_POINT('',(1.95,1.2,0.1));
#3979 = LINE('',#3980,#3981);
#3980 = CARTESIAN_POINT('',(2.025,1.2,0.1));
#3981 = VECTOR('',#3982,1.);
#3982 = DIRECTION('',(1.,-1.224646799147E-16,-4.996063166392E-32));
#3983 = ORIENTED_EDGE('',*,*,#3984,.T.);
#3984 = EDGE_CURVE('',#3977,#3985,#3987,.T.);
#3985 = VERTEX_POINT('',#3986);
#3986 = CARTESIAN_POINT('',(1.8,1.2,0.1));
#3987 = LINE('',#3988,#3989);
#3988 = CARTESIAN_POINT('',(0.9,1.2,0.1));
#3989 = VECTOR('',#3990,1.);
#3990 = DIRECTION('',(-1.,1.224646799147E-16,0.));
#3991 = ORIENTED_EDGE('',*,*,#3992,.T.);
#3992 = EDGE_CURVE('',#3985,#3993,#3995,.T.);
#3993 = VERTEX_POINT('',#3994);
#3994 = CARTESIAN_POINT('',(1.8,2.1,0.1));
#3995 = LINE('',#3996,#3997);
#3996 = CARTESIAN_POINT('',(1.8,1.05,0.1));
#3997 = VECTOR('',#3998,1.);
#3998 = DIRECTION('',(1.224646799147E-16,1.,0.));
#3999 = ORIENTED_EDGE('',*,*,#4000,.T.);
#4000 = EDGE_CURVE('',#3993,#4001,#4003,.T.);
#4001 = VERTEX_POINT('',#4002);
#4002 = CARTESIAN_POINT('',(1.95,2.1,0.1));
#4003 = LINE('',#4004,#4005);
#4004 = CARTESIAN_POINT('',(1.35,2.1,0.1));
#4005 = VECTOR('',#4006,1.);
#4006 = DIRECTION('',(1.,-1.224646799147E-16,0.));
#4007 = ORIENTED_EDGE('',*,*,#4008,.F.);
#4008 = EDGE_CURVE('',#3571,#4001,#4009,.T.);
#4009 = LINE('',#4010,#4011);
#4010 = CARTESIAN_POINT('',(2.475,2.1,0.1));
#4011 = VECTOR('',#4012,1.);
#4012 = DIRECTION('',(-1.,1.224646799147E-16,4.996063166392E-32));
#4013 = PLANE('',#4014);
#4014 = AXIS2_PLACEMENT_3D('',#4015,#4016,#4017);
#4015 = CARTESIAN_POINT('',(0.,0.,0.1));
#4016 = DIRECTION('',(0.,0.,1.));
#4017 = DIRECTION('',(-1.,1.224646799147E-16,0.));
#4018 = ADVANCED_FACE('',(#4019),#4044,.T.);
#4019 = FACE_BOUND('',#4020,.T.);
#4020 = EDGE_LOOP('',(#4021,#4031,#4037,#4038));
#4021 = ORIENTED_EDGE('',*,*,#4022,.T.);
#4022 = EDGE_CURVE('',#4023,#4025,#4027,.T.);
#4023 = VERTEX_POINT('',#4024);
#4024 = CARTESIAN_POINT('',(2.55,1.2,0.1));
#4025 = VERTEX_POINT('',#4026);
#4026 = CARTESIAN_POINT('',(2.55,2.1,0.1));
#4027 = LINE('',#4028,#4029);
#4028 = CARTESIAN_POINT('',(2.55,1.1,0.1));
#4029 = VECTOR('',#4030,1.);
#4030 = DIRECTION('',(1.224646799147E-16,1.,0.));
#4031 = ORIENTED_EDGE('',*,*,#4032,.T.);
#4032 = EDGE_CURVE('',#4025,#3571,#4033,.T.);
#4033 = LINE('',#4034,#4035);
#4034 = CARTESIAN_POINT('',(2.475,2.1,0.1));
#4035 = VECTOR('',#4036,1.);
#4036 = DIRECTION('',(-1.,1.224646799147E-16,4.996063166392E-32));
#4037 = ORIENTED_EDGE('',*,*,#3578,.F.);
#4038 = ORIENTED_EDGE('',*,*,#4039,.T.);
#4039 = EDGE_CURVE('',#3579,#4023,#4040,.T.);
#4040 = LINE('',#4041,#4042);
#4041 = CARTESIAN_POINT('',(2.025,1.2,0.1));
#4042 = VECTOR('',#4043,1.);
#4043 = DIRECTION('',(1.,-1.224646799147E-16,-4.996063166392E-32));
#4044 = PLANE('',#4045);
#4045 = AXIS2_PLACEMENT_3D('',#4046,#4047,#4048);
#4046 = CARTESIAN_POINT('',(2.25,1.65,0.1));
#4047 = DIRECTION('',(4.996063166392E-32,1.556307025767E-32,1.));
#4048 = DIRECTION('',(-1.,1.224646799147E-16,4.996063166392E-32));
#4049 = ADVANCED_FACE('',(#4050),#4075,.T.);
#4050 = FACE_BOUND('',#4051,.T.);
#4051 = EDGE_LOOP('',(#4052,#4062,#4068,#4069));
#4052 = ORIENTED_EDGE('',*,*,#4053,.T.);
#4053 = EDGE_CURVE('',#4054,#4056,#4058,.T.);
#4054 = VERTEX_POINT('',#4055);
#4055 = CARTESIAN_POINT('',(2.55,-2.1,0.1));
#4056 = VERTEX_POINT('',#4057);
#4057 = CARTESIAN_POINT('',(2.55,-1.2,0.1));
#4058 = LINE('',#4059,#4060);
#4059 = CARTESIAN_POINT('',(2.55,-2.2,0.1));
#4060 = VECTOR('',#4061,1.);
#4061 = DIRECTION('',(1.224646799147E-16,1.,0.));
#4062 = ORIENTED_EDGE('',*,*,#4063,.T.);
#4063 = EDGE_CURVE('',#4056,#3587,#4064,.T.);
#4064 = LINE('',#4065,#4066);
#4065 = CARTESIAN_POINT('',(2.475,-1.2,0.1));
#4066 = VECTOR('',#4067,1.);
#4067 = DIRECTION('',(-1.,1.224646799147E-16,4.996063166392E-32));
#4068 = ORIENTED_EDGE('',*,*,#3594,.F.);
#4069 = ORIENTED_EDGE('',*,*,#4070,.T.);
#4070 = EDGE_CURVE('',#3595,#4054,#4071,.T.);
#4071 = LINE('',#4072,#4073);
#4072 = CARTESIAN_POINT('',(2.025,-2.1,0.1));
#4073 = VECTOR('',#4074,1.);
#4074 = DIRECTION('',(1.,-1.224646799147E-16,-4.996063166392E-32));
#4075 = PLANE('',#4076);
#4076 = AXIS2_PLACEMENT_3D('',#4077,#4078,#4079);
#4077 = CARTESIAN_POINT('',(2.25,-1.65,0.1));
#4078 = DIRECTION('',(4.996063166392E-32,3.890767564419E-33,1.));
#4079 = DIRECTION('',(-1.,1.224646799147E-16,4.996063166392E-32));
#4080 = ADVANCED_FACE('',(#4081),#4106,.F.);
#4081 = FACE_BOUND('',#4082,.F.);
#4082 = EDGE_LOOP('',(#4083,#4093,#4099,#4100));
#4083 = ORIENTED_EDGE('',*,*,#4084,.T.);
#4084 = EDGE_CURVE('',#4085,#4087,#4089,.T.);
#4085 = VERTEX_POINT('',#4086);
#4086 = CARTESIAN_POINT('',(2.55,1.2,0.9));
#4087 = VERTEX_POINT('',#4088);
#4088 = CARTESIAN_POINT('',(2.55,2.1,0.9));
#4089 = LINE('',#4090,#4091);
#4090 = CARTESIAN_POINT('',(2.55,1.1,0.9));
#4091 = VECTOR('',#4092,1.);
#4092 = DIRECTION('',(1.224646799147E-16,1.,0.));
#4093 = ORIENTED_EDGE('',*,*,#4094,.T.);
#4094 = EDGE_CURVE('',#4087,#3622,#4095,.T.);
#4095 = LINE('',#4096,#4097);
#4096 = CARTESIAN_POINT('',(2.475,2.1,0.9));
#4097 = VECTOR('',#4098,1.);
#4098 = DIRECTION('',(-1.,1.224646799147E-16,4.996063166392E-32));
#4099 = ORIENTED_EDGE('',*,*,#3619,.F.);
#4100 = ORIENTED_EDGE('',*,*,#4101,.T.);
#4101 = EDGE_CURVE('',#3620,#4085,#4102,.T.);
#4102 = LINE('',#4103,#4104);
#4103 = CARTESIAN_POINT('',(2.025,1.2,0.9));
#4104 = VECTOR('',#4105,1.);
#4105 = DIRECTION('',(1.,-1.224646799147E-16,-4.996063166392E-32));
#4106 = PLANE('',#4107);
#4107 = AXIS2_PLACEMENT_3D('',#4108,#4109,#4110);
#4108 = CARTESIAN_POINT('',(2.25,1.65,0.9));
#4109 = DIRECTION('',(4.996063166392E-32,1.556307025767E-32,1.));
#4110 = DIRECTION('',(-1.,1.224646799147E-16,4.996063166392E-32));
#4111 = ADVANCED_FACE('',(#4112),#4191,.F.);
#4112 = FACE_BOUND('',#4113,.F.);
#4113 = EDGE_LOOP('',(#4114,#4124,#4133,#4141,#4147,#4148,#4149,#4150,
    #4159,#4167,#4174,#4175,#4176,#4184));
#4114 = ORIENTED_EDGE('',*,*,#4115,.F.);
#4115 = EDGE_CURVE('',#4116,#4118,#4120,.T.);
#4116 = VERTEX_POINT('',#4117);
#4117 = CARTESIAN_POINT('',(2.7,1.2,5.E-02));
#4118 = VERTEX_POINT('',#4119);
#4119 = CARTESIAN_POINT('',(2.7,1.2,0.95));
#4120 = LINE('',#4121,#4122);
#4121 = CARTESIAN_POINT('',(2.7,1.2,0.));
#4122 = VECTOR('',#4123,1.);
#4123 = DIRECTION('',(0.,0.,1.));
#4124 = ORIENTED_EDGE('',*,*,#4125,.T.);
#4125 = EDGE_CURVE('',#4116,#4126,#4128,.T.);
#4126 = VERTEX_POINT('',#4127);
#4127 = CARTESIAN_POINT('',(2.65,1.2,-6.938893903907E-18));
#4128 = CIRCLE('',#4129,5.E-02);
#4129 = AXIS2_PLACEMENT_3D('',#4130,#4131,#4132);
#4130 = CARTESIAN_POINT('',(2.65,1.2,5.E-02));
#4131 = DIRECTION('',(1.224646799147E-16,1.,0.));
#4132 = DIRECTION('',(0.,0.,-1.));
#4133 = ORIENTED_EDGE('',*,*,#4134,.F.);
#4134 = EDGE_CURVE('',#4135,#4126,#4137,.T.);
#4135 = VERTEX_POINT('',#4136);
#4136 = CARTESIAN_POINT('',(1.8,1.2,0.));
#4137 = LINE('',#4138,#4139);
#4138 = CARTESIAN_POINT('',(1.8,1.2,0.));
#4139 = VECTOR('',#4140,1.);
#4140 = DIRECTION('',(1.,-1.224646799147E-16,0.));
#4141 = ORIENTED_EDGE('',*,*,#4142,.T.);
#4142 = EDGE_CURVE('',#4135,#3985,#4143,.T.);
#4143 = LINE('',#4144,#4145);
#4144 = CARTESIAN_POINT('',(1.8,1.2,0.));
#4145 = VECTOR('',#4146,1.);
#4146 = DIRECTION('',(0.,0.,1.));
#4147 = ORIENTED_EDGE('',*,*,#3984,.F.);
#4148 = ORIENTED_EDGE('',*,*,#3976,.T.);
#4149 = ORIENTED_EDGE('',*,*,#4039,.T.);
#4150 = ORIENTED_EDGE('',*,*,#4151,.F.);
#4151 = EDGE_CURVE('',#4152,#4023,#4154,.T.);
#4152 = VERTEX_POINT('',#4153);
#4153 = CARTESIAN_POINT('',(2.6,1.2,0.15));
#4154 = CIRCLE('',#4155,5.E-02);
#4155 = AXIS2_PLACEMENT_3D('',#4156,#4157,#4158);
#4156 = CARTESIAN_POINT('',(2.55,1.2,0.15));
#4157 = DIRECTION('',(1.224646799147E-16,1.,0.));
#4158 = DIRECTION('',(1.,-1.224646799147E-16,0.));
#4159 = ORIENTED_EDGE('',*,*,#4160,.T.);
#4160 = EDGE_CURVE('',#4152,#4161,#4163,.T.);
#4161 = VERTEX_POINT('',#4162);
#4162 = CARTESIAN_POINT('',(2.6,1.2,0.85));
#4163 = LINE('',#4164,#4165);
#4164 = CARTESIAN_POINT('',(2.6,1.2,5.E-02));
#4165 = VECTOR('',#4166,1.);
#4166 = DIRECTION('',(0.,0.,1.));
#4167 = ORIENTED_EDGE('',*,*,#4168,.F.);
#4168 = EDGE_CURVE('',#4085,#4161,#4169,.T.);
#4169 = CIRCLE('',#4170,5.E-02);
#4170 = AXIS2_PLACEMENT_3D('',#4171,#4172,#4173);
#4171 = CARTESIAN_POINT('',(2.55,1.2,0.85));
#4172 = DIRECTION('',(1.224646799147E-16,1.,0.));
#4173 = DIRECTION('',(1.,-1.224646799147E-16,0.));
#4174 = ORIENTED_EDGE('',*,*,#4101,.F.);
#4175 = ORIENTED_EDGE('',*,*,#3645,.F.);
#4176 = ORIENTED_EDGE('',*,*,#4177,.T.);
#4177 = EDGE_CURVE('',#3638,#4178,#4180,.T.);
#4178 = VERTEX_POINT('',#4179);
#4179 = CARTESIAN_POINT('',(2.65,1.2,1.));
#4180 = LINE('',#4181,#4182);
#4181 = CARTESIAN_POINT('',(1.8,1.2,1.));
#4182 = VECTOR('',#4183,1.);
#4183 = DIRECTION('',(1.,-1.224646799147E-16,0.));
#4184 = ORIENTED_EDGE('',*,*,#4185,.F.);
#4185 = EDGE_CURVE('',#4118,#4178,#4186,.T.);
#4186 = CIRCLE('',#4187,5.E-02);
#4187 = AXIS2_PLACEMENT_3D('',#4188,#4189,#4190);
#4188 = CARTESIAN_POINT('',(2.65,1.2,0.95));
#4189 = DIRECTION('',(-1.224646799147E-16,-1.,0.));
#4190 = DIRECTION('',(-0.,0.,-1.));
#4191 = PLANE('',#4192);
#4192 = AXIS2_PLACEMENT_3D('',#4193,#4194,#4195);
#4193 = CARTESIAN_POINT('',(1.8,1.2,0.));
#4194 = DIRECTION('',(1.224646799147E-16,1.,0.));
#4195 = DIRECTION('',(1.,-1.224646799147E-16,0.));
#4196 = ADVANCED_FACE('',(#4197),#4215,.T.);
#4197 = FACE_BOUND('',#4198,.T.);
#4198 = EDGE_LOOP('',(#4199,#4207,#4213,#4214));
#4199 = ORIENTED_EDGE('',*,*,#4200,.T.);
#4200 = EDGE_CURVE('',#4178,#4201,#4203,.T.);
#4201 = VERTEX_POINT('',#4202);
#4202 = CARTESIAN_POINT('',(2.65,2.1,1.));
#4203 = LINE('',#4204,#4205);
#4204 = CARTESIAN_POINT('',(2.65,1.2,1.));
#4205 = VECTOR('',#4206,1.);
#4206 = DIRECTION('',(1.224646799147E-16,1.,0.));
#4207 = ORIENTED_EDGE('',*,*,#4208,.T.);
#4208 = EDGE_CURVE('',#4201,#3630,#4209,.T.);
#4209 = LINE('',#4210,#4211);
#4210 = CARTESIAN_POINT('',(2.7,2.1,1.));
#4211 = VECTOR('',#4212,1.);
#4212 = DIRECTION('',(-1.,1.224646799147E-16,0.));
#4213 = ORIENTED_EDGE('',*,*,#3637,.F.);
#4214 = ORIENTED_EDGE('',*,*,#4177,.T.);
#4215 = PLANE('',#4216);
#4216 = AXIS2_PLACEMENT_3D('',#4217,#4218,#4219);
#4217 = CARTESIAN_POINT('',(2.25,1.65,1.));
#4218 = DIRECTION('',(0.,0.,1.));
#4219 = DIRECTION('',(-1.,1.224646799147E-16,0.));
#4220 = ADVANCED_FACE('',(#4221),#4293,.F.);
#4221 = FACE_BOUND('',#4222,.F.);
#4222 = EDGE_LOOP('',(#4223,#4234,#4242,#4249,#4250,#4251,#4252,#4261,
    #4269,#4276,#4277,#4278,#4279,#4287));
#4223 = ORIENTED_EDGE('',*,*,#4224,.F.);
#4224 = EDGE_CURVE('',#4225,#4227,#4229,.T.);
#4225 = VERTEX_POINT('',#4226);
#4226 = CARTESIAN_POINT('',(2.7,2.1,5.E-02));
#4227 = VERTEX_POINT('',#4228);
#4228 = CARTESIAN_POINT('',(2.65,2.1,-6.938893903907E-18));
#4229 = CIRCLE('',#4230,5.E-02);
#4230 = AXIS2_PLACEMENT_3D('',#4231,#4232,#4233);
#4231 = CARTESIAN_POINT('',(2.65,2.1,5.E-02));
#4232 = DIRECTION('',(1.224646799147E-16,1.,0.));
#4233 = DIRECTION('',(0.,0.,-1.));
#4234 = ORIENTED_EDGE('',*,*,#4235,.T.);
#4235 = EDGE_CURVE('',#4225,#4236,#4238,.T.);
#4236 = VERTEX_POINT('',#4237);
#4237 = CARTESIAN_POINT('',(2.7,2.1,0.95));
#4238 = LINE('',#4239,#4240);
#4239 = CARTESIAN_POINT('',(2.7,2.1,0.));
#4240 = VECTOR('',#4241,1.);
#4241 = DIRECTION('',(0.,0.,1.));
#4242 = ORIENTED_EDGE('',*,*,#4243,.T.);
#4243 = EDGE_CURVE('',#4236,#4201,#4244,.T.);
#4244 = CIRCLE('',#4245,5.E-02);
#4245 = AXIS2_PLACEMENT_3D('',#4246,#4247,#4248);
#4246 = CARTESIAN_POINT('',(2.65,2.1,0.95));
#4247 = DIRECTION('',(-1.224646799147E-16,-1.,0.));
#4248 = DIRECTION('',(-0.,0.,-1.));
#4249 = ORIENTED_EDGE('',*,*,#4208,.T.);
#4250 = ORIENTED_EDGE('',*,*,#3629,.F.);
#4251 = ORIENTED_EDGE('',*,*,#4094,.F.);
#4252 = ORIENTED_EDGE('',*,*,#4253,.T.);
#4253 = EDGE_CURVE('',#4087,#4254,#4256,.T.);
#4254 = VERTEX_POINT('',#4255);
#4255 = CARTESIAN_POINT('',(2.6,2.1,0.85));
#4256 = CIRCLE('',#4257,5.E-02);
#4257 = AXIS2_PLACEMENT_3D('',#4258,#4259,#4260);
#4258 = CARTESIAN_POINT('',(2.55,2.1,0.85));
#4259 = DIRECTION('',(1.224646799147E-16,1.,0.));
#4260 = DIRECTION('',(1.,-1.224646799147E-16,0.));
#4261 = ORIENTED_EDGE('',*,*,#4262,.T.);
#4262 = EDGE_CURVE('',#4254,#4263,#4265,.T.);
#4263 = VERTEX_POINT('',#4264);
#4264 = CARTESIAN_POINT('',(2.6,2.1,0.15));
#4265 = LINE('',#4266,#4267);
#4266 = CARTESIAN_POINT('',(2.6,2.1,5.E-02));
#4267 = VECTOR('',#4268,1.);
#4268 = DIRECTION('',(0.,-0.,-1.));
#4269 = ORIENTED_EDGE('',*,*,#4270,.T.);
#4270 = EDGE_CURVE('',#4263,#4025,#4271,.T.);
#4271 = CIRCLE('',#4272,5.E-02);
#4272 = AXIS2_PLACEMENT_3D('',#4273,#4274,#4275);
#4273 = CARTESIAN_POINT('',(2.55,2.1,0.15));
#4274 = DIRECTION('',(1.224646799147E-16,1.,0.));
#4275 = DIRECTION('',(1.,-1.224646799147E-16,0.));
#4276 = ORIENTED_EDGE('',*,*,#4032,.T.);
#4277 = ORIENTED_EDGE('',*,*,#4008,.T.);
#4278 = ORIENTED_EDGE('',*,*,#4000,.F.);
#4279 = ORIENTED_EDGE('',*,*,#4280,.F.);
#4280 = EDGE_CURVE('',#4281,#3993,#4283,.T.);
#4281 = VERTEX_POINT('',#4282);
#4282 = CARTESIAN_POINT('',(1.8,2.1,0.));
#4283 = LINE('',#4284,#4285);
#4284 = CARTESIAN_POINT('',(1.8,2.1,0.));
#4285 = VECTOR('',#4286,1.);
#4286 = DIRECTION('',(0.,0.,1.));
#4287 = ORIENTED_EDGE('',*,*,#4288,.F.);
#4288 = EDGE_CURVE('',#4227,#4281,#4289,.T.);
#4289 = LINE('',#4290,#4291);
#4290 = CARTESIAN_POINT('',(2.7,2.1,0.));
#4291 = VECTOR('',#4292,1.);
#4292 = DIRECTION('',(-1.,1.224646799147E-16,0.));
#4293 = PLANE('',#4294);
#4294 = AXIS2_PLACEMENT_3D('',#4295,#4296,#4297);
#4295 = CARTESIAN_POINT('',(2.7,2.1,0.));
#4296 = DIRECTION('',(-1.224646799147E-16,-1.,0.));
#4297 = DIRECTION('',(-1.,1.224646799147E-16,0.));
#4298 = ADVANCED_FACE('',(#4299),#4324,.T.);
#4299 = FACE_BOUND('',#4300,.T.);
#4300 = EDGE_LOOP('',(#4301,#4311,#4317,#4318));
#4301 = ORIENTED_EDGE('',*,*,#4302,.T.);
#4302 = EDGE_CURVE('',#4303,#4305,#4307,.T.);
#4303 = VERTEX_POINT('',#4304);
#4304 = CARTESIAN_POINT('',(2.65,-2.1,1.));
#4305 = VERTEX_POINT('',#4306);
#4306 = CARTESIAN_POINT('',(2.65,-1.2,1.));
#4307 = LINE('',#4308,#4309);
#4308 = CARTESIAN_POINT('',(2.65,-2.1,1.));
#4309 = VECTOR('',#4310,1.);
#4310 = DIRECTION('',(1.224646799147E-16,1.,0.));
#4311 = ORIENTED_EDGE('',*,*,#4312,.T.);
#4312 = EDGE_CURVE('',#4305,#3656,#4313,.T.);
#4313 = LINE('',#4314,#4315);
#4314 = CARTESIAN_POINT('',(2.7,-1.2,1.));
#4315 = VECTOR('',#4316,1.);
#4316 = DIRECTION('',(-1.,1.224646799147E-16,0.));
#4317 = ORIENTED_EDGE('',*,*,#3653,.F.);
#4318 = ORIENTED_EDGE('',*,*,#4319,.T.);
#4319 = EDGE_CURVE('',#3654,#4303,#4320,.T.);
#4320 = LINE('',#4321,#4322);
#4321 = CARTESIAN_POINT('',(1.8,-2.1,1.));
#4322 = VECTOR('',#4323,1.);
#4323 = DIRECTION('',(1.,-1.224646799147E-16,0.));
#4324 = PLANE('',#4325);
#4325 = AXIS2_PLACEMENT_3D('',#4326,#4327,#4328);
#4326 = CARTESIAN_POINT('',(2.25,-1.65,1.));
#4327 = DIRECTION('',(0.,0.,1.));
#4328 = DIRECTION('',(-1.,1.224646799147E-16,0.));
#4329 = ADVANCED_FACE('',(#4330),#4409,.F.);
#4330 = FACE_BOUND('',#4331,.F.);
#4331 = EDGE_LOOP('',(#4332,#4343,#4351,#4358,#4359,#4360,#4368,#4377,
    #4385,#4392,#4393,#4394,#4395,#4403));
#4332 = ORIENTED_EDGE('',*,*,#4333,.F.);
#4333 = EDGE_CURVE('',#4334,#4336,#4338,.T.);
#4334 = VERTEX_POINT('',#4335);
#4335 = CARTESIAN_POINT('',(2.7,-1.2,5.E-02));
#4336 = VERTEX_POINT('',#4337);
#4337 = CARTESIAN_POINT('',(2.65,-1.2,-6.938893903907E-18));
#4338 = CIRCLE('',#4339,5.E-02);
#4339 = AXIS2_PLACEMENT_3D('',#4340,#4341,#4342);
#4340 = CARTESIAN_POINT('',(2.65,-1.2,5.E-02));
#4341 = DIRECTION('',(1.224646799147E-16,1.,0.));
#4342 = DIRECTION('',(0.,0.,-1.));
#4343 = ORIENTED_EDGE('',*,*,#4344,.T.);
#4344 = EDGE_CURVE('',#4334,#4345,#4347,.T.);
#4345 = VERTEX_POINT('',#4346);
#4346 = CARTESIAN_POINT('',(2.7,-1.2,0.95));
#4347 = LINE('',#4348,#4349);
#4348 = CARTESIAN_POINT('',(2.7,-1.2,0.));
#4349 = VECTOR('',#4350,1.);
#4350 = DIRECTION('',(0.,0.,1.));
#4351 = ORIENTED_EDGE('',*,*,#4352,.T.);
#4352 = EDGE_CURVE('',#4345,#4305,#4353,.T.);
#4353 = CIRCLE('',#4354,5.E-02);
#4354 = AXIS2_PLACEMENT_3D('',#4355,#4356,#4357);
#4355 = CARTESIAN_POINT('',(2.65,-1.2,0.95));
#4356 = DIRECTION('',(-1.224646799147E-16,-1.,0.));
#4357 = DIRECTION('',(-0.,0.,-1.));
#4358 = ORIENTED_EDGE('',*,*,#4312,.T.);
#4359 = ORIENTED_EDGE('',*,*,#3679,.F.);
#4360 = ORIENTED_EDGE('',*,*,#4361,.F.);
#4361 = EDGE_CURVE('',#4362,#3672,#4364,.T.);
#4362 = VERTEX_POINT('',#4363);
#4363 = CARTESIAN_POINT('',(2.55,-1.2,0.9));
#4364 = LINE('',#4365,#4366);
#4365 = CARTESIAN_POINT('',(2.475,-1.2,0.9));
#4366 = VECTOR('',#4367,1.);
#4367 = DIRECTION('',(-1.,1.224646799147E-16,4.996063166392E-32));
#4368 = ORIENTED_EDGE('',*,*,#4369,.T.);
#4369 = EDGE_CURVE('',#4362,#4370,#4372,.T.);
#4370 = VERTEX_POINT('',#4371);
#4371 = CARTESIAN_POINT('',(2.6,-1.2,0.85));
#4372 = CIRCLE('',#4373,5.E-02);
#4373 = AXIS2_PLACEMENT_3D('',#4374,#4375,#4376);
#4374 = CARTESIAN_POINT('',(2.55,-1.2,0.85));
#4375 = DIRECTION('',(1.224646799147E-16,1.,0.));
#4376 = DIRECTION('',(1.,-1.224646799147E-16,0.));
#4377 = ORIENTED_EDGE('',*,*,#4378,.T.);
#4378 = EDGE_CURVE('',#4370,#4379,#4381,.T.);
#4379 = VERTEX_POINT('',#4380);
#4380 = CARTESIAN_POINT('',(2.6,-1.2,0.15));
#4381 = LINE('',#4382,#4383);
#4382 = CARTESIAN_POINT('',(2.6,-1.2,5.E-02));
#4383 = VECTOR('',#4384,1.);
#4384 = DIRECTION('',(0.,-0.,-1.));
#4385 = ORIENTED_EDGE('',*,*,#4386,.T.);
#4386 = EDGE_CURVE('',#4379,#4056,#4387,.T.);
#4387 = CIRCLE('',#4388,5.E-02);
#4388 = AXIS2_PLACEMENT_3D('',#4389,#4390,#4391);
#4389 = CARTESIAN_POINT('',(2.55,-1.2,0.15));
#4390 = DIRECTION('',(1.224646799147E-16,1.,0.));
#4391 = DIRECTION('',(1.,-1.224646799147E-16,0.));
#4392 = ORIENTED_EDGE('',*,*,#4063,.T.);
#4393 = ORIENTED_EDGE('',*,*,#3969,.T.);
#4394 = ORIENTED_EDGE('',*,*,#3961,.F.);
#4395 = ORIENTED_EDGE('',*,*,#4396,.F.);
#4396 = EDGE_CURVE('',#4397,#3954,#4399,.T.);
#4397 = VERTEX_POINT('',#4398);
#4398 = CARTESIAN_POINT('',(1.8,-1.2,0.));
#4399 = LINE('',#4400,#4401);
#4400 = CARTESIAN_POINT('',(1.8,-1.2,0.));
#4401 = VECTOR('',#4402,1.);
#4402 = DIRECTION('',(0.,0.,1.));
#4403 = ORIENTED_EDGE('',*,*,#4404,.F.);
#4404 = EDGE_CURVE('',#4336,#4397,#4405,.T.);
#4405 = LINE('',#4406,#4407);
#4406 = CARTESIAN_POINT('',(2.7,-1.2,0.));
#4407 = VECTOR('',#4408,1.);
#4408 = DIRECTION('',(-1.,1.224646799147E-16,0.));
#4409 = PLANE('',#4410);
#4410 = AXIS2_PLACEMENT_3D('',#4411,#4412,#4413);
#4411 = CARTESIAN_POINT('',(2.7,-1.2,0.));
#4412 = DIRECTION('',(-1.224646799147E-16,-1.,0.));
#4413 = DIRECTION('',(-1.,1.224646799147E-16,0.));
#4414 = ADVANCED_FACE('',(#4415),#4433,.F.);
#4415 = FACE_BOUND('',#4416,.F.);
#4416 = EDGE_LOOP('',(#4417,#4425,#4426,#4427));
#4417 = ORIENTED_EDGE('',*,*,#4418,.T.);
#4418 = EDGE_CURVE('',#4419,#4362,#4421,.T.);
#4419 = VERTEX_POINT('',#4420);
#4420 = CARTESIAN_POINT('',(2.55,-2.1,0.9));
#4421 = LINE('',#4422,#4423);
#4422 = CARTESIAN_POINT('',(2.55,-2.2,0.9));
#4423 = VECTOR('',#4424,1.);
#4424 = DIRECTION('',(1.224646799147E-16,1.,0.));
#4425 = ORIENTED_EDGE('',*,*,#4361,.T.);
#4426 = ORIENTED_EDGE('',*,*,#3671,.F.);
#4427 = ORIENTED_EDGE('',*,*,#4428,.T.);
#4428 = EDGE_CURVE('',#3664,#4419,#4429,.T.);
#4429 = LINE('',#4430,#4431);
#4430 = CARTESIAN_POINT('',(2.025,-2.1,0.9));
#4431 = VECTOR('',#4432,1.);
#4432 = DIRECTION('',(1.,-1.224646799147E-16,-4.996063166392E-32));
#4433 = PLANE('',#4434);
#4434 = AXIS2_PLACEMENT_3D('',#4435,#4436,#4437);
#4435 = CARTESIAN_POINT('',(2.25,-1.65,0.9));
#4436 = DIRECTION('',(4.996063166392E-32,3.890767564419E-33,1.));
#4437 = DIRECTION('',(-1.,1.224646799147E-16,4.996063166392E-32));
#4438 = ADVANCED_FACE('',(#4439),#4511,.F.);
#4439 = FACE_BOUND('',#4440,.F.);
#4440 = EDGE_LOOP('',(#4441,#4451,#4460,#4468,#4474,#4475,#4476,#4477,
    #4486,#4494,#4501,#4502,#4503,#4504));
#4441 = ORIENTED_EDGE('',*,*,#4442,.F.);
#4442 = EDGE_CURVE('',#4443,#4445,#4447,.T.);
#4443 = VERTEX_POINT('',#4444);
#4444 = CARTESIAN_POINT('',(2.7,-2.1,5.E-02));
#4445 = VERTEX_POINT('',#4446);
#4446 = CARTESIAN_POINT('',(2.7,-2.1,0.95));
#4447 = LINE('',#4448,#4449);
#4448 = CARTESIAN_POINT('',(2.7,-2.1,0.));
#4449 = VECTOR('',#4450,1.);
#4450 = DIRECTION('',(0.,0.,1.));
#4451 = ORIENTED_EDGE('',*,*,#4452,.T.);
#4452 = EDGE_CURVE('',#4443,#4453,#4455,.T.);
#4453 = VERTEX_POINT('',#4454);
#4454 = CARTESIAN_POINT('',(2.65,-2.1,-6.938893903907E-18));
#4455 = CIRCLE('',#4456,5.E-02);
#4456 = AXIS2_PLACEMENT_3D('',#4457,#4458,#4459);
#4457 = CARTESIAN_POINT('',(2.65,-2.1,5.E-02));
#4458 = DIRECTION('',(1.224646799147E-16,1.,0.));
#4459 = DIRECTION('',(0.,0.,-1.));
#4460 = ORIENTED_EDGE('',*,*,#4461,.F.);
#4461 = EDGE_CURVE('',#4462,#4453,#4464,.T.);
#4462 = VERTEX_POINT('',#4463);
#4463 = CARTESIAN_POINT('',(1.8,-2.1,0.));
#4464 = LINE('',#4465,#4466);
#4465 = CARTESIAN_POINT('',(1.8,-2.1,0.));
#4466 = VECTOR('',#4467,1.);
#4467 = DIRECTION('',(1.,-1.224646799147E-16,0.));
#4468 = ORIENTED_EDGE('',*,*,#4469,.T.);
#4469 = EDGE_CURVE('',#4462,#3946,#4470,.T.);
#4470 = LINE('',#4471,#4472);
#4471 = CARTESIAN_POINT('',(1.8,-2.1,0.));
#4472 = VECTOR('',#4473,1.);
#4473 = DIRECTION('',(0.,0.,1.));
#4474 = ORIENTED_EDGE('',*,*,#3945,.F.);
#4475 = ORIENTED_EDGE('',*,*,#3937,.T.);
#4476 = ORIENTED_EDGE('',*,*,#4070,.T.);
#4477 = ORIENTED_EDGE('',*,*,#4478,.F.);
#4478 = EDGE_CURVE('',#4479,#4054,#4481,.T.);
#4479 = VERTEX_POINT('',#4480);
#4480 = CARTESIAN_POINT('',(2.6,-2.1,0.15));
#4481 = CIRCLE('',#4482,5.E-02);
#4482 = AXIS2_PLACEMENT_3D('',#4483,#4484,#4485);
#4483 = CARTESIAN_POINT('',(2.55,-2.1,0.15));
#4484 = DIRECTION('',(1.224646799147E-16,1.,0.));
#4485 = DIRECTION('',(1.,-1.224646799147E-16,0.));
#4486 = ORIENTED_EDGE('',*,*,#4487,.T.);
#4487 = EDGE_CURVE('',#4479,#4488,#4490,.T.);
#4488 = VERTEX_POINT('',#4489);
#4489 = CARTESIAN_POINT('',(2.6,-2.1,0.85));
#4490 = LINE('',#4491,#4492);
#4491 = CARTESIAN_POINT('',(2.6,-2.1,5.E-02));
#4492 = VECTOR('',#4493,1.);
#4493 = DIRECTION('',(0.,0.,1.));
#4494 = ORIENTED_EDGE('',*,*,#4495,.F.);
#4495 = EDGE_CURVE('',#4419,#4488,#4496,.T.);
#4496 = CIRCLE('',#4497,5.E-02);
#4497 = AXIS2_PLACEMENT_3D('',#4498,#4499,#4500);
#4498 = CARTESIAN_POINT('',(2.55,-2.1,0.85));
#4499 = DIRECTION('',(1.224646799147E-16,1.,0.));
#4500 = DIRECTION('',(1.,-1.224646799147E-16,0.));
#4501 = ORIENTED_EDGE('',*,*,#4428,.F.);
#4502 = ORIENTED_EDGE('',*,*,#3663,.F.);
#4503 = ORIENTED_EDGE('',*,*,#4319,.T.);
#4504 = ORIENTED_EDGE('',*,*,#4505,.F.);
#4505 = EDGE_CURVE('',#4445,#4303,#4506,.T.);
#4506 = CIRCLE('',#4507,5.E-02);
#4507 = AXIS2_PLACEMENT_3D('',#4508,#4509,#4510);
#4508 = CARTESIAN_POINT('',(2.65,-2.1,0.95));
#4509 = DIRECTION('',(-1.224646799147E-16,-1.,0.));
#4510 = DIRECTION('',(-0.,0.,-1.));
#4511 = PLANE('',#4512);
#4512 = AXIS2_PLACEMENT_3D('',#4513,#4514,#4515);
#4513 = CARTESIAN_POINT('',(1.8,-2.1,0.));
#4514 = DIRECTION('',(1.224646799147E-16,1.,0.));
#4515 = DIRECTION('',(1.,-1.224646799147E-16,0.));
#4516 = ADVANCED_FACE('',(#4517),#4542,.T.);
#4517 = FACE_BOUND('',#4518,.T.);
#4518 = EDGE_LOOP('',(#4519,#4520,#4528,#4536));
#4519 = ORIENTED_EDGE('',*,*,#3727,.F.);
#4520 = ORIENTED_EDGE('',*,*,#4521,.T.);
#4521 = EDGE_CURVE('',#3728,#4522,#4524,.T.);
#4522 = VERTEX_POINT('',#4523);
#4523 = CARTESIAN_POINT('',(-2.55,2.1,0.1));
#4524 = LINE('',#4525,#4526);
#4525 = CARTESIAN_POINT('',(-2.025,2.1,0.1));
#4526 = VECTOR('',#4527,1.);
#4527 = DIRECTION('',(-1.,1.224646799147E-16,-4.996063166392E-32));
#4528 = ORIENTED_EDGE('',*,*,#4529,.T.);
#4529 = EDGE_CURVE('',#4522,#4530,#4532,.T.);
#4530 = VERTEX_POINT('',#4531);
#4531 = CARTESIAN_POINT('',(-2.55,1.2,0.1));
#4532 = LINE('',#4533,#4534);
#4533 = CARTESIAN_POINT('',(-2.55,2.2,0.1));
#4534 = VECTOR('',#4535,1.);
#4535 = DIRECTION('',(-1.224646799147E-16,-1.,0.));
#4536 = ORIENTED_EDGE('',*,*,#4537,.T.);
#4537 = EDGE_CURVE('',#4530,#3720,#4538,.T.);
#4538 = LINE('',#4539,#4540);
#4539 = CARTESIAN_POINT('',(-2.475,1.2,0.1));
#4540 = VECTOR('',#4541,1.);
#4541 = DIRECTION('',(1.,-1.224646799147E-16,4.996063166392E-32));
#4542 = PLANE('',#4543);
#4543 = AXIS2_PLACEMENT_3D('',#4544,#4545,#4546);
#4544 = CARTESIAN_POINT('',(-2.25,1.65,0.1));
#4545 = DIRECTION('',(-4.996063166392E-32,1.556307025767E-32,1.));
#4546 = DIRECTION('',(-1.,1.224646799147E-16,-4.996063166392E-32));
#4547 = ADVANCED_FACE('',(#4548),#4573,.T.);
#4548 = FACE_BOUND('',#4549,.T.);
#4549 = EDGE_LOOP('',(#4550,#4551,#4559,#4567));
#4550 = ORIENTED_EDGE('',*,*,#3711,.F.);
#4551 = ORIENTED_EDGE('',*,*,#4552,.T.);
#4552 = EDGE_CURVE('',#3712,#4553,#4555,.T.);
#4553 = VERTEX_POINT('',#4554);
#4554 = CARTESIAN_POINT('',(-2.55,-1.2,0.1));
#4555 = LINE('',#4556,#4557);
#4556 = CARTESIAN_POINT('',(-2.025,-1.2,0.1));
#4557 = VECTOR('',#4558,1.);
#4558 = DIRECTION('',(-1.,1.224646799147E-16,-4.996063166392E-32));
#4559 = ORIENTED_EDGE('',*,*,#4560,.T.);
#4560 = EDGE_CURVE('',#4553,#4561,#4563,.T.);
#4561 = VERTEX_POINT('',#4562);
#4562 = CARTESIAN_POINT('',(-2.55,-2.1,0.1));
#4563 = LINE('',#4564,#4565);
#4564 = CARTESIAN_POINT('',(-2.55,-1.1,0.1));
#4565 = VECTOR('',#4566,1.);
#4566 = DIRECTION('',(-1.224646799147E-16,-1.,0.));
#4567 = ORIENTED_EDGE('',*,*,#4568,.T.);
#4568 = EDGE_CURVE('',#4561,#3704,#4569,.T.);
#4569 = LINE('',#4570,#4571);
#4570 = CARTESIAN_POINT('',(-2.475,-2.1,0.1));
#4571 = VECTOR('',#4572,1.);
#4572 = DIRECTION('',(1.,-1.224646799147E-16,4.996063166392E-32));
#4573 = PLANE('',#4574);
#4574 = AXIS2_PLACEMENT_3D('',#4575,#4576,#4577);
#4575 = CARTESIAN_POINT('',(-2.25,-1.65,0.1));
#4576 = DIRECTION('',(-4.996063166392E-32,3.890767564419E-33,1.));
#4577 = DIRECTION('',(-1.,1.224646799147E-16,-4.996063166392E-32));
#4578 = ADVANCED_FACE('',(#4579),#4604,.T.);
#4579 = FACE_BOUND('',#4580,.T.);
#4580 = EDGE_LOOP('',(#4581,#4582,#4590,#4598));
#4581 = ORIENTED_EDGE('',*,*,#3743,.F.);
#4582 = ORIENTED_EDGE('',*,*,#4583,.T.);
#4583 = EDGE_CURVE('',#3744,#4584,#4586,.T.);
#4584 = VERTEX_POINT('',#4585);
#4585 = CARTESIAN_POINT('',(-2.65,-1.2,1.));
#4586 = LINE('',#4587,#4588);
#4587 = CARTESIAN_POINT('',(-1.8,-1.2,1.));
#4588 = VECTOR('',#4589,1.);
#4589 = DIRECTION('',(-1.,1.224646799147E-16,0.));
#4590 = ORIENTED_EDGE('',*,*,#4591,.T.);
#4591 = EDGE_CURVE('',#4584,#4592,#4594,.T.);
#4592 = VERTEX_POINT('',#4593);
#4593 = CARTESIAN_POINT('',(-2.65,-2.1,1.));
#4594 = LINE('',#4595,#4596);
#4595 = CARTESIAN_POINT('',(-2.65,-1.2,1.));
#4596 = VECTOR('',#4597,1.);
#4597 = DIRECTION('',(-1.224646799147E-16,-1.,0.));
#4598 = ORIENTED_EDGE('',*,*,#4599,.T.);
#4599 = EDGE_CURVE('',#4592,#3746,#4600,.T.);
#4600 = LINE('',#4601,#4602);
#4601 = CARTESIAN_POINT('',(-2.7,-2.1,1.));
#4602 = VECTOR('',#4603,1.);
#4603 = DIRECTION('',(1.,-1.224646799147E-16,0.));
#4604 = PLANE('',#4605);
#4605 = AXIS2_PLACEMENT_3D('',#4606,#4607,#4608);
#4606 = CARTESIAN_POINT('',(-2.25,-1.65,1.));
#4607 = DIRECTION('',(0.,0.,1.));
#4608 = DIRECTION('',(-1.,1.224646799147E-16,0.));
#4609 = ADVANCED_FACE('',(#4610),#4689,.F.);
#4610 = FACE_BOUND('',#4611,.F.);
#4611 = EDGE_LOOP('',(#4612,#4623,#4631,#4638,#4639,#4640,#4648,#4657,
    #4665,#4672,#4673,#4674,#4675,#4683));
#4612 = ORIENTED_EDGE('',*,*,#4613,.F.);
#4613 = EDGE_CURVE('',#4614,#4616,#4618,.T.);
#4614 = VERTEX_POINT('',#4615);
#4615 = CARTESIAN_POINT('',(-2.7,-2.1,5.E-02));
#4616 = VERTEX_POINT('',#4617);
#4617 = CARTESIAN_POINT('',(-2.65,-2.1,-6.938893903907E-18));
#4618 = CIRCLE('',#4619,5.E-02);
#4619 = AXIS2_PLACEMENT_3D('',#4620,#4621,#4622);
#4620 = CARTESIAN_POINT('',(-2.65,-2.1,5.E-02));
#4621 = DIRECTION('',(-1.224646799147E-16,-1.,0.));
#4622 = DIRECTION('',(0.,0.,1.));
#4623 = ORIENTED_EDGE('',*,*,#4624,.T.);
#4624 = EDGE_CURVE('',#4614,#4625,#4627,.T.);
#4625 = VERTEX_POINT('',#4626);
#4626 = CARTESIAN_POINT('',(-2.7,-2.1,0.95));
#4627 = LINE('',#4628,#4629);
#4628 = CARTESIAN_POINT('',(-2.7,-2.1,0.));
#4629 = VECTOR('',#4630,1.);
#4630 = DIRECTION('',(0.,0.,1.));
#4631 = ORIENTED_EDGE('',*,*,#4632,.F.);
#4632 = EDGE_CURVE('',#4592,#4625,#4633,.T.);
#4633 = CIRCLE('',#4634,5.E-02);
#4634 = AXIS2_PLACEMENT_3D('',#4635,#4636,#4637);
#4635 = CARTESIAN_POINT('',(-2.65,-2.1,0.95));
#4636 = DIRECTION('',(-1.224646799147E-16,-1.,0.));
#4637 = DIRECTION('',(0.,0.,1.));
#4638 = ORIENTED_EDGE('',*,*,#4599,.T.);
#4639 = ORIENTED_EDGE('',*,*,#3769,.F.);
#4640 = ORIENTED_EDGE('',*,*,#4641,.F.);
#4641 = EDGE_CURVE('',#4642,#3762,#4644,.T.);
#4642 = VERTEX_POINT('',#4643);
#4643 = CARTESIAN_POINT('',(-2.55,-2.1,0.9));
#4644 = LINE('',#4645,#4646);
#4645 = CARTESIAN_POINT('',(-2.475,-2.1,0.9));
#4646 = VECTOR('',#4647,1.);
#4647 = DIRECTION('',(1.,-1.224646799147E-16,4.996063166392E-32));
#4648 = ORIENTED_EDGE('',*,*,#4649,.T.);
#4649 = EDGE_CURVE('',#4642,#4650,#4652,.T.);
#4650 = VERTEX_POINT('',#4651);
#4651 = CARTESIAN_POINT('',(-2.6,-2.1,0.85));
#4652 = CIRCLE('',#4653,5.E-02);
#4653 = AXIS2_PLACEMENT_3D('',#4654,#4655,#4656);
#4654 = CARTESIAN_POINT('',(-2.55,-2.1,0.85));
#4655 = DIRECTION('',(-1.224646799147E-16,-1.,0.));
#4656 = DIRECTION('',(-1.,1.224646799147E-16,0.));
#4657 = ORIENTED_EDGE('',*,*,#4658,.T.);
#4658 = EDGE_CURVE('',#4650,#4659,#4661,.T.);
#4659 = VERTEX_POINT('',#4660);
#4660 = CARTESIAN_POINT('',(-2.6,-2.1,0.15));
#4661 = LINE('',#4662,#4663);
#4662 = CARTESIAN_POINT('',(-2.6,-2.1,5.E-02));
#4663 = VECTOR('',#4664,1.);
#4664 = DIRECTION('',(0.,0.,-1.));
#4665 = ORIENTED_EDGE('',*,*,#4666,.T.);
#4666 = EDGE_CURVE('',#4659,#4561,#4667,.T.);
#4667 = CIRCLE('',#4668,5.E-02);
#4668 = AXIS2_PLACEMENT_3D('',#4669,#4670,#4671);
#4669 = CARTESIAN_POINT('',(-2.55,-2.1,0.15));
#4670 = DIRECTION('',(-1.224646799147E-16,-1.,-6.005688260885E-65));
#4671 = DIRECTION('',(4.996063166392E-32,-6.118412765058E-48,-1.));
#4672 = ORIENTED_EDGE('',*,*,#4568,.T.);
#4673 = ORIENTED_EDGE('',*,*,#3928,.T.);
#4674 = ORIENTED_EDGE('',*,*,#3920,.F.);
#4675 = ORIENTED_EDGE('',*,*,#4676,.F.);
#4676 = EDGE_CURVE('',#4677,#3913,#4679,.T.);
#4677 = VERTEX_POINT('',#4678);
#4678 = CARTESIAN_POINT('',(-1.8,-2.1,0.));
#4679 = LINE('',#4680,#4681);
#4680 = CARTESIAN_POINT('',(-1.8,-2.1,0.));
#4681 = VECTOR('',#4682,1.);
#4682 = DIRECTION('',(0.,0.,1.));
#4683 = ORIENTED_EDGE('',*,*,#4684,.F.);
#4684 = EDGE_CURVE('',#4616,#4677,#4685,.T.);
#4685 = LINE('',#4686,#4687);
#4686 = CARTESIAN_POINT('',(-2.7,-2.1,0.));
#4687 = VECTOR('',#4688,1.);
#4688 = DIRECTION('',(1.,-1.224646799147E-16,0.));
#4689 = PLANE('',#4690);
#4690 = AXIS2_PLACEMENT_3D('',#4691,#4692,#4693);
#4691 = CARTESIAN_POINT('',(-2.7,-2.1,0.));
#4692 = DIRECTION('',(1.224646799147E-16,1.,0.));
#4693 = DIRECTION('',(1.,-1.224646799147E-16,0.));
#4694 = ADVANCED_FACE('',(#4695),#4713,.F.);
#4695 = FACE_BOUND('',#4696,.F.);
#4696 = EDGE_LOOP('',(#4697,#4698,#4706,#4712));
#4697 = ORIENTED_EDGE('',*,*,#3761,.F.);
#4698 = ORIENTED_EDGE('',*,*,#4699,.T.);
#4699 = EDGE_CURVE('',#3754,#4700,#4702,.T.);
#4700 = VERTEX_POINT('',#4701);
#4701 = CARTESIAN_POINT('',(-2.55,-1.2,0.9));
#4702 = LINE('',#4703,#4704);
#4703 = CARTESIAN_POINT('',(-2.025,-1.2,0.9));
#4704 = VECTOR('',#4705,1.);
#4705 = DIRECTION('',(-1.,1.224646799147E-16,-4.996063166392E-32));
#4706 = ORIENTED_EDGE('',*,*,#4707,.T.);
#4707 = EDGE_CURVE('',#4700,#4642,#4708,.T.);
#4708 = LINE('',#4709,#4710);
#4709 = CARTESIAN_POINT('',(-2.55,-1.1,0.9));
#4710 = VECTOR('',#4711,1.);
#4711 = DIRECTION('',(-1.224646799147E-16,-1.,0.));
#4712 = ORIENTED_EDGE('',*,*,#4641,.T.);
#4713 = PLANE('',#4714);
#4714 = AXIS2_PLACEMENT_3D('',#4715,#4716,#4717);
#4715 = CARTESIAN_POINT('',(-2.25,-1.65,0.9));
#4716 = DIRECTION('',(-4.996063166392E-32,3.890767564419E-33,1.));
#4717 = DIRECTION('',(-1.,1.224646799147E-16,-4.996063166392E-32));
#4718 = ADVANCED_FACE('',(#4719),#4791,.F.);
#4719 = FACE_BOUND('',#4720,.F.);
#4720 = EDGE_LOOP('',(#4721,#4731,#4740,#4748,#4754,#4755,#4756,#4757,
    #4766,#4774,#4781,#4782,#4783,#4784));
#4721 = ORIENTED_EDGE('',*,*,#4722,.F.);
#4722 = EDGE_CURVE('',#4723,#4725,#4727,.T.);
#4723 = VERTEX_POINT('',#4724);
#4724 = CARTESIAN_POINT('',(-2.7,-1.2,5.E-02));
#4725 = VERTEX_POINT('',#4726);
#4726 = CARTESIAN_POINT('',(-2.7,-1.2,0.95));
#4727 = LINE('',#4728,#4729);
#4728 = CARTESIAN_POINT('',(-2.7,-1.2,0.));
#4729 = VECTOR('',#4730,1.);
#4730 = DIRECTION('',(0.,0.,1.));
#4731 = ORIENTED_EDGE('',*,*,#4732,.T.);
#4732 = EDGE_CURVE('',#4723,#4733,#4735,.T.);
#4733 = VERTEX_POINT('',#4734);
#4734 = CARTESIAN_POINT('',(-2.65,-1.2,-6.938893903907E-18));
#4735 = CIRCLE('',#4736,5.E-02);
#4736 = AXIS2_PLACEMENT_3D('',#4737,#4738,#4739);
#4737 = CARTESIAN_POINT('',(-2.65,-1.2,5.E-02));
#4738 = DIRECTION('',(-1.224646799147E-16,-1.,0.));
#4739 = DIRECTION('',(0.,0.,1.));
#4740 = ORIENTED_EDGE('',*,*,#4741,.F.);
#4741 = EDGE_CURVE('',#4742,#4733,#4744,.T.);
#4742 = VERTEX_POINT('',#4743);
#4743 = CARTESIAN_POINT('',(-1.8,-1.2,0.));
#4744 = LINE('',#4745,#4746);
#4745 = CARTESIAN_POINT('',(-1.8,-1.2,0.));
#4746 = VECTOR('',#4747,1.);
#4747 = DIRECTION('',(-1.,1.224646799147E-16,0.));
#4748 = ORIENTED_EDGE('',*,*,#4749,.T.);
#4749 = EDGE_CURVE('',#4742,#3905,#4750,.T.);
#4750 = LINE('',#4751,#4752);
#4751 = CARTESIAN_POINT('',(-1.8,-1.2,0.));
#4752 = VECTOR('',#4753,1.);
#4753 = DIRECTION('',(0.,0.,1.));
#4754 = ORIENTED_EDGE('',*,*,#3904,.F.);
#4755 = ORIENTED_EDGE('',*,*,#3896,.T.);
#4756 = ORIENTED_EDGE('',*,*,#4552,.T.);
#4757 = ORIENTED_EDGE('',*,*,#4758,.F.);
#4758 = EDGE_CURVE('',#4759,#4553,#4761,.T.);
#4759 = VERTEX_POINT('',#4760);
#4760 = CARTESIAN_POINT('',(-2.6,-1.2,0.15));
#4761 = CIRCLE('',#4762,5.E-02);
#4762 = AXIS2_PLACEMENT_3D('',#4763,#4764,#4765);
#4763 = CARTESIAN_POINT('',(-2.55,-1.2,0.15));
#4764 = DIRECTION('',(-1.224646799147E-16,-1.,-6.005688260885E-65));
#4765 = DIRECTION('',(4.996063166392E-32,-6.118412765058E-48,-1.));
#4766 = ORIENTED_EDGE('',*,*,#4767,.T.);
#4767 = EDGE_CURVE('',#4759,#4768,#4770,.T.);
#4768 = VERTEX_POINT('',#4769);
#4769 = CARTESIAN_POINT('',(-2.6,-1.2,0.85));
#4770 = LINE('',#4771,#4772);
#4771 = CARTESIAN_POINT('',(-2.6,-1.2,5.E-02));
#4772 = VECTOR('',#4773,1.);
#4773 = DIRECTION('',(0.,0.,1.));
#4774 = ORIENTED_EDGE('',*,*,#4775,.F.);
#4775 = EDGE_CURVE('',#4700,#4768,#4776,.T.);
#4776 = CIRCLE('',#4777,5.E-02);
#4777 = AXIS2_PLACEMENT_3D('',#4778,#4779,#4780);
#4778 = CARTESIAN_POINT('',(-2.55,-1.2,0.85));
#4779 = DIRECTION('',(-1.224646799147E-16,-1.,0.));
#4780 = DIRECTION('',(-1.,1.224646799147E-16,0.));
#4781 = ORIENTED_EDGE('',*,*,#4699,.F.);
#4782 = ORIENTED_EDGE('',*,*,#3753,.F.);
#4783 = ORIENTED_EDGE('',*,*,#4583,.T.);
#4784 = ORIENTED_EDGE('',*,*,#4785,.T.);
#4785 = EDGE_CURVE('',#4584,#4725,#4786,.T.);
#4786 = CIRCLE('',#4787,5.E-02);
#4787 = AXIS2_PLACEMENT_3D('',#4788,#4789,#4790);
#4788 = CARTESIAN_POINT('',(-2.65,-1.2,0.95));
#4789 = DIRECTION('',(-1.224646799147E-16,-1.,0.));
#4790 = DIRECTION('',(0.,0.,1.));
#4791 = PLANE('',#4792);
#4792 = AXIS2_PLACEMENT_3D('',#4793,#4794,#4795);
#4793 = CARTESIAN_POINT('',(-1.8,-1.2,0.));
#4794 = DIRECTION('',(-1.224646799147E-16,-1.,0.));
#4795 = DIRECTION('',(-1.,1.224646799147E-16,0.));
#4796 = ADVANCED_FACE('',(#4797),#4822,.T.);
#4797 = FACE_BOUND('',#4798,.T.);
#4798 = EDGE_LOOP('',(#4799,#4800,#4808,#4816));
#4799 = ORIENTED_EDGE('',*,*,#3777,.F.);
#4800 = ORIENTED_EDGE('',*,*,#4801,.T.);
#4801 = EDGE_CURVE('',#3778,#4802,#4804,.T.);
#4802 = VERTEX_POINT('',#4803);
#4803 = CARTESIAN_POINT('',(-2.65,2.1,1.));
#4804 = LINE('',#4805,#4806);
#4805 = CARTESIAN_POINT('',(-1.8,2.1,1.));
#4806 = VECTOR('',#4807,1.);
#4807 = DIRECTION('',(-1.,1.224646799147E-16,0.));
#4808 = ORIENTED_EDGE('',*,*,#4809,.T.);
#4809 = EDGE_CURVE('',#4802,#4810,#4812,.T.);
#4810 = VERTEX_POINT('',#4811);
#4811 = CARTESIAN_POINT('',(-2.65,1.2,1.));
#4812 = LINE('',#4813,#4814);
#4813 = CARTESIAN_POINT('',(-2.65,2.1,1.));
#4814 = VECTOR('',#4815,1.);
#4815 = DIRECTION('',(-1.224646799147E-16,-1.,0.));
#4816 = ORIENTED_EDGE('',*,*,#4817,.T.);
#4817 = EDGE_CURVE('',#4810,#3780,#4818,.T.);
#4818 = LINE('',#4819,#4820);
#4819 = CARTESIAN_POINT('',(-2.7,1.2,1.));
#4820 = VECTOR('',#4821,1.);
#4821 = DIRECTION('',(1.,-1.224646799147E-16,0.));
#4822 = PLANE('',#4823);
#4823 = AXIS2_PLACEMENT_3D('',#4824,#4825,#4826);
#4824 = CARTESIAN_POINT('',(-2.25,1.65,1.));
#4825 = DIRECTION('',(0.,0.,1.));
#4826 = DIRECTION('',(-1.,1.224646799147E-16,0.));
#4827 = ADVANCED_FACE('',(#4828),#4907,.F.);
#4828 = FACE_BOUND('',#4829,.F.);
#4829 = EDGE_LOOP('',(#4830,#4841,#4849,#4856,#4857,#4858,#4866,#4875,
    #4883,#4890,#4891,#4892,#4893,#4901));
#4830 = ORIENTED_EDGE('',*,*,#4831,.F.);
#4831 = EDGE_CURVE('',#4832,#4834,#4836,.T.);
#4832 = VERTEX_POINT('',#4833);
#4833 = CARTESIAN_POINT('',(-2.7,1.2,5.E-02));
#4834 = VERTEX_POINT('',#4835);
#4835 = CARTESIAN_POINT('',(-2.65,1.2,-6.938893903907E-18));
#4836 = CIRCLE('',#4837,5.E-02);
#4837 = AXIS2_PLACEMENT_3D('',#4838,#4839,#4840);
#4838 = CARTESIAN_POINT('',(-2.65,1.2,5.E-02));
#4839 = DIRECTION('',(-1.224646799147E-16,-1.,0.));
#4840 = DIRECTION('',(0.,0.,1.));
#4841 = ORIENTED_EDGE('',*,*,#4842,.T.);
#4842 = EDGE_CURVE('',#4832,#4843,#4845,.T.);
#4843 = VERTEX_POINT('',#4844);
#4844 = CARTESIAN_POINT('',(-2.7,1.2,0.95));
#4845 = LINE('',#4846,#4847);
#4846 = CARTESIAN_POINT('',(-2.7,1.2,0.));
#4847 = VECTOR('',#4848,1.);
#4848 = DIRECTION('',(0.,0.,1.));
#4849 = ORIENTED_EDGE('',*,*,#4850,.F.);
#4850 = EDGE_CURVE('',#4810,#4843,#4851,.T.);
#4851 = CIRCLE('',#4852,5.E-02);
#4852 = AXIS2_PLACEMENT_3D('',#4853,#4854,#4855);
#4853 = CARTESIAN_POINT('',(-2.65,1.2,0.95));
#4854 = DIRECTION('',(-1.224646799147E-16,-1.,0.));
#4855 = DIRECTION('',(0.,0.,1.));
#4856 = ORIENTED_EDGE('',*,*,#4817,.T.);
#4857 = ORIENTED_EDGE('',*,*,#3803,.F.);
#4858 = ORIENTED_EDGE('',*,*,#4859,.F.);
#4859 = EDGE_CURVE('',#4860,#3796,#4862,.T.);
#4860 = VERTEX_POINT('',#4861);
#4861 = CARTESIAN_POINT('',(-2.55,1.2,0.9));
#4862 = LINE('',#4863,#4864);
#4863 = CARTESIAN_POINT('',(-2.475,1.2,0.9));
#4864 = VECTOR('',#4865,1.);
#4865 = DIRECTION('',(1.,-1.224646799147E-16,4.996063166392E-32));
#4866 = ORIENTED_EDGE('',*,*,#4867,.T.);
#4867 = EDGE_CURVE('',#4860,#4868,#4870,.T.);
#4868 = VERTEX_POINT('',#4869);
#4869 = CARTESIAN_POINT('',(-2.6,1.2,0.85));
#4870 = CIRCLE('',#4871,5.E-02);
#4871 = AXIS2_PLACEMENT_3D('',#4872,#4873,#4874);
#4872 = CARTESIAN_POINT('',(-2.55,1.2,0.85));
#4873 = DIRECTION('',(-1.224646799147E-16,-1.,0.));
#4874 = DIRECTION('',(-1.,1.224646799147E-16,0.));
#4875 = ORIENTED_EDGE('',*,*,#4876,.T.);
#4876 = EDGE_CURVE('',#4868,#4877,#4879,.T.);
#4877 = VERTEX_POINT('',#4878);
#4878 = CARTESIAN_POINT('',(-2.6,1.2,0.15));
#4879 = LINE('',#4880,#4881);
#4880 = CARTESIAN_POINT('',(-2.6,1.2,5.E-02));
#4881 = VECTOR('',#4882,1.);
#4882 = DIRECTION('',(0.,0.,-1.));
#4883 = ORIENTED_EDGE('',*,*,#4884,.T.);
#4884 = EDGE_CURVE('',#4877,#4530,#4885,.T.);
#4885 = CIRCLE('',#4886,5.E-02);
#4886 = AXIS2_PLACEMENT_3D('',#4887,#4888,#4889);
#4887 = CARTESIAN_POINT('',(-2.55,1.2,0.15));
#4888 = DIRECTION('',(-1.224646799147E-16,-1.,-6.005688260885E-65));
#4889 = DIRECTION('',(4.996063166392E-32,-6.118412765058E-48,-1.));
#4890 = ORIENTED_EDGE('',*,*,#4537,.T.);
#4891 = ORIENTED_EDGE('',*,*,#3889,.T.);
#4892 = ORIENTED_EDGE('',*,*,#3881,.F.);
#4893 = ORIENTED_EDGE('',*,*,#4894,.F.);
#4894 = EDGE_CURVE('',#4895,#3874,#4897,.T.);
#4895 = VERTEX_POINT('',#4896);
#4896 = CARTESIAN_POINT('',(-1.8,1.2,0.));
#4897 = LINE('',#4898,#4899);
#4898 = CARTESIAN_POINT('',(-1.8,1.2,0.));
#4899 = VECTOR('',#4900,1.);
#4900 = DIRECTION('',(0.,0.,1.));
#4901 = ORIENTED_EDGE('',*,*,#4902,.F.);
#4902 = EDGE_CURVE('',#4834,#4895,#4903,.T.);
#4903 = LINE('',#4904,#4905);
#4904 = CARTESIAN_POINT('',(-2.7,1.2,0.));
#4905 = VECTOR('',#4906,1.);
#4906 = DIRECTION('',(1.,-1.224646799147E-16,0.));
#4907 = PLANE('',#4908);
#4908 = AXIS2_PLACEMENT_3D('',#4909,#4910,#4911);
#4909 = CARTESIAN_POINT('',(-2.7,1.2,0.));
#4910 = DIRECTION('',(1.224646799147E-16,1.,0.));
#4911 = DIRECTION('',(1.,-1.224646799147E-16,0.));
#4912 = ADVANCED_FACE('',(#4913),#4931,.F.);
#4913 = FACE_BOUND('',#4914,.F.);
#4914 = EDGE_LOOP('',(#4915,#4916,#4924,#4930));
#4915 = ORIENTED_EDGE('',*,*,#3795,.F.);
#4916 = ORIENTED_EDGE('',*,*,#4917,.T.);
#4917 = EDGE_CURVE('',#3788,#4918,#4920,.T.);
#4918 = VERTEX_POINT('',#4919);
#4919 = CARTESIAN_POINT('',(-2.55,2.1,0.9));
#4920 = LINE('',#4921,#4922);
#4921 = CARTESIAN_POINT('',(-2.025,2.1,0.9));
#4922 = VECTOR('',#4923,1.);
#4923 = DIRECTION('',(-1.,1.224646799147E-16,-4.996063166392E-32));
#4924 = ORIENTED_EDGE('',*,*,#4925,.T.);
#4925 = EDGE_CURVE('',#4918,#4860,#4926,.T.);
#4926 = LINE('',#4927,#4928);
#4927 = CARTESIAN_POINT('',(-2.55,2.2,0.9));
#4928 = VECTOR('',#4929,1.);
#4929 = DIRECTION('',(-1.224646799147E-16,-1.,0.));
#4930 = ORIENTED_EDGE('',*,*,#4859,.T.);
#4931 = PLANE('',#4932);
#4932 = AXIS2_PLACEMENT_3D('',#4933,#4934,#4935);
#4933 = CARTESIAN_POINT('',(-2.25,1.65,0.9));
#4934 = DIRECTION('',(-4.996063166392E-32,1.556307025767E-32,1.));
#4935 = DIRECTION('',(-1.,1.224646799147E-16,-4.996063166392E-32));
#4936 = ADVANCED_FACE('',(#4937),#5009,.F.);
#4937 = FACE_BOUND('',#4938,.F.);
#4938 = EDGE_LOOP('',(#4939,#4949,#4958,#4966,#4972,#4973,#4974,#4975,
    #4984,#4992,#4999,#5000,#5001,#5002));
#4939 = ORIENTED_EDGE('',*,*,#4940,.F.);
#4940 = EDGE_CURVE('',#4941,#4943,#4945,.T.);
#4941 = VERTEX_POINT('',#4942);
#4942 = CARTESIAN_POINT('',(-2.7,2.1,5.E-02));
#4943 = VERTEX_POINT('',#4944);
#4944 = CARTESIAN_POINT('',(-2.7,2.1,0.95));
#4945 = LINE('',#4946,#4947);
#4946 = CARTESIAN_POINT('',(-2.7,2.1,0.));
#4947 = VECTOR('',#4948,1.);
#4948 = DIRECTION('',(0.,0.,1.));
#4949 = ORIENTED_EDGE('',*,*,#4950,.T.);
#4950 = EDGE_CURVE('',#4941,#4951,#4953,.T.);
#4951 = VERTEX_POINT('',#4952);
#4952 = CARTESIAN_POINT('',(-2.65,2.1,-6.938893903907E-18));
#4953 = CIRCLE('',#4954,5.E-02);
#4954 = AXIS2_PLACEMENT_3D('',#4955,#4956,#4957);
#4955 = CARTESIAN_POINT('',(-2.65,2.1,5.E-02));
#4956 = DIRECTION('',(-1.224646799147E-16,-1.,0.));
#4957 = DIRECTION('',(0.,0.,1.));
#4958 = ORIENTED_EDGE('',*,*,#4959,.F.);
#4959 = EDGE_CURVE('',#4960,#4951,#4962,.T.);
#4960 = VERTEX_POINT('',#4961);
#4961 = CARTESIAN_POINT('',(-1.8,2.1,0.));
#4962 = LINE('',#4963,#4964);
#4963 = CARTESIAN_POINT('',(-1.8,2.1,0.));
#4964 = VECTOR('',#4965,1.);
#4965 = DIRECTION('',(-1.,1.224646799147E-16,0.));
#4966 = ORIENTED_EDGE('',*,*,#4967,.T.);
#4967 = EDGE_CURVE('',#4960,#3866,#4968,.T.);
#4968 = LINE('',#4969,#4970);
#4969 = CARTESIAN_POINT('',(-1.8,2.1,0.));
#4970 = VECTOR('',#4971,1.);
#4971 = DIRECTION('',(0.,0.,1.));
#4972 = ORIENTED_EDGE('',*,*,#3865,.F.);
#4973 = ORIENTED_EDGE('',*,*,#3857,.T.);
#4974 = ORIENTED_EDGE('',*,*,#4521,.T.);
#4975 = ORIENTED_EDGE('',*,*,#4976,.F.);
#4976 = EDGE_CURVE('',#4977,#4522,#4979,.T.);
#4977 = VERTEX_POINT('',#4978);
#4978 = CARTESIAN_POINT('',(-2.6,2.1,0.15));
#4979 = CIRCLE('',#4980,5.E-02);
#4980 = AXIS2_PLACEMENT_3D('',#4981,#4982,#4983);
#4981 = CARTESIAN_POINT('',(-2.55,2.1,0.15));
#4982 = DIRECTION('',(-1.224646799147E-16,-1.,-6.005688260885E-65));
#4983 = DIRECTION('',(4.996063166392E-32,-6.118412765058E-48,-1.));
#4984 = ORIENTED_EDGE('',*,*,#4985,.T.);
#4985 = EDGE_CURVE('',#4977,#4986,#4988,.T.);
#4986 = VERTEX_POINT('',#4987);
#4987 = CARTESIAN_POINT('',(-2.6,2.1,0.85));
#4988 = LINE('',#4989,#4990);
#4989 = CARTESIAN_POINT('',(-2.6,2.1,5.E-02));
#4990 = VECTOR('',#4991,1.);
#4991 = DIRECTION('',(0.,0.,1.));
#4992 = ORIENTED_EDGE('',*,*,#4993,.F.);
#4993 = EDGE_CURVE('',#4918,#4986,#4994,.T.);
#4994 = CIRCLE('',#4995,5.E-02);
#4995 = AXIS2_PLACEMENT_3D('',#4996,#4997,#4998);
#4996 = CARTESIAN_POINT('',(-2.55,2.1,0.85));
#4997 = DIRECTION('',(-1.224646799147E-16,-1.,0.));
#4998 = DIRECTION('',(-1.,1.224646799147E-16,0.));
#4999 = ORIENTED_EDGE('',*,*,#4917,.F.);
#5000 = ORIENTED_EDGE('',*,*,#3787,.F.);
#5001 = ORIENTED_EDGE('',*,*,#4801,.T.);
#5002 = ORIENTED_EDGE('',*,*,#5003,.T.);
#5003 = EDGE_CURVE('',#4802,#4943,#5004,.T.);
#5004 = CIRCLE('',#5005,5.E-02);
#5005 = AXIS2_PLACEMENT_3D('',#5006,#5007,#5008);
#5006 = CARTESIAN_POINT('',(-2.65,2.1,0.95));
#5007 = DIRECTION('',(-1.224646799147E-16,-1.,0.));
#5008 = DIRECTION('',(0.,0.,1.));
#5009 = PLANE('',#5010);
#5010 = AXIS2_PLACEMENT_3D('',#5011,#5012,#5013);
#5011 = CARTESIAN_POINT('',(-1.8,2.1,0.));
#5012 = DIRECTION('',(-1.224646799147E-16,-1.,0.));
#5013 = DIRECTION('',(-1.,1.224646799147E-16,0.));
#5014 = ADVANCED_FACE('',(#5015),#5026,.F.);
#5015 = FACE_BOUND('',#5016,.F.);
#5016 = EDGE_LOOP('',(#5017,#5023,#5024,#5025));
#5017 = ORIENTED_EDGE('',*,*,#5018,.F.);
#5018 = EDGE_CURVE('',#4281,#4135,#5019,.T.);
#5019 = LINE('',#5020,#5021);
#5020 = CARTESIAN_POINT('',(1.8,2.1,0.));
#5021 = VECTOR('',#5022,1.);
#5022 = DIRECTION('',(-1.224646799147E-16,-1.,0.));
#5023 = ORIENTED_EDGE('',*,*,#4280,.T.);
#5024 = ORIENTED_EDGE('',*,*,#3992,.F.);
#5025 = ORIENTED_EDGE('',*,*,#4142,.F.);
#5026 = PLANE('',#5027);
#5027 = AXIS2_PLACEMENT_3D('',#5028,#5029,#5030);
#5028 = CARTESIAN_POINT('',(1.8,2.1,0.));
#5029 = DIRECTION('',(1.,-1.224646799147E-16,0.));
#5030 = DIRECTION('',(-1.224646799147E-16,-1.,0.));
#5031 = ADVANCED_FACE('',(#5032),#5043,.F.);
#5032 = FACE_BOUND('',#5033,.F.);
#5033 = EDGE_LOOP('',(#5034,#5040,#5041,#5042));
#5034 = ORIENTED_EDGE('',*,*,#5035,.F.);
#5035 = EDGE_CURVE('',#4397,#4462,#5036,.T.);
#5036 = LINE('',#5037,#5038);
#5037 = CARTESIAN_POINT('',(1.8,-1.2,0.));
#5038 = VECTOR('',#5039,1.);
#5039 = DIRECTION('',(-1.224646799147E-16,-1.,0.));
#5040 = ORIENTED_EDGE('',*,*,#4396,.T.);
#5041 = ORIENTED_EDGE('',*,*,#3953,.F.);
#5042 = ORIENTED_EDGE('',*,*,#4469,.F.);
#5043 = PLANE('',#5044);
#5044 = AXIS2_PLACEMENT_3D('',#5045,#5046,#5047);
#5045 = CARTESIAN_POINT('',(1.8,-1.2,0.));
#5046 = DIRECTION('',(1.,-1.224646799147E-16,0.));
#5047 = DIRECTION('',(-1.224646799147E-16,-1.,0.));
#5048 = ADVANCED_FACE('',(#5049),#5060,.F.);
#5049 = FACE_BOUND('',#5050,.F.);
#5050 = EDGE_LOOP('',(#5051,#5057,#5058,#5059));
#5051 = ORIENTED_EDGE('',*,*,#5052,.F.);
#5052 = EDGE_CURVE('',#4677,#4742,#5053,.T.);
#5053 = LINE('',#5054,#5055);
#5054 = CARTESIAN_POINT('',(-1.8,-2.1,0.));
#5055 = VECTOR('',#5056,1.);
#5056 = DIRECTION('',(1.224646799147E-16,1.,0.));
#5057 = ORIENTED_EDGE('',*,*,#4676,.T.);
#5058 = ORIENTED_EDGE('',*,*,#3912,.F.);
#5059 = ORIENTED_EDGE('',*,*,#4749,.F.);
#5060 = PLANE('',#5061);
#5061 = AXIS2_PLACEMENT_3D('',#5062,#5063,#5064);
#5062 = CARTESIAN_POINT('',(-1.8,-2.1,0.));
#5063 = DIRECTION('',(-1.,1.224646799147E-16,0.));
#5064 = DIRECTION('',(1.224646799147E-16,1.,0.));
#5065 = ADVANCED_FACE('',(#5066),#5077,.F.);
#5066 = FACE_BOUND('',#5067,.F.);
#5067 = EDGE_LOOP('',(#5068,#5074,#5075,#5076));
#5068 = ORIENTED_EDGE('',*,*,#5069,.F.);
#5069 = EDGE_CURVE('',#4895,#4960,#5070,.T.);
#5070 = LINE('',#5071,#5072);
#5071 = CARTESIAN_POINT('',(-1.8,1.2,0.));
#5072 = VECTOR('',#5073,1.);
#5073 = DIRECTION('',(1.224646799147E-16,1.,0.));
#5074 = ORIENTED_EDGE('',*,*,#4894,.T.);
#5075 = ORIENTED_EDGE('',*,*,#3873,.F.);
#5076 = ORIENTED_EDGE('',*,*,#4967,.F.);
#5077 = PLANE('',#5078);
#5078 = AXIS2_PLACEMENT_3D('',#5079,#5080,#5081);
#5079 = CARTESIAN_POINT('',(-1.8,1.2,0.));
#5080 = DIRECTION('',(-1.,1.224646799147E-16,0.));
#5081 = DIRECTION('',(1.224646799147E-16,1.,0.));
#5082 = ADVANCED_FACE('',(#5083),#5094,.F.);
#5083 = FACE_BOUND('',#5084,.F.);
#5084 = EDGE_LOOP('',(#5085,#5086,#5087,#5088));
#5085 = ORIENTED_EDGE('',*,*,#4151,.T.);
#5086 = ORIENTED_EDGE('',*,*,#4022,.T.);
#5087 = ORIENTED_EDGE('',*,*,#4270,.F.);
#5088 = ORIENTED_EDGE('',*,*,#5089,.F.);
#5089 = EDGE_CURVE('',#4152,#4263,#5090,.T.);
#5090 = LINE('',#5091,#5092);
#5091 = CARTESIAN_POINT('',(2.6,1.1,0.15));
#5092 = VECTOR('',#5093,1.);
#5093 = DIRECTION('',(1.224646799147E-16,1.,0.));
#5094 = CYLINDRICAL_SURFACE('',#5095,5.E-02);
#5095 = AXIS2_PLACEMENT_3D('',#5096,#5097,#5098);
#5096 = CARTESIAN_POINT('',(2.55,1.1,0.15));
#5097 = DIRECTION('',(1.224646799147E-16,1.,0.));
#5098 = DIRECTION('',(1.,-1.224646799147E-16,0.));
#5099 = ADVANCED_FACE('',(#5100),#5111,.F.);
#5100 = FACE_BOUND('',#5101,.F.);
#5101 = EDGE_LOOP('',(#5102,#5103,#5104,#5105));
#5102 = ORIENTED_EDGE('',*,*,#4478,.T.);
#5103 = ORIENTED_EDGE('',*,*,#4053,.T.);
#5104 = ORIENTED_EDGE('',*,*,#4386,.F.);
#5105 = ORIENTED_EDGE('',*,*,#5106,.F.);
#5106 = EDGE_CURVE('',#4479,#4379,#5107,.T.);
#5107 = LINE('',#5108,#5109);
#5108 = CARTESIAN_POINT('',(2.6,-2.2,0.15));
#5109 = VECTOR('',#5110,1.);
#5110 = DIRECTION('',(1.224646799147E-16,1.,0.));
#5111 = CYLINDRICAL_SURFACE('',#5112,5.E-02);
#5112 = AXIS2_PLACEMENT_3D('',#5113,#5114,#5115);
#5113 = CARTESIAN_POINT('',(2.55,-2.2,0.15));
#5114 = DIRECTION('',(1.224646799147E-16,1.,0.));
#5115 = DIRECTION('',(1.,-1.224646799147E-16,0.));
#5116 = ADVANCED_FACE('',(#5117),#5128,.F.);
#5117 = FACE_BOUND('',#5118,.F.);
#5118 = EDGE_LOOP('',(#5119,#5125,#5126,#5127));
#5119 = ORIENTED_EDGE('',*,*,#5120,.T.);
#5120 = EDGE_CURVE('',#4161,#4254,#5121,.T.);
#5121 = LINE('',#5122,#5123);
#5122 = CARTESIAN_POINT('',(2.6,1.1,0.85));
#5123 = VECTOR('',#5124,1.);
#5124 = DIRECTION('',(1.224646799147E-16,1.,0.));
#5125 = ORIENTED_EDGE('',*,*,#4253,.F.);
#5126 = ORIENTED_EDGE('',*,*,#4084,.F.);
#5127 = ORIENTED_EDGE('',*,*,#4168,.T.);
#5128 = CYLINDRICAL_SURFACE('',#5129,5.E-02);
#5129 = AXIS2_PLACEMENT_3D('',#5130,#5131,#5132);
#5130 = CARTESIAN_POINT('',(2.55,1.1,0.85));
#5131 = DIRECTION('',(1.224646799147E-16,1.,0.));
#5132 = DIRECTION('',(1.,-1.224646799147E-16,0.));
#5133 = ADVANCED_FACE('',(#5134),#5150,.F.);
#5134 = FACE_BOUND('',#5135,.F.);
#5135 = EDGE_LOOP('',(#5136,#5137,#5143,#5144));
#5136 = ORIENTED_EDGE('',*,*,#4115,.T.);
#5137 = ORIENTED_EDGE('',*,*,#5138,.T.);
#5138 = EDGE_CURVE('',#4118,#4236,#5139,.T.);
#5139 = LINE('',#5140,#5141);
#5140 = CARTESIAN_POINT('',(2.7,1.2,0.95));
#5141 = VECTOR('',#5142,1.);
#5142 = DIRECTION('',(1.224646799147E-16,1.,0.));
#5143 = ORIENTED_EDGE('',*,*,#4235,.F.);
#5144 = ORIENTED_EDGE('',*,*,#5145,.F.);
#5145 = EDGE_CURVE('',#4116,#4225,#5146,.T.);
#5146 = LINE('',#5147,#5148);
#5147 = CARTESIAN_POINT('',(2.7,1.2,5.E-02));
#5148 = VECTOR('',#5149,1.);
#5149 = DIRECTION('',(1.224646799147E-16,1.,0.));
#5150 = PLANE('',#5151);
#5151 = AXIS2_PLACEMENT_3D('',#5152,#5153,#5154);
#5152 = CARTESIAN_POINT('',(2.7,1.2,0.));
#5153 = DIRECTION('',(-1.,1.224646799147E-16,0.));
#5154 = DIRECTION('',(1.224646799147E-16,1.,0.));
#5155 = ADVANCED_FACE('',(#5156),#5162,.T.);
#5156 = FACE_BOUND('',#5157,.T.);
#5157 = EDGE_LOOP('',(#5158,#5159,#5160,#5161));
#5158 = ORIENTED_EDGE('',*,*,#5138,.T.);
#5159 = ORIENTED_EDGE('',*,*,#4243,.T.);
#5160 = ORIENTED_EDGE('',*,*,#4200,.F.);
#5161 = ORIENTED_EDGE('',*,*,#4185,.F.);
#5162 = CYLINDRICAL_SURFACE('',#5163,5.E-02);
#5163 = AXIS2_PLACEMENT_3D('',#5164,#5165,#5166);
#5164 = CARTESIAN_POINT('',(2.65,1.2,0.95));
#5165 = DIRECTION('',(1.224646799147E-16,1.,0.));
#5166 = DIRECTION('',(1.,-1.224646799147E-16,0.));
#5167 = ADVANCED_FACE('',(#5168),#5174,.T.);
#5168 = FACE_BOUND('',#5169,.T.);
#5169 = EDGE_LOOP('',(#5170,#5171,#5172,#5173));
#5170 = ORIENTED_EDGE('',*,*,#5089,.F.);
#5171 = ORIENTED_EDGE('',*,*,#4160,.T.);
#5172 = ORIENTED_EDGE('',*,*,#5120,.T.);
#5173 = ORIENTED_EDGE('',*,*,#4262,.T.);
#5174 = PLANE('',#5175);
#5175 = AXIS2_PLACEMENT_3D('',#5176,#5177,#5178);
#5176 = CARTESIAN_POINT('',(2.6,1.1,0.1));
#5177 = DIRECTION('',(-1.,1.224646799147E-16,0.));
#5178 = DIRECTION('',(1.224646799147E-16,1.,0.));
#5179 = ADVANCED_FACE('',(#5180),#5191,.F.);
#5180 = FACE_BOUND('',#5181,.F.);
#5181 = EDGE_LOOP('',(#5182,#5183,#5184,#5185));
#5182 = ORIENTED_EDGE('',*,*,#4288,.T.);
#5183 = ORIENTED_EDGE('',*,*,#5018,.T.);
#5184 = ORIENTED_EDGE('',*,*,#4134,.T.);
#5185 = ORIENTED_EDGE('',*,*,#5186,.T.);
#5186 = EDGE_CURVE('',#4126,#4227,#5187,.T.);
#5187 = LINE('',#5188,#5189);
#5188 = CARTESIAN_POINT('',(2.65,1.2,-6.938893903907E-18));
#5189 = VECTOR('',#5190,1.);
#5190 = DIRECTION('',(1.224646799147E-16,1.,0.));
#5191 = PLANE('',#5192);
#5192 = AXIS2_PLACEMENT_3D('',#5193,#5194,#5195);
#5193 = CARTESIAN_POINT('',(2.25,1.65,0.));
#5194 = DIRECTION('',(0.,0.,1.));
#5195 = DIRECTION('',(-1.,1.224646799147E-16,0.));
#5196 = ADVANCED_FACE('',(#5197),#5203,.T.);
#5197 = FACE_BOUND('',#5198,.T.);
#5198 = EDGE_LOOP('',(#5199,#5200,#5201,#5202));
#5199 = ORIENTED_EDGE('',*,*,#4125,.T.);
#5200 = ORIENTED_EDGE('',*,*,#5186,.T.);
#5201 = ORIENTED_EDGE('',*,*,#4224,.F.);
#5202 = ORIENTED_EDGE('',*,*,#5145,.F.);
#5203 = CYLINDRICAL_SURFACE('',#5204,5.E-02);
#5204 = AXIS2_PLACEMENT_3D('',#5205,#5206,#5207);
#5205 = CARTESIAN_POINT('',(2.65,1.2,5.E-02));
#5206 = DIRECTION('',(1.224646799147E-16,1.,0.));
#5207 = DIRECTION('',(1.,-1.224646799147E-16,0.));
#5208 = ADVANCED_FACE('',(#5209),#5220,.T.);
#5209 = FACE_BOUND('',#5210,.T.);
#5210 = EDGE_LOOP('',(#5211,#5217,#5218,#5219));
#5211 = ORIENTED_EDGE('',*,*,#5212,.T.);
#5212 = EDGE_CURVE('',#4445,#4345,#5213,.T.);
#5213 = LINE('',#5214,#5215);
#5214 = CARTESIAN_POINT('',(2.7,-2.1,0.95));
#5215 = VECTOR('',#5216,1.);
#5216 = DIRECTION('',(1.224646799147E-16,1.,0.));
#5217 = ORIENTED_EDGE('',*,*,#4352,.T.);
#5218 = ORIENTED_EDGE('',*,*,#4302,.F.);
#5219 = ORIENTED_EDGE('',*,*,#4505,.F.);
#5220 = CYLINDRICAL_SURFACE('',#5221,5.E-02);
#5221 = AXIS2_PLACEMENT_3D('',#5222,#5223,#5224);
#5222 = CARTESIAN_POINT('',(2.65,-2.1,0.95));
#5223 = DIRECTION('',(1.224646799147E-16,1.,0.));
#5224 = DIRECTION('',(1.,-1.224646799147E-16,0.));
#5225 = ADVANCED_FACE('',(#5226),#5242,.T.);
#5226 = FACE_BOUND('',#5227,.T.);
#5227 = EDGE_LOOP('',(#5228,#5229,#5235,#5236));
#5228 = ORIENTED_EDGE('',*,*,#4452,.T.);
#5229 = ORIENTED_EDGE('',*,*,#5230,.T.);
#5230 = EDGE_CURVE('',#4453,#4336,#5231,.T.);
#5231 = LINE('',#5232,#5233);
#5232 = CARTESIAN_POINT('',(2.65,-2.1,-6.938893903907E-18));
#5233 = VECTOR('',#5234,1.);
#5234 = DIRECTION('',(1.224646799147E-16,1.,0.));
#5235 = ORIENTED_EDGE('',*,*,#4333,.F.);
#5236 = ORIENTED_EDGE('',*,*,#5237,.F.);
#5237 = EDGE_CURVE('',#4443,#4334,#5238,.T.);
#5238 = LINE('',#5239,#5240);
#5239 = CARTESIAN_POINT('',(2.7,-2.1,5.E-02));
#5240 = VECTOR('',#5241,1.);
#5241 = DIRECTION('',(1.224646799147E-16,1.,0.));
#5242 = CYLINDRICAL_SURFACE('',#5243,5.E-02);
#5243 = AXIS2_PLACEMENT_3D('',#5244,#5245,#5246);
#5244 = CARTESIAN_POINT('',(2.65,-2.1,5.E-02));
#5245 = DIRECTION('',(1.224646799147E-16,1.,0.));
#5246 = DIRECTION('',(1.,-1.224646799147E-16,0.));
#5247 = ADVANCED_FACE('',(#5248),#5254,.F.);
#5248 = FACE_BOUND('',#5249,.F.);
#5249 = EDGE_LOOP('',(#5250,#5251,#5252,#5253));
#5250 = ORIENTED_EDGE('',*,*,#4404,.T.);
#5251 = ORIENTED_EDGE('',*,*,#5035,.T.);
#5252 = ORIENTED_EDGE('',*,*,#4461,.T.);
#5253 = ORIENTED_EDGE('',*,*,#5230,.T.);
#5254 = PLANE('',#5255);
#5255 = AXIS2_PLACEMENT_3D('',#5256,#5257,#5258);
#5256 = CARTESIAN_POINT('',(2.25,-1.65,0.));
#5257 = DIRECTION('',(0.,0.,1.));
#5258 = DIRECTION('',(-1.,1.224646799147E-16,0.));
#5259 = ADVANCED_FACE('',(#5260),#5271,.T.);
#5260 = FACE_BOUND('',#5261,.T.);
#5261 = EDGE_LOOP('',(#5262,#5263,#5264,#5270));
#5262 = ORIENTED_EDGE('',*,*,#5106,.F.);
#5263 = ORIENTED_EDGE('',*,*,#4487,.T.);
#5264 = ORIENTED_EDGE('',*,*,#5265,.T.);
#5265 = EDGE_CURVE('',#4488,#4370,#5266,.T.);
#5266 = LINE('',#5267,#5268);
#5267 = CARTESIAN_POINT('',(2.6,-2.2,0.85));
#5268 = VECTOR('',#5269,1.);
#5269 = DIRECTION('',(1.224646799147E-16,1.,0.));
#5270 = ORIENTED_EDGE('',*,*,#4378,.T.);
#5271 = PLANE('',#5272);
#5272 = AXIS2_PLACEMENT_3D('',#5273,#5274,#5275);
#5273 = CARTESIAN_POINT('',(2.6,-2.2,0.1));
#5274 = DIRECTION('',(-1.,1.224646799147E-16,0.));
#5275 = DIRECTION('',(1.224646799147E-16,1.,0.));
#5276 = ADVANCED_FACE('',(#5277),#5283,.F.);
#5277 = FACE_BOUND('',#5278,.F.);
#5278 = EDGE_LOOP('',(#5279,#5280,#5281,#5282));
#5279 = ORIENTED_EDGE('',*,*,#5265,.T.);
#5280 = ORIENTED_EDGE('',*,*,#4369,.F.);
#5281 = ORIENTED_EDGE('',*,*,#4418,.F.);
#5282 = ORIENTED_EDGE('',*,*,#4495,.T.);
#5283 = CYLINDRICAL_SURFACE('',#5284,5.E-02);
#5284 = AXIS2_PLACEMENT_3D('',#5285,#5286,#5287);
#5285 = CARTESIAN_POINT('',(2.55,-2.2,0.85));
#5286 = DIRECTION('',(1.224646799147E-16,1.,0.));
#5287 = DIRECTION('',(1.,-1.224646799147E-16,0.));
#5288 = ADVANCED_FACE('',(#5289),#5295,.F.);
#5289 = FACE_BOUND('',#5290,.F.);
#5290 = EDGE_LOOP('',(#5291,#5292,#5293,#5294));
#5291 = ORIENTED_EDGE('',*,*,#4442,.T.);
#5292 = ORIENTED_EDGE('',*,*,#5212,.T.);
#5293 = ORIENTED_EDGE('',*,*,#4344,.F.);
#5294 = ORIENTED_EDGE('',*,*,#5237,.F.);
#5295 = PLANE('',#5296);
#5296 = AXIS2_PLACEMENT_3D('',#5297,#5298,#5299);
#5297 = CARTESIAN_POINT('',(2.7,-2.1,0.));
#5298 = DIRECTION('',(-1.,1.224646799147E-16,0.));
#5299 = DIRECTION('',(1.224646799147E-16,1.,0.));
#5300 = ADVANCED_FACE('',(#5301),#5312,.F.);
#5301 = FACE_BOUND('',#5302,.F.);
#5302 = EDGE_LOOP('',(#5303,#5304,#5310,#5311));
#5303 = ORIENTED_EDGE('',*,*,#4884,.F.);
#5304 = ORIENTED_EDGE('',*,*,#5305,.F.);
#5305 = EDGE_CURVE('',#4977,#4877,#5306,.T.);
#5306 = LINE('',#5307,#5308);
#5307 = CARTESIAN_POINT('',(-2.6,2.2,0.15));
#5308 = VECTOR('',#5309,1.);
#5309 = DIRECTION('',(-1.224646799147E-16,-1.,0.));
#5310 = ORIENTED_EDGE('',*,*,#4976,.T.);
#5311 = ORIENTED_EDGE('',*,*,#4529,.T.);
#5312 = CYLINDRICAL_SURFACE('',#5313,5.E-02);
#5313 = AXIS2_PLACEMENT_3D('',#5314,#5315,#5316);
#5314 = CARTESIAN_POINT('',(-2.55,2.2,0.15));
#5315 = DIRECTION('',(-1.224646799147E-16,-1.,0.));
#5316 = DIRECTION('',(4.996063166392E-32,-6.118412765058E-48,-1.));
#5317 = ADVANCED_FACE('',(#5318),#5329,.F.);
#5318 = FACE_BOUND('',#5319,.F.);
#5319 = EDGE_LOOP('',(#5320,#5321,#5327,#5328));
#5320 = ORIENTED_EDGE('',*,*,#4666,.F.);
#5321 = ORIENTED_EDGE('',*,*,#5322,.F.);
#5322 = EDGE_CURVE('',#4759,#4659,#5323,.T.);
#5323 = LINE('',#5324,#5325);
#5324 = CARTESIAN_POINT('',(-2.6,-1.1,0.15));
#5325 = VECTOR('',#5326,1.);
#5326 = DIRECTION('',(-1.224646799147E-16,-1.,0.));
#5327 = ORIENTED_EDGE('',*,*,#4758,.T.);
#5328 = ORIENTED_EDGE('',*,*,#4560,.T.);
#5329 = CYLINDRICAL_SURFACE('',#5330,5.E-02);
#5330 = AXIS2_PLACEMENT_3D('',#5331,#5332,#5333);
#5331 = CARTESIAN_POINT('',(-2.55,-1.1,0.15));
#5332 = DIRECTION('',(-1.224646799147E-16,-1.,0.));
#5333 = DIRECTION('',(4.996063166392E-32,-6.118412765058E-48,-1.));
#5334 = ADVANCED_FACE('',(#5335),#5346,.T.);
#5335 = FACE_BOUND('',#5336,.T.);
#5336 = EDGE_LOOP('',(#5337,#5338,#5344,#5345));
#5337 = ORIENTED_EDGE('',*,*,#4785,.T.);
#5338 = ORIENTED_EDGE('',*,*,#5339,.T.);
#5339 = EDGE_CURVE('',#4725,#4625,#5340,.T.);
#5340 = LINE('',#5341,#5342);
#5341 = CARTESIAN_POINT('',(-2.7,-1.2,0.95));
#5342 = VECTOR('',#5343,1.);
#5343 = DIRECTION('',(-1.224646799147E-16,-1.,0.));
#5344 = ORIENTED_EDGE('',*,*,#4632,.F.);
#5345 = ORIENTED_EDGE('',*,*,#4591,.F.);
#5346 = CYLINDRICAL_SURFACE('',#5347,5.E-02);
#5347 = AXIS2_PLACEMENT_3D('',#5348,#5349,#5350);
#5348 = CARTESIAN_POINT('',(-2.65,-1.2,0.95));
#5349 = DIRECTION('',(-1.224646799147E-16,-1.,0.));
#5350 = DIRECTION('',(0.,0.,1.));
#5351 = ADVANCED_FACE('',(#5352),#5368,.T.);
#5352 = FACE_BOUND('',#5353,.T.);
#5353 = EDGE_LOOP('',(#5354,#5355,#5361,#5362));
#5354 = ORIENTED_EDGE('',*,*,#4732,.T.);
#5355 = ORIENTED_EDGE('',*,*,#5356,.T.);
#5356 = EDGE_CURVE('',#4733,#4616,#5357,.T.);
#5357 = LINE('',#5358,#5359);
#5358 = CARTESIAN_POINT('',(-2.65,-1.2,-6.938893903907E-18));
#5359 = VECTOR('',#5360,1.);
#5360 = DIRECTION('',(-1.224646799147E-16,-1.,0.));
#5361 = ORIENTED_EDGE('',*,*,#4613,.F.);
#5362 = ORIENTED_EDGE('',*,*,#5363,.F.);
#5363 = EDGE_CURVE('',#4723,#4614,#5364,.T.);
#5364 = LINE('',#5365,#5366);
#5365 = CARTESIAN_POINT('',(-2.7,-1.2,5.E-02));
#5366 = VECTOR('',#5367,1.);
#5367 = DIRECTION('',(-1.224646799147E-16,-1.,0.));
#5368 = CYLINDRICAL_SURFACE('',#5369,5.E-02);
#5369 = AXIS2_PLACEMENT_3D('',#5370,#5371,#5372);
#5370 = CARTESIAN_POINT('',(-2.65,-1.2,5.E-02));
#5371 = DIRECTION('',(-1.224646799147E-16,-1.,0.));
#5372 = DIRECTION('',(-1.,1.224646799147E-16,0.));
#5373 = ADVANCED_FACE('',(#5374),#5380,.F.);
#5374 = FACE_BOUND('',#5375,.F.);
#5375 = EDGE_LOOP('',(#5376,#5377,#5378,#5379));
#5376 = ORIENTED_EDGE('',*,*,#4741,.T.);
#5377 = ORIENTED_EDGE('',*,*,#5356,.T.);
#5378 = ORIENTED_EDGE('',*,*,#4684,.T.);
#5379 = ORIENTED_EDGE('',*,*,#5052,.T.);
#5380 = PLANE('',#5381);
#5381 = AXIS2_PLACEMENT_3D('',#5382,#5383,#5384);
#5382 = CARTESIAN_POINT('',(-2.25,-1.65,0.));
#5383 = DIRECTION('',(0.,0.,1.));
#5384 = DIRECTION('',(-1.,1.224646799147E-16,0.));
#5385 = ADVANCED_FACE('',(#5386),#5397,.T.);
#5386 = FACE_BOUND('',#5387,.T.);
#5387 = EDGE_LOOP('',(#5388,#5389,#5390,#5396));
#5388 = ORIENTED_EDGE('',*,*,#5322,.F.);
#5389 = ORIENTED_EDGE('',*,*,#4767,.T.);
#5390 = ORIENTED_EDGE('',*,*,#5391,.T.);
#5391 = EDGE_CURVE('',#4768,#4650,#5392,.T.);
#5392 = LINE('',#5393,#5394);
#5393 = CARTESIAN_POINT('',(-2.6,-1.1,0.85));
#5394 = VECTOR('',#5395,1.);
#5395 = DIRECTION('',(-1.224646799147E-16,-1.,0.));
#5396 = ORIENTED_EDGE('',*,*,#4658,.T.);
#5397 = PLANE('',#5398);
#5398 = AXIS2_PLACEMENT_3D('',#5399,#5400,#5401);
#5399 = CARTESIAN_POINT('',(-2.6,-1.1,0.1));
#5400 = DIRECTION('',(1.,-1.224646799147E-16,0.));
#5401 = DIRECTION('',(-1.224646799147E-16,-1.,0.));
#5402 = ADVANCED_FACE('',(#5403),#5409,.F.);
#5403 = FACE_BOUND('',#5404,.F.);
#5404 = EDGE_LOOP('',(#5405,#5406,#5407,#5408));
#5405 = ORIENTED_EDGE('',*,*,#5391,.T.);
#5406 = ORIENTED_EDGE('',*,*,#4649,.F.);
#5407 = ORIENTED_EDGE('',*,*,#4707,.F.);
#5408 = ORIENTED_EDGE('',*,*,#4775,.T.);
#5409 = CYLINDRICAL_SURFACE('',#5410,5.E-02);
#5410 = AXIS2_PLACEMENT_3D('',#5411,#5412,#5413);
#5411 = CARTESIAN_POINT('',(-2.55,-1.1,0.85));
#5412 = DIRECTION('',(-1.224646799147E-16,-1.,0.));
#5413 = DIRECTION('',(-1.,1.224646799147E-16,0.));
#5414 = ADVANCED_FACE('',(#5415),#5421,.F.);
#5415 = FACE_BOUND('',#5416,.F.);
#5416 = EDGE_LOOP('',(#5417,#5418,#5419,#5420));
#5417 = ORIENTED_EDGE('',*,*,#4722,.T.);
#5418 = ORIENTED_EDGE('',*,*,#5339,.T.);
#5419 = ORIENTED_EDGE('',*,*,#4624,.F.);
#5420 = ORIENTED_EDGE('',*,*,#5363,.F.);
#5421 = PLANE('',#5422);
#5422 = AXIS2_PLACEMENT_3D('',#5423,#5424,#5425);
#5423 = CARTESIAN_POINT('',(-2.7,-1.2,0.));
#5424 = DIRECTION('',(1.,-1.224646799147E-16,0.));
#5425 = DIRECTION('',(-1.224646799147E-16,-1.,0.));
#5426 = ADVANCED_FACE('',(#5427),#5438,.T.);
#5427 = FACE_BOUND('',#5428,.T.);
#5428 = EDGE_LOOP('',(#5429,#5430,#5436,#5437));
#5429 = ORIENTED_EDGE('',*,*,#5003,.T.);
#5430 = ORIENTED_EDGE('',*,*,#5431,.T.);
#5431 = EDGE_CURVE('',#4943,#4843,#5432,.T.);
#5432 = LINE('',#5433,#5434);
#5433 = CARTESIAN_POINT('',(-2.7,2.1,0.95));
#5434 = VECTOR('',#5435,1.);
#5435 = DIRECTION('',(-1.224646799147E-16,-1.,0.));
#5436 = ORIENTED_EDGE('',*,*,#4850,.F.);
#5437 = ORIENTED_EDGE('',*,*,#4809,.F.);
#5438 = CYLINDRICAL_SURFACE('',#5439,5.E-02);
#5439 = AXIS2_PLACEMENT_3D('',#5440,#5441,#5442);
#5440 = CARTESIAN_POINT('',(-2.65,2.1,0.95));
#5441 = DIRECTION('',(-1.224646799147E-16,-1.,0.));
#5442 = DIRECTION('',(0.,0.,1.));
#5443 = ADVANCED_FACE('',(#5444),#5460,.T.);
#5444 = FACE_BOUND('',#5445,.T.);
#5445 = EDGE_LOOP('',(#5446,#5447,#5453,#5454));
#5446 = ORIENTED_EDGE('',*,*,#4950,.T.);
#5447 = ORIENTED_EDGE('',*,*,#5448,.T.);
#5448 = EDGE_CURVE('',#4951,#4834,#5449,.T.);
#5449 = LINE('',#5450,#5451);
#5450 = CARTESIAN_POINT('',(-2.65,2.1,-6.938893903907E-18));
#5451 = VECTOR('',#5452,1.);
#5452 = DIRECTION('',(-1.224646799147E-16,-1.,0.));
#5453 = ORIENTED_EDGE('',*,*,#4831,.F.);
#5454 = ORIENTED_EDGE('',*,*,#5455,.F.);
#5455 = EDGE_CURVE('',#4941,#4832,#5456,.T.);
#5456 = LINE('',#5457,#5458);
#5457 = CARTESIAN_POINT('',(-2.7,2.1,5.E-02));
#5458 = VECTOR('',#5459,1.);
#5459 = DIRECTION('',(-1.224646799147E-16,-1.,0.));
#5460 = CYLINDRICAL_SURFACE('',#5461,5.E-02);
#5461 = AXIS2_PLACEMENT_3D('',#5462,#5463,#5464);
#5462 = CARTESIAN_POINT('',(-2.65,2.1,5.E-02));
#5463 = DIRECTION('',(-1.224646799147E-16,-1.,0.));
#5464 = DIRECTION('',(-1.,1.224646799147E-16,0.));
#5465 = ADVANCED_FACE('',(#5466),#5472,.F.);
#5466 = FACE_BOUND('',#5467,.F.);
#5467 = EDGE_LOOP('',(#5468,#5469,#5470,#5471));
#5468 = ORIENTED_EDGE('',*,*,#4959,.T.);
#5469 = ORIENTED_EDGE('',*,*,#5448,.T.);
#5470 = ORIENTED_EDGE('',*,*,#4902,.T.);
#5471 = ORIENTED_EDGE('',*,*,#5069,.T.);
#5472 = PLANE('',#5473);
#5473 = AXIS2_PLACEMENT_3D('',#5474,#5475,#5476);
#5474 = CARTESIAN_POINT('',(-2.25,1.65,0.));
#5475 = DIRECTION('',(0.,0.,1.));
#5476 = DIRECTION('',(-1.,1.224646799147E-16,0.));
#5477 = ADVANCED_FACE('',(#5478),#5489,.T.);
#5478 = FACE_BOUND('',#5479,.T.);
#5479 = EDGE_LOOP('',(#5480,#5481,#5482,#5488));
#5480 = ORIENTED_EDGE('',*,*,#5305,.F.);
#5481 = ORIENTED_EDGE('',*,*,#4985,.T.);
#5482 = ORIENTED_EDGE('',*,*,#5483,.T.);
#5483 = EDGE_CURVE('',#4986,#4868,#5484,.T.);
#5484 = LINE('',#5485,#5486);
#5485 = CARTESIAN_POINT('',(-2.6,2.2,0.85));
#5486 = VECTOR('',#5487,1.);
#5487 = DIRECTION('',(-1.224646799147E-16,-1.,0.));
#5488 = ORIENTED_EDGE('',*,*,#4876,.T.);
#5489 = PLANE('',#5490);
#5490 = AXIS2_PLACEMENT_3D('',#5491,#5492,#5493);
#5491 = CARTESIAN_POINT('',(-2.6,2.2,0.1));
#5492 = DIRECTION('',(1.,-1.224646799147E-16,0.));
#5493 = DIRECTION('',(-1.224646799147E-16,-1.,0.));
#5494 = ADVANCED_FACE('',(#5495),#5501,.F.);
#5495 = FACE_BOUND('',#5496,.F.);
#5496 = EDGE_LOOP('',(#5497,#5498,#5499,#5500));
#5497 = ORIENTED_EDGE('',*,*,#5483,.T.);
#5498 = ORIENTED_EDGE('',*,*,#4867,.F.);
#5499 = ORIENTED_EDGE('',*,*,#4925,.F.);
#5500 = ORIENTED_EDGE('',*,*,#4993,.T.);
#5501 = CYLINDRICAL_SURFACE('',#5502,5.E-02);
#5502 = AXIS2_PLACEMENT_3D('',#5503,#5504,#5505);
#5503 = CARTESIAN_POINT('',(-2.55,2.2,0.85));
#5504 = DIRECTION('',(-1.224646799147E-16,-1.,0.));
#5505 = DIRECTION('',(-1.,1.224646799147E-16,0.));
#5506 = ADVANCED_FACE('',(#5507),#5513,.F.);
#5507 = FACE_BOUND('',#5508,.F.);
#5508 = EDGE_LOOP('',(#5509,#5510,#5511,#5512));
#5509 = ORIENTED_EDGE('',*,*,#4940,.T.);
#5510 = ORIENTED_EDGE('',*,*,#5431,.T.);
#5511 = ORIENTED_EDGE('',*,*,#4842,.F.);
#5512 = ORIENTED_EDGE('',*,*,#5455,.F.);
#5513 = PLANE('',#5514);
#5514 = AXIS2_PLACEMENT_3D('',#5515,#5516,#5517);
#5515 = CARTESIAN_POINT('',(-2.7,2.1,0.));
#5516 = DIRECTION('',(1.,-1.224646799147E-16,0.));
#5517 = DIRECTION('',(-1.224646799147E-16,-1.,0.));
#5518 = ( GEOMETRIC_REPRESENTATION_CONTEXT(3) 
GLOBAL_UNCERTAINTY_ASSIGNED_CONTEXT((#5522)) 
GLOBAL_UNIT_ASSIGNED_CONTEXT((#5519,#5520,#5521)) REPRESENTATION_CONTEXT
('Context #1','3D Context with UNIT and UNCERTAINTY') );
#5519 = ( LENGTH_UNIT() NAMED_UNIT(*) SI_UNIT(.MILLI.,.METRE.) );
#5520 = ( NAMED_UNIT(*) PLANE_ANGLE_UNIT() SI_UNIT($,.RADIAN.) );
#5521 = ( NAMED_UNIT(*) SI_UNIT($,.STERADIAN.) SOLID_ANGLE_UNIT() );
#5522 = UNCERTAINTY_MEASURE_WITH_UNIT(LENGTH_MEASURE(1.E-07),#5519,
  'distance_accuracy_value','confusion accuracy');
#5523 = CONTEXT_DEPENDENT_SHAPE_REPRESENTATION(#5524,#5526);
#5524 = ( REPRESENTATION_RELATIONSHIP('','',#3250,#10) 
REPRESENTATION_RELATIONSHIP_WITH_TRANSFORMATION(#5525) 
SHAPE_REPRESENTATION_RELATIONSHIP() );
#5525 = ITEM_DEFINED_TRANSFORMATION('','',#11,#47);
#5526 = PRODUCT_DEFINITION_SHAPE('Placement','Placement of an item',
  #5527);
#5527 = NEXT_ASSEMBLY_USAGE_OCCURRENCE('9','D1','',#5,#3245,$);
#5528 = PRODUCT_RELATED_PRODUCT_CATEGORY('part',$,(#3247));
#5529 = SHAPE_DEFINITION_REPRESENTATION(#5530,#5536);
#5530 = PRODUCT_DEFINITION_SHAPE('','',#5531);
#5531 = PRODUCT_DEFINITION('design','',#5532,#5535);
#5532 = PRODUCT_DEFINITION_FORMATION('','',#5533);
#5533 = PRODUCT('ST_VL53L1x','ST_VL53L1x','',(#5534));
#5534 = PRODUCT_CONTEXT('',#2,'mechanical');
#5535 = PRODUCT_DEFINITION_CONTEXT('part definition',#2,'design');
#5536 = SHAPE_REPRESENTATION('',(#11,#5537,#5687,#6879,#7029,#7082,#7135
    ,#7285,#7501,#7651,#7801,#7951,#8101,#8251,#8401,#8551,#8701,#8851,
    #9001),#9151);
#5537 = MANIFOLD_SOLID_BREP('',#5538);
#5538 = CLOSED_SHELL('',(#5539,#5579,#5610,#5641,#5663,#5675));
#5539 = ADVANCED_FACE('',(#5540),#5574,.T.);
#5540 = FACE_BOUND('',#5541,.T.);
#5541 = EDGE_LOOP('',(#5542,#5552,#5560,#5568));
#5542 = ORIENTED_EDGE('',*,*,#5543,.T.);
#5543 = EDGE_CURVE('',#5544,#5546,#5548,.T.);
#5544 = VERTEX_POINT('',#5545);
#5545 = CARTESIAN_POINT('',(-2.4,1.2,0.));
#5546 = VERTEX_POINT('',#5547);
#5547 = CARTESIAN_POINT('',(-2.4,1.2,0.25));
#5548 = LINE('',#5549,#5550);
#5549 = CARTESIAN_POINT('',(-2.4,1.2,0.));
#5550 = VECTOR('',#5551,1.);
#5551 = DIRECTION('',(0.,0.,1.));
#5552 = ORIENTED_EDGE('',*,*,#5553,.T.);
#5553 = EDGE_CURVE('',#5546,#5554,#5556,.T.);
#5554 = VERTEX_POINT('',#5555);
#5555 = CARTESIAN_POINT('',(2.4,1.2,0.25));
#5556 = LINE('',#5557,#5558);
#5557 = CARTESIAN_POINT('',(-2.4,1.2,0.25));
#5558 = VECTOR('',#5559,1.);
#5559 = DIRECTION('',(1.,0.,0.));
#5560 = ORIENTED_EDGE('',*,*,#5561,.F.);
#5561 = EDGE_CURVE('',#5562,#5554,#5564,.T.);
#5562 = VERTEX_POINT('',#5563);
#5563 = CARTESIAN_POINT('',(2.4,1.2,0.));
#5564 = LINE('',#5565,#5566);
#5565 = CARTESIAN_POINT('',(2.4,1.2,0.));
#5566 = VECTOR('',#5567,1.);
#5567 = DIRECTION('',(0.,0.,1.));
#5568 = ORIENTED_EDGE('',*,*,#5569,.F.);
#5569 = EDGE_CURVE('',#5544,#5562,#5570,.T.);
#5570 = LINE('',#5571,#5572);
#5571 = CARTESIAN_POINT('',(-2.4,1.2,0.));
#5572 = VECTOR('',#5573,1.);
#5573 = DIRECTION('',(1.,0.,0.));
#5574 = PLANE('',#5575);
#5575 = AXIS2_PLACEMENT_3D('',#5576,#5577,#5578);
#5576 = CARTESIAN_POINT('',(-2.4,1.2,0.));
#5577 = DIRECTION('',(0.,1.,0.));
#5578 = DIRECTION('',(1.,0.,0.));
#5579 = ADVANCED_FACE('',(#5580),#5605,.T.);
#5580 = FACE_BOUND('',#5581,.T.);
#5581 = EDGE_LOOP('',(#5582,#5583,#5591,#5599));
#5582 = ORIENTED_EDGE('',*,*,#5561,.T.);
#5583 = ORIENTED_EDGE('',*,*,#5584,.T.);
#5584 = EDGE_CURVE('',#5554,#5585,#5587,.T.);
#5585 = VERTEX_POINT('',#5586);
#5586 = CARTESIAN_POINT('',(2.4,-1.2,0.25));
#5587 = LINE('',#5588,#5589);
#5588 = CARTESIAN_POINT('',(2.4,1.2,0.25));
#5589 = VECTOR('',#5590,1.);
#5590 = DIRECTION('',(0.,-1.,0.));
#5591 = ORIENTED_EDGE('',*,*,#5592,.F.);
#5592 = EDGE_CURVE('',#5593,#5585,#5595,.T.);
#5593 = VERTEX_POINT('',#5594);
#5594 = CARTESIAN_POINT('',(2.4,-1.2,0.));
#5595 = LINE('',#5596,#5597);
#5596 = CARTESIAN_POINT('',(2.4,-1.2,0.));
#5597 = VECTOR('',#5598,1.);
#5598 = DIRECTION('',(0.,0.,1.));
#5599 = ORIENTED_EDGE('',*,*,#5600,.F.);
#5600 = EDGE_CURVE('',#5562,#5593,#5601,.T.);
#5601 = LINE('',#5602,#5603);
#5602 = CARTESIAN_POINT('',(2.4,1.2,0.));
#5603 = VECTOR('',#5604,1.);
#5604 = DIRECTION('',(0.,-1.,0.));
#5605 = PLANE('',#5606);
#5606 = AXIS2_PLACEMENT_3D('',#5607,#5608,#5609);
#5607 = CARTESIAN_POINT('',(2.4,1.2,0.));
#5608 = DIRECTION('',(1.,0.,0.));
#5609 = DIRECTION('',(0.,-1.,0.));
#5610 = ADVANCED_FACE('',(#5611),#5636,.T.);
#5611 = FACE_BOUND('',#5612,.T.);
#5612 = EDGE_LOOP('',(#5613,#5614,#5622,#5630));
#5613 = ORIENTED_EDGE('',*,*,#5592,.T.);
#5614 = ORIENTED_EDGE('',*,*,#5615,.T.);
#5615 = EDGE_CURVE('',#5585,#5616,#5618,.T.);
#5616 = VERTEX_POINT('',#5617);
#5617 = CARTESIAN_POINT('',(-2.4,-1.2,0.25));
#5618 = LINE('',#5619,#5620);
#5619 = CARTESIAN_POINT('',(2.4,-1.2,0.25));
#5620 = VECTOR('',#5621,1.);
#5621 = DIRECTION('',(-1.,0.,0.));
#5622 = ORIENTED_EDGE('',*,*,#5623,.F.);
#5623 = EDGE_CURVE('',#5624,#5616,#5626,.T.);
#5624 = VERTEX_POINT('',#5625);
#5625 = CARTESIAN_POINT('',(-2.4,-1.2,0.));
#5626 = LINE('',#5627,#5628);
#5627 = CARTESIAN_POINT('',(-2.4,-1.2,0.));
#5628 = VECTOR('',#5629,1.);
#5629 = DIRECTION('',(0.,0.,1.));
#5630 = ORIENTED_EDGE('',*,*,#5631,.F.);
#5631 = EDGE_CURVE('',#5593,#5624,#5632,.T.);
#5632 = LINE('',#5633,#5634);
#5633 = CARTESIAN_POINT('',(2.4,-1.2,0.));
#5634 = VECTOR('',#5635,1.);
#5635 = DIRECTION('',(-1.,0.,0.));
#5636 = PLANE('',#5637);
#5637 = AXIS2_PLACEMENT_3D('',#5638,#5639,#5640);
#5638 = CARTESIAN_POINT('',(2.4,-1.2,0.));
#5639 = DIRECTION('',(0.,-1.,0.));
#5640 = DIRECTION('',(-1.,0.,0.));
#5641 = ADVANCED_FACE('',(#5642),#5658,.T.);
#5642 = FACE_BOUND('',#5643,.T.);
#5643 = EDGE_LOOP('',(#5644,#5645,#5651,#5652));
#5644 = ORIENTED_EDGE('',*,*,#5623,.T.);
#5645 = ORIENTED_EDGE('',*,*,#5646,.T.);
#5646 = EDGE_CURVE('',#5616,#5546,#5647,.T.);
#5647 = LINE('',#5648,#5649);
#5648 = CARTESIAN_POINT('',(-2.4,-1.2,0.25));
#5649 = VECTOR('',#5650,1.);
#5650 = DIRECTION('',(0.,1.,0.));
#5651 = ORIENTED_EDGE('',*,*,#5543,.F.);
#5652 = ORIENTED_EDGE('',*,*,#5653,.F.);
#5653 = EDGE_CURVE('',#5624,#5544,#5654,.T.);
#5654 = LINE('',#5655,#5656);
#5655 = CARTESIAN_POINT('',(-2.4,-1.2,0.));
#5656 = VECTOR('',#5657,1.);
#5657 = DIRECTION('',(0.,1.,0.));
#5658 = PLANE('',#5659);
#5659 = AXIS2_PLACEMENT_3D('',#5660,#5661,#5662);
#5660 = CARTESIAN_POINT('',(-2.4,-1.2,0.));
#5661 = DIRECTION('',(-1.,0.,0.));
#5662 = DIRECTION('',(0.,1.,0.));
#5663 = ADVANCED_FACE('',(#5664),#5670,.F.);
#5664 = FACE_BOUND('',#5665,.T.);
#5665 = EDGE_LOOP('',(#5666,#5667,#5668,#5669));
#5666 = ORIENTED_EDGE('',*,*,#5569,.T.);
#5667 = ORIENTED_EDGE('',*,*,#5600,.T.);
#5668 = ORIENTED_EDGE('',*,*,#5631,.T.);
#5669 = ORIENTED_EDGE('',*,*,#5653,.T.);
#5670 = PLANE('',#5671);
#5671 = AXIS2_PLACEMENT_3D('',#5672,#5673,#5674);
#5672 = CARTESIAN_POINT('',(0.,0.,0.));
#5673 = DIRECTION('',(0.,0.,1.));
#5674 = DIRECTION('',(1.,0.,-0.));
#5675 = ADVANCED_FACE('',(#5676),#5682,.T.);
#5676 = FACE_BOUND('',#5677,.F.);
#5677 = EDGE_LOOP('',(#5678,#5679,#5680,#5681));
#5678 = ORIENTED_EDGE('',*,*,#5553,.T.);
#5679 = ORIENTED_EDGE('',*,*,#5584,.T.);
#5680 = ORIENTED_EDGE('',*,*,#5615,.T.);
#5681 = ORIENTED_EDGE('',*,*,#5646,.T.);
#5682 = PLANE('',#5683);
#5683 = AXIS2_PLACEMENT_3D('',#5684,#5685,#5686);
#5684 = CARTESIAN_POINT('',(0.,0.,0.25));
#5685 = DIRECTION('',(0.,0.,1.));
#5686 = DIRECTION('',(1.,0.,-0.));
#5687 = MANIFOLD_SOLID_BREP('',#5688);
#5688 = CLOSED_SHELL('',(#5689,#5731,#5762,#5793,#5908,#6156,#6173,#6190
    ,#6207,#6224,#6264,#6281,#6298,#6315,#6332,#6349,#6366,#6383,#6418,
    #6442,#6466,#6490,#6515,#6532,#6549,#6580,#6604,#6628,#6645,#6676,
    #6700,#6724,#6741,#6764,#6787,#6799,#6811,#6836,#6861,#6870));
#5689 = ADVANCED_FACE('',(#5690),#5726,.T.);
#5690 = FACE_BOUND('',#5691,.T.);
#5691 = EDGE_LOOP('',(#5692,#5703,#5711,#5720));
#5692 = ORIENTED_EDGE('',*,*,#5693,.T.);
#5693 = EDGE_CURVE('',#5694,#5696,#5698,.T.);
#5694 = VERTEX_POINT('',#5695);
#5695 = CARTESIAN_POINT('',(2.45,1.15,0.25));
#5696 = VERTEX_POINT('',#5697);
#5697 = CARTESIAN_POINT('',(2.35,1.25,0.25));
#5698 = CIRCLE('',#5699,0.1);
#5699 = AXIS2_PLACEMENT_3D('',#5700,#5701,#5702);
#5700 = CARTESIAN_POINT('',(2.35,1.15,0.25));
#5701 = DIRECTION('',(0.,0.,1.));
#5702 = DIRECTION('',(1.,0.,-0.));
#5703 = ORIENTED_EDGE('',*,*,#5704,.T.);
#5704 = EDGE_CURVE('',#5696,#5705,#5707,.T.);
#5705 = VERTEX_POINT('',#5706);
#5706 = CARTESIAN_POINT('',(2.35,1.25,1.56));
#5707 = LINE('',#5708,#5709);
#5708 = CARTESIAN_POINT('',(2.35,1.25,0.25));
#5709 = VECTOR('',#5710,1.);
#5710 = DIRECTION('',(0.,0.,1.));
#5711 = ORIENTED_EDGE('',*,*,#5712,.F.);
#5712 = EDGE_CURVE('',#5713,#5705,#5715,.T.);
#5713 = VERTEX_POINT('',#5714);
#5714 = CARTESIAN_POINT('',(2.45,1.15,1.56));
#5715 = CIRCLE('',#5716,0.1);
#5716 = AXIS2_PLACEMENT_3D('',#5717,#5718,#5719);
#5717 = CARTESIAN_POINT('',(2.35,1.15,1.56));
#5718 = DIRECTION('',(0.,0.,1.));
#5719 = DIRECTION('',(1.,0.,-0.));
#5720 = ORIENTED_EDGE('',*,*,#5721,.F.);
#5721 = EDGE_CURVE('',#5694,#5713,#5722,.T.);
#5722 = LINE('',#5723,#5724);
#5723 = CARTESIAN_POINT('',(2.45,1.15,0.25));
#5724 = VECTOR('',#5725,1.);
#5725 = DIRECTION('',(0.,0.,1.));
#5726 = CYLINDRICAL_SURFACE('',#5727,0.1);
#5727 = AXIS2_PLACEMENT_3D('',#5728,#5729,#5730);
#5728 = CARTESIAN_POINT('',(2.35,1.15,0.25));
#5729 = DIRECTION('',(-0.,-0.,-1.));
#5730 = DIRECTION('',(1.,0.,0.));
#5731 = ADVANCED_FACE('',(#5732),#5757,.T.);
#5732 = FACE_BOUND('',#5733,.T.);
#5733 = EDGE_LOOP('',(#5734,#5735,#5743,#5751));
#5734 = ORIENTED_EDGE('',*,*,#5721,.T.);
#5735 = ORIENTED_EDGE('',*,*,#5736,.T.);
#5736 = EDGE_CURVE('',#5713,#5737,#5739,.T.);
#5737 = VERTEX_POINT('',#5738);
#5738 = CARTESIAN_POINT('',(2.45,-1.15,1.56));
#5739 = LINE('',#5740,#5741);
#5740 = CARTESIAN_POINT('',(2.45,1.15,1.56));
#5741 = VECTOR('',#5742,1.);
#5742 = DIRECTION('',(0.,-1.,0.));
#5743 = ORIENTED_EDGE('',*,*,#5744,.F.);
#5744 = EDGE_CURVE('',#5745,#5737,#5747,.T.);
#5745 = VERTEX_POINT('',#5746);
#5746 = CARTESIAN_POINT('',(2.45,-1.15,0.25));
#5747 = LINE('',#5748,#5749);
#5748 = CARTESIAN_POINT('',(2.45,-1.15,0.25));
#5749 = VECTOR('',#5750,1.);
#5750 = DIRECTION('',(0.,0.,1.));
#5751 = ORIENTED_EDGE('',*,*,#5752,.F.);
#5752 = EDGE_CURVE('',#5694,#5745,#5753,.T.);
#5753 = LINE('',#5754,#5755);
#5754 = CARTESIAN_POINT('',(2.45,1.15,0.25));
#5755 = VECTOR('',#5756,1.);
#5756 = DIRECTION('',(0.,-1.,0.));
#5757 = PLANE('',#5758);
#5758 = AXIS2_PLACEMENT_3D('',#5759,#5760,#5761);
#5759 = CARTESIAN_POINT('',(2.45,1.15,0.25));
#5760 = DIRECTION('',(1.,0.,0.));
#5761 = DIRECTION('',(0.,-1.,0.));
#5762 = ADVANCED_FACE('',(#5763),#5788,.F.);
#5763 = FACE_BOUND('',#5764,.F.);
#5764 = EDGE_LOOP('',(#5765,#5766,#5774,#5782));
#5765 = ORIENTED_EDGE('',*,*,#5704,.T.);
#5766 = ORIENTED_EDGE('',*,*,#5767,.T.);
#5767 = EDGE_CURVE('',#5705,#5768,#5770,.T.);
#5768 = VERTEX_POINT('',#5769);
#5769 = CARTESIAN_POINT('',(0.45,1.25,1.56));
#5770 = LINE('',#5771,#5772);
#5771 = CARTESIAN_POINT('',(2.35,1.25,1.56));
#5772 = VECTOR('',#5773,1.);
#5773 = DIRECTION('',(-1.,0.,0.));
#5774 = ORIENTED_EDGE('',*,*,#5775,.F.);
#5775 = EDGE_CURVE('',#5776,#5768,#5778,.T.);
#5776 = VERTEX_POINT('',#5777);
#5777 = CARTESIAN_POINT('',(0.45,1.25,0.25));
#5778 = LINE('',#5779,#5780);
#5779 = CARTESIAN_POINT('',(0.45,1.25,0.25));
#5780 = VECTOR('',#5781,1.);
#5781 = DIRECTION('',(0.,0.,1.));
#5782 = ORIENTED_EDGE('',*,*,#5783,.F.);
#5783 = EDGE_CURVE('',#5696,#5776,#5784,.T.);
#5784 = LINE('',#5785,#5786);
#5785 = CARTESIAN_POINT('',(2.35,1.25,0.25));
#5786 = VECTOR('',#5787,1.);
#5787 = DIRECTION('',(-1.,0.,0.));
#5788 = PLANE('',#5789);
#5789 = AXIS2_PLACEMENT_3D('',#5790,#5791,#5792);
#5790 = CARTESIAN_POINT('',(2.35,1.25,0.25));
#5791 = DIRECTION('',(0.,-1.,0.));
#5792 = DIRECTION('',(-1.,0.,0.));
#5793 = ADVANCED_FACE('',(#5794),#5903,.F.);
#5794 = FACE_BOUND('',#5795,.T.);
#5795 = EDGE_LOOP('',(#5796,#5797,#5798,#5807,#5815,#5823,#5831,#5839,
    #5847,#5856,#5864,#5872,#5880,#5888,#5896,#5902));
#5796 = ORIENTED_EDGE('',*,*,#5693,.F.);
#5797 = ORIENTED_EDGE('',*,*,#5752,.T.);
#5798 = ORIENTED_EDGE('',*,*,#5799,.F.);
#5799 = EDGE_CURVE('',#5800,#5745,#5802,.T.);
#5800 = VERTEX_POINT('',#5801);
#5801 = CARTESIAN_POINT('',(2.35,-1.25,0.25));
#5802 = CIRCLE('',#5803,0.1);
#5803 = AXIS2_PLACEMENT_3D('',#5804,#5805,#5806);
#5804 = CARTESIAN_POINT('',(2.35,-1.15,0.25));
#5805 = DIRECTION('',(0.,0.,1.));
#5806 = DIRECTION('',(1.,0.,-0.));
#5807 = ORIENTED_EDGE('',*,*,#5808,.F.);
#5808 = EDGE_CURVE('',#5809,#5800,#5811,.T.);
#5809 = VERTEX_POINT('',#5810);
#5810 = CARTESIAN_POINT('',(0.45,-1.25,0.25));
#5811 = LINE('',#5812,#5813);
#5812 = CARTESIAN_POINT('',(0.45,-1.25,0.25));
#5813 = VECTOR('',#5814,1.);
#5814 = DIRECTION('',(1.,0.,0.));
#5815 = ORIENTED_EDGE('',*,*,#5816,.F.);
#5816 = EDGE_CURVE('',#5817,#5809,#5819,.T.);
#5817 = VERTEX_POINT('',#5818);
#5818 = CARTESIAN_POINT('',(0.4,-1.2,0.25));
#5819 = LINE('',#5820,#5821);
#5820 = CARTESIAN_POINT('',(0.4,-1.2,0.25));
#5821 = VECTOR('',#5822,1.);
#5822 = DIRECTION('',(0.707106781187,-0.707106781187,0.));
#5823 = ORIENTED_EDGE('',*,*,#5824,.F.);
#5824 = EDGE_CURVE('',#5825,#5817,#5827,.T.);
#5825 = VERTEX_POINT('',#5826);
#5826 = CARTESIAN_POINT('',(-0.4,-1.2,0.25));
#5827 = LINE('',#5828,#5829);
#5828 = CARTESIAN_POINT('',(-0.4,-1.2,0.25));
#5829 = VECTOR('',#5830,1.);
#5830 = DIRECTION('',(1.,0.,0.));
#5831 = ORIENTED_EDGE('',*,*,#5832,.F.);
#5832 = EDGE_CURVE('',#5833,#5825,#5835,.T.);
#5833 = VERTEX_POINT('',#5834);
#5834 = CARTESIAN_POINT('',(-0.45,-1.25,0.25));
#5835 = LINE('',#5836,#5837);
#5836 = CARTESIAN_POINT('',(-0.45,-1.25,0.25));
#5837 = VECTOR('',#5838,1.);
#5838 = DIRECTION('',(0.707106781187,0.707106781187,0.));
#5839 = ORIENTED_EDGE('',*,*,#5840,.F.);
#5840 = EDGE_CURVE('',#5841,#5833,#5843,.T.);
#5841 = VERTEX_POINT('',#5842);
#5842 = CARTESIAN_POINT('',(-2.35,-1.25,0.25));
#5843 = LINE('',#5844,#5845);
#5844 = CARTESIAN_POINT('',(-2.35,-1.25,0.25));
#5845 = VECTOR('',#5846,1.);
#5846 = DIRECTION('',(1.,0.,0.));
#5847 = ORIENTED_EDGE('',*,*,#5848,.F.);
#5848 = EDGE_CURVE('',#5849,#5841,#5851,.T.);
#5849 = VERTEX_POINT('',#5850);
#5850 = CARTESIAN_POINT('',(-2.45,-1.15,0.25));
#5851 = CIRCLE('',#5852,0.1);
#5852 = AXIS2_PLACEMENT_3D('',#5853,#5854,#5855);
#5853 = CARTESIAN_POINT('',(-2.35,-1.15,0.25));
#5854 = DIRECTION('',(0.,0.,1.));
#5855 = DIRECTION('',(1.,0.,-0.));
#5856 = ORIENTED_EDGE('',*,*,#5857,.T.);
#5857 = EDGE_CURVE('',#5849,#5858,#5860,.T.);
#5858 = VERTEX_POINT('',#5859);
#5859 = CARTESIAN_POINT('',(-2.45,1.05,0.25));
#5860 = LINE('',#5861,#5862);
#5861 = CARTESIAN_POINT('',(-2.45,-1.15,0.25));
#5862 = VECTOR('',#5863,1.);
#5863 = DIRECTION('',(0.,1.,0.));
#5864 = ORIENTED_EDGE('',*,*,#5865,.T.);
#5865 = EDGE_CURVE('',#5858,#5866,#5868,.T.);
#5866 = VERTEX_POINT('',#5867);
#5867 = CARTESIAN_POINT('',(-2.25,1.25,0.25));
#5868 = LINE('',#5869,#5870);
#5869 = CARTESIAN_POINT('',(-2.45,1.05,0.25));
#5870 = VECTOR('',#5871,1.);
#5871 = DIRECTION('',(0.707106781187,0.707106781187,0.));
#5872 = ORIENTED_EDGE('',*,*,#5873,.F.);
#5873 = EDGE_CURVE('',#5874,#5866,#5876,.T.);
#5874 = VERTEX_POINT('',#5875);
#5875 = CARTESIAN_POINT('',(-0.45,1.25,0.25));
#5876 = LINE('',#5877,#5878);
#5877 = CARTESIAN_POINT('',(-0.45,1.25,0.25));
#5878 = VECTOR('',#5879,1.);
#5879 = DIRECTION('',(-1.,0.,0.));
#5880 = ORIENTED_EDGE('',*,*,#5881,.F.);
#5881 = EDGE_CURVE('',#5882,#5874,#5884,.T.);
#5882 = VERTEX_POINT('',#5883);
#5883 = CARTESIAN_POINT('',(-0.4,1.2,0.25));
#5884 = LINE('',#5885,#5886);
#5885 = CARTESIAN_POINT('',(-0.4,1.2,0.25));
#5886 = VECTOR('',#5887,1.);
#5887 = DIRECTION('',(-0.707106781187,0.707106781187,0.));
#5888 = ORIENTED_EDGE('',*,*,#5889,.F.);
#5889 = EDGE_CURVE('',#5890,#5882,#5892,.T.);
#5890 = VERTEX_POINT('',#5891);
#5891 = CARTESIAN_POINT('',(0.4,1.2,0.25));
#5892 = LINE('',#5893,#5894);
#5893 = CARTESIAN_POINT('',(0.4,1.2,0.25));
#5894 = VECTOR('',#5895,1.);
#5895 = DIRECTION('',(-1.,0.,0.));
#5896 = ORIENTED_EDGE('',*,*,#5897,.F.);
#5897 = EDGE_CURVE('',#5776,#5890,#5898,.T.);
#5898 = LINE('',#5899,#5900);
#5899 = CARTESIAN_POINT('',(0.45,1.25,0.25));
#5900 = VECTOR('',#5901,1.);
#5901 = DIRECTION('',(-0.707106781187,-0.707106781187,0.));
#5902 = ORIENTED_EDGE('',*,*,#5783,.F.);
#5903 = PLANE('',#5904);
#5904 = AXIS2_PLACEMENT_3D('',#5905,#5906,#5907);
#5905 = CARTESIAN_POINT('',(1.263800587606E-02,-6.696161038576E-03,0.25)
  );
#5906 = DIRECTION('',(0.,0.,1.));
#5907 = DIRECTION('',(1.,0.,-0.));
#5908 = ADVANCED_FACE('',(#5909,#6083,#6117),#6151,.T.);
#5909 = FACE_BOUND('',#5910,.T.);
#5910 = EDGE_LOOP('',(#5911,#5912,#5913,#5914,#5922,#5930,#5938,#5946,
    #5954,#5962,#5970,#5978,#5986,#5994,#6003,#6011,#6019,#6027,#6035,
    #6044,#6052,#6060,#6068,#6076));
#5911 = ORIENTED_EDGE('',*,*,#5736,.F.);
#5912 = ORIENTED_EDGE('',*,*,#5712,.T.);
#5913 = ORIENTED_EDGE('',*,*,#5767,.T.);
#5914 = ORIENTED_EDGE('',*,*,#5915,.T.);
#5915 = EDGE_CURVE('',#5768,#5916,#5918,.T.);
#5916 = VERTEX_POINT('',#5917);
#5917 = CARTESIAN_POINT('',(0.4,1.2,1.56));
#5918 = LINE('',#5919,#5920);
#5919 = CARTESIAN_POINT('',(0.45,1.25,1.56));
#5920 = VECTOR('',#5921,1.);
#5921 = DIRECTION('',(-0.707106781187,-0.707106781187,0.));
#5922 = ORIENTED_EDGE('',*,*,#5923,.T.);
#5923 = EDGE_CURVE('',#5916,#5924,#5926,.T.);
#5924 = VERTEX_POINT('',#5925);
#5925 = CARTESIAN_POINT('',(0.35,1.2,1.56));
#5926 = LINE('',#5927,#5928);
#5927 = CARTESIAN_POINT('',(0.4,1.2,1.56));
#5928 = VECTOR('',#5929,1.);
#5929 = DIRECTION('',(-1.,0.,0.));
#5930 = ORIENTED_EDGE('',*,*,#5931,.T.);
#5931 = EDGE_CURVE('',#5924,#5932,#5934,.T.);
#5932 = VERTEX_POINT('',#5933);
#5933 = CARTESIAN_POINT('',(0.35,0.5,1.56));
#5934 = LINE('',#5935,#5936);
#5935 = CARTESIAN_POINT('',(0.35,1.2,1.56));
#5936 = VECTOR('',#5937,1.);
#5937 = DIRECTION('',(0.,-1.,0.));
#5938 = ORIENTED_EDGE('',*,*,#5939,.T.);
#5939 = EDGE_CURVE('',#5932,#5940,#5942,.T.);
#5940 = VERTEX_POINT('',#5941);
#5941 = CARTESIAN_POINT('',(-0.35,0.5,1.56));
#5942 = LINE('',#5943,#5944);
#5943 = CARTESIAN_POINT('',(0.35,0.5,1.56));
#5944 = VECTOR('',#5945,1.);
#5945 = DIRECTION('',(-1.,0.,0.));
#5946 = ORIENTED_EDGE('',*,*,#5947,.T.);
#5947 = EDGE_CURVE('',#5940,#5948,#5950,.T.);
#5948 = VERTEX_POINT('',#5949);
#5949 = CARTESIAN_POINT('',(-0.35,1.2,1.56));
#5950 = LINE('',#5951,#5952);
#5951 = CARTESIAN_POINT('',(-0.35,0.5,1.56));
#5952 = VECTOR('',#5953,1.);
#5953 = DIRECTION('',(0.,1.,0.));
#5954 = ORIENTED_EDGE('',*,*,#5955,.T.);
#5955 = EDGE_CURVE('',#5948,#5956,#5958,.T.);
#5956 = VERTEX_POINT('',#5957);
#5957 = CARTESIAN_POINT('',(-0.4,1.2,1.56));
#5958 = LINE('',#5959,#5960);
#5959 = CARTESIAN_POINT('',(0.4,1.2,1.56));
#5960 = VECTOR('',#5961,1.);
#5961 = DIRECTION('',(-1.,0.,0.));
#5962 = ORIENTED_EDGE('',*,*,#5963,.T.);
#5963 = EDGE_CURVE('',#5956,#5964,#5966,.T.);
#5964 = VERTEX_POINT('',#5965);
#5965 = CARTESIAN_POINT('',(-0.45,1.25,1.56));
#5966 = LINE('',#5967,#5968);
#5967 = CARTESIAN_POINT('',(-0.4,1.2,1.56));
#5968 = VECTOR('',#5969,1.);
#5969 = DIRECTION('',(-0.707106781187,0.707106781187,0.));
#5970 = ORIENTED_EDGE('',*,*,#5971,.T.);
#5971 = EDGE_CURVE('',#5964,#5972,#5974,.T.);
#5972 = VERTEX_POINT('',#5973);
#5973 = CARTESIAN_POINT('',(-2.25,1.25,1.56));
#5974 = LINE('',#5975,#5976);
#5975 = CARTESIAN_POINT('',(-0.45,1.25,1.56));
#5976 = VECTOR('',#5977,1.);
#5977 = DIRECTION('',(-1.,0.,0.));
#5978 = ORIENTED_EDGE('',*,*,#5979,.F.);
#5979 = EDGE_CURVE('',#5980,#5972,#5982,.T.);
#5980 = VERTEX_POINT('',#5981);
#5981 = CARTESIAN_POINT('',(-2.45,1.05,1.56));
#5982 = LINE('',#5983,#5984);
#5983 = CARTESIAN_POINT('',(-2.45,1.05,1.56));
#5984 = VECTOR('',#5985,1.);
#5985 = DIRECTION('',(0.707106781187,0.707106781187,0.));
#5986 = ORIENTED_EDGE('',*,*,#5987,.F.);
#5987 = EDGE_CURVE('',#5988,#5980,#5990,.T.);
#5988 = VERTEX_POINT('',#5989);
#5989 = CARTESIAN_POINT('',(-2.45,-1.15,1.56));
#5990 = LINE('',#5991,#5992);
#5991 = CARTESIAN_POINT('',(-2.45,-1.15,1.56));
#5992 = VECTOR('',#5993,1.);
#5993 = DIRECTION('',(0.,1.,0.));
#5994 = ORIENTED_EDGE('',*,*,#5995,.T.);
#5995 = EDGE_CURVE('',#5988,#5996,#5998,.T.);
#5996 = VERTEX_POINT('',#5997);
#5997 = CARTESIAN_POINT('',(-2.35,-1.25,1.56));
#5998 = CIRCLE('',#5999,0.1);
#5999 = AXIS2_PLACEMENT_3D('',#6000,#6001,#6002);
#6000 = CARTESIAN_POINT('',(-2.35,-1.15,1.56));
#6001 = DIRECTION('',(0.,0.,1.));
#6002 = DIRECTION('',(1.,0.,-0.));
#6003 = ORIENTED_EDGE('',*,*,#6004,.T.);
#6004 = EDGE_CURVE('',#5996,#6005,#6007,.T.);
#6005 = VERTEX_POINT('',#6006);
#6006 = CARTESIAN_POINT('',(-0.45,-1.25,1.56));
#6007 = LINE('',#6008,#6009);
#6008 = CARTESIAN_POINT('',(-2.35,-1.25,1.56));
#6009 = VECTOR('',#6010,1.);
#6010 = DIRECTION('',(1.,0.,0.));
#6011 = ORIENTED_EDGE('',*,*,#6012,.T.);
#6012 = EDGE_CURVE('',#6005,#6013,#6015,.T.);
#6013 = VERTEX_POINT('',#6014);
#6014 = CARTESIAN_POINT('',(-0.4,-1.2,1.56));
#6015 = LINE('',#6016,#6017);
#6016 = CARTESIAN_POINT('',(-0.45,-1.25,1.56));
#6017 = VECTOR('',#6018,1.);
#6018 = DIRECTION('',(0.707106781187,0.707106781187,0.));
#6019 = ORIENTED_EDGE('',*,*,#6020,.T.);
#6020 = EDGE_CURVE('',#6013,#6021,#6023,.T.);
#6021 = VERTEX_POINT('',#6022);
#6022 = CARTESIAN_POINT('',(-0.35,-1.2,1.56));
#6023 = LINE('',#6024,#6025);
#6024 = CARTESIAN_POINT('',(-0.4,-1.2,1.56));
#6025 = VECTOR('',#6026,1.);
#6026 = DIRECTION('',(1.,0.,0.));
#6027 = ORIENTED_EDGE('',*,*,#6028,.F.);
#6028 = EDGE_CURVE('',#6029,#6021,#6031,.T.);
#6029 = VERTEX_POINT('',#6030);
#6030 = CARTESIAN_POINT('',(-0.35,-0.85,1.56));
#6031 = LINE('',#6032,#6033);
#6032 = CARTESIAN_POINT('',(-0.35,-0.85,1.56));
#6033 = VECTOR('',#6034,1.);
#6034 = DIRECTION('',(0.,-1.,0.));
#6035 = ORIENTED_EDGE('',*,*,#6036,.F.);
#6036 = EDGE_CURVE('',#6037,#6029,#6039,.T.);
#6037 = VERTEX_POINT('',#6038);
#6038 = CARTESIAN_POINT('',(0.35,-0.85,1.56));
#6039 = CIRCLE('',#6040,0.35);
#6040 = AXIS2_PLACEMENT_3D('',#6041,#6042,#6043);
#6041 = CARTESIAN_POINT('',(0.,-0.85,1.56));
#6042 = DIRECTION('',(0.,0.,1.));
#6043 = DIRECTION('',(1.,0.,-0.));
#6044 = ORIENTED_EDGE('',*,*,#6045,.F.);
#6045 = EDGE_CURVE('',#6046,#6037,#6048,.T.);
#6046 = VERTEX_POINT('',#6047);
#6047 = CARTESIAN_POINT('',(0.35,-1.2,1.56));
#6048 = LINE('',#6049,#6050);
#6049 = CARTESIAN_POINT('',(0.35,-1.2,1.56));
#6050 = VECTOR('',#6051,1.);
#6051 = DIRECTION('',(0.,1.,0.));
#6052 = ORIENTED_EDGE('',*,*,#6053,.T.);
#6053 = EDGE_CURVE('',#6046,#6054,#6056,.T.);
#6054 = VERTEX_POINT('',#6055);
#6055 = CARTESIAN_POINT('',(0.4,-1.2,1.56));
#6056 = LINE('',#6057,#6058);
#6057 = CARTESIAN_POINT('',(-0.4,-1.2,1.56));
#6058 = VECTOR('',#6059,1.);
#6059 = DIRECTION('',(1.,0.,0.));
#6060 = ORIENTED_EDGE('',*,*,#6061,.T.);
#6061 = EDGE_CURVE('',#6054,#6062,#6064,.T.);
#6062 = VERTEX_POINT('',#6063);
#6063 = CARTESIAN_POINT('',(0.45,-1.25,1.56));
#6064 = LINE('',#6065,#6066);
#6065 = CARTESIAN_POINT('',(0.4,-1.2,1.56));
#6066 = VECTOR('',#6067,1.);
#6067 = DIRECTION('',(0.707106781187,-0.707106781187,0.));
#6068 = ORIENTED_EDGE('',*,*,#6069,.T.);
#6069 = EDGE_CURVE('',#6062,#6070,#6072,.T.);
#6070 = VERTEX_POINT('',#6071);
#6071 = CARTESIAN_POINT('',(2.35,-1.25,1.56));
#6072 = LINE('',#6073,#6074);
#6073 = CARTESIAN_POINT('',(0.45,-1.25,1.56));
#6074 = VECTOR('',#6075,1.);
#6075 = DIRECTION('',(1.,0.,0.));
#6076 = ORIENTED_EDGE('',*,*,#6077,.T.);
#6077 = EDGE_CURVE('',#6070,#5737,#6078,.T.);
#6078 = CIRCLE('',#6079,0.1);
#6079 = AXIS2_PLACEMENT_3D('',#6080,#6081,#6082);
#6080 = CARTESIAN_POINT('',(2.35,-1.15,1.56));
#6081 = DIRECTION('',(0.,0.,1.));
#6082 = DIRECTION('',(1.,0.,-0.));
#6083 = FACE_BOUND('',#6084,.T.);
#6084 = EDGE_LOOP('',(#6085,#6095,#6103,#6111));
#6085 = ORIENTED_EDGE('',*,*,#6086,.T.);
#6086 = EDGE_CURVE('',#6087,#6089,#6091,.T.);
#6087 = VERTEX_POINT('',#6088);
#6088 = CARTESIAN_POINT('',(-2.2,-1.,1.56));
#6089 = VERTEX_POINT('',#6090);
#6090 = CARTESIAN_POINT('',(-2.2,1.,1.56));
#6091 = LINE('',#6092,#6093);
#6092 = CARTESIAN_POINT('',(-2.2,-1.,1.56));
#6093 = VECTOR('',#6094,1.);
#6094 = DIRECTION('',(0.,1.,0.));
#6095 = ORIENTED_EDGE('',*,*,#6096,.T.);
#6096 = EDGE_CURVE('',#6089,#6097,#6099,.T.);
#6097 = VERTEX_POINT('',#6098);
#6098 = CARTESIAN_POINT('',(-0.63,1.,1.56));
#6099 = LINE('',#6100,#6101);
#6100 = CARTESIAN_POINT('',(-2.2,1.,1.56));
#6101 = VECTOR('',#6102,1.);
#6102 = DIRECTION('',(1.,0.,0.));
#6103 = ORIENTED_EDGE('',*,*,#6104,.T.);
#6104 = EDGE_CURVE('',#6097,#6105,#6107,.T.);
#6105 = VERTEX_POINT('',#6106);
#6106 = CARTESIAN_POINT('',(-0.63,-1.,1.56));
#6107 = LINE('',#6108,#6109);
#6108 = CARTESIAN_POINT('',(-0.63,1.,1.56));
#6109 = VECTOR('',#6110,1.);
#6110 = DIRECTION('',(0.,-1.,0.));
#6111 = ORIENTED_EDGE('',*,*,#6112,.T.);
#6112 = EDGE_CURVE('',#6105,#6087,#6113,.T.);
#6113 = LINE('',#6114,#6115);
#6114 = CARTESIAN_POINT('',(-0.63,-1.,1.56));
#6115 = VECTOR('',#6116,1.);
#6116 = DIRECTION('',(-1.,0.,0.));
#6117 = FACE_BOUND('',#6118,.T.);
#6118 = EDGE_LOOP('',(#6119,#6129,#6137,#6145));
#6119 = ORIENTED_EDGE('',*,*,#6120,.T.);
#6120 = EDGE_CURVE('',#6121,#6123,#6125,.T.);
#6121 = VERTEX_POINT('',#6122);
#6122 = CARTESIAN_POINT('',(0.63,-1.,1.56));
#6123 = VERTEX_POINT('',#6124);
#6124 = CARTESIAN_POINT('',(0.63,1.,1.56));
#6125 = LINE('',#6126,#6127);
#6126 = CARTESIAN_POINT('',(0.63,-1.,1.56));
#6127 = VECTOR('',#6128,1.);
#6128 = DIRECTION('',(0.,1.,0.));
#6129 = ORIENTED_EDGE('',*,*,#6130,.T.);
#6130 = EDGE_CURVE('',#6123,#6131,#6133,.T.);
#6131 = VERTEX_POINT('',#6132);
#6132 = CARTESIAN_POINT('',(2.2,1.,1.56));
#6133 = LINE('',#6134,#6135);
#6134 = CARTESIAN_POINT('',(0.63,1.,1.56));
#6135 = VECTOR('',#6136,1.);
#6136 = DIRECTION('',(1.,0.,0.));
#6137 = ORIENTED_EDGE('',*,*,#6138,.T.);
#6138 = EDGE_CURVE('',#6131,#6139,#6141,.T.);
#6139 = VERTEX_POINT('',#6140);
#6140 = CARTESIAN_POINT('',(2.2,-1.,1.56));
#6141 = LINE('',#6142,#6143);
#6142 = CARTESIAN_POINT('',(2.2,1.,1.56));
#6143 = VECTOR('',#6144,1.);
#6144 = DIRECTION('',(0.,-1.,0.));
#6145 = ORIENTED_EDGE('',*,*,#6146,.T.);
#6146 = EDGE_CURVE('',#6139,#6121,#6147,.T.);
#6147 = LINE('',#6148,#6149);
#6148 = CARTESIAN_POINT('',(2.2,-1.,1.56));
#6149 = VECTOR('',#6150,1.);
#6150 = DIRECTION('',(-1.,0.,0.));
#6151 = PLANE('',#6152);
#6152 = AXIS2_PLACEMENT_3D('',#6153,#6154,#6155);
#6153 = CARTESIAN_POINT('',(1.263800587606E-02,-6.696161038576E-03,1.56)
  );
#6154 = DIRECTION('',(0.,0.,1.));
#6155 = DIRECTION('',(1.,0.,-0.));
#6156 = ADVANCED_FACE('',(#6157),#6168,.T.);
#6157 = FACE_BOUND('',#6158,.T.);
#6158 = EDGE_LOOP('',(#6159,#6160,#6161,#6162));
#6159 = ORIENTED_EDGE('',*,*,#5799,.T.);
#6160 = ORIENTED_EDGE('',*,*,#5744,.T.);
#6161 = ORIENTED_EDGE('',*,*,#6077,.F.);
#6162 = ORIENTED_EDGE('',*,*,#6163,.F.);
#6163 = EDGE_CURVE('',#5800,#6070,#6164,.T.);
#6164 = LINE('',#6165,#6166);
#6165 = CARTESIAN_POINT('',(2.35,-1.25,0.25));
#6166 = VECTOR('',#6167,1.);
#6167 = DIRECTION('',(0.,0.,1.));
#6168 = CYLINDRICAL_SURFACE('',#6169,0.1);
#6169 = AXIS2_PLACEMENT_3D('',#6170,#6171,#6172);
#6170 = CARTESIAN_POINT('',(2.35,-1.15,0.25));
#6171 = DIRECTION('',(-0.,-0.,-1.));
#6172 = DIRECTION('',(1.,0.,0.));
#6173 = ADVANCED_FACE('',(#6174),#6185,.F.);
#6174 = FACE_BOUND('',#6175,.F.);
#6175 = EDGE_LOOP('',(#6176,#6177,#6178,#6184));
#6176 = ORIENTED_EDGE('',*,*,#5775,.T.);
#6177 = ORIENTED_EDGE('',*,*,#5915,.T.);
#6178 = ORIENTED_EDGE('',*,*,#6179,.F.);
#6179 = EDGE_CURVE('',#5890,#5916,#6180,.T.);
#6180 = LINE('',#6181,#6182);
#6181 = CARTESIAN_POINT('',(0.4,1.2,0.25));
#6182 = VECTOR('',#6183,1.);
#6183 = DIRECTION('',(0.,0.,1.));
#6184 = ORIENTED_EDGE('',*,*,#5897,.F.);
#6185 = PLANE('',#6186);
#6186 = AXIS2_PLACEMENT_3D('',#6187,#6188,#6189);
#6187 = CARTESIAN_POINT('',(0.45,1.25,0.25));
#6188 = DIRECTION('',(0.707106781187,-0.707106781187,0.));
#6189 = DIRECTION('',(-0.707106781187,-0.707106781187,0.));
#6190 = ADVANCED_FACE('',(#6191),#6202,.F.);
#6191 = FACE_BOUND('',#6192,.F.);
#6192 = EDGE_LOOP('',(#6193,#6199,#6200,#6201));
#6193 = ORIENTED_EDGE('',*,*,#6194,.T.);
#6194 = EDGE_CURVE('',#5809,#6062,#6195,.T.);
#6195 = LINE('',#6196,#6197);
#6196 = CARTESIAN_POINT('',(0.45,-1.25,0.25));
#6197 = VECTOR('',#6198,1.);
#6198 = DIRECTION('',(0.,0.,1.));
#6199 = ORIENTED_EDGE('',*,*,#6069,.T.);
#6200 = ORIENTED_EDGE('',*,*,#6163,.F.);
#6201 = ORIENTED_EDGE('',*,*,#5808,.F.);
#6202 = PLANE('',#6203);
#6203 = AXIS2_PLACEMENT_3D('',#6204,#6205,#6206);
#6204 = CARTESIAN_POINT('',(0.45,-1.25,0.25));
#6205 = DIRECTION('',(0.,1.,0.));
#6206 = DIRECTION('',(1.,0.,0.));
#6207 = ADVANCED_FACE('',(#6208),#6219,.F.);
#6208 = FACE_BOUND('',#6209,.F.);
#6209 = EDGE_LOOP('',(#6210,#6216,#6217,#6218));
#6210 = ORIENTED_EDGE('',*,*,#6211,.T.);
#6211 = EDGE_CURVE('',#5817,#6054,#6212,.T.);
#6212 = LINE('',#6213,#6214);
#6213 = CARTESIAN_POINT('',(0.4,-1.2,0.25));
#6214 = VECTOR('',#6215,1.);
#6215 = DIRECTION('',(0.,0.,1.));
#6216 = ORIENTED_EDGE('',*,*,#6061,.T.);
#6217 = ORIENTED_EDGE('',*,*,#6194,.F.);
#6218 = ORIENTED_EDGE('',*,*,#5816,.F.);
#6219 = PLANE('',#6220);
#6220 = AXIS2_PLACEMENT_3D('',#6221,#6222,#6223);
#6221 = CARTESIAN_POINT('',(0.4,-1.2,0.25));
#6222 = DIRECTION('',(0.707106781187,0.707106781187,0.));
#6223 = DIRECTION('',(0.707106781187,-0.707106781187,0.));
#6224 = ADVANCED_FACE('',(#6225),#6259,.F.);
#6225 = FACE_BOUND('',#6226,.F.);
#6226 = EDGE_LOOP('',(#6227,#6228,#6234,#6235,#6243,#6251,#6257,#6258));
#6227 = ORIENTED_EDGE('',*,*,#5824,.F.);
#6228 = ORIENTED_EDGE('',*,*,#6229,.T.);
#6229 = EDGE_CURVE('',#5825,#6013,#6230,.T.);
#6230 = LINE('',#6231,#6232);
#6231 = CARTESIAN_POINT('',(-0.4,-1.2,0.25));
#6232 = VECTOR('',#6233,1.);
#6233 = DIRECTION('',(0.,0.,1.));
#6234 = ORIENTED_EDGE('',*,*,#6020,.T.);
#6235 = ORIENTED_EDGE('',*,*,#6236,.T.);
#6236 = EDGE_CURVE('',#6021,#6237,#6239,.T.);
#6237 = VERTEX_POINT('',#6238);
#6238 = CARTESIAN_POINT('',(-0.35,-1.2,1.53));
#6239 = LINE('',#6240,#6241);
#6240 = CARTESIAN_POINT('',(-0.35,-1.2,1.56));
#6241 = VECTOR('',#6242,1.);
#6242 = DIRECTION('',(-0.,-0.,-1.));
#6243 = ORIENTED_EDGE('',*,*,#6244,.T.);
#6244 = EDGE_CURVE('',#6237,#6245,#6247,.T.);
#6245 = VERTEX_POINT('',#6246);
#6246 = CARTESIAN_POINT('',(0.35,-1.2,1.53));
#6247 = LINE('',#6248,#6249);
#6248 = CARTESIAN_POINT('',(-0.35,-1.2,1.53));
#6249 = VECTOR('',#6250,1.);
#6250 = DIRECTION('',(1.,0.,0.));
#6251 = ORIENTED_EDGE('',*,*,#6252,.F.);
#6252 = EDGE_CURVE('',#6046,#6245,#6253,.T.);
#6253 = LINE('',#6254,#6255);
#6254 = CARTESIAN_POINT('',(0.35,-1.2,1.56));
#6255 = VECTOR('',#6256,1.);
#6256 = DIRECTION('',(-0.,-0.,-1.));
#6257 = ORIENTED_EDGE('',*,*,#6053,.T.);
#6258 = ORIENTED_EDGE('',*,*,#6211,.F.);
#6259 = PLANE('',#6260);
#6260 = AXIS2_PLACEMENT_3D('',#6261,#6262,#6263);
#6261 = CARTESIAN_POINT('',(-0.4,-1.2,0.25));
#6262 = DIRECTION('',(0.,1.,0.));
#6263 = DIRECTION('',(1.,0.,0.));
#6264 = ADVANCED_FACE('',(#6265),#6276,.F.);
#6265 = FACE_BOUND('',#6266,.F.);
#6266 = EDGE_LOOP('',(#6267,#6273,#6274,#6275));
#6267 = ORIENTED_EDGE('',*,*,#6268,.T.);
#6268 = EDGE_CURVE('',#5833,#6005,#6269,.T.);
#6269 = LINE('',#6270,#6271);
#6270 = CARTESIAN_POINT('',(-0.45,-1.25,0.25));
#6271 = VECTOR('',#6272,1.);
#6272 = DIRECTION('',(0.,0.,1.));
#6273 = ORIENTED_EDGE('',*,*,#6012,.T.);
#6274 = ORIENTED_EDGE('',*,*,#6229,.F.);
#6275 = ORIENTED_EDGE('',*,*,#5832,.F.);
#6276 = PLANE('',#6277);
#6277 = AXIS2_PLACEMENT_3D('',#6278,#6279,#6280);
#6278 = CARTESIAN_POINT('',(-0.45,-1.25,0.25));
#6279 = DIRECTION('',(-0.707106781187,0.707106781187,0.));
#6280 = DIRECTION('',(0.707106781187,0.707106781187,0.));
#6281 = ADVANCED_FACE('',(#6282),#6293,.F.);
#6282 = FACE_BOUND('',#6283,.F.);
#6283 = EDGE_LOOP('',(#6284,#6290,#6291,#6292));
#6284 = ORIENTED_EDGE('',*,*,#6285,.T.);
#6285 = EDGE_CURVE('',#5841,#5996,#6286,.T.);
#6286 = LINE('',#6287,#6288);
#6287 = CARTESIAN_POINT('',(-2.35,-1.25,0.25));
#6288 = VECTOR('',#6289,1.);
#6289 = DIRECTION('',(0.,0.,1.));
#6290 = ORIENTED_EDGE('',*,*,#6004,.T.);
#6291 = ORIENTED_EDGE('',*,*,#6268,.F.);
#6292 = ORIENTED_EDGE('',*,*,#5840,.F.);
#6293 = PLANE('',#6294);
#6294 = AXIS2_PLACEMENT_3D('',#6295,#6296,#6297);
#6295 = CARTESIAN_POINT('',(-2.35,-1.25,0.25));
#6296 = DIRECTION('',(0.,1.,0.));
#6297 = DIRECTION('',(1.,0.,0.));
#6298 = ADVANCED_FACE('',(#6299),#6310,.T.);
#6299 = FACE_BOUND('',#6300,.T.);
#6300 = EDGE_LOOP('',(#6301,#6302,#6303,#6304));
#6301 = ORIENTED_EDGE('',*,*,#5848,.T.);
#6302 = ORIENTED_EDGE('',*,*,#6285,.T.);
#6303 = ORIENTED_EDGE('',*,*,#5995,.F.);
#6304 = ORIENTED_EDGE('',*,*,#6305,.F.);
#6305 = EDGE_CURVE('',#5849,#5988,#6306,.T.);
#6306 = LINE('',#6307,#6308);
#6307 = CARTESIAN_POINT('',(-2.45,-1.15,0.25));
#6308 = VECTOR('',#6309,1.);
#6309 = DIRECTION('',(0.,0.,1.));
#6310 = CYLINDRICAL_SURFACE('',#6311,0.1);
#6311 = AXIS2_PLACEMENT_3D('',#6312,#6313,#6314);
#6312 = CARTESIAN_POINT('',(-2.35,-1.15,0.25));
#6313 = DIRECTION('',(-0.,-0.,-1.));
#6314 = DIRECTION('',(1.,0.,0.));
#6315 = ADVANCED_FACE('',(#6316),#6327,.T.);
#6316 = FACE_BOUND('',#6317,.T.);
#6317 = EDGE_LOOP('',(#6318,#6319,#6320,#6326));
#6318 = ORIENTED_EDGE('',*,*,#6305,.T.);
#6319 = ORIENTED_EDGE('',*,*,#5987,.T.);
#6320 = ORIENTED_EDGE('',*,*,#6321,.F.);
#6321 = EDGE_CURVE('',#5858,#5980,#6322,.T.);
#6322 = LINE('',#6323,#6324);
#6323 = CARTESIAN_POINT('',(-2.45,1.05,0.25));
#6324 = VECTOR('',#6325,1.);
#6325 = DIRECTION('',(0.,0.,1.));
#6326 = ORIENTED_EDGE('',*,*,#5857,.F.);
#6327 = PLANE('',#6328);
#6328 = AXIS2_PLACEMENT_3D('',#6329,#6330,#6331);
#6329 = CARTESIAN_POINT('',(-2.45,-1.15,0.25));
#6330 = DIRECTION('',(-1.,0.,0.));
#6331 = DIRECTION('',(0.,1.,0.));
#6332 = ADVANCED_FACE('',(#6333),#6344,.T.);
#6333 = FACE_BOUND('',#6334,.T.);
#6334 = EDGE_LOOP('',(#6335,#6336,#6337,#6343));
#6335 = ORIENTED_EDGE('',*,*,#6321,.T.);
#6336 = ORIENTED_EDGE('',*,*,#5979,.T.);
#6337 = ORIENTED_EDGE('',*,*,#6338,.F.);
#6338 = EDGE_CURVE('',#5866,#5972,#6339,.T.);
#6339 = LINE('',#6340,#6341);
#6340 = CARTESIAN_POINT('',(-2.25,1.25,0.25));
#6341 = VECTOR('',#6342,1.);
#6342 = DIRECTION('',(0.,0.,1.));
#6343 = ORIENTED_EDGE('',*,*,#5865,.F.);
#6344 = PLANE('',#6345);
#6345 = AXIS2_PLACEMENT_3D('',#6346,#6347,#6348);
#6346 = CARTESIAN_POINT('',(-2.45,1.05,0.25));
#6347 = DIRECTION('',(-0.707106781187,0.707106781187,0.));
#6348 = DIRECTION('',(0.707106781187,0.707106781187,0.));
#6349 = ADVANCED_FACE('',(#6350),#6361,.F.);
#6350 = FACE_BOUND('',#6351,.F.);
#6351 = EDGE_LOOP('',(#6352,#6358,#6359,#6360));
#6352 = ORIENTED_EDGE('',*,*,#6353,.T.);
#6353 = EDGE_CURVE('',#5874,#5964,#6354,.T.);
#6354 = LINE('',#6355,#6356);
#6355 = CARTESIAN_POINT('',(-0.45,1.25,0.25));
#6356 = VECTOR('',#6357,1.);
#6357 = DIRECTION('',(0.,0.,1.));
#6358 = ORIENTED_EDGE('',*,*,#5971,.T.);
#6359 = ORIENTED_EDGE('',*,*,#6338,.F.);
#6360 = ORIENTED_EDGE('',*,*,#5873,.F.);
#6361 = PLANE('',#6362);
#6362 = AXIS2_PLACEMENT_3D('',#6363,#6364,#6365);
#6363 = CARTESIAN_POINT('',(-0.45,1.25,0.25));
#6364 = DIRECTION('',(0.,-1.,0.));
#6365 = DIRECTION('',(-1.,0.,0.));
#6366 = ADVANCED_FACE('',(#6367),#6378,.F.);
#6367 = FACE_BOUND('',#6368,.F.);
#6368 = EDGE_LOOP('',(#6369,#6375,#6376,#6377));
#6369 = ORIENTED_EDGE('',*,*,#6370,.T.);
#6370 = EDGE_CURVE('',#5882,#5956,#6371,.T.);
#6371 = LINE('',#6372,#6373);
#6372 = CARTESIAN_POINT('',(-0.4,1.2,0.25));
#6373 = VECTOR('',#6374,1.);
#6374 = DIRECTION('',(0.,0.,1.));
#6375 = ORIENTED_EDGE('',*,*,#5963,.T.);
#6376 = ORIENTED_EDGE('',*,*,#6353,.F.);
#6377 = ORIENTED_EDGE('',*,*,#5881,.F.);
#6378 = PLANE('',#6379);
#6379 = AXIS2_PLACEMENT_3D('',#6380,#6381,#6382);
#6380 = CARTESIAN_POINT('',(-0.4,1.2,0.25));
#6381 = DIRECTION('',(-0.707106781187,-0.707106781187,0.));
#6382 = DIRECTION('',(-0.707106781187,0.707106781187,0.));
#6383 = ADVANCED_FACE('',(#6384),#6413,.F.);
#6384 = FACE_BOUND('',#6385,.F.);
#6385 = EDGE_LOOP('',(#6386,#6387,#6388,#6389,#6397,#6405,#6411,#6412));
#6386 = ORIENTED_EDGE('',*,*,#5889,.F.);
#6387 = ORIENTED_EDGE('',*,*,#6179,.T.);
#6388 = ORIENTED_EDGE('',*,*,#5923,.T.);
#6389 = ORIENTED_EDGE('',*,*,#6390,.T.);
#6390 = EDGE_CURVE('',#5924,#6391,#6393,.T.);
#6391 = VERTEX_POINT('',#6392);
#6392 = CARTESIAN_POINT('',(0.35,1.2,1.53));
#6393 = LINE('',#6394,#6395);
#6394 = CARTESIAN_POINT('',(0.35,1.2,1.56));
#6395 = VECTOR('',#6396,1.);
#6396 = DIRECTION('',(-0.,-0.,-1.));
#6397 = ORIENTED_EDGE('',*,*,#6398,.F.);
#6398 = EDGE_CURVE('',#6399,#6391,#6401,.T.);
#6399 = VERTEX_POINT('',#6400);
#6400 = CARTESIAN_POINT('',(-0.35,1.2,1.53));
#6401 = LINE('',#6402,#6403);
#6402 = CARTESIAN_POINT('',(-0.35,1.2,1.53));
#6403 = VECTOR('',#6404,1.);
#6404 = DIRECTION('',(1.,0.,0.));
#6405 = ORIENTED_EDGE('',*,*,#6406,.F.);
#6406 = EDGE_CURVE('',#5948,#6399,#6407,.T.);
#6407 = LINE('',#6408,#6409);
#6408 = CARTESIAN_POINT('',(-0.35,1.2,1.56));
#6409 = VECTOR('',#6410,1.);
#6410 = DIRECTION('',(-0.,-0.,-1.));
#6411 = ORIENTED_EDGE('',*,*,#5955,.T.);
#6412 = ORIENTED_EDGE('',*,*,#6370,.F.);
#6413 = PLANE('',#6414);
#6414 = AXIS2_PLACEMENT_3D('',#6415,#6416,#6417);
#6415 = CARTESIAN_POINT('',(0.4,1.2,0.25));
#6416 = DIRECTION('',(0.,-1.,0.));
#6417 = DIRECTION('',(-1.,0.,0.));
#6418 = ADVANCED_FACE('',(#6419),#6437,.T.);
#6419 = FACE_BOUND('',#6420,.T.);
#6420 = EDGE_LOOP('',(#6421,#6422,#6430,#6436));
#6421 = ORIENTED_EDGE('',*,*,#6390,.T.);
#6422 = ORIENTED_EDGE('',*,*,#6423,.T.);
#6423 = EDGE_CURVE('',#6391,#6424,#6426,.T.);
#6424 = VERTEX_POINT('',#6425);
#6425 = CARTESIAN_POINT('',(0.35,0.5,1.53));
#6426 = LINE('',#6427,#6428);
#6427 = CARTESIAN_POINT('',(0.35,1.2,1.53));
#6428 = VECTOR('',#6429,1.);
#6429 = DIRECTION('',(0.,-1.,0.));
#6430 = ORIENTED_EDGE('',*,*,#6431,.F.);
#6431 = EDGE_CURVE('',#5932,#6424,#6432,.T.);
#6432 = LINE('',#6433,#6434);
#6433 = CARTESIAN_POINT('',(0.35,0.5,1.56));
#6434 = VECTOR('',#6435,1.);
#6435 = DIRECTION('',(-0.,-0.,-1.));
#6436 = ORIENTED_EDGE('',*,*,#5931,.F.);
#6437 = PLANE('',#6438);
#6438 = AXIS2_PLACEMENT_3D('',#6439,#6440,#6441);
#6439 = CARTESIAN_POINT('',(0.35,1.2,1.56));
#6440 = DIRECTION('',(-1.,0.,0.));
#6441 = DIRECTION('',(0.,-1.,0.));
#6442 = ADVANCED_FACE('',(#6443),#6461,.F.);
#6443 = FACE_BOUND('',#6444,.F.);
#6444 = EDGE_LOOP('',(#6445,#6446,#6454,#6460));
#6445 = ORIENTED_EDGE('',*,*,#6252,.T.);
#6446 = ORIENTED_EDGE('',*,*,#6447,.T.);
#6447 = EDGE_CURVE('',#6245,#6448,#6450,.T.);
#6448 = VERTEX_POINT('',#6449);
#6449 = CARTESIAN_POINT('',(0.35,-0.85,1.53));
#6450 = LINE('',#6451,#6452);
#6451 = CARTESIAN_POINT('',(0.35,-1.2,1.53));
#6452 = VECTOR('',#6453,1.);
#6453 = DIRECTION('',(0.,1.,0.));
#6454 = ORIENTED_EDGE('',*,*,#6455,.F.);
#6455 = EDGE_CURVE('',#6037,#6448,#6456,.T.);
#6456 = LINE('',#6457,#6458);
#6457 = CARTESIAN_POINT('',(0.35,-0.85,1.56));
#6458 = VECTOR('',#6459,1.);
#6459 = DIRECTION('',(-0.,-0.,-1.));
#6460 = ORIENTED_EDGE('',*,*,#6045,.F.);
#6461 = PLANE('',#6462);
#6462 = AXIS2_PLACEMENT_3D('',#6463,#6464,#6465);
#6463 = CARTESIAN_POINT('',(0.35,-1.2,1.56));
#6464 = DIRECTION('',(1.,0.,0.));
#6465 = DIRECTION('',(-0.,1.,0.));
#6466 = ADVANCED_FACE('',(#6467),#6485,.T.);
#6467 = FACE_BOUND('',#6468,.T.);
#6468 = EDGE_LOOP('',(#6469,#6470,#6478,#6484));
#6469 = ORIENTED_EDGE('',*,*,#6431,.T.);
#6470 = ORIENTED_EDGE('',*,*,#6471,.T.);
#6471 = EDGE_CURVE('',#6424,#6472,#6474,.T.);
#6472 = VERTEX_POINT('',#6473);
#6473 = CARTESIAN_POINT('',(-0.35,0.5,1.53));
#6474 = LINE('',#6475,#6476);
#6475 = CARTESIAN_POINT('',(0.35,0.5,1.53));
#6476 = VECTOR('',#6477,1.);
#6477 = DIRECTION('',(-1.,0.,0.));
#6478 = ORIENTED_EDGE('',*,*,#6479,.F.);
#6479 = EDGE_CURVE('',#5940,#6472,#6480,.T.);
#6480 = LINE('',#6481,#6482);
#6481 = CARTESIAN_POINT('',(-0.35,0.5,1.56));
#6482 = VECTOR('',#6483,1.);
#6483 = DIRECTION('',(-0.,-0.,-1.));
#6484 = ORIENTED_EDGE('',*,*,#5939,.F.);
#6485 = PLANE('',#6486);
#6486 = AXIS2_PLACEMENT_3D('',#6487,#6488,#6489);
#6487 = CARTESIAN_POINT('',(0.35,0.5,1.56));
#6488 = DIRECTION('',(0.,1.,0.));
#6489 = DIRECTION('',(-1.,0.,0.));
#6490 = ADVANCED_FACE('',(#6491),#6510,.F.);
#6491 = FACE_BOUND('',#6492,.F.);
#6492 = EDGE_LOOP('',(#6493,#6494,#6503,#6509));
#6493 = ORIENTED_EDGE('',*,*,#6455,.T.);
#6494 = ORIENTED_EDGE('',*,*,#6495,.T.);
#6495 = EDGE_CURVE('',#6448,#6496,#6498,.T.);
#6496 = VERTEX_POINT('',#6497);
#6497 = CARTESIAN_POINT('',(-0.35,-0.85,1.53));
#6498 = CIRCLE('',#6499,0.35);
#6499 = AXIS2_PLACEMENT_3D('',#6500,#6501,#6502);
#6500 = CARTESIAN_POINT('',(0.,-0.85,1.53));
#6501 = DIRECTION('',(0.,0.,1.));
#6502 = DIRECTION('',(1.,0.,-0.));
#6503 = ORIENTED_EDGE('',*,*,#6504,.F.);
#6504 = EDGE_CURVE('',#6029,#6496,#6505,.T.);
#6505 = LINE('',#6506,#6507);
#6506 = CARTESIAN_POINT('',(-0.35,-0.85,1.56));
#6507 = VECTOR('',#6508,1.);
#6508 = DIRECTION('',(-0.,-0.,-1.));
#6509 = ORIENTED_EDGE('',*,*,#6036,.F.);
#6510 = CYLINDRICAL_SURFACE('',#6511,0.35);
#6511 = AXIS2_PLACEMENT_3D('',#6512,#6513,#6514);
#6512 = CARTESIAN_POINT('',(0.,-0.85,1.56));
#6513 = DIRECTION('',(0.,0.,1.));
#6514 = DIRECTION('',(1.,0.,-0.));
#6515 = ADVANCED_FACE('',(#6516),#6527,.T.);
#6516 = FACE_BOUND('',#6517,.T.);
#6517 = EDGE_LOOP('',(#6518,#6519,#6525,#6526));
#6518 = ORIENTED_EDGE('',*,*,#6479,.T.);
#6519 = ORIENTED_EDGE('',*,*,#6520,.T.);
#6520 = EDGE_CURVE('',#6472,#6399,#6521,.T.);
#6521 = LINE('',#6522,#6523);
#6522 = CARTESIAN_POINT('',(-0.35,0.5,1.53));
#6523 = VECTOR('',#6524,1.);
#6524 = DIRECTION('',(0.,1.,0.));
#6525 = ORIENTED_EDGE('',*,*,#6406,.F.);
#6526 = ORIENTED_EDGE('',*,*,#5947,.F.);
#6527 = PLANE('',#6528);
#6528 = AXIS2_PLACEMENT_3D('',#6529,#6530,#6531);
#6529 = CARTESIAN_POINT('',(-0.35,0.5,1.56));
#6530 = DIRECTION('',(1.,0.,0.));
#6531 = DIRECTION('',(-0.,1.,0.));
#6532 = ADVANCED_FACE('',(#6533),#6544,.F.);
#6533 = FACE_BOUND('',#6534,.F.);
#6534 = EDGE_LOOP('',(#6535,#6536,#6542,#6543));
#6535 = ORIENTED_EDGE('',*,*,#6504,.T.);
#6536 = ORIENTED_EDGE('',*,*,#6537,.T.);
#6537 = EDGE_CURVE('',#6496,#6237,#6538,.T.);
#6538 = LINE('',#6539,#6540);
#6539 = CARTESIAN_POINT('',(-0.35,-0.85,1.53));
#6540 = VECTOR('',#6541,1.);
#6541 = DIRECTION('',(0.,-1.,0.));
#6542 = ORIENTED_EDGE('',*,*,#6236,.F.);
#6543 = ORIENTED_EDGE('',*,*,#6028,.F.);
#6544 = PLANE('',#6545);
#6545 = AXIS2_PLACEMENT_3D('',#6546,#6547,#6548);
#6546 = CARTESIAN_POINT('',(-0.35,-0.85,1.56));
#6547 = DIRECTION('',(-1.,0.,0.));
#6548 = DIRECTION('',(0.,-1.,0.));
#6549 = ADVANCED_FACE('',(#6550),#6575,.T.);
#6550 = FACE_BOUND('',#6551,.T.);
#6551 = EDGE_LOOP('',(#6552,#6560,#6568,#6574));
#6552 = ORIENTED_EDGE('',*,*,#6553,.T.);
#6553 = EDGE_CURVE('',#6087,#6554,#6556,.T.);
#6554 = VERTEX_POINT('',#6555);
#6555 = CARTESIAN_POINT('',(-2.2,-1.,1.36));
#6556 = LINE('',#6557,#6558);
#6557 = CARTESIAN_POINT('',(-2.2,-1.,1.56));
#6558 = VECTOR('',#6559,1.);
#6559 = DIRECTION('',(-0.,-0.,-1.));
#6560 = ORIENTED_EDGE('',*,*,#6561,.T.);
#6561 = EDGE_CURVE('',#6554,#6562,#6564,.T.);
#6562 = VERTEX_POINT('',#6563);
#6563 = CARTESIAN_POINT('',(-2.2,1.,1.36));
#6564 = LINE('',#6565,#6566);
#6565 = CARTESIAN_POINT('',(-2.2,-1.,1.36));
#6566 = VECTOR('',#6567,1.);
#6567 = DIRECTION('',(0.,1.,0.));
#6568 = ORIENTED_EDGE('',*,*,#6569,.F.);
#6569 = EDGE_CURVE('',#6089,#6562,#6570,.T.);
#6570 = LINE('',#6571,#6572);
#6571 = CARTESIAN_POINT('',(-2.2,1.,1.56));
#6572 = VECTOR('',#6573,1.);
#6573 = DIRECTION('',(-0.,-0.,-1.));
#6574 = ORIENTED_EDGE('',*,*,#6086,.F.);
#6575 = PLANE('',#6576);
#6576 = AXIS2_PLACEMENT_3D('',#6577,#6578,#6579);
#6577 = CARTESIAN_POINT('',(-2.2,-1.,1.56));
#6578 = DIRECTION('',(1.,0.,0.));
#6579 = DIRECTION('',(-0.,1.,0.));
#6580 = ADVANCED_FACE('',(#6581),#6599,.T.);
#6581 = FACE_BOUND('',#6582,.T.);
#6582 = EDGE_LOOP('',(#6583,#6591,#6597,#6598));
#6583 = ORIENTED_EDGE('',*,*,#6584,.T.);
#6584 = EDGE_CURVE('',#6105,#6585,#6587,.T.);
#6585 = VERTEX_POINT('',#6586);
#6586 = CARTESIAN_POINT('',(-0.63,-1.,1.36));
#6587 = LINE('',#6588,#6589);
#6588 = CARTESIAN_POINT('',(-0.63,-1.,1.56));
#6589 = VECTOR('',#6590,1.);
#6590 = DIRECTION('',(-0.,-0.,-1.));
#6591 = ORIENTED_EDGE('',*,*,#6592,.T.);
#6592 = EDGE_CURVE('',#6585,#6554,#6593,.T.);
#6593 = LINE('',#6594,#6595);
#6594 = CARTESIAN_POINT('',(-0.63,-1.,1.36));
#6595 = VECTOR('',#6596,1.);
#6596 = DIRECTION('',(-1.,0.,0.));
#6597 = ORIENTED_EDGE('',*,*,#6553,.F.);
#6598 = ORIENTED_EDGE('',*,*,#6112,.F.);
#6599 = PLANE('',#6600);
#6600 = AXIS2_PLACEMENT_3D('',#6601,#6602,#6603);
#6601 = CARTESIAN_POINT('',(-0.63,-1.,1.56));
#6602 = DIRECTION('',(0.,1.,0.));
#6603 = DIRECTION('',(-1.,0.,0.));
#6604 = ADVANCED_FACE('',(#6605),#6623,.T.);
#6605 = FACE_BOUND('',#6606,.T.);
#6606 = EDGE_LOOP('',(#6607,#6615,#6621,#6622));
#6607 = ORIENTED_EDGE('',*,*,#6608,.T.);
#6608 = EDGE_CURVE('',#6097,#6609,#6611,.T.);
#6609 = VERTEX_POINT('',#6610);
#6610 = CARTESIAN_POINT('',(-0.63,1.,1.36));
#6611 = LINE('',#6612,#6613);
#6612 = CARTESIAN_POINT('',(-0.63,1.,1.56));
#6613 = VECTOR('',#6614,1.);
#6614 = DIRECTION('',(-0.,-0.,-1.));
#6615 = ORIENTED_EDGE('',*,*,#6616,.T.);
#6616 = EDGE_CURVE('',#6609,#6585,#6617,.T.);
#6617 = LINE('',#6618,#6619);
#6618 = CARTESIAN_POINT('',(-0.63,1.,1.36));
#6619 = VECTOR('',#6620,1.);
#6620 = DIRECTION('',(0.,-1.,0.));
#6621 = ORIENTED_EDGE('',*,*,#6584,.F.);
#6622 = ORIENTED_EDGE('',*,*,#6104,.F.);
#6623 = PLANE('',#6624);
#6624 = AXIS2_PLACEMENT_3D('',#6625,#6626,#6627);
#6625 = CARTESIAN_POINT('',(-0.63,1.,1.56));
#6626 = DIRECTION('',(-1.,0.,0.));
#6627 = DIRECTION('',(0.,-1.,0.));
#6628 = ADVANCED_FACE('',(#6629),#6640,.T.);
#6629 = FACE_BOUND('',#6630,.T.);
#6630 = EDGE_LOOP('',(#6631,#6632,#6638,#6639));
#6631 = ORIENTED_EDGE('',*,*,#6569,.T.);
#6632 = ORIENTED_EDGE('',*,*,#6633,.T.);
#6633 = EDGE_CURVE('',#6562,#6609,#6634,.T.);
#6634 = LINE('',#6635,#6636);
#6635 = CARTESIAN_POINT('',(-2.2,1.,1.36));
#6636 = VECTOR('',#6637,1.);
#6637 = DIRECTION('',(1.,0.,0.));
#6638 = ORIENTED_EDGE('',*,*,#6608,.F.);
#6639 = ORIENTED_EDGE('',*,*,#6096,.F.);
#6640 = PLANE('',#6641);
#6641 = AXIS2_PLACEMENT_3D('',#6642,#6643,#6644);
#6642 = CARTESIAN_POINT('',(-2.2,1.,1.56));
#6643 = DIRECTION('',(0.,-1.,0.));
#6644 = DIRECTION('',(1.,0.,0.));
#6645 = ADVANCED_FACE('',(#6646),#6671,.T.);
#6646 = FACE_BOUND('',#6647,.T.);
#6647 = EDGE_LOOP('',(#6648,#6656,#6664,#6670));
#6648 = ORIENTED_EDGE('',*,*,#6649,.T.);
#6649 = EDGE_CURVE('',#6121,#6650,#6652,.T.);
#6650 = VERTEX_POINT('',#6651);
#6651 = CARTESIAN_POINT('',(0.63,-1.,1.36));
#6652 = LINE('',#6653,#6654);
#6653 = CARTESIAN_POINT('',(0.63,-1.,1.56));
#6654 = VECTOR('',#6655,1.);
#6655 = DIRECTION('',(-0.,-0.,-1.));
#6656 = ORIENTED_EDGE('',*,*,#6657,.T.);
#6657 = EDGE_CURVE('',#6650,#6658,#6660,.T.);
#6658 = VERTEX_POINT('',#6659);
#6659 = CARTESIAN_POINT('',(0.63,1.,1.36));
#6660 = LINE('',#6661,#6662);
#6661 = CARTESIAN_POINT('',(0.63,-1.,1.36));
#6662 = VECTOR('',#6663,1.);
#6663 = DIRECTION('',(0.,1.,0.));
#6664 = ORIENTED_EDGE('',*,*,#6665,.F.);
#6665 = EDGE_CURVE('',#6123,#6658,#6666,.T.);
#6666 = LINE('',#6667,#6668);
#6667 = CARTESIAN_POINT('',(0.63,1.,1.56));
#6668 = VECTOR('',#6669,1.);
#6669 = DIRECTION('',(-0.,-0.,-1.));
#6670 = ORIENTED_EDGE('',*,*,#6120,.F.);
#6671 = PLANE('',#6672);
#6672 = AXIS2_PLACEMENT_3D('',#6673,#6674,#6675);
#6673 = CARTESIAN_POINT('',(0.63,-1.,1.56));
#6674 = DIRECTION('',(1.,0.,0.));
#6675 = DIRECTION('',(-0.,1.,0.));
#6676 = ADVANCED_FACE('',(#6677),#6695,.T.);
#6677 = FACE_BOUND('',#6678,.T.);
#6678 = EDGE_LOOP('',(#6679,#6687,#6693,#6694));
#6679 = ORIENTED_EDGE('',*,*,#6680,.T.);
#6680 = EDGE_CURVE('',#6139,#6681,#6683,.T.);
#6681 = VERTEX_POINT('',#6682);
#6682 = CARTESIAN_POINT('',(2.2,-1.,1.36));
#6683 = LINE('',#6684,#6685);
#6684 = CARTESIAN_POINT('',(2.2,-1.,1.56));
#6685 = VECTOR('',#6686,1.);
#6686 = DIRECTION('',(-0.,-0.,-1.));
#6687 = ORIENTED_EDGE('',*,*,#6688,.T.);
#6688 = EDGE_CURVE('',#6681,#6650,#6689,.T.);
#6689 = LINE('',#6690,#6691);
#6690 = CARTESIAN_POINT('',(2.2,-1.,1.36));
#6691 = VECTOR('',#6692,1.);
#6692 = DIRECTION('',(-1.,0.,0.));
#6693 = ORIENTED_EDGE('',*,*,#6649,.F.);
#6694 = ORIENTED_EDGE('',*,*,#6146,.F.);
#6695 = PLANE('',#6696);
#6696 = AXIS2_PLACEMENT_3D('',#6697,#6698,#6699);
#6697 = CARTESIAN_POINT('',(2.2,-1.,1.56));
#6698 = DIRECTION('',(0.,1.,0.));
#6699 = DIRECTION('',(-1.,0.,0.));
#6700 = ADVANCED_FACE('',(#6701),#6719,.T.);
#6701 = FACE_BOUND('',#6702,.T.);
#6702 = EDGE_LOOP('',(#6703,#6711,#6717,#6718));
#6703 = ORIENTED_EDGE('',*,*,#6704,.T.);
#6704 = EDGE_CURVE('',#6131,#6705,#6707,.T.);
#6705 = VERTEX_POINT('',#6706);
#6706 = CARTESIAN_POINT('',(2.2,1.,1.36));
#6707 = LINE('',#6708,#6709);
#6708 = CARTESIAN_POINT('',(2.2,1.,1.56));
#6709 = VECTOR('',#6710,1.);
#6710 = DIRECTION('',(-0.,-0.,-1.));
#6711 = ORIENTED_EDGE('',*,*,#6712,.T.);
#6712 = EDGE_CURVE('',#6705,#6681,#6713,.T.);
#6713 = LINE('',#6714,#6715);
#6714 = CARTESIAN_POINT('',(2.2,1.,1.36));
#6715 = VECTOR('',#6716,1.);
#6716 = DIRECTION('',(0.,-1.,0.));
#6717 = ORIENTED_EDGE('',*,*,#6680,.F.);
#6718 = ORIENTED_EDGE('',*,*,#6138,.F.);
#6719 = PLANE('',#6720);
#6720 = AXIS2_PLACEMENT_3D('',#6721,#6722,#6723);
#6721 = CARTESIAN_POINT('',(2.2,1.,1.56));
#6722 = DIRECTION('',(-1.,0.,0.));
#6723 = DIRECTION('',(0.,-1.,0.));
#6724 = ADVANCED_FACE('',(#6725),#6736,.T.);
#6725 = FACE_BOUND('',#6726,.T.);
#6726 = EDGE_LOOP('',(#6727,#6728,#6734,#6735));
#6727 = ORIENTED_EDGE('',*,*,#6665,.T.);
#6728 = ORIENTED_EDGE('',*,*,#6729,.T.);
#6729 = EDGE_CURVE('',#6658,#6705,#6730,.T.);
#6730 = LINE('',#6731,#6732);
#6731 = CARTESIAN_POINT('',(0.63,1.,1.36));
#6732 = VECTOR('',#6733,1.);
#6733 = DIRECTION('',(1.,0.,0.));
#6734 = ORIENTED_EDGE('',*,*,#6704,.F.);
#6735 = ORIENTED_EDGE('',*,*,#6130,.F.);
#6736 = PLANE('',#6737);
#6737 = AXIS2_PLACEMENT_3D('',#6738,#6739,#6740);
#6738 = CARTESIAN_POINT('',(0.63,1.,1.56));
#6739 = DIRECTION('',(0.,-1.,0.));
#6740 = DIRECTION('',(1.,0.,0.));
#6741 = ADVANCED_FACE('',(#6742,#6748),#6759,.T.);
#6742 = FACE_BOUND('',#6743,.T.);
#6743 = EDGE_LOOP('',(#6744,#6745,#6746,#6747));
#6744 = ORIENTED_EDGE('',*,*,#6495,.T.);
#6745 = ORIENTED_EDGE('',*,*,#6537,.T.);
#6746 = ORIENTED_EDGE('',*,*,#6244,.T.);
#6747 = ORIENTED_EDGE('',*,*,#6447,.T.);
#6748 = FACE_BOUND('',#6749,.T.);
#6749 = EDGE_LOOP('',(#6750));
#6750 = ORIENTED_EDGE('',*,*,#6751,.F.);
#6751 = EDGE_CURVE('',#6752,#6752,#6754,.T.);
#6752 = VERTEX_POINT('',#6753);
#6753 = CARTESIAN_POINT('',(0.25,-0.85,1.53));
#6754 = CIRCLE('',#6755,0.25);
#6755 = AXIS2_PLACEMENT_3D('',#6756,#6757,#6758);
#6756 = CARTESIAN_POINT('',(0.,-0.85,1.53));
#6757 = DIRECTION('',(0.,0.,1.));
#6758 = DIRECTION('',(1.,0.,-0.));
#6759 = PLANE('',#6760);
#6760 = AXIS2_PLACEMENT_3D('',#6761,#6762,#6763);
#6761 = CARTESIAN_POINT('',(-3.E-17,2.708118550994E-02,1.53));
#6762 = DIRECTION('',(0.,0.,1.));
#6763 = DIRECTION('',(1.,0.,-0.));
#6764 = ADVANCED_FACE('',(#6765,#6771),#6782,.T.);
#6765 = FACE_BOUND('',#6766,.T.);
#6766 = EDGE_LOOP('',(#6767,#6768,#6769,#6770));
#6767 = ORIENTED_EDGE('',*,*,#6398,.F.);
#6768 = ORIENTED_EDGE('',*,*,#6520,.F.);
#6769 = ORIENTED_EDGE('',*,*,#6471,.F.);
#6770 = ORIENTED_EDGE('',*,*,#6423,.F.);
#6771 = FACE_BOUND('',#6772,.T.);
#6772 = EDGE_LOOP('',(#6773));
#6773 = ORIENTED_EDGE('',*,*,#6774,.F.);
#6774 = EDGE_CURVE('',#6775,#6775,#6777,.T.);
#6775 = VERTEX_POINT('',#6776);
#6776 = CARTESIAN_POINT('',(0.25,0.85,1.53));
#6777 = CIRCLE('',#6778,0.25);
#6778 = AXIS2_PLACEMENT_3D('',#6779,#6780,#6781);
#6779 = CARTESIAN_POINT('',(0.,0.85,1.53));
#6780 = DIRECTION('',(0.,0.,1.));
#6781 = DIRECTION('',(1.,0.,-0.));
#6782 = PLANE('',#6783);
#6783 = AXIS2_PLACEMENT_3D('',#6784,#6785,#6786);
#6784 = CARTESIAN_POINT('',(-3.E-17,2.708118550994E-02,1.53));
#6785 = DIRECTION('',(0.,0.,1.));
#6786 = DIRECTION('',(1.,0.,-0.));
#6787 = ADVANCED_FACE('',(#6788),#6794,.T.);
#6788 = FACE_BOUND('',#6789,.F.);
#6789 = EDGE_LOOP('',(#6790,#6791,#6792,#6793));
#6790 = ORIENTED_EDGE('',*,*,#6633,.T.);
#6791 = ORIENTED_EDGE('',*,*,#6616,.T.);
#6792 = ORIENTED_EDGE('',*,*,#6592,.T.);
#6793 = ORIENTED_EDGE('',*,*,#6561,.T.);
#6794 = PLANE('',#6795);
#6795 = AXIS2_PLACEMENT_3D('',#6796,#6797,#6798);
#6796 = CARTESIAN_POINT('',(-2.3E-16,1.4E-16,1.36));
#6797 = DIRECTION('',(0.,0.,1.));
#6798 = DIRECTION('',(1.,0.,-0.));
#6799 = ADVANCED_FACE('',(#6800),#6806,.T.);
#6800 = FACE_BOUND('',#6801,.F.);
#6801 = EDGE_LOOP('',(#6802,#6803,#6804,#6805));
#6802 = ORIENTED_EDGE('',*,*,#6729,.T.);
#6803 = ORIENTED_EDGE('',*,*,#6712,.T.);
#6804 = ORIENTED_EDGE('',*,*,#6688,.T.);
#6805 = ORIENTED_EDGE('',*,*,#6657,.T.);
#6806 = PLANE('',#6807);
#6807 = AXIS2_PLACEMENT_3D('',#6808,#6809,#6810);
#6808 = CARTESIAN_POINT('',(-2.3E-16,1.4E-16,1.36));
#6809 = DIRECTION('',(0.,0.,1.));
#6810 = DIRECTION('',(1.,0.,-0.));
#6811 = ADVANCED_FACE('',(#6812),#6831,.F.);
#6812 = FACE_BOUND('',#6813,.F.);
#6813 = EDGE_LOOP('',(#6814,#6815,#6823,#6830));
#6814 = ORIENTED_EDGE('',*,*,#6751,.F.);
#6815 = ORIENTED_EDGE('',*,*,#6816,.T.);
#6816 = EDGE_CURVE('',#6752,#6817,#6819,.T.);
#6817 = VERTEX_POINT('',#6818);
#6818 = CARTESIAN_POINT('',(0.25,-0.85,1.51));
#6819 = LINE('',#6820,#6821);
#6820 = CARTESIAN_POINT('',(0.25,-0.85,1.56));
#6821 = VECTOR('',#6822,1.);
#6822 = DIRECTION('',(-0.,-0.,-1.));
#6823 = ORIENTED_EDGE('',*,*,#6824,.T.);
#6824 = EDGE_CURVE('',#6817,#6817,#6825,.T.);
#6825 = CIRCLE('',#6826,0.25);
#6826 = AXIS2_PLACEMENT_3D('',#6827,#6828,#6829);
#6827 = CARTESIAN_POINT('',(0.,-0.85,1.51));
#6828 = DIRECTION('',(0.,0.,1.));
#6829 = DIRECTION('',(1.,0.,-0.));
#6830 = ORIENTED_EDGE('',*,*,#6816,.F.);
#6831 = CYLINDRICAL_SURFACE('',#6832,0.25);
#6832 = AXIS2_PLACEMENT_3D('',#6833,#6834,#6835);
#6833 = CARTESIAN_POINT('',(0.,-0.85,1.56));
#6834 = DIRECTION('',(0.,0.,1.));
#6835 = DIRECTION('',(1.,0.,-0.));
#6836 = ADVANCED_FACE('',(#6837),#6856,.F.);
#6837 = FACE_BOUND('',#6838,.F.);
#6838 = EDGE_LOOP('',(#6839,#6840,#6848,#6855));
#6839 = ORIENTED_EDGE('',*,*,#6774,.F.);
#6840 = ORIENTED_EDGE('',*,*,#6841,.T.);
#6841 = EDGE_CURVE('',#6775,#6842,#6844,.T.);
#6842 = VERTEX_POINT('',#6843);
#6843 = CARTESIAN_POINT('',(0.25,0.85,1.51));
#6844 = LINE('',#6845,#6846);
#6845 = CARTESIAN_POINT('',(0.25,0.85,1.56));
#6846 = VECTOR('',#6847,1.);
#6847 = DIRECTION('',(-0.,-0.,-1.));
#6848 = ORIENTED_EDGE('',*,*,#6849,.T.);
#6849 = EDGE_CURVE('',#6842,#6842,#6850,.T.);
#6850 = CIRCLE('',#6851,0.25);
#6851 = AXIS2_PLACEMENT_3D('',#6852,#6853,#6854);
#6852 = CARTESIAN_POINT('',(0.,0.85,1.51));
#6853 = DIRECTION('',(0.,0.,1.));
#6854 = DIRECTION('',(1.,0.,-0.));
#6855 = ORIENTED_EDGE('',*,*,#6841,.F.);
#6856 = CYLINDRICAL_SURFACE('',#6857,0.25);
#6857 = AXIS2_PLACEMENT_3D('',#6858,#6859,#6860);
#6858 = CARTESIAN_POINT('',(0.,0.85,1.56));
#6859 = DIRECTION('',(0.,0.,1.));
#6860 = DIRECTION('',(1.,0.,-0.));
#6861 = ADVANCED_FACE('',(#6862),#6865,.T.);
#6862 = FACE_BOUND('',#6863,.T.);
#6863 = EDGE_LOOP('',(#6864));
#6864 = ORIENTED_EDGE('',*,*,#6824,.T.);
#6865 = PLANE('',#6866);
#6866 = AXIS2_PLACEMENT_3D('',#6867,#6868,#6869);
#6867 = CARTESIAN_POINT('',(-2.E-17,-1.E-17,1.51));
#6868 = DIRECTION('',(0.,0.,1.));
#6869 = DIRECTION('',(1.,0.,-0.));
#6870 = ADVANCED_FACE('',(#6871),#6874,.T.);
#6871 = FACE_BOUND('',#6872,.T.);
#6872 = EDGE_LOOP('',(#6873));
#6873 = ORIENTED_EDGE('',*,*,#6849,.T.);
#6874 = PLANE('',#6875);
#6875 = AXIS2_PLACEMENT_3D('',#6876,#6877,#6878);
#6876 = CARTESIAN_POINT('',(-2.E-17,-1.E-17,1.51));
#6877 = DIRECTION('',(0.,0.,1.));
#6878 = DIRECTION('',(1.,0.,-0.));
#6879 = MANIFOLD_SOLID_BREP('',#6880);
#6880 = CLOSED_SHELL('',(#6881,#6921,#6952,#6983,#7005,#7017));
#6881 = ADVANCED_FACE('',(#6882),#6916,.T.);
#6882 = FACE_BOUND('',#6883,.F.);
#6883 = EDGE_LOOP('',(#6884,#6894,#6902,#6910));
#6884 = ORIENTED_EDGE('',*,*,#6885,.T.);
#6885 = EDGE_CURVE('',#6886,#6888,#6890,.T.);
#6886 = VERTEX_POINT('',#6887);
#6887 = CARTESIAN_POINT('',(-0.75,0.88,1.36));
#6888 = VERTEX_POINT('',#6889);
#6889 = CARTESIAN_POINT('',(-0.75,0.88,1.56));
#6890 = LINE('',#6891,#6892);
#6891 = CARTESIAN_POINT('',(-0.75,0.88,1.36));
#6892 = VECTOR('',#6893,1.);
#6893 = DIRECTION('',(0.,0.,1.));
#6894 = ORIENTED_EDGE('',*,*,#6895,.T.);
#6895 = EDGE_CURVE('',#6888,#6896,#6898,.T.);
#6896 = VERTEX_POINT('',#6897);
#6897 = CARTESIAN_POINT('',(-2.08,0.88,1.56));
#6898 = LINE('',#6899,#6900);
#6899 = CARTESIAN_POINT('',(-0.75,0.88,1.56));
#6900 = VECTOR('',#6901,1.);
#6901 = DIRECTION('',(-1.,-0.,-0.));
#6902 = ORIENTED_EDGE('',*,*,#6903,.F.);
#6903 = EDGE_CURVE('',#6904,#6896,#6906,.T.);
#6904 = VERTEX_POINT('',#6905);
#6905 = CARTESIAN_POINT('',(-2.08,0.88,1.36));
#6906 = LINE('',#6907,#6908);
#6907 = CARTESIAN_POINT('',(-2.08,0.88,1.36));
#6908 = VECTOR('',#6909,1.);
#6909 = DIRECTION('',(0.,0.,1.));
#6910 = ORIENTED_EDGE('',*,*,#6911,.F.);
#6911 = EDGE_CURVE('',#6886,#6904,#6912,.T.);
#6912 = LINE('',#6913,#6914);
#6913 = CARTESIAN_POINT('',(-0.75,0.88,1.36));
#6914 = VECTOR('',#6915,1.);
#6915 = DIRECTION('',(-1.,-0.,-0.));
#6916 = PLANE('',#6917);
#6917 = AXIS2_PLACEMENT_3D('',#6918,#6919,#6920);
#6918 = CARTESIAN_POINT('',(-0.75,0.88,1.36));
#6919 = DIRECTION('',(0.,1.,0.));
#6920 = DIRECTION('',(1.,0.,0.));
#6921 = ADVANCED_FACE('',(#6922),#6947,.T.);
#6922 = FACE_BOUND('',#6923,.F.);
#6923 = EDGE_LOOP('',(#6924,#6925,#6933,#6941));
#6924 = ORIENTED_EDGE('',*,*,#6903,.T.);
#6925 = ORIENTED_EDGE('',*,*,#6926,.T.);
#6926 = EDGE_CURVE('',#6896,#6927,#6929,.T.);
#6927 = VERTEX_POINT('',#6928);
#6928 = CARTESIAN_POINT('',(-2.08,-0.88,1.56));
#6929 = LINE('',#6930,#6931);
#6930 = CARTESIAN_POINT('',(-2.08,0.88,1.56));
#6931 = VECTOR('',#6932,1.);
#6932 = DIRECTION('',(-0.,-1.,-0.));
#6933 = ORIENTED_EDGE('',*,*,#6934,.F.);
#6934 = EDGE_CURVE('',#6935,#6927,#6937,.T.);
#6935 = VERTEX_POINT('',#6936);
#6936 = CARTESIAN_POINT('',(-2.08,-0.88,1.36));
#6937 = LINE('',#6938,#6939);
#6938 = CARTESIAN_POINT('',(-2.08,-0.88,1.36));
#6939 = VECTOR('',#6940,1.);
#6940 = DIRECTION('',(0.,0.,1.));
#6941 = ORIENTED_EDGE('',*,*,#6942,.F.);
#6942 = EDGE_CURVE('',#6904,#6935,#6943,.T.);
#6943 = LINE('',#6944,#6945);
#6944 = CARTESIAN_POINT('',(-2.08,0.88,1.36));
#6945 = VECTOR('',#6946,1.);
#6946 = DIRECTION('',(-0.,-1.,-0.));
#6947 = PLANE('',#6948);
#6948 = AXIS2_PLACEMENT_3D('',#6949,#6950,#6951);
#6949 = CARTESIAN_POINT('',(-2.08,0.88,1.36));
#6950 = DIRECTION('',(-1.,-0.,-0.));
#6951 = DIRECTION('',(0.,1.,0.));
#6952 = ADVANCED_FACE('',(#6953),#6978,.T.);
#6953 = FACE_BOUND('',#6954,.F.);
#6954 = EDGE_LOOP('',(#6955,#6956,#6964,#6972));
#6955 = ORIENTED_EDGE('',*,*,#6934,.T.);
#6956 = ORIENTED_EDGE('',*,*,#6957,.T.);
#6957 = EDGE_CURVE('',#6927,#6958,#6960,.T.);
#6958 = VERTEX_POINT('',#6959);
#6959 = CARTESIAN_POINT('',(-0.75,-0.88,1.56));
#6960 = LINE('',#6961,#6962);
#6961 = CARTESIAN_POINT('',(-2.08,-0.88,1.56));
#6962 = VECTOR('',#6963,1.);
#6963 = DIRECTION('',(1.,0.,0.));
#6964 = ORIENTED_EDGE('',*,*,#6965,.F.);
#6965 = EDGE_CURVE('',#6966,#6958,#6968,.T.);
#6966 = VERTEX_POINT('',#6967);
#6967 = CARTESIAN_POINT('',(-0.75,-0.88,1.36));
#6968 = LINE('',#6969,#6970);
#6969 = CARTESIAN_POINT('',(-0.75,-0.88,1.36));
#6970 = VECTOR('',#6971,1.);
#6971 = DIRECTION('',(0.,0.,1.));
#6972 = ORIENTED_EDGE('',*,*,#6973,.F.);
#6973 = EDGE_CURVE('',#6935,#6966,#6974,.T.);
#6974 = LINE('',#6975,#6976);
#6975 = CARTESIAN_POINT('',(-2.08,-0.88,1.36));
#6976 = VECTOR('',#6977,1.);
#6977 = DIRECTION('',(1.,0.,0.));
#6978 = PLANE('',#6979);
#6979 = AXIS2_PLACEMENT_3D('',#6980,#6981,#6982);
#6980 = CARTESIAN_POINT('',(-2.08,-0.88,1.36));
#6981 = DIRECTION('',(-0.,-1.,-0.));
#6982 = DIRECTION('',(-1.,0.,0.));
#6983 = ADVANCED_FACE('',(#6984),#7000,.T.);
#6984 = FACE_BOUND('',#6985,.F.);
#6985 = EDGE_LOOP('',(#6986,#6987,#6993,#6994));
#6986 = ORIENTED_EDGE('',*,*,#6965,.T.);
#6987 = ORIENTED_EDGE('',*,*,#6988,.T.);
#6988 = EDGE_CURVE('',#6958,#6888,#6989,.T.);
#6989 = LINE('',#6990,#6991);
#6990 = CARTESIAN_POINT('',(-0.75,-0.88,1.56));
#6991 = VECTOR('',#6992,1.);
#6992 = DIRECTION('',(0.,1.,0.));
#6993 = ORIENTED_EDGE('',*,*,#6885,.F.);
#6994 = ORIENTED_EDGE('',*,*,#6995,.F.);
#6995 = EDGE_CURVE('',#6966,#6886,#6996,.T.);
#6996 = LINE('',#6997,#6998);
#6997 = CARTESIAN_POINT('',(-0.75,-0.88,1.36));
#6998 = VECTOR('',#6999,1.);
#6999 = DIRECTION('',(0.,1.,0.));
#7000 = PLANE('',#7001);
#7001 = AXIS2_PLACEMENT_3D('',#7002,#7003,#7004);
#7002 = CARTESIAN_POINT('',(-0.75,-0.88,1.36));
#7003 = DIRECTION('',(1.,0.,0.));
#7004 = DIRECTION('',(0.,-1.,0.));
#7005 = ADVANCED_FACE('',(#7006),#7012,.F.);
#7006 = FACE_BOUND('',#7007,.F.);
#7007 = EDGE_LOOP('',(#7008,#7009,#7010,#7011));
#7008 = ORIENTED_EDGE('',*,*,#6911,.T.);
#7009 = ORIENTED_EDGE('',*,*,#6942,.T.);
#7010 = ORIENTED_EDGE('',*,*,#6973,.T.);
#7011 = ORIENTED_EDGE('',*,*,#6995,.T.);
#7012 = PLANE('',#7013);
#7013 = AXIS2_PLACEMENT_3D('',#7014,#7015,#7016);
#7014 = CARTESIAN_POINT('',(-1.415,0.,1.36));
#7015 = DIRECTION('',(0.,0.,1.));
#7016 = DIRECTION('',(1.,0.,-0.));
#7017 = ADVANCED_FACE('',(#7018),#7024,.T.);
#7018 = FACE_BOUND('',#7019,.T.);
#7019 = EDGE_LOOP('',(#7020,#7021,#7022,#7023));
#7020 = ORIENTED_EDGE('',*,*,#6895,.T.);
#7021 = ORIENTED_EDGE('',*,*,#6926,.T.);
#7022 = ORIENTED_EDGE('',*,*,#6957,.T.);
#7023 = ORIENTED_EDGE('',*,*,#6988,.T.);
#7024 = PLANE('',#7025);
#7025 = AXIS2_PLACEMENT_3D('',#7026,#7027,#7028);
#7026 = CARTESIAN_POINT('',(-1.415,0.,1.56));
#7027 = DIRECTION('',(0.,0.,1.));
#7028 = DIRECTION('',(1.,0.,-0.));
#7029 = MANIFOLD_SOLID_BREP('',#7030);
#7030 = CLOSED_SHELL('',(#7031,#7064,#7073));
#7031 = ADVANCED_FACE('',(#7032),#7059,.T.);
#7032 = FACE_BOUND('',#7033,.T.);
#7033 = EDGE_LOOP('',(#7034,#7043,#7051,#7058));
#7034 = ORIENTED_EDGE('',*,*,#7035,.T.);
#7035 = EDGE_CURVE('',#7036,#7036,#7038,.T.);
#7036 = VERTEX_POINT('',#7037);
#7037 = CARTESIAN_POINT('',(1.905,0.,1.36));
#7038 = CIRCLE('',#7039,0.425);
#7039 = AXIS2_PLACEMENT_3D('',#7040,#7041,#7042);
#7040 = CARTESIAN_POINT('',(1.48,0.,1.36));
#7041 = DIRECTION('',(0.,0.,1.));
#7042 = DIRECTION('',(1.,0.,-0.));
#7043 = ORIENTED_EDGE('',*,*,#7044,.T.);
#7044 = EDGE_CURVE('',#7036,#7045,#7047,.T.);
#7045 = VERTEX_POINT('',#7046);
#7046 = CARTESIAN_POINT('',(1.905,0.,1.41));
#7047 = LINE('',#7048,#7049);
#7048 = CARTESIAN_POINT('',(1.905,-1.E-16,1.36));
#7049 = VECTOR('',#7050,1.);
#7050 = DIRECTION('',(0.,0.,1.));
#7051 = ORIENTED_EDGE('',*,*,#7052,.F.);
#7052 = EDGE_CURVE('',#7045,#7045,#7053,.T.);
#7053 = CIRCLE('',#7054,0.425);
#7054 = AXIS2_PLACEMENT_3D('',#7055,#7056,#7057);
#7055 = CARTESIAN_POINT('',(1.48,0.,1.41));
#7056 = DIRECTION('',(0.,0.,1.));
#7057 = DIRECTION('',(1.,0.,-0.));
#7058 = ORIENTED_EDGE('',*,*,#7044,.F.);
#7059 = CYLINDRICAL_SURFACE('',#7060,0.425);
#7060 = AXIS2_PLACEMENT_3D('',#7061,#7062,#7063);
#7061 = CARTESIAN_POINT('',(1.48,0.,1.36));
#7062 = DIRECTION('',(-0.,-0.,-1.));
#7063 = DIRECTION('',(1.,0.,0.));
#7064 = ADVANCED_FACE('',(#7065),#7068,.F.);
#7065 = FACE_BOUND('',#7066,.T.);
#7066 = EDGE_LOOP('',(#7067));
#7067 = ORIENTED_EDGE('',*,*,#7035,.F.);
#7068 = PLANE('',#7069);
#7069 = AXIS2_PLACEMENT_3D('',#7070,#7071,#7072);
#7070 = CARTESIAN_POINT('',(1.48,0.,1.36));
#7071 = DIRECTION('',(0.,0.,1.));
#7072 = DIRECTION('',(1.,0.,-0.));
#7073 = ADVANCED_FACE('',(#7074),#7077,.T.);
#7074 = FACE_BOUND('',#7075,.F.);
#7075 = EDGE_LOOP('',(#7076));
#7076 = ORIENTED_EDGE('',*,*,#7052,.F.);
#7077 = PLANE('',#7078);
#7078 = AXIS2_PLACEMENT_3D('',#7079,#7080,#7081);
#7079 = CARTESIAN_POINT('',(1.48,0.,1.41));
#7080 = DIRECTION('',(0.,0.,1.));
#7081 = DIRECTION('',(1.,0.,-0.));
#7082 = MANIFOLD_SOLID_BREP('',#7083);
#7083 = CLOSED_SHELL('',(#7084,#7117,#7126));
#7084 = ADVANCED_FACE('',(#7085),#7112,.T.);
#7085 = FACE_BOUND('',#7086,.T.);
#7086 = EDGE_LOOP('',(#7087,#7096,#7104,#7111));
#7087 = ORIENTED_EDGE('',*,*,#7088,.T.);
#7088 = EDGE_CURVE('',#7089,#7089,#7091,.T.);
#7089 = VERTEX_POINT('',#7090);
#7090 = CARTESIAN_POINT('',(-1.17,0.,1.36));
#7091 = CIRCLE('',#7092,0.35);
#7092 = AXIS2_PLACEMENT_3D('',#7093,#7094,#7095);
#7093 = CARTESIAN_POINT('',(-1.52,0.,1.36));
#7094 = DIRECTION('',(0.,0.,1.));
#7095 = DIRECTION('',(1.,0.,-0.));
#7096 = ORIENTED_EDGE('',*,*,#7097,.T.);
#7097 = EDGE_CURVE('',#7089,#7098,#7100,.T.);
#7098 = VERTEX_POINT('',#7099);
#7099 = CARTESIAN_POINT('',(-1.17,0.,1.41));
#7100 = LINE('',#7101,#7102);
#7101 = CARTESIAN_POINT('',(-1.17,-9.E-17,1.36));
#7102 = VECTOR('',#7103,1.);
#7103 = DIRECTION('',(0.,0.,1.));
#7104 = ORIENTED_EDGE('',*,*,#7105,.F.);
#7105 = EDGE_CURVE('',#7098,#7098,#7106,.T.);
#7106 = CIRCLE('',#7107,0.35);
#7107 = AXIS2_PLACEMENT_3D('',#7108,#7109,#7110);
#7108 = CARTESIAN_POINT('',(-1.52,0.,1.41));
#7109 = DIRECTION('',(0.,0.,1.));
#7110 = DIRECTION('',(1.,0.,-0.));
#7111 = ORIENTED_EDGE('',*,*,#7097,.F.);
#7112 = CYLINDRICAL_SURFACE('',#7113,0.35);
#7113 = AXIS2_PLACEMENT_3D('',#7114,#7115,#7116);
#7114 = CARTESIAN_POINT('',(-1.52,0.,1.36));
#7115 = DIRECTION('',(-0.,-0.,-1.));
#7116 = DIRECTION('',(1.,0.,0.));
#7117 = ADVANCED_FACE('',(#7118),#7121,.F.);
#7118 = FACE_BOUND('',#7119,.T.);
#7119 = EDGE_LOOP('',(#7120));
#7120 = ORIENTED_EDGE('',*,*,#7088,.F.);
#7121 = PLANE('',#7122);
#7122 = AXIS2_PLACEMENT_3D('',#7123,#7124,#7125);
#7123 = CARTESIAN_POINT('',(-1.52,0.,1.36));
#7124 = DIRECTION('',(0.,0.,1.));
#7125 = DIRECTION('',(1.,0.,-0.));
#7126 = ADVANCED_FACE('',(#7127),#7130,.T.);
#7127 = FACE_BOUND('',#7128,.F.);
#7128 = EDGE_LOOP('',(#7129));
#7129 = ORIENTED_EDGE('',*,*,#7105,.F.);
#7130 = PLANE('',#7131);
#7131 = AXIS2_PLACEMENT_3D('',#7132,#7133,#7134);
#7132 = CARTESIAN_POINT('',(-1.52,0.,1.41));
#7133 = DIRECTION('',(0.,0.,1.));
#7134 = DIRECTION('',(1.,0.,-0.));
#7135 = MANIFOLD_SOLID_BREP('',#7136);
#7136 = CLOSED_SHELL('',(#7137,#7177,#7208,#7239,#7261,#7273));
#7137 = ADVANCED_FACE('',(#7138),#7172,.T.);
#7138 = FACE_BOUND('',#7139,.T.);
#7139 = EDGE_LOOP('',(#7140,#7150,#7158,#7166));
#7140 = ORIENTED_EDGE('',*,*,#7141,.T.);
#7141 = EDGE_CURVE('',#7142,#7144,#7146,.T.);
#7142 = VERTEX_POINT('',#7143);
#7143 = CARTESIAN_POINT('',(0.75,0.88,1.36));
#7144 = VERTEX_POINT('',#7145);
#7145 = CARTESIAN_POINT('',(0.75,0.88,1.56));
#7146 = LINE('',#7147,#7148);
#7147 = CARTESIAN_POINT('',(0.75,0.88,1.36));
#7148 = VECTOR('',#7149,1.);
#7149 = DIRECTION('',(0.,0.,1.));
#7150 = ORIENTED_EDGE('',*,*,#7151,.T.);
#7151 = EDGE_CURVE('',#7144,#7152,#7154,.T.);
#7152 = VERTEX_POINT('',#7153);
#7153 = CARTESIAN_POINT('',(2.08,0.88,1.56));
#7154 = LINE('',#7155,#7156);
#7155 = CARTESIAN_POINT('',(0.75,0.88,1.56));
#7156 = VECTOR('',#7157,1.);
#7157 = DIRECTION('',(1.,0.,0.));
#7158 = ORIENTED_EDGE('',*,*,#7159,.F.);
#7159 = EDGE_CURVE('',#7160,#7152,#7162,.T.);
#7160 = VERTEX_POINT('',#7161);
#7161 = CARTESIAN_POINT('',(2.08,0.88,1.36));
#7162 = LINE('',#7163,#7164);
#7163 = CARTESIAN_POINT('',(2.08,0.88,1.36));
#7164 = VECTOR('',#7165,1.);
#7165 = DIRECTION('',(0.,0.,1.));
#7166 = ORIENTED_EDGE('',*,*,#7167,.F.);
#7167 = EDGE_CURVE('',#7142,#7160,#7168,.T.);
#7168 = LINE('',#7169,#7170);
#7169 = CARTESIAN_POINT('',(0.75,0.88,1.36));
#7170 = VECTOR('',#7171,1.);
#7171 = DIRECTION('',(1.,0.,0.));
#7172 = PLANE('',#7173);
#7173 = AXIS2_PLACEMENT_3D('',#7174,#7175,#7176);
#7174 = CARTESIAN_POINT('',(0.75,0.88,1.36));
#7175 = DIRECTION('',(0.,1.,0.));
#7176 = DIRECTION('',(1.,0.,0.));
#7177 = ADVANCED_FACE('',(#7178),#7203,.T.);
#7178 = FACE_BOUND('',#7179,.T.);
#7179 = EDGE_LOOP('',(#7180,#7181,#7189,#7197));
#7180 = ORIENTED_EDGE('',*,*,#7159,.T.);
#7181 = ORIENTED_EDGE('',*,*,#7182,.T.);
#7182 = EDGE_CURVE('',#7152,#7183,#7185,.T.);
#7183 = VERTEX_POINT('',#7184);
#7184 = CARTESIAN_POINT('',(2.08,-0.88,1.56));
#7185 = LINE('',#7186,#7187);
#7186 = CARTESIAN_POINT('',(2.08,0.88,1.56));
#7187 = VECTOR('',#7188,1.);
#7188 = DIRECTION('',(0.,-1.,0.));
#7189 = ORIENTED_EDGE('',*,*,#7190,.F.);
#7190 = EDGE_CURVE('',#7191,#7183,#7193,.T.);
#7191 = VERTEX_POINT('',#7192);
#7192 = CARTESIAN_POINT('',(2.08,-0.88,1.36));
#7193 = LINE('',#7194,#7195);
#7194 = CARTESIAN_POINT('',(2.08,-0.88,1.36));
#7195 = VECTOR('',#7196,1.);
#7196 = DIRECTION('',(0.,0.,1.));
#7197 = ORIENTED_EDGE('',*,*,#7198,.F.);
#7198 = EDGE_CURVE('',#7160,#7191,#7199,.T.);
#7199 = LINE('',#7200,#7201);
#7200 = CARTESIAN_POINT('',(2.08,0.88,1.36));
#7201 = VECTOR('',#7202,1.);
#7202 = DIRECTION('',(0.,-1.,0.));
#7203 = PLANE('',#7204);
#7204 = AXIS2_PLACEMENT_3D('',#7205,#7206,#7207);
#7205 = CARTESIAN_POINT('',(2.08,0.88,1.36));
#7206 = DIRECTION('',(1.,0.,0.));
#7207 = DIRECTION('',(0.,-1.,0.));
#7208 = ADVANCED_FACE('',(#7209),#7234,.T.);
#7209 = FACE_BOUND('',#7210,.T.);
#7210 = EDGE_LOOP('',(#7211,#7212,#7220,#7228));
#7211 = ORIENTED_EDGE('',*,*,#7190,.T.);
#7212 = ORIENTED_EDGE('',*,*,#7213,.T.);
#7213 = EDGE_CURVE('',#7183,#7214,#7216,.T.);
#7214 = VERTEX_POINT('',#7215);
#7215 = CARTESIAN_POINT('',(0.75,-0.88,1.56));
#7216 = LINE('',#7217,#7218);
#7217 = CARTESIAN_POINT('',(2.08,-0.88,1.56));
#7218 = VECTOR('',#7219,1.);
#7219 = DIRECTION('',(-1.,0.,0.));
#7220 = ORIENTED_EDGE('',*,*,#7221,.F.);
#7221 = EDGE_CURVE('',#7222,#7214,#7224,.T.);
#7222 = VERTEX_POINT('',#7223);
#7223 = CARTESIAN_POINT('',(0.75,-0.88,1.36));
#7224 = LINE('',#7225,#7226);
#7225 = CARTESIAN_POINT('',(0.75,-0.88,1.36));
#7226 = VECTOR('',#7227,1.);
#7227 = DIRECTION('',(0.,0.,1.));
#7228 = ORIENTED_EDGE('',*,*,#7229,.F.);
#7229 = EDGE_CURVE('',#7191,#7222,#7230,.T.);
#7230 = LINE('',#7231,#7232);
#7231 = CARTESIAN_POINT('',(2.08,-0.88,1.36));
#7232 = VECTOR('',#7233,1.);
#7233 = DIRECTION('',(-1.,0.,0.));
#7234 = PLANE('',#7235);
#7235 = AXIS2_PLACEMENT_3D('',#7236,#7237,#7238);
#7236 = CARTESIAN_POINT('',(2.08,-0.88,1.36));
#7237 = DIRECTION('',(0.,-1.,0.));
#7238 = DIRECTION('',(-1.,0.,0.));
#7239 = ADVANCED_FACE('',(#7240),#7256,.T.);
#7240 = FACE_BOUND('',#7241,.T.);
#7241 = EDGE_LOOP('',(#7242,#7243,#7249,#7250));
#7242 = ORIENTED_EDGE('',*,*,#7221,.T.);
#7243 = ORIENTED_EDGE('',*,*,#7244,.T.);
#7244 = EDGE_CURVE('',#7214,#7144,#7245,.T.);
#7245 = LINE('',#7246,#7247);
#7246 = CARTESIAN_POINT('',(0.75,-0.88,1.56));
#7247 = VECTOR('',#7248,1.);
#7248 = DIRECTION('',(0.,1.,0.));
#7249 = ORIENTED_EDGE('',*,*,#7141,.F.);
#7250 = ORIENTED_EDGE('',*,*,#7251,.F.);
#7251 = EDGE_CURVE('',#7222,#7142,#7252,.T.);
#7252 = LINE('',#7253,#7254);
#7253 = CARTESIAN_POINT('',(0.75,-0.88,1.36));
#7254 = VECTOR('',#7255,1.);
#7255 = DIRECTION('',(0.,1.,0.));
#7256 = PLANE('',#7257);
#7257 = AXIS2_PLACEMENT_3D('',#7258,#7259,#7260);
#7258 = CARTESIAN_POINT('',(0.75,-0.88,1.36));
#7259 = DIRECTION('',(-1.,0.,0.));
#7260 = DIRECTION('',(0.,1.,0.));
#7261 = ADVANCED_FACE('',(#7262),#7268,.F.);
#7262 = FACE_BOUND('',#7263,.T.);
#7263 = EDGE_LOOP('',(#7264,#7265,#7266,#7267));
#7264 = ORIENTED_EDGE('',*,*,#7167,.T.);
#7265 = ORIENTED_EDGE('',*,*,#7198,.T.);
#7266 = ORIENTED_EDGE('',*,*,#7229,.T.);
#7267 = ORIENTED_EDGE('',*,*,#7251,.T.);
#7268 = PLANE('',#7269);
#7269 = AXIS2_PLACEMENT_3D('',#7270,#7271,#7272);
#7270 = CARTESIAN_POINT('',(1.415,0.,1.36));
#7271 = DIRECTION('',(0.,0.,1.));
#7272 = DIRECTION('',(1.,0.,-0.));
#7273 = ADVANCED_FACE('',(#7274),#7280,.T.);
#7274 = FACE_BOUND('',#7275,.F.);
#7275 = EDGE_LOOP('',(#7276,#7277,#7278,#7279));
#7276 = ORIENTED_EDGE('',*,*,#7151,.T.);
#7277 = ORIENTED_EDGE('',*,*,#7182,.T.);
#7278 = ORIENTED_EDGE('',*,*,#7213,.T.);
#7279 = ORIENTED_EDGE('',*,*,#7244,.T.);
#7280 = PLANE('',#7281);
#7281 = AXIS2_PLACEMENT_3D('',#7282,#7283,#7284);
#7282 = CARTESIAN_POINT('',(1.415,0.,1.56));
#7283 = DIRECTION('',(0.,0.,1.));
#7284 = DIRECTION('',(1.,0.,-0.));
#7285 = MANIFOLD_SOLID_BREP('',#7286);
#7286 = CLOSED_SHELL('',(#7287,#7327,#7358,#7389,#7420,#7451,#7473,#7487
    ));
#7287 = ADVANCED_FACE('',(#7288),#7322,.T.);
#7288 = FACE_BOUND('',#7289,.T.);
#7289 = EDGE_LOOP('',(#7290,#7300,#7308,#7316));
#7290 = ORIENTED_EDGE('',*,*,#7291,.T.);
#7291 = EDGE_CURVE('',#7292,#7294,#7296,.T.);
#7292 = VERTEX_POINT('',#7293);
#7293 = CARTESIAN_POINT('',(-1.93,0.55,0.));
#7294 = VERTEX_POINT('',#7295);
#7295 = CARTESIAN_POINT('',(-1.93,0.55,-1.E-02));
#7296 = LINE('',#7297,#7298);
#7297 = CARTESIAN_POINT('',(-1.93,0.55,0.));
#7298 = VECTOR('',#7299,1.);
#7299 = DIRECTION('',(0.,0.,-1.));
#7300 = ORIENTED_EDGE('',*,*,#7301,.T.);
#7301 = EDGE_CURVE('',#7294,#7302,#7304,.T.);
#7302 = VERTEX_POINT('',#7303);
#7303 = CARTESIAN_POINT('',(-1.35,0.55,-1.E-02));
#7304 = LINE('',#7305,#7306);
#7305 = CARTESIAN_POINT('',(-1.93,0.55,-1.E-02));
#7306 = VECTOR('',#7307,1.);
#7307 = DIRECTION('',(1.,1.224646799147E-16,0.));
#7308 = ORIENTED_EDGE('',*,*,#7309,.F.);
#7309 = EDGE_CURVE('',#7310,#7302,#7312,.T.);
#7310 = VERTEX_POINT('',#7311);
#7311 = CARTESIAN_POINT('',(-1.35,0.55,0.));
#7312 = LINE('',#7313,#7314);
#7313 = CARTESIAN_POINT('',(-1.35,0.55,0.));
#7314 = VECTOR('',#7315,1.);
#7315 = DIRECTION('',(0.,0.,-1.));
#7316 = ORIENTED_EDGE('',*,*,#7317,.F.);
#7317 = EDGE_CURVE('',#7292,#7310,#7318,.T.);
#7318 = LINE('',#7319,#7320);
#7319 = CARTESIAN_POINT('',(-1.93,0.55,0.));
#7320 = VECTOR('',#7321,1.);
#7321 = DIRECTION('',(1.,1.224646799147E-16,0.));
#7322 = PLANE('',#7323);
#7323 = AXIS2_PLACEMENT_3D('',#7324,#7325,#7326);
#7324 = CARTESIAN_POINT('',(-1.93,0.55,0.));
#7325 = DIRECTION('',(1.224646799147E-16,-1.,0.));
#7326 = DIRECTION('',(1.,1.224646799147E-16,0.));
#7327 = ADVANCED_FACE('',(#7328),#7353,.T.);
#7328 = FACE_BOUND('',#7329,.T.);
#7329 = EDGE_LOOP('',(#7330,#7331,#7339,#7347));
#7330 = ORIENTED_EDGE('',*,*,#7309,.T.);
#7331 = ORIENTED_EDGE('',*,*,#7332,.T.);
#7332 = EDGE_CURVE('',#7302,#7333,#7335,.T.);
#7333 = VERTEX_POINT('',#7334);
#7334 = CARTESIAN_POINT('',(-1.35,1.05,-1.E-02));
#7335 = LINE('',#7336,#7337);
#7336 = CARTESIAN_POINT('',(-1.35,0.55,-1.E-02));
#7337 = VECTOR('',#7338,1.);
#7338 = DIRECTION('',(-1.224646799147E-16,1.,0.));
#7339 = ORIENTED_EDGE('',*,*,#7340,.F.);
#7340 = EDGE_CURVE('',#7341,#7333,#7343,.T.);
#7341 = VERTEX_POINT('',#7342);
#7342 = CARTESIAN_POINT('',(-1.35,1.05,0.));
#7343 = LINE('',#7344,#7345);
#7344 = CARTESIAN_POINT('',(-1.35,1.05,0.));
#7345 = VECTOR('',#7346,1.);
#7346 = DIRECTION('',(0.,0.,-1.));
#7347 = ORIENTED_EDGE('',*,*,#7348,.F.);
#7348 = EDGE_CURVE('',#7310,#7341,#7349,.T.);
#7349 = LINE('',#7350,#7351);
#7350 = CARTESIAN_POINT('',(-1.35,0.55,0.));
#7351 = VECTOR('',#7352,1.);
#7352 = DIRECTION('',(-1.224646799147E-16,1.,0.));
#7353 = PLANE('',#7354);
#7354 = AXIS2_PLACEMENT_3D('',#7355,#7356,#7357);
#7355 = CARTESIAN_POINT('',(-1.35,0.55,0.));
#7356 = DIRECTION('',(1.,1.224646799147E-16,0.));
#7357 = DIRECTION('',(-1.224646799147E-16,1.,0.));
#7358 = ADVANCED_FACE('',(#7359),#7384,.T.);
#7359 = FACE_BOUND('',#7360,.T.);
#7360 = EDGE_LOOP('',(#7361,#7362,#7370,#7378));
#7361 = ORIENTED_EDGE('',*,*,#7340,.T.);
#7362 = ORIENTED_EDGE('',*,*,#7363,.T.);
#7363 = EDGE_CURVE('',#7333,#7364,#7366,.T.);
#7364 = VERTEX_POINT('',#7365);
#7365 = CARTESIAN_POINT('',(-1.85,1.05,-1.E-02));
#7366 = LINE('',#7367,#7368);
#7367 = CARTESIAN_POINT('',(-1.35,1.05,-1.E-02));
#7368 = VECTOR('',#7369,1.);
#7369 = DIRECTION('',(-1.,-1.224646799147E-16,0.));
#7370 = ORIENTED_EDGE('',*,*,#7371,.F.);
#7371 = EDGE_CURVE('',#7372,#7364,#7374,.T.);
#7372 = VERTEX_POINT('',#7373);
#7373 = CARTESIAN_POINT('',(-1.85,1.05,0.));
#7374 = LINE('',#7375,#7376);
#7375 = CARTESIAN_POINT('',(-1.85,1.05,0.));
#7376 = VECTOR('',#7377,1.);
#7377 = DIRECTION('',(0.,0.,-1.));
#7378 = ORIENTED_EDGE('',*,*,#7379,.F.);
#7379 = EDGE_CURVE('',#7341,#7372,#7380,.T.);
#7380 = LINE('',#7381,#7382);
#7381 = CARTESIAN_POINT('',(-1.35,1.05,0.));
#7382 = VECTOR('',#7383,1.);
#7383 = DIRECTION('',(-1.,-1.224646799147E-16,0.));
#7384 = PLANE('',#7385);
#7385 = AXIS2_PLACEMENT_3D('',#7386,#7387,#7388);
#7386 = CARTESIAN_POINT('',(-1.35,1.05,0.));
#7387 = DIRECTION('',(-1.224646799147E-16,1.,0.));
#7388 = DIRECTION('',(-1.,-1.224646799147E-16,0.));
#7389 = ADVANCED_FACE('',(#7390),#7415,.T.);
#7390 = FACE_BOUND('',#7391,.T.);
#7391 = EDGE_LOOP('',(#7392,#7393,#7401,#7409));
#7392 = ORIENTED_EDGE('',*,*,#7371,.T.);
#7393 = ORIENTED_EDGE('',*,*,#7394,.T.);
#7394 = EDGE_CURVE('',#7364,#7395,#7397,.T.);
#7395 = VERTEX_POINT('',#7396);
#7396 = CARTESIAN_POINT('',(-1.85,0.8,-1.E-02));
#7397 = LINE('',#7398,#7399);
#7398 = CARTESIAN_POINT('',(-1.85,1.05,-1.E-02));
#7399 = VECTOR('',#7400,1.);
#7400 = DIRECTION('',(1.224646799147E-16,-1.,0.));
#7401 = ORIENTED_EDGE('',*,*,#7402,.F.);
#7402 = EDGE_CURVE('',#7403,#7395,#7405,.T.);
#7403 = VERTEX_POINT('',#7404);
#7404 = CARTESIAN_POINT('',(-1.85,0.8,0.));
#7405 = LINE('',#7406,#7407);
#7406 = CARTESIAN_POINT('',(-1.85,0.8,0.));
#7407 = VECTOR('',#7408,1.);
#7408 = DIRECTION('',(0.,0.,-1.));
#7409 = ORIENTED_EDGE('',*,*,#7410,.F.);
#7410 = EDGE_CURVE('',#7372,#7403,#7411,.T.);
#7411 = LINE('',#7412,#7413);
#7412 = CARTESIAN_POINT('',(-1.85,1.05,0.));
#7413 = VECTOR('',#7414,1.);
#7414 = DIRECTION('',(1.224646799147E-16,-1.,0.));
#7415 = PLANE('',#7416);
#7416 = AXIS2_PLACEMENT_3D('',#7417,#7418,#7419);
#7417 = CARTESIAN_POINT('',(-1.85,1.05,0.));
#7418 = DIRECTION('',(-1.,-1.224646799147E-16,-0.));
#7419 = DIRECTION('',(1.224646799147E-16,-1.,0.));
#7420 = ADVANCED_FACE('',(#7421),#7446,.T.);
#7421 = FACE_BOUND('',#7422,.T.);
#7422 = EDGE_LOOP('',(#7423,#7424,#7432,#7440));
#7423 = ORIENTED_EDGE('',*,*,#7402,.T.);
#7424 = ORIENTED_EDGE('',*,*,#7425,.T.);
#7425 = EDGE_CURVE('',#7395,#7426,#7428,.T.);
#7426 = VERTEX_POINT('',#7427);
#7427 = CARTESIAN_POINT('',(-1.93,0.8,-1.E-02));
#7428 = LINE('',#7429,#7430);
#7429 = CARTESIAN_POINT('',(-1.85,0.8,-1.E-02));
#7430 = VECTOR('',#7431,1.);
#7431 = DIRECTION('',(-1.,-1.224646799147E-16,0.));
#7432 = ORIENTED_EDGE('',*,*,#7433,.F.);
#7433 = EDGE_CURVE('',#7434,#7426,#7436,.T.);
#7434 = VERTEX_POINT('',#7435);
#7435 = CARTESIAN_POINT('',(-1.93,0.8,0.));
#7436 = LINE('',#7437,#7438);
#7437 = CARTESIAN_POINT('',(-1.93,0.8,0.));
#7438 = VECTOR('',#7439,1.);
#7439 = DIRECTION('',(0.,0.,-1.));
#7440 = ORIENTED_EDGE('',*,*,#7441,.F.);
#7441 = EDGE_CURVE('',#7403,#7434,#7442,.T.);
#7442 = LINE('',#7443,#7444);
#7443 = CARTESIAN_POINT('',(-1.85,0.8,0.));
#7444 = VECTOR('',#7445,1.);
#7445 = DIRECTION('',(-1.,-1.224646799147E-16,0.));
#7446 = PLANE('',#7447);
#7447 = AXIS2_PLACEMENT_3D('',#7448,#7449,#7450);
#7448 = CARTESIAN_POINT('',(-1.85,0.8,0.));
#7449 = DIRECTION('',(-1.224646799147E-16,1.,0.));
#7450 = DIRECTION('',(-1.,-1.224646799147E-16,0.));
#7451 = ADVANCED_FACE('',(#7452),#7468,.T.);
#7452 = FACE_BOUND('',#7453,.T.);
#7453 = EDGE_LOOP('',(#7454,#7455,#7461,#7462));
#7454 = ORIENTED_EDGE('',*,*,#7433,.T.);
#7455 = ORIENTED_EDGE('',*,*,#7456,.T.);
#7456 = EDGE_CURVE('',#7426,#7294,#7457,.T.);
#7457 = LINE('',#7458,#7459);
#7458 = CARTESIAN_POINT('',(-1.93,0.8,-1.E-02));
#7459 = VECTOR('',#7460,1.);
#7460 = DIRECTION('',(1.224646799147E-16,-1.,0.));
#7461 = ORIENTED_EDGE('',*,*,#7291,.F.);
#7462 = ORIENTED_EDGE('',*,*,#7463,.F.);
#7463 = EDGE_CURVE('',#7434,#7292,#7464,.T.);
#7464 = LINE('',#7465,#7466);
#7465 = CARTESIAN_POINT('',(-1.93,0.8,0.));
#7466 = VECTOR('',#7467,1.);
#7467 = DIRECTION('',(1.224646799147E-16,-1.,0.));
#7468 = PLANE('',#7469);
#7469 = AXIS2_PLACEMENT_3D('',#7470,#7471,#7472);
#7470 = CARTESIAN_POINT('',(-1.93,0.8,0.));
#7471 = DIRECTION('',(-1.,-1.224646799147E-16,-0.));
#7472 = DIRECTION('',(1.224646799147E-16,-1.,0.));
#7473 = ADVANCED_FACE('',(#7474),#7482,.T.);
#7474 = FACE_BOUND('',#7475,.T.);
#7475 = EDGE_LOOP('',(#7476,#7477,#7478,#7479,#7480,#7481));
#7476 = ORIENTED_EDGE('',*,*,#7317,.T.);
#7477 = ORIENTED_EDGE('',*,*,#7348,.T.);
#7478 = ORIENTED_EDGE('',*,*,#7379,.T.);
#7479 = ORIENTED_EDGE('',*,*,#7410,.T.);
#7480 = ORIENTED_EDGE('',*,*,#7441,.T.);
#7481 = ORIENTED_EDGE('',*,*,#7463,.T.);
#7482 = PLANE('',#7483);
#7483 = AXIS2_PLACEMENT_3D('',#7484,#7485,#7486);
#7484 = CARTESIAN_POINT('',(-1.630740740741,0.790740740741,0.));
#7485 = DIRECTION('',(0.,0.,1.));
#7486 = DIRECTION('',(1.,0.,-0.));
#7487 = ADVANCED_FACE('',(#7488),#7496,.F.);
#7488 = FACE_BOUND('',#7489,.F.);
#7489 = EDGE_LOOP('',(#7490,#7491,#7492,#7493,#7494,#7495));
#7490 = ORIENTED_EDGE('',*,*,#7301,.T.);
#7491 = ORIENTED_EDGE('',*,*,#7332,.T.);
#7492 = ORIENTED_EDGE('',*,*,#7363,.T.);
#7493 = ORIENTED_EDGE('',*,*,#7394,.T.);
#7494 = ORIENTED_EDGE('',*,*,#7425,.T.);
#7495 = ORIENTED_EDGE('',*,*,#7456,.T.);
#7496 = PLANE('',#7497);
#7497 = AXIS2_PLACEMENT_3D('',#7498,#7499,#7500);
#7498 = CARTESIAN_POINT('',(-1.630740740741,0.790740740741,-1.E-02));
#7499 = DIRECTION('',(0.,0.,1.));
#7500 = DIRECTION('',(1.,0.,-0.));
#7501 = MANIFOLD_SOLID_BREP('',#7502);
#7502 = CLOSED_SHELL('',(#7503,#7543,#7583,#7605,#7627,#7639));
#7503 = ADVANCED_FACE('',(#7504),#7538,.F.);
#7504 = FACE_BOUND('',#7505,.T.);
#7505 = EDGE_LOOP('',(#7506,#7516,#7524,#7532));
#7506 = ORIENTED_EDGE('',*,*,#7507,.F.);
#7507 = EDGE_CURVE('',#7508,#7510,#7512,.T.);
#7508 = VERTEX_POINT('',#7509);
#7509 = CARTESIAN_POINT('',(1.85,-0.25,-1.E-02));
#7510 = VERTEX_POINT('',#7511);
#7511 = CARTESIAN_POINT('',(1.85,-0.25,0.));
#7512 = LINE('',#7513,#7514);
#7513 = CARTESIAN_POINT('',(1.85,-0.25,-1.E-02));
#7514 = VECTOR('',#7515,1.);
#7515 = DIRECTION('',(0.,0.,1.));
#7516 = ORIENTED_EDGE('',*,*,#7517,.T.);
#7517 = EDGE_CURVE('',#7508,#7518,#7520,.T.);
#7518 = VERTEX_POINT('',#7519);
#7519 = CARTESIAN_POINT('',(1.85,0.25,-1.E-02));
#7520 = LINE('',#7521,#7522);
#7521 = CARTESIAN_POINT('',(1.85,-0.25,-1.E-02));
#7522 = VECTOR('',#7523,1.);
#7523 = DIRECTION('',(0.,1.,0.));
#7524 = ORIENTED_EDGE('',*,*,#7525,.T.);
#7525 = EDGE_CURVE('',#7518,#7526,#7528,.T.);
#7526 = VERTEX_POINT('',#7527);
#7527 = CARTESIAN_POINT('',(1.85,0.25,0.));
#7528 = LINE('',#7529,#7530);
#7529 = CARTESIAN_POINT('',(1.85,0.25,-1.E-02));
#7530 = VECTOR('',#7531,1.);
#7531 = DIRECTION('',(0.,0.,1.));
#7532 = ORIENTED_EDGE('',*,*,#7533,.F.);
#7533 = EDGE_CURVE('',#7510,#7526,#7534,.T.);
#7534 = LINE('',#7535,#7536);
#7535 = CARTESIAN_POINT('',(1.85,-0.25,0.));
#7536 = VECTOR('',#7537,1.);
#7537 = DIRECTION('',(0.,1.,0.));
#7538 = PLANE('',#7539);
#7539 = AXIS2_PLACEMENT_3D('',#7540,#7541,#7542);
#7540 = CARTESIAN_POINT('',(1.85,-0.25,-1.E-02));
#7541 = DIRECTION('',(-1.,-0.,-0.));
#7542 = DIRECTION('',(0.,0.,-1.));
#7543 = ADVANCED_FACE('',(#7544),#7578,.T.);
#7544 = FACE_BOUND('',#7545,.F.);
#7545 = EDGE_LOOP('',(#7546,#7556,#7564,#7572));
#7546 = ORIENTED_EDGE('',*,*,#7547,.F.);
#7547 = EDGE_CURVE('',#7548,#7550,#7552,.T.);
#7548 = VERTEX_POINT('',#7549);
#7549 = CARTESIAN_POINT('',(1.35,-0.25,-1.E-02));
#7550 = VERTEX_POINT('',#7551);
#7551 = CARTESIAN_POINT('',(1.35,-0.25,0.));
#7552 = LINE('',#7553,#7554);
#7553 = CARTESIAN_POINT('',(1.35,-0.25,-1.E-02));
#7554 = VECTOR('',#7555,1.);
#7555 = DIRECTION('',(0.,0.,1.));
#7556 = ORIENTED_EDGE('',*,*,#7557,.T.);
#7557 = EDGE_CURVE('',#7548,#7558,#7560,.T.);
#7558 = VERTEX_POINT('',#7559);
#7559 = CARTESIAN_POINT('',(1.35,0.25,-1.E-02));
#7560 = LINE('',#7561,#7562);
#7561 = CARTESIAN_POINT('',(1.35,-0.25,-1.E-02));
#7562 = VECTOR('',#7563,1.);
#7563 = DIRECTION('',(0.,1.,0.));
#7564 = ORIENTED_EDGE('',*,*,#7565,.T.);
#7565 = EDGE_CURVE('',#7558,#7566,#7568,.T.);
#7566 = VERTEX_POINT('',#7567);
#7567 = CARTESIAN_POINT('',(1.35,0.25,0.));
#7568 = LINE('',#7569,#7570);
#7569 = CARTESIAN_POINT('',(1.35,0.25,-1.E-02));
#7570 = VECTOR('',#7571,1.);
#7571 = DIRECTION('',(0.,0.,1.));
#7572 = ORIENTED_EDGE('',*,*,#7573,.F.);
#7573 = EDGE_CURVE('',#7550,#7566,#7574,.T.);
#7574 = LINE('',#7575,#7576);
#7575 = CARTESIAN_POINT('',(1.35,-0.25,0.));
#7576 = VECTOR('',#7577,1.);
#7577 = DIRECTION('',(0.,1.,0.));
#7578 = PLANE('',#7579);
#7579 = AXIS2_PLACEMENT_3D('',#7580,#7581,#7582);
#7580 = CARTESIAN_POINT('',(1.35,-0.25,-1.E-02));
#7581 = DIRECTION('',(-1.,-0.,-0.));
#7582 = DIRECTION('',(0.,0.,-1.));
#7583 = ADVANCED_FACE('',(#7584),#7600,.F.);
#7584 = FACE_BOUND('',#7585,.T.);
#7585 = EDGE_LOOP('',(#7586,#7592,#7593,#7599));
#7586 = ORIENTED_EDGE('',*,*,#7587,.F.);
#7587 = EDGE_CURVE('',#7508,#7548,#7588,.T.);
#7588 = LINE('',#7589,#7590);
#7589 = CARTESIAN_POINT('',(1.85,-0.25,-1.E-02));
#7590 = VECTOR('',#7591,1.);
#7591 = DIRECTION('',(-1.,-0.,-0.));
#7592 = ORIENTED_EDGE('',*,*,#7507,.T.);
#7593 = ORIENTED_EDGE('',*,*,#7594,.T.);
#7594 = EDGE_CURVE('',#7510,#7550,#7595,.T.);
#7595 = LINE('',#7596,#7597);
#7596 = CARTESIAN_POINT('',(1.85,-0.25,0.));
#7597 = VECTOR('',#7598,1.);
#7598 = DIRECTION('',(-1.,-0.,-0.));
#7599 = ORIENTED_EDGE('',*,*,#7547,.F.);
#7600 = PLANE('',#7601);
#7601 = AXIS2_PLACEMENT_3D('',#7602,#7603,#7604);
#7602 = CARTESIAN_POINT('',(1.85,-0.25,-1.E-02));
#7603 = DIRECTION('',(0.,1.,0.));
#7604 = DIRECTION('',(0.,0.,-1.));
#7605 = ADVANCED_FACE('',(#7606),#7622,.T.);
#7606 = FACE_BOUND('',#7607,.F.);
#7607 = EDGE_LOOP('',(#7608,#7614,#7615,#7621));
#7608 = ORIENTED_EDGE('',*,*,#7609,.F.);
#7609 = EDGE_CURVE('',#7518,#7558,#7610,.T.);
#7610 = LINE('',#7611,#7612);
#7611 = CARTESIAN_POINT('',(1.85,0.25,-1.E-02));
#7612 = VECTOR('',#7613,1.);
#7613 = DIRECTION('',(-1.,-0.,-0.));
#7614 = ORIENTED_EDGE('',*,*,#7525,.T.);
#7615 = ORIENTED_EDGE('',*,*,#7616,.T.);
#7616 = EDGE_CURVE('',#7526,#7566,#7617,.T.);
#7617 = LINE('',#7618,#7619);
#7618 = CARTESIAN_POINT('',(1.85,0.25,0.));
#7619 = VECTOR('',#7620,1.);
#7620 = DIRECTION('',(-1.,-0.,-0.));
#7621 = ORIENTED_EDGE('',*,*,#7565,.F.);
#7622 = PLANE('',#7623);
#7623 = AXIS2_PLACEMENT_3D('',#7624,#7625,#7626);
#7624 = CARTESIAN_POINT('',(1.85,0.25,-1.E-02));
#7625 = DIRECTION('',(0.,1.,0.));
#7626 = DIRECTION('',(0.,0.,-1.));
#7627 = ADVANCED_FACE('',(#7628),#7634,.F.);
#7628 = FACE_BOUND('',#7629,.T.);
#7629 = EDGE_LOOP('',(#7630,#7631,#7632,#7633));
#7630 = ORIENTED_EDGE('',*,*,#7517,.F.);
#7631 = ORIENTED_EDGE('',*,*,#7587,.T.);
#7632 = ORIENTED_EDGE('',*,*,#7557,.T.);
#7633 = ORIENTED_EDGE('',*,*,#7609,.F.);
#7634 = PLANE('',#7635);
#7635 = AXIS2_PLACEMENT_3D('',#7636,#7637,#7638);
#7636 = CARTESIAN_POINT('',(1.85,-0.25,-1.E-02));
#7637 = DIRECTION('',(0.,0.,1.));
#7638 = DIRECTION('',(1.,0.,-0.));
#7639 = ADVANCED_FACE('',(#7640),#7646,.T.);
#7640 = FACE_BOUND('',#7641,.F.);
#7641 = EDGE_LOOP('',(#7642,#7643,#7644,#7645));
#7642 = ORIENTED_EDGE('',*,*,#7533,.F.);
#7643 = ORIENTED_EDGE('',*,*,#7594,.T.);
#7644 = ORIENTED_EDGE('',*,*,#7573,.T.);
#7645 = ORIENTED_EDGE('',*,*,#7616,.F.);
#7646 = PLANE('',#7647);
#7647 = AXIS2_PLACEMENT_3D('',#7648,#7649,#7650);
#7648 = CARTESIAN_POINT('',(1.85,-0.25,0.));
#7649 = DIRECTION('',(0.,0.,1.));
#7650 = DIRECTION('',(1.,0.,-0.));
#7651 = MANIFOLD_SOLID_BREP('',#7652);
#7652 = CLOSED_SHELL('',(#7653,#7693,#7733,#7755,#7777,#7789));
#7653 = ADVANCED_FACE('',(#7654),#7688,.F.);
#7654 = FACE_BOUND('',#7655,.F.);
#7655 = EDGE_LOOP('',(#7656,#7666,#7674,#7682));
#7656 = ORIENTED_EDGE('',*,*,#7657,.F.);
#7657 = EDGE_CURVE('',#7658,#7660,#7662,.T.);
#7658 = VERTEX_POINT('',#7659);
#7659 = CARTESIAN_POINT('',(-1.85,-0.25,-1.E-02));
#7660 = VERTEX_POINT('',#7661);
#7661 = CARTESIAN_POINT('',(-1.85,-0.25,0.));
#7662 = LINE('',#7663,#7664);
#7663 = CARTESIAN_POINT('',(-1.85,-0.25,-1.E-02));
#7664 = VECTOR('',#7665,1.);
#7665 = DIRECTION('',(0.,0.,1.));
#7666 = ORIENTED_EDGE('',*,*,#7667,.T.);
#7667 = EDGE_CURVE('',#7658,#7668,#7670,.T.);
#7668 = VERTEX_POINT('',#7669);
#7669 = CARTESIAN_POINT('',(-1.85,0.25,-1.E-02));
#7670 = LINE('',#7671,#7672);
#7671 = CARTESIAN_POINT('',(-1.85,-0.25,-1.E-02));
#7672 = VECTOR('',#7673,1.);
#7673 = DIRECTION('',(0.,1.,0.));
#7674 = ORIENTED_EDGE('',*,*,#7675,.T.);
#7675 = EDGE_CURVE('',#7668,#7676,#7678,.T.);
#7676 = VERTEX_POINT('',#7677);
#7677 = CARTESIAN_POINT('',(-1.85,0.25,0.));
#7678 = LINE('',#7679,#7680);
#7679 = CARTESIAN_POINT('',(-1.85,0.25,-1.E-02));
#7680 = VECTOR('',#7681,1.);
#7681 = DIRECTION('',(0.,0.,1.));
#7682 = ORIENTED_EDGE('',*,*,#7683,.F.);
#7683 = EDGE_CURVE('',#7660,#7676,#7684,.T.);
#7684 = LINE('',#7685,#7686);
#7685 = CARTESIAN_POINT('',(-1.85,-0.25,0.));
#7686 = VECTOR('',#7687,1.);
#7687 = DIRECTION('',(0.,1.,0.));
#7688 = PLANE('',#7689);
#7689 = AXIS2_PLACEMENT_3D('',#7690,#7691,#7692);
#7690 = CARTESIAN_POINT('',(-1.85,-0.25,-1.E-02));
#7691 = DIRECTION('',(1.,0.,0.));
#7692 = DIRECTION('',(0.,0.,1.));
#7693 = ADVANCED_FACE('',(#7694),#7728,.T.);
#7694 = FACE_BOUND('',#7695,.T.);
#7695 = EDGE_LOOP('',(#7696,#7706,#7714,#7722));
#7696 = ORIENTED_EDGE('',*,*,#7697,.F.);
#7697 = EDGE_CURVE('',#7698,#7700,#7702,.T.);
#7698 = VERTEX_POINT('',#7699);
#7699 = CARTESIAN_POINT('',(-1.35,-0.25,-1.E-02));
#7700 = VERTEX_POINT('',#7701);
#7701 = CARTESIAN_POINT('',(-1.35,-0.25,0.));
#7702 = LINE('',#7703,#7704);
#7703 = CARTESIAN_POINT('',(-1.35,-0.25,-1.E-02));
#7704 = VECTOR('',#7705,1.);
#7705 = DIRECTION('',(0.,0.,1.));
#7706 = ORIENTED_EDGE('',*,*,#7707,.T.);
#7707 = EDGE_CURVE('',#7698,#7708,#7710,.T.);
#7708 = VERTEX_POINT('',#7709);
#7709 = CARTESIAN_POINT('',(-1.35,0.25,-1.E-02));
#7710 = LINE('',#7711,#7712);
#7711 = CARTESIAN_POINT('',(-1.35,-0.25,-1.E-02));
#7712 = VECTOR('',#7713,1.);
#7713 = DIRECTION('',(0.,1.,0.));
#7714 = ORIENTED_EDGE('',*,*,#7715,.T.);
#7715 = EDGE_CURVE('',#7708,#7716,#7718,.T.);
#7716 = VERTEX_POINT('',#7717);
#7717 = CARTESIAN_POINT('',(-1.35,0.25,0.));
#7718 = LINE('',#7719,#7720);
#7719 = CARTESIAN_POINT('',(-1.35,0.25,-1.E-02));
#7720 = VECTOR('',#7721,1.);
#7721 = DIRECTION('',(0.,0.,1.));
#7722 = ORIENTED_EDGE('',*,*,#7723,.F.);
#7723 = EDGE_CURVE('',#7700,#7716,#7724,.T.);
#7724 = LINE('',#7725,#7726);
#7725 = CARTESIAN_POINT('',(-1.35,-0.25,0.));
#7726 = VECTOR('',#7727,1.);
#7727 = DIRECTION('',(0.,1.,0.));
#7728 = PLANE('',#7729);
#7729 = AXIS2_PLACEMENT_3D('',#7730,#7731,#7732);
#7730 = CARTESIAN_POINT('',(-1.35,-0.25,-1.E-02));
#7731 = DIRECTION('',(1.,0.,0.));
#7732 = DIRECTION('',(0.,0.,1.));
#7733 = ADVANCED_FACE('',(#7734),#7750,.F.);
#7734 = FACE_BOUND('',#7735,.F.);
#7735 = EDGE_LOOP('',(#7736,#7742,#7743,#7749));
#7736 = ORIENTED_EDGE('',*,*,#7737,.F.);
#7737 = EDGE_CURVE('',#7658,#7698,#7738,.T.);
#7738 = LINE('',#7739,#7740);
#7739 = CARTESIAN_POINT('',(-1.85,-0.25,-1.E-02));
#7740 = VECTOR('',#7741,1.);
#7741 = DIRECTION('',(1.,0.,0.));
#7742 = ORIENTED_EDGE('',*,*,#7657,.T.);
#7743 = ORIENTED_EDGE('',*,*,#7744,.T.);
#7744 = EDGE_CURVE('',#7660,#7700,#7745,.T.);
#7745 = LINE('',#7746,#7747);
#7746 = CARTESIAN_POINT('',(-1.85,-0.25,0.));
#7747 = VECTOR('',#7748,1.);
#7748 = DIRECTION('',(1.,0.,0.));
#7749 = ORIENTED_EDGE('',*,*,#7697,.F.);
#7750 = PLANE('',#7751);
#7751 = AXIS2_PLACEMENT_3D('',#7752,#7753,#7754);
#7752 = CARTESIAN_POINT('',(-1.85,-0.25,-1.E-02));
#7753 = DIRECTION('',(0.,1.,0.));
#7754 = DIRECTION('',(0.,-0.,1.));
#7755 = ADVANCED_FACE('',(#7756),#7772,.T.);
#7756 = FACE_BOUND('',#7757,.T.);
#7757 = EDGE_LOOP('',(#7758,#7764,#7765,#7771));
#7758 = ORIENTED_EDGE('',*,*,#7759,.F.);
#7759 = EDGE_CURVE('',#7668,#7708,#7760,.T.);
#7760 = LINE('',#7761,#7762);
#7761 = CARTESIAN_POINT('',(-1.85,0.25,-1.E-02));
#7762 = VECTOR('',#7763,1.);
#7763 = DIRECTION('',(1.,0.,0.));
#7764 = ORIENTED_EDGE('',*,*,#7675,.T.);
#7765 = ORIENTED_EDGE('',*,*,#7766,.T.);
#7766 = EDGE_CURVE('',#7676,#7716,#7767,.T.);
#7767 = LINE('',#7768,#7769);
#7768 = CARTESIAN_POINT('',(-1.85,0.25,0.));
#7769 = VECTOR('',#7770,1.);
#7770 = DIRECTION('',(1.,0.,0.));
#7771 = ORIENTED_EDGE('',*,*,#7715,.F.);
#7772 = PLANE('',#7773);
#7773 = AXIS2_PLACEMENT_3D('',#7774,#7775,#7776);
#7774 = CARTESIAN_POINT('',(-1.85,0.25,-1.E-02));
#7775 = DIRECTION('',(0.,1.,0.));
#7776 = DIRECTION('',(0.,-0.,1.));
#7777 = ADVANCED_FACE('',(#7778),#7784,.F.);
#7778 = FACE_BOUND('',#7779,.F.);
#7779 = EDGE_LOOP('',(#7780,#7781,#7782,#7783));
#7780 = ORIENTED_EDGE('',*,*,#7667,.F.);
#7781 = ORIENTED_EDGE('',*,*,#7737,.T.);
#7782 = ORIENTED_EDGE('',*,*,#7707,.T.);
#7783 = ORIENTED_EDGE('',*,*,#7759,.F.);
#7784 = PLANE('',#7785);
#7785 = AXIS2_PLACEMENT_3D('',#7786,#7787,#7788);
#7786 = CARTESIAN_POINT('',(-1.85,-0.25,-1.E-02));
#7787 = DIRECTION('',(0.,0.,1.));
#7788 = DIRECTION('',(1.,0.,-0.));
#7789 = ADVANCED_FACE('',(#7790),#7796,.T.);
#7790 = FACE_BOUND('',#7791,.T.);
#7791 = EDGE_LOOP('',(#7792,#7793,#7794,#7795));
#7792 = ORIENTED_EDGE('',*,*,#7683,.F.);
#7793 = ORIENTED_EDGE('',*,*,#7744,.T.);
#7794 = ORIENTED_EDGE('',*,*,#7723,.T.);
#7795 = ORIENTED_EDGE('',*,*,#7766,.F.);
#7796 = PLANE('',#7797);
#7797 = AXIS2_PLACEMENT_3D('',#7798,#7799,#7800);
#7798 = CARTESIAN_POINT('',(-1.85,-0.25,0.));
#7799 = DIRECTION('',(0.,0.,1.));
#7800 = DIRECTION('',(1.,0.,-0.));
#7801 = MANIFOLD_SOLID_BREP('',#7802);
#7802 = CLOSED_SHELL('',(#7803,#7843,#7883,#7905,#7927,#7939));
#7803 = ADVANCED_FACE('',(#7804),#7838,.F.);
#7804 = FACE_BOUND('',#7805,.F.);
#7805 = EDGE_LOOP('',(#7806,#7816,#7824,#7832));
#7806 = ORIENTED_EDGE('',*,*,#7807,.F.);
#7807 = EDGE_CURVE('',#7808,#7810,#7812,.T.);
#7808 = VERTEX_POINT('',#7809);
#7809 = CARTESIAN_POINT('',(-1.05,0.55,-1.E-02));
#7810 = VERTEX_POINT('',#7811);
#7811 = CARTESIAN_POINT('',(-1.05,0.55,0.));
#7812 = LINE('',#7813,#7814);
#7813 = CARTESIAN_POINT('',(-1.05,0.55,-1.E-02));
#7814 = VECTOR('',#7815,1.);
#7815 = DIRECTION('',(0.,0.,1.));
#7816 = ORIENTED_EDGE('',*,*,#7817,.T.);
#7817 = EDGE_CURVE('',#7808,#7818,#7820,.T.);
#7818 = VERTEX_POINT('',#7819);
#7819 = CARTESIAN_POINT('',(-1.05,1.05,-1.E-02));
#7820 = LINE('',#7821,#7822);
#7821 = CARTESIAN_POINT('',(-1.05,0.55,-1.E-02));
#7822 = VECTOR('',#7823,1.);
#7823 = DIRECTION('',(0.,1.,0.));
#7824 = ORIENTED_EDGE('',*,*,#7825,.T.);
#7825 = EDGE_CURVE('',#7818,#7826,#7828,.T.);
#7826 = VERTEX_POINT('',#7827);
#7827 = CARTESIAN_POINT('',(-1.05,1.05,0.));
#7828 = LINE('',#7829,#7830);
#7829 = CARTESIAN_POINT('',(-1.05,1.05,-1.E-02));
#7830 = VECTOR('',#7831,1.);
#7831 = DIRECTION('',(0.,0.,1.));
#7832 = ORIENTED_EDGE('',*,*,#7833,.F.);
#7833 = EDGE_CURVE('',#7810,#7826,#7834,.T.);
#7834 = LINE('',#7835,#7836);
#7835 = CARTESIAN_POINT('',(-1.05,0.55,0.));
#7836 = VECTOR('',#7837,1.);
#7837 = DIRECTION('',(0.,1.,0.));
#7838 = PLANE('',#7839);
#7839 = AXIS2_PLACEMENT_3D('',#7840,#7841,#7842);
#7840 = CARTESIAN_POINT('',(-1.05,0.55,-1.E-02));
#7841 = DIRECTION('',(1.,0.,0.));
#7842 = DIRECTION('',(0.,0.,1.));
#7843 = ADVANCED_FACE('',(#7844),#7878,.T.);
#7844 = FACE_BOUND('',#7845,.T.);
#7845 = EDGE_LOOP('',(#7846,#7856,#7864,#7872));
#7846 = ORIENTED_EDGE('',*,*,#7847,.F.);
#7847 = EDGE_CURVE('',#7848,#7850,#7852,.T.);
#7848 = VERTEX_POINT('',#7849);
#7849 = CARTESIAN_POINT('',(-0.55,0.55,-1.E-02));
#7850 = VERTEX_POINT('',#7851);
#7851 = CARTESIAN_POINT('',(-0.55,0.55,0.));
#7852 = LINE('',#7853,#7854);
#7853 = CARTESIAN_POINT('',(-0.55,0.55,-1.E-02));
#7854 = VECTOR('',#7855,1.);
#7855 = DIRECTION('',(0.,0.,1.));
#7856 = ORIENTED_EDGE('',*,*,#7857,.T.);
#7857 = EDGE_CURVE('',#7848,#7858,#7860,.T.);
#7858 = VERTEX_POINT('',#7859);
#7859 = CARTESIAN_POINT('',(-0.55,1.05,-1.E-02));
#7860 = LINE('',#7861,#7862);
#7861 = CARTESIAN_POINT('',(-0.55,0.55,-1.E-02));
#7862 = VECTOR('',#7863,1.);
#7863 = DIRECTION('',(0.,1.,0.));
#7864 = ORIENTED_EDGE('',*,*,#7865,.T.);
#7865 = EDGE_CURVE('',#7858,#7866,#7868,.T.);
#7866 = VERTEX_POINT('',#7867);
#7867 = CARTESIAN_POINT('',(-0.55,1.05,0.));
#7868 = LINE('',#7869,#7870);
#7869 = CARTESIAN_POINT('',(-0.55,1.05,-1.E-02));
#7870 = VECTOR('',#7871,1.);
#7871 = DIRECTION('',(0.,0.,1.));
#7872 = ORIENTED_EDGE('',*,*,#7873,.F.);
#7873 = EDGE_CURVE('',#7850,#7866,#7874,.T.);
#7874 = LINE('',#7875,#7876);
#7875 = CARTESIAN_POINT('',(-0.55,0.55,0.));
#7876 = VECTOR('',#7877,1.);
#7877 = DIRECTION('',(0.,1.,0.));
#7878 = PLANE('',#7879);
#7879 = AXIS2_PLACEMENT_3D('',#7880,#7881,#7882);
#7880 = CARTESIAN_POINT('',(-0.55,0.55,-1.E-02));
#7881 = DIRECTION('',(1.,0.,0.));
#7882 = DIRECTION('',(0.,0.,1.));
#7883 = ADVANCED_FACE('',(#7884),#7900,.F.);
#7884 = FACE_BOUND('',#7885,.F.);
#7885 = EDGE_LOOP('',(#7886,#7892,#7893,#7899));
#7886 = ORIENTED_EDGE('',*,*,#7887,.F.);
#7887 = EDGE_CURVE('',#7808,#7848,#7888,.T.);
#7888 = LINE('',#7889,#7890);
#7889 = CARTESIAN_POINT('',(-1.05,0.55,-1.E-02));
#7890 = VECTOR('',#7891,1.);
#7891 = DIRECTION('',(1.,0.,0.));
#7892 = ORIENTED_EDGE('',*,*,#7807,.T.);
#7893 = ORIENTED_EDGE('',*,*,#7894,.T.);
#7894 = EDGE_CURVE('',#7810,#7850,#7895,.T.);
#7895 = LINE('',#7896,#7897);
#7896 = CARTESIAN_POINT('',(-1.05,0.55,0.));
#7897 = VECTOR('',#7898,1.);
#7898 = DIRECTION('',(1.,0.,0.));
#7899 = ORIENTED_EDGE('',*,*,#7847,.F.);
#7900 = PLANE('',#7901);
#7901 = AXIS2_PLACEMENT_3D('',#7902,#7903,#7904);
#7902 = CARTESIAN_POINT('',(-1.05,0.55,-1.E-02));
#7903 = DIRECTION('',(0.,1.,0.));
#7904 = DIRECTION('',(0.,-0.,1.));
#7905 = ADVANCED_FACE('',(#7906),#7922,.T.);
#7906 = FACE_BOUND('',#7907,.T.);
#7907 = EDGE_LOOP('',(#7908,#7914,#7915,#7921));
#7908 = ORIENTED_EDGE('',*,*,#7909,.F.);
#7909 = EDGE_CURVE('',#7818,#7858,#7910,.T.);
#7910 = LINE('',#7911,#7912);
#7911 = CARTESIAN_POINT('',(-1.05,1.05,-1.E-02));
#7912 = VECTOR('',#7913,1.);
#7913 = DIRECTION('',(1.,0.,0.));
#7914 = ORIENTED_EDGE('',*,*,#7825,.T.);
#7915 = ORIENTED_EDGE('',*,*,#7916,.T.);
#7916 = EDGE_CURVE('',#7826,#7866,#7917,.T.);
#7917 = LINE('',#7918,#7919);
#7918 = CARTESIAN_POINT('',(-1.05,1.05,0.));
#7919 = VECTOR('',#7920,1.);
#7920 = DIRECTION('',(1.,0.,0.));
#7921 = ORIENTED_EDGE('',*,*,#7865,.F.);
#7922 = PLANE('',#7923);
#7923 = AXIS2_PLACEMENT_3D('',#7924,#7925,#7926);
#7924 = CARTESIAN_POINT('',(-1.05,1.05,-1.E-02));
#7925 = DIRECTION('',(0.,1.,0.));
#7926 = DIRECTION('',(0.,-0.,1.));
#7927 = ADVANCED_FACE('',(#7928),#7934,.F.);
#7928 = FACE_BOUND('',#7929,.F.);
#7929 = EDGE_LOOP('',(#7930,#7931,#7932,#7933));
#7930 = ORIENTED_EDGE('',*,*,#7817,.F.);
#7931 = ORIENTED_EDGE('',*,*,#7887,.T.);
#7932 = ORIENTED_EDGE('',*,*,#7857,.T.);
#7933 = ORIENTED_EDGE('',*,*,#7909,.F.);
#7934 = PLANE('',#7935);
#7935 = AXIS2_PLACEMENT_3D('',#7936,#7937,#7938);
#7936 = CARTESIAN_POINT('',(-1.05,0.55,-1.E-02));
#7937 = DIRECTION('',(0.,0.,1.));
#7938 = DIRECTION('',(1.,0.,-0.));
#7939 = ADVANCED_FACE('',(#7940),#7946,.T.);
#7940 = FACE_BOUND('',#7941,.T.);
#7941 = EDGE_LOOP('',(#7942,#7943,#7944,#7945));
#7942 = ORIENTED_EDGE('',*,*,#7833,.F.);
#7943 = ORIENTED_EDGE('',*,*,#7894,.T.);
#7944 = ORIENTED_EDGE('',*,*,#7873,.T.);
#7945 = ORIENTED_EDGE('',*,*,#7916,.F.);
#7946 = PLANE('',#7947);
#7947 = AXIS2_PLACEMENT_3D('',#7948,#7949,#7950);
#7948 = CARTESIAN_POINT('',(-1.05,0.55,0.));
#7949 = DIRECTION('',(0.,0.,1.));
#7950 = DIRECTION('',(1.,0.,-0.));
#7951 = MANIFOLD_SOLID_BREP('',#7952);
#7952 = CLOSED_SHELL('',(#7953,#7993,#8033,#8055,#8077,#8089));
#7953 = ADVANCED_FACE('',(#7954),#7988,.F.);
#7954 = FACE_BOUND('',#7955,.F.);
#7955 = EDGE_LOOP('',(#7956,#7966,#7974,#7982));
#7956 = ORIENTED_EDGE('',*,*,#7957,.F.);
#7957 = EDGE_CURVE('',#7958,#7960,#7962,.T.);
#7958 = VERTEX_POINT('',#7959);
#7959 = CARTESIAN_POINT('',(-0.25,0.55,-1.E-02));
#7960 = VERTEX_POINT('',#7961);
#7961 = CARTESIAN_POINT('',(-0.25,0.55,0.));
#7962 = LINE('',#7963,#7964);
#7963 = CARTESIAN_POINT('',(-0.25,0.55,-1.E-02));
#7964 = VECTOR('',#7965,1.);
#7965 = DIRECTION('',(0.,0.,1.));
#7966 = ORIENTED_EDGE('',*,*,#7967,.T.);
#7967 = EDGE_CURVE('',#7958,#7968,#7970,.T.);
#7968 = VERTEX_POINT('',#7969);
#7969 = CARTESIAN_POINT('',(-0.25,1.05,-1.E-02));
#7970 = LINE('',#7971,#7972);
#7971 = CARTESIAN_POINT('',(-0.25,0.55,-1.E-02));
#7972 = VECTOR('',#7973,1.);
#7973 = DIRECTION('',(0.,1.,0.));
#7974 = ORIENTED_EDGE('',*,*,#7975,.T.);
#7975 = EDGE_CURVE('',#7968,#7976,#7978,.T.);
#7976 = VERTEX_POINT('',#7977);
#7977 = CARTESIAN_POINT('',(-0.25,1.05,0.));
#7978 = LINE('',#7979,#7980);
#7979 = CARTESIAN_POINT('',(-0.25,1.05,-1.E-02));
#7980 = VECTOR('',#7981,1.);
#7981 = DIRECTION('',(0.,0.,1.));
#7982 = ORIENTED_EDGE('',*,*,#7983,.F.);
#7983 = EDGE_CURVE('',#7960,#7976,#7984,.T.);
#7984 = LINE('',#7985,#7986);
#7985 = CARTESIAN_POINT('',(-0.25,0.55,0.));
#7986 = VECTOR('',#7987,1.);
#7987 = DIRECTION('',(0.,1.,0.));
#7988 = PLANE('',#7989);
#7989 = AXIS2_PLACEMENT_3D('',#7990,#7991,#7992);
#7990 = CARTESIAN_POINT('',(-0.25,0.55,-1.E-02));
#7991 = DIRECTION('',(1.,0.,0.));
#7992 = DIRECTION('',(0.,0.,1.));
#7993 = ADVANCED_FACE('',(#7994),#8028,.T.);
#7994 = FACE_BOUND('',#7995,.T.);
#7995 = EDGE_LOOP('',(#7996,#8006,#8014,#8022));
#7996 = ORIENTED_EDGE('',*,*,#7997,.F.);
#7997 = EDGE_CURVE('',#7998,#8000,#8002,.T.);
#7998 = VERTEX_POINT('',#7999);
#7999 = CARTESIAN_POINT('',(0.25,0.55,-1.E-02));
#8000 = VERTEX_POINT('',#8001);
#8001 = CARTESIAN_POINT('',(0.25,0.55,0.));
#8002 = LINE('',#8003,#8004);
#8003 = CARTESIAN_POINT('',(0.25,0.55,-1.E-02));
#8004 = VECTOR('',#8005,1.);
#8005 = DIRECTION('',(0.,0.,1.));
#8006 = ORIENTED_EDGE('',*,*,#8007,.T.);
#8007 = EDGE_CURVE('',#7998,#8008,#8010,.T.);
#8008 = VERTEX_POINT('',#8009);
#8009 = CARTESIAN_POINT('',(0.25,1.05,-1.E-02));
#8010 = LINE('',#8011,#8012);
#8011 = CARTESIAN_POINT('',(0.25,0.55,-1.E-02));
#8012 = VECTOR('',#8013,1.);
#8013 = DIRECTION('',(0.,1.,0.));
#8014 = ORIENTED_EDGE('',*,*,#8015,.T.);
#8015 = EDGE_CURVE('',#8008,#8016,#8018,.T.);
#8016 = VERTEX_POINT('',#8017);
#8017 = CARTESIAN_POINT('',(0.25,1.05,0.));
#8018 = LINE('',#8019,#8020);
#8019 = CARTESIAN_POINT('',(0.25,1.05,-1.E-02));
#8020 = VECTOR('',#8021,1.);
#8021 = DIRECTION('',(0.,0.,1.));
#8022 = ORIENTED_EDGE('',*,*,#8023,.F.);
#8023 = EDGE_CURVE('',#8000,#8016,#8024,.T.);
#8024 = LINE('',#8025,#8026);
#8025 = CARTESIAN_POINT('',(0.25,0.55,0.));
#8026 = VECTOR('',#8027,1.);
#8027 = DIRECTION('',(0.,1.,0.));
#8028 = PLANE('',#8029);
#8029 = AXIS2_PLACEMENT_3D('',#8030,#8031,#8032);
#8030 = CARTESIAN_POINT('',(0.25,0.55,-1.E-02));
#8031 = DIRECTION('',(1.,0.,0.));
#8032 = DIRECTION('',(0.,0.,1.));
#8033 = ADVANCED_FACE('',(#8034),#8050,.F.);
#8034 = FACE_BOUND('',#8035,.F.);
#8035 = EDGE_LOOP('',(#8036,#8042,#8043,#8049));
#8036 = ORIENTED_EDGE('',*,*,#8037,.F.);
#8037 = EDGE_CURVE('',#7958,#7998,#8038,.T.);
#8038 = LINE('',#8039,#8040);
#8039 = CARTESIAN_POINT('',(-0.25,0.55,-1.E-02));
#8040 = VECTOR('',#8041,1.);
#8041 = DIRECTION('',(1.,0.,0.));
#8042 = ORIENTED_EDGE('',*,*,#7957,.T.);
#8043 = ORIENTED_EDGE('',*,*,#8044,.T.);
#8044 = EDGE_CURVE('',#7960,#8000,#8045,.T.);
#8045 = LINE('',#8046,#8047);
#8046 = CARTESIAN_POINT('',(-0.25,0.55,0.));
#8047 = VECTOR('',#8048,1.);
#8048 = DIRECTION('',(1.,0.,0.));
#8049 = ORIENTED_EDGE('',*,*,#7997,.F.);
#8050 = PLANE('',#8051);
#8051 = AXIS2_PLACEMENT_3D('',#8052,#8053,#8054);
#8052 = CARTESIAN_POINT('',(-0.25,0.55,-1.E-02));
#8053 = DIRECTION('',(0.,1.,0.));
#8054 = DIRECTION('',(0.,-0.,1.));
#8055 = ADVANCED_FACE('',(#8056),#8072,.T.);
#8056 = FACE_BOUND('',#8057,.T.);
#8057 = EDGE_LOOP('',(#8058,#8064,#8065,#8071));
#8058 = ORIENTED_EDGE('',*,*,#8059,.F.);
#8059 = EDGE_CURVE('',#7968,#8008,#8060,.T.);
#8060 = LINE('',#8061,#8062);
#8061 = CARTESIAN_POINT('',(-0.25,1.05,-1.E-02));
#8062 = VECTOR('',#8063,1.);
#8063 = DIRECTION('',(1.,0.,0.));
#8064 = ORIENTED_EDGE('',*,*,#7975,.T.);
#8065 = ORIENTED_EDGE('',*,*,#8066,.T.);
#8066 = EDGE_CURVE('',#7976,#8016,#8067,.T.);
#8067 = LINE('',#8068,#8069);
#8068 = CARTESIAN_POINT('',(-0.25,1.05,0.));
#8069 = VECTOR('',#8070,1.);
#8070 = DIRECTION('',(1.,0.,0.));
#8071 = ORIENTED_EDGE('',*,*,#8015,.F.);
#8072 = PLANE('',#8073);
#8073 = AXIS2_PLACEMENT_3D('',#8074,#8075,#8076);
#8074 = CARTESIAN_POINT('',(-0.25,1.05,-1.E-02));
#8075 = DIRECTION('',(0.,1.,0.));
#8076 = DIRECTION('',(0.,-0.,1.));
#8077 = ADVANCED_FACE('',(#8078),#8084,.F.);
#8078 = FACE_BOUND('',#8079,.F.);
#8079 = EDGE_LOOP('',(#8080,#8081,#8082,#8083));
#8080 = ORIENTED_EDGE('',*,*,#7967,.F.);
#8081 = ORIENTED_EDGE('',*,*,#8037,.T.);
#8082 = ORIENTED_EDGE('',*,*,#8007,.T.);
#8083 = ORIENTED_EDGE('',*,*,#8059,.F.);
#8084 = PLANE('',#8085);
#8085 = AXIS2_PLACEMENT_3D('',#8086,#8087,#8088);
#8086 = CARTESIAN_POINT('',(-0.25,0.55,-1.E-02));
#8087 = DIRECTION('',(0.,0.,1.));
#8088 = DIRECTION('',(1.,0.,-0.));
#8089 = ADVANCED_FACE('',(#8090),#8096,.T.);
#8090 = FACE_BOUND('',#8091,.T.);
#8091 = EDGE_LOOP('',(#8092,#8093,#8094,#8095));
#8092 = ORIENTED_EDGE('',*,*,#7983,.F.);
#8093 = ORIENTED_EDGE('',*,*,#8044,.T.);
#8094 = ORIENTED_EDGE('',*,*,#8023,.T.);
#8095 = ORIENTED_EDGE('',*,*,#8066,.F.);
#8096 = PLANE('',#8097);
#8097 = AXIS2_PLACEMENT_3D('',#8098,#8099,#8100);
#8098 = CARTESIAN_POINT('',(-0.25,0.55,0.));
#8099 = DIRECTION('',(0.,0.,1.));
#8100 = DIRECTION('',(1.,0.,-0.));
#8101 = MANIFOLD_SOLID_BREP('',#8102);
#8102 = CLOSED_SHELL('',(#8103,#8143,#8183,#8205,#8227,#8239));
#8103 = ADVANCED_FACE('',(#8104),#8138,.F.);
#8104 = FACE_BOUND('',#8105,.F.);
#8105 = EDGE_LOOP('',(#8106,#8116,#8124,#8132));
#8106 = ORIENTED_EDGE('',*,*,#8107,.F.);
#8107 = EDGE_CURVE('',#8108,#8110,#8112,.T.);
#8108 = VERTEX_POINT('',#8109);
#8109 = CARTESIAN_POINT('',(0.55,0.55,-1.E-02));
#8110 = VERTEX_POINT('',#8111);
#8111 = CARTESIAN_POINT('',(0.55,0.55,0.));
#8112 = LINE('',#8113,#8114);
#8113 = CARTESIAN_POINT('',(0.55,0.55,-1.E-02));
#8114 = VECTOR('',#8115,1.);
#8115 = DIRECTION('',(0.,0.,1.));
#8116 = ORIENTED_EDGE('',*,*,#8117,.T.);
#8117 = EDGE_CURVE('',#8108,#8118,#8120,.T.);
#8118 = VERTEX_POINT('',#8119);
#8119 = CARTESIAN_POINT('',(0.55,1.05,-1.E-02));
#8120 = LINE('',#8121,#8122);
#8121 = CARTESIAN_POINT('',(0.55,0.55,-1.E-02));
#8122 = VECTOR('',#8123,1.);
#8123 = DIRECTION('',(0.,1.,0.));
#8124 = ORIENTED_EDGE('',*,*,#8125,.T.);
#8125 = EDGE_CURVE('',#8118,#8126,#8128,.T.);
#8126 = VERTEX_POINT('',#8127);
#8127 = CARTESIAN_POINT('',(0.55,1.05,0.));
#8128 = LINE('',#8129,#8130);
#8129 = CARTESIAN_POINT('',(0.55,1.05,-1.E-02));
#8130 = VECTOR('',#8131,1.);
#8131 = DIRECTION('',(0.,0.,1.));
#8132 = ORIENTED_EDGE('',*,*,#8133,.F.);
#8133 = EDGE_CURVE('',#8110,#8126,#8134,.T.);
#8134 = LINE('',#8135,#8136);
#8135 = CARTESIAN_POINT('',(0.55,0.55,0.));
#8136 = VECTOR('',#8137,1.);
#8137 = DIRECTION('',(0.,1.,0.));
#8138 = PLANE('',#8139);
#8139 = AXIS2_PLACEMENT_3D('',#8140,#8141,#8142);
#8140 = CARTESIAN_POINT('',(0.55,0.55,-1.E-02));
#8141 = DIRECTION('',(1.,0.,0.));
#8142 = DIRECTION('',(0.,0.,1.));
#8143 = ADVANCED_FACE('',(#8144),#8178,.T.);
#8144 = FACE_BOUND('',#8145,.T.);
#8145 = EDGE_LOOP('',(#8146,#8156,#8164,#8172));
#8146 = ORIENTED_EDGE('',*,*,#8147,.F.);
#8147 = EDGE_CURVE('',#8148,#8150,#8152,.T.);
#8148 = VERTEX_POINT('',#8149);
#8149 = CARTESIAN_POINT('',(1.05,0.55,-1.E-02));
#8150 = VERTEX_POINT('',#8151);
#8151 = CARTESIAN_POINT('',(1.05,0.55,0.));
#8152 = LINE('',#8153,#8154);
#8153 = CARTESIAN_POINT('',(1.05,0.55,-1.E-02));
#8154 = VECTOR('',#8155,1.);
#8155 = DIRECTION('',(0.,0.,1.));
#8156 = ORIENTED_EDGE('',*,*,#8157,.T.);
#8157 = EDGE_CURVE('',#8148,#8158,#8160,.T.);
#8158 = VERTEX_POINT('',#8159);
#8159 = CARTESIAN_POINT('',(1.05,1.05,-1.E-02));
#8160 = LINE('',#8161,#8162);
#8161 = CARTESIAN_POINT('',(1.05,0.55,-1.E-02));
#8162 = VECTOR('',#8163,1.);
#8163 = DIRECTION('',(0.,1.,0.));
#8164 = ORIENTED_EDGE('',*,*,#8165,.T.);
#8165 = EDGE_CURVE('',#8158,#8166,#8168,.T.);
#8166 = VERTEX_POINT('',#8167);
#8167 = CARTESIAN_POINT('',(1.05,1.05,0.));
#8168 = LINE('',#8169,#8170);
#8169 = CARTESIAN_POINT('',(1.05,1.05,-1.E-02));
#8170 = VECTOR('',#8171,1.);
#8171 = DIRECTION('',(0.,0.,1.));
#8172 = ORIENTED_EDGE('',*,*,#8173,.F.);
#8173 = EDGE_CURVE('',#8150,#8166,#8174,.T.);
#8174 = LINE('',#8175,#8176);
#8175 = CARTESIAN_POINT('',(1.05,0.55,0.));
#8176 = VECTOR('',#8177,1.);
#8177 = DIRECTION('',(0.,1.,0.));
#8178 = PLANE('',#8179);
#8179 = AXIS2_PLACEMENT_3D('',#8180,#8181,#8182);
#8180 = CARTESIAN_POINT('',(1.05,0.55,-1.E-02));
#8181 = DIRECTION('',(1.,0.,0.));
#8182 = DIRECTION('',(0.,0.,1.));
#8183 = ADVANCED_FACE('',(#8184),#8200,.F.);
#8184 = FACE_BOUND('',#8185,.F.);
#8185 = EDGE_LOOP('',(#8186,#8192,#8193,#8199));
#8186 = ORIENTED_EDGE('',*,*,#8187,.F.);
#8187 = EDGE_CURVE('',#8108,#8148,#8188,.T.);
#8188 = LINE('',#8189,#8190);
#8189 = CARTESIAN_POINT('',(0.55,0.55,-1.E-02));
#8190 = VECTOR('',#8191,1.);
#8191 = DIRECTION('',(1.,0.,0.));
#8192 = ORIENTED_EDGE('',*,*,#8107,.T.);
#8193 = ORIENTED_EDGE('',*,*,#8194,.T.);
#8194 = EDGE_CURVE('',#8110,#8150,#8195,.T.);
#8195 = LINE('',#8196,#8197);
#8196 = CARTESIAN_POINT('',(0.55,0.55,0.));
#8197 = VECTOR('',#8198,1.);
#8198 = DIRECTION('',(1.,0.,0.));
#8199 = ORIENTED_EDGE('',*,*,#8147,.F.);
#8200 = PLANE('',#8201);
#8201 = AXIS2_PLACEMENT_3D('',#8202,#8203,#8204);
#8202 = CARTESIAN_POINT('',(0.55,0.55,-1.E-02));
#8203 = DIRECTION('',(0.,1.,0.));
#8204 = DIRECTION('',(0.,-0.,1.));
#8205 = ADVANCED_FACE('',(#8206),#8222,.T.);
#8206 = FACE_BOUND('',#8207,.T.);
#8207 = EDGE_LOOP('',(#8208,#8214,#8215,#8221));
#8208 = ORIENTED_EDGE('',*,*,#8209,.F.);
#8209 = EDGE_CURVE('',#8118,#8158,#8210,.T.);
#8210 = LINE('',#8211,#8212);
#8211 = CARTESIAN_POINT('',(0.55,1.05,-1.E-02));
#8212 = VECTOR('',#8213,1.);
#8213 = DIRECTION('',(1.,0.,0.));
#8214 = ORIENTED_EDGE('',*,*,#8125,.T.);
#8215 = ORIENTED_EDGE('',*,*,#8216,.T.);
#8216 = EDGE_CURVE('',#8126,#8166,#8217,.T.);
#8217 = LINE('',#8218,#8219);
#8218 = CARTESIAN_POINT('',(0.55,1.05,0.));
#8219 = VECTOR('',#8220,1.);
#8220 = DIRECTION('',(1.,0.,0.));
#8221 = ORIENTED_EDGE('',*,*,#8165,.F.);
#8222 = PLANE('',#8223);
#8223 = AXIS2_PLACEMENT_3D('',#8224,#8225,#8226);
#8224 = CARTESIAN_POINT('',(0.55,1.05,-1.E-02));
#8225 = DIRECTION('',(0.,1.,0.));
#8226 = DIRECTION('',(0.,-0.,1.));
#8227 = ADVANCED_FACE('',(#8228),#8234,.F.);
#8228 = FACE_BOUND('',#8229,.F.);
#8229 = EDGE_LOOP('',(#8230,#8231,#8232,#8233));
#8230 = ORIENTED_EDGE('',*,*,#8117,.F.);
#8231 = ORIENTED_EDGE('',*,*,#8187,.T.);
#8232 = ORIENTED_EDGE('',*,*,#8157,.T.);
#8233 = ORIENTED_EDGE('',*,*,#8209,.F.);
#8234 = PLANE('',#8235);
#8235 = AXIS2_PLACEMENT_3D('',#8236,#8237,#8238);
#8236 = CARTESIAN_POINT('',(0.55,0.55,-1.E-02));
#8237 = DIRECTION('',(0.,0.,1.));
#8238 = DIRECTION('',(1.,0.,-0.));
#8239 = ADVANCED_FACE('',(#8240),#8246,.T.);
#8240 = FACE_BOUND('',#8241,.T.);
#8241 = EDGE_LOOP('',(#8242,#8243,#8244,#8245));
#8242 = ORIENTED_EDGE('',*,*,#8133,.F.);
#8243 = ORIENTED_EDGE('',*,*,#8194,.T.);
#8244 = ORIENTED_EDGE('',*,*,#8173,.T.);
#8245 = ORIENTED_EDGE('',*,*,#8216,.F.);
#8246 = PLANE('',#8247);
#8247 = AXIS2_PLACEMENT_3D('',#8248,#8249,#8250);
#8248 = CARTESIAN_POINT('',(0.55,0.55,0.));
#8249 = DIRECTION('',(0.,0.,1.));
#8250 = DIRECTION('',(1.,0.,-0.));
#8251 = MANIFOLD_SOLID_BREP('',#8252);
#8252 = CLOSED_SHELL('',(#8253,#8293,#8333,#8355,#8377,#8389));
#8253 = ADVANCED_FACE('',(#8254),#8288,.F.);
#8254 = FACE_BOUND('',#8255,.F.);
#8255 = EDGE_LOOP('',(#8256,#8266,#8274,#8282));
#8256 = ORIENTED_EDGE('',*,*,#8257,.F.);
#8257 = EDGE_CURVE('',#8258,#8260,#8262,.T.);
#8258 = VERTEX_POINT('',#8259);
#8259 = CARTESIAN_POINT('',(1.35,0.55,-1.E-02));
#8260 = VERTEX_POINT('',#8261);
#8261 = CARTESIAN_POINT('',(1.35,0.55,0.));
#8262 = LINE('',#8263,#8264);
#8263 = CARTESIAN_POINT('',(1.35,0.55,-1.E-02));
#8264 = VECTOR('',#8265,1.);
#8265 = DIRECTION('',(0.,0.,1.));
#8266 = ORIENTED_EDGE('',*,*,#8267,.T.);
#8267 = EDGE_CURVE('',#8258,#8268,#8270,.T.);
#8268 = VERTEX_POINT('',#8269);
#8269 = CARTESIAN_POINT('',(1.35,1.05,-1.E-02));
#8270 = LINE('',#8271,#8272);
#8271 = CARTESIAN_POINT('',(1.35,0.55,-1.E-02));
#8272 = VECTOR('',#8273,1.);
#8273 = DIRECTION('',(0.,1.,0.));
#8274 = ORIENTED_EDGE('',*,*,#8275,.T.);
#8275 = EDGE_CURVE('',#8268,#8276,#8278,.T.);
#8276 = VERTEX_POINT('',#8277);
#8277 = CARTESIAN_POINT('',(1.35,1.05,0.));
#8278 = LINE('',#8279,#8280);
#8279 = CARTESIAN_POINT('',(1.35,1.05,-1.E-02));
#8280 = VECTOR('',#8281,1.);
#8281 = DIRECTION('',(0.,0.,1.));
#8282 = ORIENTED_EDGE('',*,*,#8283,.F.);
#8283 = EDGE_CURVE('',#8260,#8276,#8284,.T.);
#8284 = LINE('',#8285,#8286);
#8285 = CARTESIAN_POINT('',(1.35,0.55,0.));
#8286 = VECTOR('',#8287,1.);
#8287 = DIRECTION('',(0.,1.,0.));
#8288 = PLANE('',#8289);
#8289 = AXIS2_PLACEMENT_3D('',#8290,#8291,#8292);
#8290 = CARTESIAN_POINT('',(1.35,0.55,-1.E-02));
#8291 = DIRECTION('',(1.,0.,0.));
#8292 = DIRECTION('',(0.,0.,1.));
#8293 = ADVANCED_FACE('',(#8294),#8328,.T.);
#8294 = FACE_BOUND('',#8295,.T.);
#8295 = EDGE_LOOP('',(#8296,#8306,#8314,#8322));
#8296 = ORIENTED_EDGE('',*,*,#8297,.F.);
#8297 = EDGE_CURVE('',#8298,#8300,#8302,.T.);
#8298 = VERTEX_POINT('',#8299);
#8299 = CARTESIAN_POINT('',(1.85,0.55,-1.E-02));
#8300 = VERTEX_POINT('',#8301);
#8301 = CARTESIAN_POINT('',(1.85,0.55,0.));
#8302 = LINE('',#8303,#8304);
#8303 = CARTESIAN_POINT('',(1.85,0.55,-1.E-02));
#8304 = VECTOR('',#8305,1.);
#8305 = DIRECTION('',(0.,0.,1.));
#8306 = ORIENTED_EDGE('',*,*,#8307,.T.);
#8307 = EDGE_CURVE('',#8298,#8308,#8310,.T.);
#8308 = VERTEX_POINT('',#8309);
#8309 = CARTESIAN_POINT('',(1.85,1.05,-1.E-02));
#8310 = LINE('',#8311,#8312);
#8311 = CARTESIAN_POINT('',(1.85,0.55,-1.E-02));
#8312 = VECTOR('',#8313,1.);
#8313 = DIRECTION('',(0.,1.,0.));
#8314 = ORIENTED_EDGE('',*,*,#8315,.T.);
#8315 = EDGE_CURVE('',#8308,#8316,#8318,.T.);
#8316 = VERTEX_POINT('',#8317);
#8317 = CARTESIAN_POINT('',(1.85,1.05,0.));
#8318 = LINE('',#8319,#8320);
#8319 = CARTESIAN_POINT('',(1.85,1.05,-1.E-02));
#8320 = VECTOR('',#8321,1.);
#8321 = DIRECTION('',(0.,0.,1.));
#8322 = ORIENTED_EDGE('',*,*,#8323,.F.);
#8323 = EDGE_CURVE('',#8300,#8316,#8324,.T.);
#8324 = LINE('',#8325,#8326);
#8325 = CARTESIAN_POINT('',(1.85,0.55,0.));
#8326 = VECTOR('',#8327,1.);
#8327 = DIRECTION('',(0.,1.,0.));
#8328 = PLANE('',#8329);
#8329 = AXIS2_PLACEMENT_3D('',#8330,#8331,#8332);
#8330 = CARTESIAN_POINT('',(1.85,0.55,-1.E-02));
#8331 = DIRECTION('',(1.,0.,0.));
#8332 = DIRECTION('',(0.,0.,1.));
#8333 = ADVANCED_FACE('',(#8334),#8350,.F.);
#8334 = FACE_BOUND('',#8335,.F.);
#8335 = EDGE_LOOP('',(#8336,#8342,#8343,#8349));
#8336 = ORIENTED_EDGE('',*,*,#8337,.F.);
#8337 = EDGE_CURVE('',#8258,#8298,#8338,.T.);
#8338 = LINE('',#8339,#8340);
#8339 = CARTESIAN_POINT('',(1.35,0.55,-1.E-02));
#8340 = VECTOR('',#8341,1.);
#8341 = DIRECTION('',(1.,0.,0.));
#8342 = ORIENTED_EDGE('',*,*,#8257,.T.);
#8343 = ORIENTED_EDGE('',*,*,#8344,.T.);
#8344 = EDGE_CURVE('',#8260,#8300,#8345,.T.);
#8345 = LINE('',#8346,#8347);
#8346 = CARTESIAN_POINT('',(1.35,0.55,0.));
#8347 = VECTOR('',#8348,1.);
#8348 = DIRECTION('',(1.,0.,0.));
#8349 = ORIENTED_EDGE('',*,*,#8297,.F.);
#8350 = PLANE('',#8351);
#8351 = AXIS2_PLACEMENT_3D('',#8352,#8353,#8354);
#8352 = CARTESIAN_POINT('',(1.35,0.55,-1.E-02));
#8353 = DIRECTION('',(0.,1.,0.));
#8354 = DIRECTION('',(0.,-0.,1.));
#8355 = ADVANCED_FACE('',(#8356),#8372,.T.);
#8356 = FACE_BOUND('',#8357,.T.);
#8357 = EDGE_LOOP('',(#8358,#8364,#8365,#8371));
#8358 = ORIENTED_EDGE('',*,*,#8359,.F.);
#8359 = EDGE_CURVE('',#8268,#8308,#8360,.T.);
#8360 = LINE('',#8361,#8362);
#8361 = CARTESIAN_POINT('',(1.35,1.05,-1.E-02));
#8362 = VECTOR('',#8363,1.);
#8363 = DIRECTION('',(1.,0.,0.));
#8364 = ORIENTED_EDGE('',*,*,#8275,.T.);
#8365 = ORIENTED_EDGE('',*,*,#8366,.T.);
#8366 = EDGE_CURVE('',#8276,#8316,#8367,.T.);
#8367 = LINE('',#8368,#8369);
#8368 = CARTESIAN_POINT('',(1.35,1.05,0.));
#8369 = VECTOR('',#8370,1.);
#8370 = DIRECTION('',(1.,0.,0.));
#8371 = ORIENTED_EDGE('',*,*,#8315,.F.);
#8372 = PLANE('',#8373);
#8373 = AXIS2_PLACEMENT_3D('',#8374,#8375,#8376);
#8374 = CARTESIAN_POINT('',(1.35,1.05,-1.E-02));
#8375 = DIRECTION('',(0.,1.,0.));
#8376 = DIRECTION('',(0.,-0.,1.));
#8377 = ADVANCED_FACE('',(#8378),#8384,.F.);
#8378 = FACE_BOUND('',#8379,.F.);
#8379 = EDGE_LOOP('',(#8380,#8381,#8382,#8383));
#8380 = ORIENTED_EDGE('',*,*,#8267,.F.);
#8381 = ORIENTED_EDGE('',*,*,#8337,.T.);
#8382 = ORIENTED_EDGE('',*,*,#8307,.T.);
#8383 = ORIENTED_EDGE('',*,*,#8359,.F.);
#8384 = PLANE('',#8385);
#8385 = AXIS2_PLACEMENT_3D('',#8386,#8387,#8388);
#8386 = CARTESIAN_POINT('',(1.35,0.55,-1.E-02));
#8387 = DIRECTION('',(0.,0.,1.));
#8388 = DIRECTION('',(1.,0.,-0.));
#8389 = ADVANCED_FACE('',(#8390),#8396,.T.);
#8390 = FACE_BOUND('',#8391,.T.);
#8391 = EDGE_LOOP('',(#8392,#8393,#8394,#8395));
#8392 = ORIENTED_EDGE('',*,*,#8283,.F.);
#8393 = ORIENTED_EDGE('',*,*,#8344,.T.);
#8394 = ORIENTED_EDGE('',*,*,#8323,.T.);
#8395 = ORIENTED_EDGE('',*,*,#8366,.F.);
#8396 = PLANE('',#8397);
#8397 = AXIS2_PLACEMENT_3D('',#8398,#8399,#8400);
#8398 = CARTESIAN_POINT('',(1.35,0.55,0.));
#8399 = DIRECTION('',(0.,0.,1.));
#8400 = DIRECTION('',(1.,0.,-0.));
#8401 = MANIFOLD_SOLID_BREP('',#8402);
#8402 = CLOSED_SHELL('',(#8403,#8443,#8483,#8505,#8527,#8539));
#8403 = ADVANCED_FACE('',(#8404),#8438,.F.);
#8404 = FACE_BOUND('',#8405,.F.);
#8405 = EDGE_LOOP('',(#8406,#8416,#8424,#8432));
#8406 = ORIENTED_EDGE('',*,*,#8407,.F.);
#8407 = EDGE_CURVE('',#8408,#8410,#8412,.T.);
#8408 = VERTEX_POINT('',#8409);
#8409 = CARTESIAN_POINT('',(-1.85,-1.05,-1.E-02));
#8410 = VERTEX_POINT('',#8411);
#8411 = CARTESIAN_POINT('',(-1.85,-1.05,0.));
#8412 = LINE('',#8413,#8414);
#8413 = CARTESIAN_POINT('',(-1.85,-1.05,-1.E-02));
#8414 = VECTOR('',#8415,1.);
#8415 = DIRECTION('',(0.,0.,1.));
#8416 = ORIENTED_EDGE('',*,*,#8417,.T.);
#8417 = EDGE_CURVE('',#8408,#8418,#8420,.T.);
#8418 = VERTEX_POINT('',#8419);
#8419 = CARTESIAN_POINT('',(-1.85,-0.55,-1.E-02));
#8420 = LINE('',#8421,#8422);
#8421 = CARTESIAN_POINT('',(-1.85,-1.05,-1.E-02));
#8422 = VECTOR('',#8423,1.);
#8423 = DIRECTION('',(0.,1.,0.));
#8424 = ORIENTED_EDGE('',*,*,#8425,.T.);
#8425 = EDGE_CURVE('',#8418,#8426,#8428,.T.);
#8426 = VERTEX_POINT('',#8427);
#8427 = CARTESIAN_POINT('',(-1.85,-0.55,0.));
#8428 = LINE('',#8429,#8430);
#8429 = CARTESIAN_POINT('',(-1.85,-0.55,-1.E-02));
#8430 = VECTOR('',#8431,1.);
#8431 = DIRECTION('',(0.,0.,1.));
#8432 = ORIENTED_EDGE('',*,*,#8433,.F.);
#8433 = EDGE_CURVE('',#8410,#8426,#8434,.T.);
#8434 = LINE('',#8435,#8436);
#8435 = CARTESIAN_POINT('',(-1.85,-1.05,0.));
#8436 = VECTOR('',#8437,1.);
#8437 = DIRECTION('',(0.,1.,0.));
#8438 = PLANE('',#8439);
#8439 = AXIS2_PLACEMENT_3D('',#8440,#8441,#8442);
#8440 = CARTESIAN_POINT('',(-1.85,-1.05,-1.E-02));
#8441 = DIRECTION('',(1.,0.,0.));
#8442 = DIRECTION('',(0.,0.,1.));
#8443 = ADVANCED_FACE('',(#8444),#8478,.T.);
#8444 = FACE_BOUND('',#8445,.T.);
#8445 = EDGE_LOOP('',(#8446,#8456,#8464,#8472));
#8446 = ORIENTED_EDGE('',*,*,#8447,.F.);
#8447 = EDGE_CURVE('',#8448,#8450,#8452,.T.);
#8448 = VERTEX_POINT('',#8449);
#8449 = CARTESIAN_POINT('',(-1.35,-1.05,-1.E-02));
#8450 = VERTEX_POINT('',#8451);
#8451 = CARTESIAN_POINT('',(-1.35,-1.05,0.));
#8452 = LINE('',#8453,#8454);
#8453 = CARTESIAN_POINT('',(-1.35,-1.05,-1.E-02));
#8454 = VECTOR('',#8455,1.);
#8455 = DIRECTION('',(0.,0.,1.));
#8456 = ORIENTED_EDGE('',*,*,#8457,.T.);
#8457 = EDGE_CURVE('',#8448,#8458,#8460,.T.);
#8458 = VERTEX_POINT('',#8459);
#8459 = CARTESIAN_POINT('',(-1.35,-0.55,-1.E-02));
#8460 = LINE('',#8461,#8462);
#8461 = CARTESIAN_POINT('',(-1.35,-1.05,-1.E-02));
#8462 = VECTOR('',#8463,1.);
#8463 = DIRECTION('',(0.,1.,0.));
#8464 = ORIENTED_EDGE('',*,*,#8465,.T.);
#8465 = EDGE_CURVE('',#8458,#8466,#8468,.T.);
#8466 = VERTEX_POINT('',#8467);
#8467 = CARTESIAN_POINT('',(-1.35,-0.55,0.));
#8468 = LINE('',#8469,#8470);
#8469 = CARTESIAN_POINT('',(-1.35,-0.55,-1.E-02));
#8470 = VECTOR('',#8471,1.);
#8471 = DIRECTION('',(0.,0.,1.));
#8472 = ORIENTED_EDGE('',*,*,#8473,.F.);
#8473 = EDGE_CURVE('',#8450,#8466,#8474,.T.);
#8474 = LINE('',#8475,#8476);
#8475 = CARTESIAN_POINT('',(-1.35,-1.05,0.));
#8476 = VECTOR('',#8477,1.);
#8477 = DIRECTION('',(0.,1.,0.));
#8478 = PLANE('',#8479);
#8479 = AXIS2_PLACEMENT_3D('',#8480,#8481,#8482);
#8480 = CARTESIAN_POINT('',(-1.35,-1.05,-1.E-02));
#8481 = DIRECTION('',(1.,0.,0.));
#8482 = DIRECTION('',(0.,0.,1.));
#8483 = ADVANCED_FACE('',(#8484),#8500,.F.);
#8484 = FACE_BOUND('',#8485,.F.);
#8485 = EDGE_LOOP('',(#8486,#8492,#8493,#8499));
#8486 = ORIENTED_EDGE('',*,*,#8487,.F.);
#8487 = EDGE_CURVE('',#8408,#8448,#8488,.T.);
#8488 = LINE('',#8489,#8490);
#8489 = CARTESIAN_POINT('',(-1.85,-1.05,-1.E-02));
#8490 = VECTOR('',#8491,1.);
#8491 = DIRECTION('',(1.,0.,0.));
#8492 = ORIENTED_EDGE('',*,*,#8407,.T.);
#8493 = ORIENTED_EDGE('',*,*,#8494,.T.);
#8494 = EDGE_CURVE('',#8410,#8450,#8495,.T.);
#8495 = LINE('',#8496,#8497);
#8496 = CARTESIAN_POINT('',(-1.85,-1.05,0.));
#8497 = VECTOR('',#8498,1.);
#8498 = DIRECTION('',(1.,0.,0.));
#8499 = ORIENTED_EDGE('',*,*,#8447,.F.);
#8500 = PLANE('',#8501);
#8501 = AXIS2_PLACEMENT_3D('',#8502,#8503,#8504);
#8502 = CARTESIAN_POINT('',(-1.85,-1.05,-1.E-02));
#8503 = DIRECTION('',(0.,1.,0.));
#8504 = DIRECTION('',(0.,-0.,1.));
#8505 = ADVANCED_FACE('',(#8506),#8522,.T.);
#8506 = FACE_BOUND('',#8507,.T.);
#8507 = EDGE_LOOP('',(#8508,#8514,#8515,#8521));
#8508 = ORIENTED_EDGE('',*,*,#8509,.F.);
#8509 = EDGE_CURVE('',#8418,#8458,#8510,.T.);
#8510 = LINE('',#8511,#8512);
#8511 = CARTESIAN_POINT('',(-1.85,-0.55,-1.E-02));
#8512 = VECTOR('',#8513,1.);
#8513 = DIRECTION('',(1.,0.,0.));
#8514 = ORIENTED_EDGE('',*,*,#8425,.T.);
#8515 = ORIENTED_EDGE('',*,*,#8516,.T.);
#8516 = EDGE_CURVE('',#8426,#8466,#8517,.T.);
#8517 = LINE('',#8518,#8519);
#8518 = CARTESIAN_POINT('',(-1.85,-0.55,0.));
#8519 = VECTOR('',#8520,1.);
#8520 = DIRECTION('',(1.,0.,0.));
#8521 = ORIENTED_EDGE('',*,*,#8465,.F.);
#8522 = PLANE('',#8523);
#8523 = AXIS2_PLACEMENT_3D('',#8524,#8525,#8526);
#8524 = CARTESIAN_POINT('',(-1.85,-0.55,-1.E-02));
#8525 = DIRECTION('',(0.,1.,0.));
#8526 = DIRECTION('',(0.,-0.,1.));
#8527 = ADVANCED_FACE('',(#8528),#8534,.F.);
#8528 = FACE_BOUND('',#8529,.F.);
#8529 = EDGE_LOOP('',(#8530,#8531,#8532,#8533));
#8530 = ORIENTED_EDGE('',*,*,#8417,.F.);
#8531 = ORIENTED_EDGE('',*,*,#8487,.T.);
#8532 = ORIENTED_EDGE('',*,*,#8457,.T.);
#8533 = ORIENTED_EDGE('',*,*,#8509,.F.);
#8534 = PLANE('',#8535);
#8535 = AXIS2_PLACEMENT_3D('',#8536,#8537,#8538);
#8536 = CARTESIAN_POINT('',(-1.85,-1.05,-1.E-02));
#8537 = DIRECTION('',(0.,0.,1.));
#8538 = DIRECTION('',(1.,0.,-0.));
#8539 = ADVANCED_FACE('',(#8540),#8546,.T.);
#8540 = FACE_BOUND('',#8541,.T.);
#8541 = EDGE_LOOP('',(#8542,#8543,#8544,#8545));
#8542 = ORIENTED_EDGE('',*,*,#8433,.F.);
#8543 = ORIENTED_EDGE('',*,*,#8494,.T.);
#8544 = ORIENTED_EDGE('',*,*,#8473,.T.);
#8545 = ORIENTED_EDGE('',*,*,#8516,.F.);
#8546 = PLANE('',#8547);
#8547 = AXIS2_PLACEMENT_3D('',#8548,#8549,#8550);
#8548 = CARTESIAN_POINT('',(-1.85,-1.05,0.));
#8549 = DIRECTION('',(0.,0.,1.));
#8550 = DIRECTION('',(1.,0.,-0.));
#8551 = MANIFOLD_SOLID_BREP('',#8552);
#8552 = CLOSED_SHELL('',(#8553,#8593,#8633,#8655,#8677,#8689));
#8553 = ADVANCED_FACE('',(#8554),#8588,.F.);
#8554 = FACE_BOUND('',#8555,.F.);
#8555 = EDGE_LOOP('',(#8556,#8566,#8574,#8582));
#8556 = ORIENTED_EDGE('',*,*,#8557,.F.);
#8557 = EDGE_CURVE('',#8558,#8560,#8562,.T.);
#8558 = VERTEX_POINT('',#8559);
#8559 = CARTESIAN_POINT('',(-1.05,-1.05,-1.E-02));
#8560 = VERTEX_POINT('',#8561);
#8561 = CARTESIAN_POINT('',(-1.05,-1.05,0.));
#8562 = LINE('',#8563,#8564);
#8563 = CARTESIAN_POINT('',(-1.05,-1.05,-1.E-02));
#8564 = VECTOR('',#8565,1.);
#8565 = DIRECTION('',(0.,0.,1.));
#8566 = ORIENTED_EDGE('',*,*,#8567,.T.);
#8567 = EDGE_CURVE('',#8558,#8568,#8570,.T.);
#8568 = VERTEX_POINT('',#8569);
#8569 = CARTESIAN_POINT('',(-1.05,-0.55,-1.E-02));
#8570 = LINE('',#8571,#8572);
#8571 = CARTESIAN_POINT('',(-1.05,-1.05,-1.E-02));
#8572 = VECTOR('',#8573,1.);
#8573 = DIRECTION('',(0.,1.,0.));
#8574 = ORIENTED_EDGE('',*,*,#8575,.T.);
#8575 = EDGE_CURVE('',#8568,#8576,#8578,.T.);
#8576 = VERTEX_POINT('',#8577);
#8577 = CARTESIAN_POINT('',(-1.05,-0.55,0.));
#8578 = LINE('',#8579,#8580);
#8579 = CARTESIAN_POINT('',(-1.05,-0.55,-1.E-02));
#8580 = VECTOR('',#8581,1.);
#8581 = DIRECTION('',(0.,0.,1.));
#8582 = ORIENTED_EDGE('',*,*,#8583,.F.);
#8583 = EDGE_CURVE('',#8560,#8576,#8584,.T.);
#8584 = LINE('',#8585,#8586);
#8585 = CARTESIAN_POINT('',(-1.05,-1.05,0.));
#8586 = VECTOR('',#8587,1.);
#8587 = DIRECTION('',(0.,1.,0.));
#8588 = PLANE('',#8589);
#8589 = AXIS2_PLACEMENT_3D('',#8590,#8591,#8592);
#8590 = CARTESIAN_POINT('',(-1.05,-1.05,-1.E-02));
#8591 = DIRECTION('',(1.,0.,0.));
#8592 = DIRECTION('',(0.,0.,1.));
#8593 = ADVANCED_FACE('',(#8594),#8628,.T.);
#8594 = FACE_BOUND('',#8595,.T.);
#8595 = EDGE_LOOP('',(#8596,#8606,#8614,#8622));
#8596 = ORIENTED_EDGE('',*,*,#8597,.F.);
#8597 = EDGE_CURVE('',#8598,#8600,#8602,.T.);
#8598 = VERTEX_POINT('',#8599);
#8599 = CARTESIAN_POINT('',(-0.55,-1.05,-1.E-02));
#8600 = VERTEX_POINT('',#8601);
#8601 = CARTESIAN_POINT('',(-0.55,-1.05,0.));
#8602 = LINE('',#8603,#8604);
#8603 = CARTESIAN_POINT('',(-0.55,-1.05,-1.E-02));
#8604 = VECTOR('',#8605,1.);
#8605 = DIRECTION('',(0.,0.,1.));
#8606 = ORIENTED_EDGE('',*,*,#8607,.T.);
#8607 = EDGE_CURVE('',#8598,#8608,#8610,.T.);
#8608 = VERTEX_POINT('',#8609);
#8609 = CARTESIAN_POINT('',(-0.55,-0.55,-1.E-02));
#8610 = LINE('',#8611,#8612);
#8611 = CARTESIAN_POINT('',(-0.55,-1.05,-1.E-02));
#8612 = VECTOR('',#8613,1.);
#8613 = DIRECTION('',(0.,1.,0.));
#8614 = ORIENTED_EDGE('',*,*,#8615,.T.);
#8615 = EDGE_CURVE('',#8608,#8616,#8618,.T.);
#8616 = VERTEX_POINT('',#8617);
#8617 = CARTESIAN_POINT('',(-0.55,-0.55,0.));
#8618 = LINE('',#8619,#8620);
#8619 = CARTESIAN_POINT('',(-0.55,-0.55,-1.E-02));
#8620 = VECTOR('',#8621,1.);
#8621 = DIRECTION('',(0.,0.,1.));
#8622 = ORIENTED_EDGE('',*,*,#8623,.F.);
#8623 = EDGE_CURVE('',#8600,#8616,#8624,.T.);
#8624 = LINE('',#8625,#8626);
#8625 = CARTESIAN_POINT('',(-0.55,-1.05,0.));
#8626 = VECTOR('',#8627,1.);
#8627 = DIRECTION('',(0.,1.,0.));
#8628 = PLANE('',#8629);
#8629 = AXIS2_PLACEMENT_3D('',#8630,#8631,#8632);
#8630 = CARTESIAN_POINT('',(-0.55,-1.05,-1.E-02));
#8631 = DIRECTION('',(1.,0.,0.));
#8632 = DIRECTION('',(0.,0.,1.));
#8633 = ADVANCED_FACE('',(#8634),#8650,.F.);
#8634 = FACE_BOUND('',#8635,.F.);
#8635 = EDGE_LOOP('',(#8636,#8642,#8643,#8649));
#8636 = ORIENTED_EDGE('',*,*,#8637,.F.);
#8637 = EDGE_CURVE('',#8558,#8598,#8638,.T.);
#8638 = LINE('',#8639,#8640);
#8639 = CARTESIAN_POINT('',(-1.05,-1.05,-1.E-02));
#8640 = VECTOR('',#8641,1.);
#8641 = DIRECTION('',(1.,0.,0.));
#8642 = ORIENTED_EDGE('',*,*,#8557,.T.);
#8643 = ORIENTED_EDGE('',*,*,#8644,.T.);
#8644 = EDGE_CURVE('',#8560,#8600,#8645,.T.);
#8645 = LINE('',#8646,#8647);
#8646 = CARTESIAN_POINT('',(-1.05,-1.05,0.));
#8647 = VECTOR('',#8648,1.);
#8648 = DIRECTION('',(1.,0.,0.));
#8649 = ORIENTED_EDGE('',*,*,#8597,.F.);
#8650 = PLANE('',#8651);
#8651 = AXIS2_PLACEMENT_3D('',#8652,#8653,#8654);
#8652 = CARTESIAN_POINT('',(-1.05,-1.05,-1.E-02));
#8653 = DIRECTION('',(0.,1.,0.));
#8654 = DIRECTION('',(0.,-0.,1.));
#8655 = ADVANCED_FACE('',(#8656),#8672,.T.);
#8656 = FACE_BOUND('',#8657,.T.);
#8657 = EDGE_LOOP('',(#8658,#8664,#8665,#8671));
#8658 = ORIENTED_EDGE('',*,*,#8659,.F.);
#8659 = EDGE_CURVE('',#8568,#8608,#8660,.T.);
#8660 = LINE('',#8661,#8662);
#8661 = CARTESIAN_POINT('',(-1.05,-0.55,-1.E-02));
#8662 = VECTOR('',#8663,1.);
#8663 = DIRECTION('',(1.,0.,0.));
#8664 = ORIENTED_EDGE('',*,*,#8575,.T.);
#8665 = ORIENTED_EDGE('',*,*,#8666,.T.);
#8666 = EDGE_CURVE('',#8576,#8616,#8667,.T.);
#8667 = LINE('',#8668,#8669);
#8668 = CARTESIAN_POINT('',(-1.05,-0.55,0.));
#8669 = VECTOR('',#8670,1.);
#8670 = DIRECTION('',(1.,0.,0.));
#8671 = ORIENTED_EDGE('',*,*,#8615,.F.);
#8672 = PLANE('',#8673);
#8673 = AXIS2_PLACEMENT_3D('',#8674,#8675,#8676);
#8674 = CARTESIAN_POINT('',(-1.05,-0.55,-1.E-02));
#8675 = DIRECTION('',(0.,1.,0.));
#8676 = DIRECTION('',(0.,-0.,1.));
#8677 = ADVANCED_FACE('',(#8678),#8684,.F.);
#8678 = FACE_BOUND('',#8679,.F.);
#8679 = EDGE_LOOP('',(#8680,#8681,#8682,#8683));
#8680 = ORIENTED_EDGE('',*,*,#8567,.F.);
#8681 = ORIENTED_EDGE('',*,*,#8637,.T.);
#8682 = ORIENTED_EDGE('',*,*,#8607,.T.);
#8683 = ORIENTED_EDGE('',*,*,#8659,.F.);
#8684 = PLANE('',#8685);
#8685 = AXIS2_PLACEMENT_3D('',#8686,#8687,#8688);
#8686 = CARTESIAN_POINT('',(-1.05,-1.05,-1.E-02));
#8687 = DIRECTION('',(0.,0.,1.));
#8688 = DIRECTION('',(1.,0.,-0.));
#8689 = ADVANCED_FACE('',(#8690),#8696,.T.);
#8690 = FACE_BOUND('',#8691,.T.);
#8691 = EDGE_LOOP('',(#8692,#8693,#8694,#8695));
#8692 = ORIENTED_EDGE('',*,*,#8583,.F.);
#8693 = ORIENTED_EDGE('',*,*,#8644,.T.);
#8694 = ORIENTED_EDGE('',*,*,#8623,.T.);
#8695 = ORIENTED_EDGE('',*,*,#8666,.F.);
#8696 = PLANE('',#8697);
#8697 = AXIS2_PLACEMENT_3D('',#8698,#8699,#8700);
#8698 = CARTESIAN_POINT('',(-1.05,-1.05,0.));
#8699 = DIRECTION('',(0.,0.,1.));
#8700 = DIRECTION('',(1.,0.,-0.));
#8701 = MANIFOLD_SOLID_BREP('',#8702);
#8702 = CLOSED_SHELL('',(#8703,#8743,#8783,#8805,#8827,#8839));
#8703 = ADVANCED_FACE('',(#8704),#8738,.F.);
#8704 = FACE_BOUND('',#8705,.F.);
#8705 = EDGE_LOOP('',(#8706,#8716,#8724,#8732));
#8706 = ORIENTED_EDGE('',*,*,#8707,.F.);
#8707 = EDGE_CURVE('',#8708,#8710,#8712,.T.);
#8708 = VERTEX_POINT('',#8709);
#8709 = CARTESIAN_POINT('',(-0.25,-1.05,-1.E-02));
#8710 = VERTEX_POINT('',#8711);
#8711 = CARTESIAN_POINT('',(-0.25,-1.05,0.));
#8712 = LINE('',#8713,#8714);
#8713 = CARTESIAN_POINT('',(-0.25,-1.05,-1.E-02));
#8714 = VECTOR('',#8715,1.);
#8715 = DIRECTION('',(0.,0.,1.));
#8716 = ORIENTED_EDGE('',*,*,#8717,.T.);
#8717 = EDGE_CURVE('',#8708,#8718,#8720,.T.);
#8718 = VERTEX_POINT('',#8719);
#8719 = CARTESIAN_POINT('',(-0.25,-0.55,-1.E-02));
#8720 = LINE('',#8721,#8722);
#8721 = CARTESIAN_POINT('',(-0.25,-1.05,-1.E-02));
#8722 = VECTOR('',#8723,1.);
#8723 = DIRECTION('',(0.,1.,0.));
#8724 = ORIENTED_EDGE('',*,*,#8725,.T.);
#8725 = EDGE_CURVE('',#8718,#8726,#8728,.T.);
#8726 = VERTEX_POINT('',#8727);
#8727 = CARTESIAN_POINT('',(-0.25,-0.55,0.));
#8728 = LINE('',#8729,#8730);
#8729 = CARTESIAN_POINT('',(-0.25,-0.55,-1.E-02));
#8730 = VECTOR('',#8731,1.);
#8731 = DIRECTION('',(0.,0.,1.));
#8732 = ORIENTED_EDGE('',*,*,#8733,.F.);
#8733 = EDGE_CURVE('',#8710,#8726,#8734,.T.);
#8734 = LINE('',#8735,#8736);
#8735 = CARTESIAN_POINT('',(-0.25,-1.05,0.));
#8736 = VECTOR('',#8737,1.);
#8737 = DIRECTION('',(0.,1.,0.));
#8738 = PLANE('',#8739);
#8739 = AXIS2_PLACEMENT_3D('',#8740,#8741,#8742);
#8740 = CARTESIAN_POINT('',(-0.25,-1.05,-1.E-02));
#8741 = DIRECTION('',(1.,0.,0.));
#8742 = DIRECTION('',(0.,0.,1.));
#8743 = ADVANCED_FACE('',(#8744),#8778,.T.);
#8744 = FACE_BOUND('',#8745,.T.);
#8745 = EDGE_LOOP('',(#8746,#8756,#8764,#8772));
#8746 = ORIENTED_EDGE('',*,*,#8747,.F.);
#8747 = EDGE_CURVE('',#8748,#8750,#8752,.T.);
#8748 = VERTEX_POINT('',#8749);
#8749 = CARTESIAN_POINT('',(0.25,-1.05,-1.E-02));
#8750 = VERTEX_POINT('',#8751);
#8751 = CARTESIAN_POINT('',(0.25,-1.05,0.));
#8752 = LINE('',#8753,#8754);
#8753 = CARTESIAN_POINT('',(0.25,-1.05,-1.E-02));
#8754 = VECTOR('',#8755,1.);
#8755 = DIRECTION('',(0.,0.,1.));
#8756 = ORIENTED_EDGE('',*,*,#8757,.T.);
#8757 = EDGE_CURVE('',#8748,#8758,#8760,.T.);
#8758 = VERTEX_POINT('',#8759);
#8759 = CARTESIAN_POINT('',(0.25,-0.55,-1.E-02));
#8760 = LINE('',#8761,#8762);
#8761 = CARTESIAN_POINT('',(0.25,-1.05,-1.E-02));
#8762 = VECTOR('',#8763,1.);
#8763 = DIRECTION('',(0.,1.,0.));
#8764 = ORIENTED_EDGE('',*,*,#8765,.T.);
#8765 = EDGE_CURVE('',#8758,#8766,#8768,.T.);
#8766 = VERTEX_POINT('',#8767);
#8767 = CARTESIAN_POINT('',(0.25,-0.55,0.));
#8768 = LINE('',#8769,#8770);
#8769 = CARTESIAN_POINT('',(0.25,-0.55,-1.E-02));
#8770 = VECTOR('',#8771,1.);
#8771 = DIRECTION('',(0.,0.,1.));
#8772 = ORIENTED_EDGE('',*,*,#8773,.F.);
#8773 = EDGE_CURVE('',#8750,#8766,#8774,.T.);
#8774 = LINE('',#8775,#8776);
#8775 = CARTESIAN_POINT('',(0.25,-1.05,0.));
#8776 = VECTOR('',#8777,1.);
#8777 = DIRECTION('',(0.,1.,0.));
#8778 = PLANE('',#8779);
#8779 = AXIS2_PLACEMENT_3D('',#8780,#8781,#8782);
#8780 = CARTESIAN_POINT('',(0.25,-1.05,-1.E-02));
#8781 = DIRECTION('',(1.,0.,0.));
#8782 = DIRECTION('',(0.,0.,1.));
#8783 = ADVANCED_FACE('',(#8784),#8800,.F.);
#8784 = FACE_BOUND('',#8785,.F.);
#8785 = EDGE_LOOP('',(#8786,#8792,#8793,#8799));
#8786 = ORIENTED_EDGE('',*,*,#8787,.F.);
#8787 = EDGE_CURVE('',#8708,#8748,#8788,.T.);
#8788 = LINE('',#8789,#8790);
#8789 = CARTESIAN_POINT('',(-0.25,-1.05,-1.E-02));
#8790 = VECTOR('',#8791,1.);
#8791 = DIRECTION('',(1.,0.,0.));
#8792 = ORIENTED_EDGE('',*,*,#8707,.T.);
#8793 = ORIENTED_EDGE('',*,*,#8794,.T.);
#8794 = EDGE_CURVE('',#8710,#8750,#8795,.T.);
#8795 = LINE('',#8796,#8797);
#8796 = CARTESIAN_POINT('',(-0.25,-1.05,0.));
#8797 = VECTOR('',#8798,1.);
#8798 = DIRECTION('',(1.,0.,0.));
#8799 = ORIENTED_EDGE('',*,*,#8747,.F.);
#8800 = PLANE('',#8801);
#8801 = AXIS2_PLACEMENT_3D('',#8802,#8803,#8804);
#8802 = CARTESIAN_POINT('',(-0.25,-1.05,-1.E-02));
#8803 = DIRECTION('',(0.,1.,0.));
#8804 = DIRECTION('',(0.,-0.,1.));
#8805 = ADVANCED_FACE('',(#8806),#8822,.T.);
#8806 = FACE_BOUND('',#8807,.T.);
#8807 = EDGE_LOOP('',(#8808,#8814,#8815,#8821));
#8808 = ORIENTED_EDGE('',*,*,#8809,.F.);
#8809 = EDGE_CURVE('',#8718,#8758,#8810,.T.);
#8810 = LINE('',#8811,#8812);
#8811 = CARTESIAN_POINT('',(-0.25,-0.55,-1.E-02));
#8812 = VECTOR('',#8813,1.);
#8813 = DIRECTION('',(1.,0.,0.));
#8814 = ORIENTED_EDGE('',*,*,#8725,.T.);
#8815 = ORIENTED_EDGE('',*,*,#8816,.T.);
#8816 = EDGE_CURVE('',#8726,#8766,#8817,.T.);
#8817 = LINE('',#8818,#8819);
#8818 = CARTESIAN_POINT('',(-0.25,-0.55,0.));
#8819 = VECTOR('',#8820,1.);
#8820 = DIRECTION('',(1.,0.,0.));
#8821 = ORIENTED_EDGE('',*,*,#8765,.F.);
#8822 = PLANE('',#8823);
#8823 = AXIS2_PLACEMENT_3D('',#8824,#8825,#8826);
#8824 = CARTESIAN_POINT('',(-0.25,-0.55,-1.E-02));
#8825 = DIRECTION('',(0.,1.,0.));
#8826 = DIRECTION('',(0.,-0.,1.));
#8827 = ADVANCED_FACE('',(#8828),#8834,.F.);
#8828 = FACE_BOUND('',#8829,.F.);
#8829 = EDGE_LOOP('',(#8830,#8831,#8832,#8833));
#8830 = ORIENTED_EDGE('',*,*,#8717,.F.);
#8831 = ORIENTED_EDGE('',*,*,#8787,.T.);
#8832 = ORIENTED_EDGE('',*,*,#8757,.T.);
#8833 = ORIENTED_EDGE('',*,*,#8809,.F.);
#8834 = PLANE('',#8835);
#8835 = AXIS2_PLACEMENT_3D('',#8836,#8837,#8838);
#8836 = CARTESIAN_POINT('',(-0.25,-1.05,-1.E-02));
#8837 = DIRECTION('',(0.,0.,1.));
#8838 = DIRECTION('',(1.,0.,-0.));
#8839 = ADVANCED_FACE('',(#8840),#8846,.T.);
#8840 = FACE_BOUND('',#8841,.T.);
#8841 = EDGE_LOOP('',(#8842,#8843,#8844,#8845));
#8842 = ORIENTED_EDGE('',*,*,#8733,.F.);
#8843 = ORIENTED_EDGE('',*,*,#8794,.T.);
#8844 = ORIENTED_EDGE('',*,*,#8773,.T.);
#8845 = ORIENTED_EDGE('',*,*,#8816,.F.);
#8846 = PLANE('',#8847);
#8847 = AXIS2_PLACEMENT_3D('',#8848,#8849,#8850);
#8848 = CARTESIAN_POINT('',(-0.25,-1.05,0.));
#8849 = DIRECTION('',(0.,0.,1.));
#8850 = DIRECTION('',(1.,0.,-0.));
#8851 = MANIFOLD_SOLID_BREP('',#8852);
#8852 = CLOSED_SHELL('',(#8853,#8893,#8933,#8955,#8977,#8989));
#8853 = ADVANCED_FACE('',(#8854),#8888,.F.);
#8854 = FACE_BOUND('',#8855,.F.);
#8855 = EDGE_LOOP('',(#8856,#8866,#8874,#8882));
#8856 = ORIENTED_EDGE('',*,*,#8857,.F.);
#8857 = EDGE_CURVE('',#8858,#8860,#8862,.T.);
#8858 = VERTEX_POINT('',#8859);
#8859 = CARTESIAN_POINT('',(0.55,-1.05,-1.E-02));
#8860 = VERTEX_POINT('',#8861);
#8861 = CARTESIAN_POINT('',(0.55,-1.05,0.));
#8862 = LINE('',#8863,#8864);
#8863 = CARTESIAN_POINT('',(0.55,-1.05,-1.E-02));
#8864 = VECTOR('',#8865,1.);
#8865 = DIRECTION('',(0.,0.,1.));
#8866 = ORIENTED_EDGE('',*,*,#8867,.T.);
#8867 = EDGE_CURVE('',#8858,#8868,#8870,.T.);
#8868 = VERTEX_POINT('',#8869);
#8869 = CARTESIAN_POINT('',(0.55,-0.55,-1.E-02));
#8870 = LINE('',#8871,#8872);
#8871 = CARTESIAN_POINT('',(0.55,-1.05,-1.E-02));
#8872 = VECTOR('',#8873,1.);
#8873 = DIRECTION('',(0.,1.,0.));
#8874 = ORIENTED_EDGE('',*,*,#8875,.T.);
#8875 = EDGE_CURVE('',#8868,#8876,#8878,.T.);
#8876 = VERTEX_POINT('',#8877);
#8877 = CARTESIAN_POINT('',(0.55,-0.55,0.));
#8878 = LINE('',#8879,#8880);
#8879 = CARTESIAN_POINT('',(0.55,-0.55,-1.E-02));
#8880 = VECTOR('',#8881,1.);
#8881 = DIRECTION('',(0.,0.,1.));
#8882 = ORIENTED_EDGE('',*,*,#8883,.F.);
#8883 = EDGE_CURVE('',#8860,#8876,#8884,.T.);
#8884 = LINE('',#8885,#8886);
#8885 = CARTESIAN_POINT('',(0.55,-1.05,0.));
#8886 = VECTOR('',#8887,1.);
#8887 = DIRECTION('',(0.,1.,0.));
#8888 = PLANE('',#8889);
#8889 = AXIS2_PLACEMENT_3D('',#8890,#8891,#8892);
#8890 = CARTESIAN_POINT('',(0.55,-1.05,-1.E-02));
#8891 = DIRECTION('',(1.,0.,0.));
#8892 = DIRECTION('',(0.,0.,1.));
#8893 = ADVANCED_FACE('',(#8894),#8928,.T.);
#8894 = FACE_BOUND('',#8895,.T.);
#8895 = EDGE_LOOP('',(#8896,#8906,#8914,#8922));
#8896 = ORIENTED_EDGE('',*,*,#8897,.F.);
#8897 = EDGE_CURVE('',#8898,#8900,#8902,.T.);
#8898 = VERTEX_POINT('',#8899);
#8899 = CARTESIAN_POINT('',(1.05,-1.05,-1.E-02));
#8900 = VERTEX_POINT('',#8901);
#8901 = CARTESIAN_POINT('',(1.05,-1.05,0.));
#8902 = LINE('',#8903,#8904);
#8903 = CARTESIAN_POINT('',(1.05,-1.05,-1.E-02));
#8904 = VECTOR('',#8905,1.);
#8905 = DIRECTION('',(0.,0.,1.));
#8906 = ORIENTED_EDGE('',*,*,#8907,.T.);
#8907 = EDGE_CURVE('',#8898,#8908,#8910,.T.);
#8908 = VERTEX_POINT('',#8909);
#8909 = CARTESIAN_POINT('',(1.05,-0.55,-1.E-02));
#8910 = LINE('',#8911,#8912);
#8911 = CARTESIAN_POINT('',(1.05,-1.05,-1.E-02));
#8912 = VECTOR('',#8913,1.);
#8913 = DIRECTION('',(0.,1.,0.));
#8914 = ORIENTED_EDGE('',*,*,#8915,.T.);
#8915 = EDGE_CURVE('',#8908,#8916,#8918,.T.);
#8916 = VERTEX_POINT('',#8917);
#8917 = CARTESIAN_POINT('',(1.05,-0.55,0.));
#8918 = LINE('',#8919,#8920);
#8919 = CARTESIAN_POINT('',(1.05,-0.55,-1.E-02));
#8920 = VECTOR('',#8921,1.);
#8921 = DIRECTION('',(0.,0.,1.));
#8922 = ORIENTED_EDGE('',*,*,#8923,.F.);
#8923 = EDGE_CURVE('',#8900,#8916,#8924,.T.);
#8924 = LINE('',#8925,#8926);
#8925 = CARTESIAN_POINT('',(1.05,-1.05,0.));
#8926 = VECTOR('',#8927,1.);
#8927 = DIRECTION('',(0.,1.,0.));
#8928 = PLANE('',#8929);
#8929 = AXIS2_PLACEMENT_3D('',#8930,#8931,#8932);
#8930 = CARTESIAN_POINT('',(1.05,-1.05,-1.E-02));
#8931 = DIRECTION('',(1.,0.,0.));
#8932 = DIRECTION('',(0.,0.,1.));
#8933 = ADVANCED_FACE('',(#8934),#8950,.F.);
#8934 = FACE_BOUND('',#8935,.F.);
#8935 = EDGE_LOOP('',(#8936,#8942,#8943,#8949));
#8936 = ORIENTED_EDGE('',*,*,#8937,.F.);
#8937 = EDGE_CURVE('',#8858,#8898,#8938,.T.);
#8938 = LINE('',#8939,#8940);
#8939 = CARTESIAN_POINT('',(0.55,-1.05,-1.E-02));
#8940 = VECTOR('',#8941,1.);
#8941 = DIRECTION('',(1.,0.,0.));
#8942 = ORIENTED_EDGE('',*,*,#8857,.T.);
#8943 = ORIENTED_EDGE('',*,*,#8944,.T.);
#8944 = EDGE_CURVE('',#8860,#8900,#8945,.T.);
#8945 = LINE('',#8946,#8947);
#8946 = CARTESIAN_POINT('',(0.55,-1.05,0.));
#8947 = VECTOR('',#8948,1.);
#8948 = DIRECTION('',(1.,0.,0.));
#8949 = ORIENTED_EDGE('',*,*,#8897,.F.);
#8950 = PLANE('',#8951);
#8951 = AXIS2_PLACEMENT_3D('',#8952,#8953,#8954);
#8952 = CARTESIAN_POINT('',(0.55,-1.05,-1.E-02));
#8953 = DIRECTION('',(0.,1.,0.));
#8954 = DIRECTION('',(0.,-0.,1.));
#8955 = ADVANCED_FACE('',(#8956),#8972,.T.);
#8956 = FACE_BOUND('',#8957,.T.);
#8957 = EDGE_LOOP('',(#8958,#8964,#8965,#8971));
#8958 = ORIENTED_EDGE('',*,*,#8959,.F.);
#8959 = EDGE_CURVE('',#8868,#8908,#8960,.T.);
#8960 = LINE('',#8961,#8962);
#8961 = CARTESIAN_POINT('',(0.55,-0.55,-1.E-02));
#8962 = VECTOR('',#8963,1.);
#8963 = DIRECTION('',(1.,0.,0.));
#8964 = ORIENTED_EDGE('',*,*,#8875,.T.);
#8965 = ORIENTED_EDGE('',*,*,#8966,.T.);
#8966 = EDGE_CURVE('',#8876,#8916,#8967,.T.);
#8967 = LINE('',#8968,#8969);
#8968 = CARTESIAN_POINT('',(0.55,-0.55,0.));
#8969 = VECTOR('',#8970,1.);
#8970 = DIRECTION('',(1.,0.,0.));
#8971 = ORIENTED_EDGE('',*,*,#8915,.F.);
#8972 = PLANE('',#8973);
#8973 = AXIS2_PLACEMENT_3D('',#8974,#8975,#8976);
#8974 = CARTESIAN_POINT('',(0.55,-0.55,-1.E-02));
#8975 = DIRECTION('',(0.,1.,0.));
#8976 = DIRECTION('',(0.,-0.,1.));
#8977 = ADVANCED_FACE('',(#8978),#8984,.F.);
#8978 = FACE_BOUND('',#8979,.F.);
#8979 = EDGE_LOOP('',(#8980,#8981,#8982,#8983));
#8980 = ORIENTED_EDGE('',*,*,#8867,.F.);
#8981 = ORIENTED_EDGE('',*,*,#8937,.T.);
#8982 = ORIENTED_EDGE('',*,*,#8907,.T.);
#8983 = ORIENTED_EDGE('',*,*,#8959,.F.);
#8984 = PLANE('',#8985);
#8985 = AXIS2_PLACEMENT_3D('',#8986,#8987,#8988);
#8986 = CARTESIAN_POINT('',(0.55,-1.05,-1.E-02));
#8987 = DIRECTION('',(0.,0.,1.));
#8988 = DIRECTION('',(1.,0.,-0.));
#8989 = ADVANCED_FACE('',(#8990),#8996,.T.);
#8990 = FACE_BOUND('',#8991,.T.);
#8991 = EDGE_LOOP('',(#8992,#8993,#8994,#8995));
#8992 = ORIENTED_EDGE('',*,*,#8883,.F.);
#8993 = ORIENTED_EDGE('',*,*,#8944,.T.);
#8994 = ORIENTED_EDGE('',*,*,#8923,.T.);
#8995 = ORIENTED_EDGE('',*,*,#8966,.F.);
#8996 = PLANE('',#8997);
#8997 = AXIS2_PLACEMENT_3D('',#8998,#8999,#9000);
#8998 = CARTESIAN_POINT('',(0.55,-1.05,0.));
#8999 = DIRECTION('',(0.,0.,1.));
#9000 = DIRECTION('',(1.,0.,-0.));
#9001 = MANIFOLD_SOLID_BREP('',#9002);
#9002 = CLOSED_SHELL('',(#9003,#9043,#9083,#9105,#9127,#9139));
#9003 = ADVANCED_FACE('',(#9004),#9038,.F.);
#9004 = FACE_BOUND('',#9005,.F.);
#9005 = EDGE_LOOP('',(#9006,#9016,#9024,#9032));
#9006 = ORIENTED_EDGE('',*,*,#9007,.F.);
#9007 = EDGE_CURVE('',#9008,#9010,#9012,.T.);
#9008 = VERTEX_POINT('',#9009);
#9009 = CARTESIAN_POINT('',(1.35,-1.05,-1.E-02));
#9010 = VERTEX_POINT('',#9011);
#9011 = CARTESIAN_POINT('',(1.35,-1.05,0.));
#9012 = LINE('',#9013,#9014);
#9013 = CARTESIAN_POINT('',(1.35,-1.05,-1.E-02));
#9014 = VECTOR('',#9015,1.);
#9015 = DIRECTION('',(0.,0.,1.));
#9016 = ORIENTED_EDGE('',*,*,#9017,.T.);
#9017 = EDGE_CURVE('',#9008,#9018,#9020,.T.);
#9018 = VERTEX_POINT('',#9019);
#9019 = CARTESIAN_POINT('',(1.35,-0.55,-1.E-02));
#9020 = LINE('',#9021,#9022);
#9021 = CARTESIAN_POINT('',(1.35,-1.05,-1.E-02));
#9022 = VECTOR('',#9023,1.);
#9023 = DIRECTION('',(0.,1.,0.));
#9024 = ORIENTED_EDGE('',*,*,#9025,.T.);
#9025 = EDGE_CURVE('',#9018,#9026,#9028,.T.);
#9026 = VERTEX_POINT('',#9027);
#9027 = CARTESIAN_POINT('',(1.35,-0.55,0.));
#9028 = LINE('',#9029,#9030);
#9029 = CARTESIAN_POINT('',(1.35,-0.55,-1.E-02));
#9030 = VECTOR('',#9031,1.);
#9031 = DIRECTION('',(0.,0.,1.));
#9032 = ORIENTED_EDGE('',*,*,#9033,.F.);
#9033 = EDGE_CURVE('',#9010,#9026,#9034,.T.);
#9034 = LINE('',#9035,#9036);
#9035 = CARTESIAN_POINT('',(1.35,-1.05,0.));
#9036 = VECTOR('',#9037,1.);
#9037 = DIRECTION('',(0.,1.,0.));
#9038 = PLANE('',#9039);
#9039 = AXIS2_PLACEMENT_3D('',#9040,#9041,#9042);
#9040 = CARTESIAN_POINT('',(1.35,-1.05,-1.E-02));
#9041 = DIRECTION('',(1.,0.,0.));
#9042 = DIRECTION('',(0.,0.,1.));
#9043 = ADVANCED_FACE('',(#9044),#9078,.T.);
#9044 = FACE_BOUND('',#9045,.T.);
#9045 = EDGE_LOOP('',(#9046,#9056,#9064,#9072));
#9046 = ORIENTED_EDGE('',*,*,#9047,.F.);
#9047 = EDGE_CURVE('',#9048,#9050,#9052,.T.);
#9048 = VERTEX_POINT('',#9049);
#9049 = CARTESIAN_POINT('',(1.85,-1.05,-1.E-02));
#9050 = VERTEX_POINT('',#9051);
#9051 = CARTESIAN_POINT('',(1.85,-1.05,0.));
#9052 = LINE('',#9053,#9054);
#9053 = CARTESIAN_POINT('',(1.85,-1.05,-1.E-02));
#9054 = VECTOR('',#9055,1.);
#9055 = DIRECTION('',(0.,0.,1.));
#9056 = ORIENTED_EDGE('',*,*,#9057,.T.);
#9057 = EDGE_CURVE('',#9048,#9058,#9060,.T.);
#9058 = VERTEX_POINT('',#9059);
#9059 = CARTESIAN_POINT('',(1.85,-0.55,-1.E-02));
#9060 = LINE('',#9061,#9062);
#9061 = CARTESIAN_POINT('',(1.85,-1.05,-1.E-02));
#9062 = VECTOR('',#9063,1.);
#9063 = DIRECTION('',(0.,1.,0.));
#9064 = ORIENTED_EDGE('',*,*,#9065,.T.);
#9065 = EDGE_CURVE('',#9058,#9066,#9068,.T.);
#9066 = VERTEX_POINT('',#9067);
#9067 = CARTESIAN_POINT('',(1.85,-0.55,0.));
#9068 = LINE('',#9069,#9070);
#9069 = CARTESIAN_POINT('',(1.85,-0.55,-1.E-02));
#9070 = VECTOR('',#9071,1.);
#9071 = DIRECTION('',(0.,0.,1.));
#9072 = ORIENTED_EDGE('',*,*,#9073,.F.);
#9073 = EDGE_CURVE('',#9050,#9066,#9074,.T.);
#9074 = LINE('',#9075,#9076);
#9075 = CARTESIAN_POINT('',(1.85,-1.05,0.));
#9076 = VECTOR('',#9077,1.);
#9077 = DIRECTION('',(0.,1.,0.));
#9078 = PLANE('',#9079);
#9079 = AXIS2_PLACEMENT_3D('',#9080,#9081,#9082);
#9080 = CARTESIAN_POINT('',(1.85,-1.05,-1.E-02));
#9081 = DIRECTION('',(1.,0.,0.));
#9082 = DIRECTION('',(0.,0.,1.));
#9083 = ADVANCED_FACE('',(#9084),#9100,.F.);
#9084 = FACE_BOUND('',#9085,.F.);
#9085 = EDGE_LOOP('',(#9086,#9092,#9093,#9099));
#9086 = ORIENTED_EDGE('',*,*,#9087,.F.);
#9087 = EDGE_CURVE('',#9008,#9048,#9088,.T.);
#9088 = LINE('',#9089,#9090);
#9089 = CARTESIAN_POINT('',(1.35,-1.05,-1.E-02));
#9090 = VECTOR('',#9091,1.);
#9091 = DIRECTION('',(1.,0.,0.));
#9092 = ORIENTED_EDGE('',*,*,#9007,.T.);
#9093 = ORIENTED_EDGE('',*,*,#9094,.T.);
#9094 = EDGE_CURVE('',#9010,#9050,#9095,.T.);
#9095 = LINE('',#9096,#9097);
#9096 = CARTESIAN_POINT('',(1.35,-1.05,0.));
#9097 = VECTOR('',#9098,1.);
#9098 = DIRECTION('',(1.,0.,0.));
#9099 = ORIENTED_EDGE('',*,*,#9047,.F.);
#9100 = PLANE('',#9101);
#9101 = AXIS2_PLACEMENT_3D('',#9102,#9103,#9104);
#9102 = CARTESIAN_POINT('',(1.35,-1.05,-1.E-02));
#9103 = DIRECTION('',(0.,1.,0.));
#9104 = DIRECTION('',(0.,-0.,1.));
#9105 = ADVANCED_FACE('',(#9106),#9122,.T.);
#9106 = FACE_BOUND('',#9107,.T.);
#9107 = EDGE_LOOP('',(#9108,#9114,#9115,#9121));
#9108 = ORIENTED_EDGE('',*,*,#9109,.F.);
#9109 = EDGE_CURVE('',#9018,#9058,#9110,.T.);
#9110 = LINE('',#9111,#9112);
#9111 = CARTESIAN_POINT('',(1.35,-0.55,-1.E-02));
#9112 = VECTOR('',#9113,1.);
#9113 = DIRECTION('',(1.,0.,0.));
#9114 = ORIENTED_EDGE('',*,*,#9025,.T.);
#9115 = ORIENTED_EDGE('',*,*,#9116,.T.);
#9116 = EDGE_CURVE('',#9026,#9066,#9117,.T.);
#9117 = LINE('',#9118,#9119);
#9118 = CARTESIAN_POINT('',(1.35,-0.55,0.));
#9119 = VECTOR('',#9120,1.);
#9120 = DIRECTION('',(1.,0.,0.));
#9121 = ORIENTED_EDGE('',*,*,#9065,.F.);
#9122 = PLANE('',#9123);
#9123 = AXIS2_PLACEMENT_3D('',#9124,#9125,#9126);
#9124 = CARTESIAN_POINT('',(1.35,-0.55,-1.E-02));
#9125 = DIRECTION('',(0.,1.,0.));
#9126 = DIRECTION('',(0.,-0.,1.));
#9127 = ADVANCED_FACE('',(#9128),#9134,.F.);
#9128 = FACE_BOUND('',#9129,.F.);
#9129 = EDGE_LOOP('',(#9130,#9131,#9132,#9133));
#9130 = ORIENTED_EDGE('',*,*,#9017,.F.);
#9131 = ORIENTED_EDGE('',*,*,#9087,.T.);
#9132 = ORIENTED_EDGE('',*,*,#9057,.T.);
#9133 = ORIENTED_EDGE('',*,*,#9109,.F.);
#9134 = PLANE('',#9135);
#9135 = AXIS2_PLACEMENT_3D('',#9136,#9137,#9138);
#9136 = CARTESIAN_POINT('',(1.35,-1.05,-1.E-02));
#9137 = DIRECTION('',(0.,0.,1.));
#9138 = DIRECTION('',(1.,0.,-0.));
#9139 = ADVANCED_FACE('',(#9140),#9146,.T.);
#9140 = FACE_BOUND('',#9141,.T.);
#9141 = EDGE_LOOP('',(#9142,#9143,#9144,#9145));
#9142 = ORIENTED_EDGE('',*,*,#9033,.F.);
#9143 = ORIENTED_EDGE('',*,*,#9094,.T.);
#9144 = ORIENTED_EDGE('',*,*,#9073,.T.);
#9145 = ORIENTED_EDGE('',*,*,#9116,.F.);
#9146 = PLANE('',#9147);
#9147 = AXIS2_PLACEMENT_3D('',#9148,#9149,#9150);
#9148 = CARTESIAN_POINT('',(1.35,-1.05,0.));
#9149 = DIRECTION('',(0.,0.,1.));
#9150 = DIRECTION('',(1.,0.,-0.));
#9151 = ( GEOMETRIC_REPRESENTATION_CONTEXT(3) 
GLOBAL_UNCERTAINTY_ASSIGNED_CONTEXT((#9155)) 
GLOBAL_UNIT_ASSIGNED_CONTEXT((#9152,#9153,#9154)) REPRESENTATION_CONTEXT
('Context #1','3D Context with UNIT and UNCERTAINTY') );
#9152 = ( LENGTH_UNIT() NAMED_UNIT(*) SI_UNIT(.MILLI.,.METRE.) );
#9153 = ( NAMED_UNIT(*) PLANE_ANGLE_UNIT() SI_UNIT($,.RADIAN.) );
#9154 = ( NAMED_UNIT(*) SI_UNIT($,.STERADIAN.) SOLID_ANGLE_UNIT() );
#9155 = UNCERTAINTY_MEASURE_WITH_UNIT(LENGTH_MEASURE(1.E-07),#9152,
  'distance_accuracy_value','confusion accuracy');
#9156 = CONTEXT_DEPENDENT_SHAPE_REPRESENTATION(#9157,#9159);
#9157 = ( REPRESENTATION_RELATIONSHIP('','',#5536,#10) 
REPRESENTATION_RELATIONSHIP_WITH_TRANSFORMATION(#9158) 
SHAPE_REPRESENTATION_RELATIONSHIP() );
#9158 = ITEM_DEFINED_TRANSFORMATION('','',#11,#51);
#9159 = PRODUCT_DEFINITION_SHAPE('Placement','Placement of an item',
  #9160);
#9160 = NEXT_ASSEMBLY_USAGE_OCCURRENCE('10','U2','',#5,#5531,$);
#9161 = PRODUCT_RELATED_PRODUCT_CATEGORY('part',$,(#5533));
#9162 = CONTEXT_DEPENDENT_SHAPE_REPRESENTATION(#9163,#9165);
#9163 = ( REPRESENTATION_RELATIONSHIP('','',#2372,#10) 
REPRESENTATION_RELATIONSHIP_WITH_TRANSFORMATION(#9164) 
SHAPE_REPRESENTATION_RELATIONSHIP() );
#9164 = ITEM_DEFINED_TRANSFORMATION('','',#11,#55);
#9165 = PRODUCT_DEFINITION_SHAPE('Placement','Placement of an item',
  #9166);
#9166 = NEXT_ASSEMBLY_USAGE_OCCURRENCE('11','C3','',#5,#2367,$);
#9167 = CONTEXT_DEPENDENT_SHAPE_REPRESENTATION(#9168,#9170);
#9168 = ( REPRESENTATION_RELATIONSHIP('','',#92,#10) 
REPRESENTATION_RELATIONSHIP_WITH_TRANSFORMATION(#9169) 
SHAPE_REPRESENTATION_RELATIONSHIP() );
#9169 = ITEM_DEFINED_TRANSFORMATION('','',#11,#59);
#9170 = PRODUCT_DEFINITION_SHAPE('Placement','Placement of an item',
  #9171);
#9171 = NEXT_ASSEMBLY_USAGE_OCCURRENCE('12','R1','',#5,#87,$);
#9172 = SHAPE_DEFINITION_REPRESENTATION(#9173,#9179);
#9173 = PRODUCT_DEFINITION_SHAPE('','',#9174);
#9174 = PRODUCT_DEFINITION('design','',#9175,#9178);
#9175 = PRODUCT_DEFINITION_FORMATION('','',#9176);
#9176 = PRODUCT('JST_PH_S2B-PH-K_1x02_P2.00mm_Horizontal',
  'JST_PH_S2B-PH-K_1x02_P2.00mm_Horizontal','',(#9177));
#9177 = PRODUCT_CONTEXT('',#2,'mechanical');
#9178 = PRODUCT_DEFINITION_CONTEXT('part definition',#2,'design');
#9179 = ADVANCED_BREP_SHAPE_REPRESENTATION('',(#11,#9180),#12674);
#9180 = MANIFOLD_SOLID_BREP('',#9181);
#9181 = CLOSED_SHELL('',(#9182,#9222,#9302,#9390,#9447,#9464,#9488,#9512
    ,#9536,#9592,#9728,#9759,#9771,#9857,#9871,#9927,#9984,#10008,#10081
    ,#10105,#10138,#10249,#10366,#10406,#10437,#10455,#10472,#10490,
    #10516,#10547,#10564,#10597,#10637,#10660,#10709,#10733,#10780,
    #10797,#10814,#10826,#10873,#10904,#10921,#10938,#10962,#10986,
    #11003,#11020,#11032,#11049,#11061,#11085,#11103,#11115,#11129,
    #11160,#11184,#11208,#11225,#11256,#11280,#11304,#11321,#11367,
    #11413,#11430,#11442,#11473,#11497,#11521,#11538,#11569,#11593,
    #11617,#11634,#11731,#11755,#11845,#11862,#11959,#11983,#12073,
    #12090,#12102,#12114,#12131,#12148,#12165,#12198,#12238,#12269,
    #12286,#12303,#12315,#12348,#12365,#12382,#12399,#12432,#12472,
    #12503,#12520,#12537,#12549,#12582,#12599,#12616,#12628,#12645,
    #12662));
#9182 = ADVANCED_FACE('',(#9183),#9217,.T.);
#9183 = FACE_BOUND('',#9184,.T.);
#9184 = EDGE_LOOP('',(#9185,#9195,#9203,#9211));
#9185 = ORIENTED_EDGE('',*,*,#9186,.F.);
#9186 = EDGE_CURVE('',#9187,#9189,#9191,.T.);
#9187 = VERTEX_POINT('',#9188);
#9188 = CARTESIAN_POINT('',(3.95,-4.65,2.5));
#9189 = VERTEX_POINT('',#9190);
#9190 = CARTESIAN_POINT('',(3.95,-6.25,2.5));
#9191 = LINE('',#9192,#9193);
#9192 = CARTESIAN_POINT('',(3.95,-4.65,2.5));
#9193 = VECTOR('',#9194,1.);
#9194 = DIRECTION('',(-1.224646799147E-16,-1.,1.110223024625E-16));
#9195 = ORIENTED_EDGE('',*,*,#9196,.T.);
#9196 = EDGE_CURVE('',#9187,#9197,#9199,.T.);
#9197 = VERTEX_POINT('',#9198);
#9198 = CARTESIAN_POINT('',(3.45,-4.65,2.5));
#9199 = LINE('',#9200,#9201);
#9200 = CARTESIAN_POINT('',(3.95,-4.65,2.5));
#9201 = VECTOR('',#9202,1.);
#9202 = DIRECTION('',(-1.,1.224646799147E-16,0.));
#9203 = ORIENTED_EDGE('',*,*,#9204,.T.);
#9204 = EDGE_CURVE('',#9197,#9205,#9207,.T.);
#9205 = VERTEX_POINT('',#9206);
#9206 = CARTESIAN_POINT('',(3.45,-6.25,2.5));
#9207 = LINE('',#9208,#9209);
#9208 = CARTESIAN_POINT('',(3.45,-5.45,2.5));
#9209 = VECTOR('',#9210,1.);
#9210 = DIRECTION('',(-1.224646799147E-16,-1.,1.110223024625E-16));
#9211 = ORIENTED_EDGE('',*,*,#9212,.F.);
#9212 = EDGE_CURVE('',#9189,#9205,#9213,.T.);
#9213 = LINE('',#9214,#9215);
#9214 = CARTESIAN_POINT('',(3.95,-6.25,2.5));
#9215 = VECTOR('',#9216,1.);
#9216 = DIRECTION('',(-1.,1.224646799147E-16,0.));
#9217 = PLANE('',#9218);
#9218 = AXIS2_PLACEMENT_3D('',#9219,#9220,#9221);
#9219 = CARTESIAN_POINT('',(3.95,-4.65,2.5));
#9220 = DIRECTION('',(1.359631073447E-32,1.110223024625E-16,1.));
#9221 = DIRECTION('',(-1.224646799147E-16,-1.,1.110223024625E-16));
#9222 = ADVANCED_FACE('',(#9223),#9297,.T.);
#9223 = FACE_BOUND('',#9224,.T.);
#9224 = EDGE_LOOP('',(#9225,#9233,#9241,#9249,#9257,#9265,#9273,#9281,
    #9289,#9296));
#9225 = ORIENTED_EDGE('',*,*,#9226,.F.);
#9226 = EDGE_CURVE('',#9227,#9189,#9229,.T.);
#9227 = VERTEX_POINT('',#9228);
#9228 = CARTESIAN_POINT('',(3.95,-6.25,0.));
#9229 = LINE('',#9230,#9231);
#9230 = CARTESIAN_POINT('',(3.95,-6.25,0.3));
#9231 = VECTOR('',#9232,1.);
#9232 = DIRECTION('',(1.359631073447E-32,1.110223024625E-16,1.));
#9233 = ORIENTED_EDGE('',*,*,#9234,.F.);
#9234 = EDGE_CURVE('',#9235,#9227,#9237,.T.);
#9235 = VERTEX_POINT('',#9236);
#9236 = CARTESIAN_POINT('',(3.95,1.35,0.));
#9237 = LINE('',#9238,#9239);
#9238 = CARTESIAN_POINT('',(3.95,1.35,0.));
#9239 = VECTOR('',#9240,1.);
#9240 = DIRECTION('',(-1.224646799147E-16,-1.,0.));
#9241 = ORIENTED_EDGE('',*,*,#9242,.F.);
#9242 = EDGE_CURVE('',#9243,#9235,#9245,.T.);
#9243 = VERTEX_POINT('',#9244);
#9244 = CARTESIAN_POINT('',(3.95,1.35,3.2));
#9245 = LINE('',#9246,#9247);
#9246 = CARTESIAN_POINT('',(3.95,1.35,3.2));
#9247 = VECTOR('',#9248,1.);
#9248 = DIRECTION('',(-0.,0.,-1.));
#9249 = ORIENTED_EDGE('',*,*,#9250,.F.);
#9250 = EDGE_CURVE('',#9251,#9243,#9253,.T.);
#9251 = VERTEX_POINT('',#9252);
#9252 = CARTESIAN_POINT('',(3.95,-0.25,4.1));
#9253 = LINE('',#9254,#9255);
#9254 = CARTESIAN_POINT('',(3.95,-0.25,4.1));
#9255 = VECTOR('',#9256,1.);
#9256 = DIRECTION('',(1.067372191754E-16,0.871575537124,-0.490261239633)
  );
#9257 = ORIENTED_EDGE('',*,*,#9258,.T.);
#9258 = EDGE_CURVE('',#9251,#9259,#9261,.T.);
#9259 = VERTEX_POINT('',#9260);
#9260 = CARTESIAN_POINT('',(3.95,-0.25,4.8));
#9261 = LINE('',#9262,#9263);
#9262 = CARTESIAN_POINT('',(3.95,-0.25,0.3));
#9263 = VECTOR('',#9264,1.);
#9264 = DIRECTION('',(1.359631073447E-32,1.110223024625E-16,1.));
#9265 = ORIENTED_EDGE('',*,*,#9266,.T.);
#9266 = EDGE_CURVE('',#9259,#9267,#9269,.T.);
#9267 = VERTEX_POINT('',#9268);
#9268 = CARTESIAN_POINT('',(3.95,-6.25,4.8));
#9269 = LINE('',#9270,#9271);
#9270 = CARTESIAN_POINT('',(3.95,-0.25,4.8));
#9271 = VECTOR('',#9272,1.);
#9272 = DIRECTION('',(-1.224646799147E-16,-1.,1.110223024625E-16));
#9273 = ORIENTED_EDGE('',*,*,#9274,.F.);
#9274 = EDGE_CURVE('',#9275,#9267,#9277,.T.);
#9275 = VERTEX_POINT('',#9276);
#9276 = CARTESIAN_POINT('',(3.95,-6.25,3.3));
#9277 = LINE('',#9278,#9279);
#9278 = CARTESIAN_POINT('',(3.95,-6.25,0.3));
#9279 = VECTOR('',#9280,1.);
#9280 = DIRECTION('',(1.359631073447E-32,1.110223024625E-16,1.));
#9281 = ORIENTED_EDGE('',*,*,#9282,.T.);
#9282 = EDGE_CURVE('',#9275,#9283,#9285,.T.);
#9283 = VERTEX_POINT('',#9284);
#9284 = CARTESIAN_POINT('',(3.95,-4.65,3.3));
#9285 = LINE('',#9286,#9287);
#9286 = CARTESIAN_POINT('',(3.95,-6.25,3.3));
#9287 = VECTOR('',#9288,1.);
#9288 = DIRECTION('',(1.224646799147E-16,1.,-1.110223024625E-16));
#9289 = ORIENTED_EDGE('',*,*,#9290,.T.);
#9290 = EDGE_CURVE('',#9283,#9187,#9291,.T.);
#9291 = CIRCLE('',#9292,0.4);
#9292 = AXIS2_PLACEMENT_3D('',#9293,#9294,#9295);
#9293 = CARTESIAN_POINT('',(3.95,-4.65,2.9));
#9294 = DIRECTION('',(-1.,1.224646799147E-16,0.));
#9295 = DIRECTION('',(1.359631073446E-32,1.110223024625E-16,1.));
#9296 = ORIENTED_EDGE('',*,*,#9186,.T.);
#9297 = PLANE('',#9298);
#9298 = AXIS2_PLACEMENT_3D('',#9299,#9300,#9301);
#9299 = CARTESIAN_POINT('',(3.95,-2.909897467985,2.368621550033));
#9300 = DIRECTION('',(1.,-1.224646799147E-16,-3.096025220137E-32));
#9301 = DIRECTION('',(-3.096025220137E-32,3.79153737592E-48,-1.));
#9302 = ADVANCED_FACE('',(#9303),#9385,.T.);
#9303 = FACE_BOUND('',#9304,.T.);
#9304 = EDGE_LOOP('',(#9305,#9315,#9323,#9329,#9330,#9331,#9339,#9347,
    #9355,#9363,#9371,#9379));
#9305 = ORIENTED_EDGE('',*,*,#9306,.T.);
#9306 = EDGE_CURVE('',#9307,#9309,#9311,.T.);
#9307 = VERTEX_POINT('',#9308);
#9308 = CARTESIAN_POINT('',(-0.95,-6.25,0.3));
#9309 = VERTEX_POINT('',#9310);
#9310 = CARTESIAN_POINT('',(2.95,-6.25,0.3));
#9311 = LINE('',#9312,#9313);
#9312 = CARTESIAN_POINT('',(-1.95,-6.25,0.3));
#9313 = VECTOR('',#9314,1.);
#9314 = DIRECTION('',(1.,-1.224646799147E-16,0.));
#9315 = ORIENTED_EDGE('',*,*,#9316,.F.);
#9316 = EDGE_CURVE('',#9317,#9309,#9319,.T.);
#9317 = VERTEX_POINT('',#9318);
#9318 = CARTESIAN_POINT('',(2.95,-6.25,0.));
#9319 = LINE('',#9320,#9321);
#9320 = CARTESIAN_POINT('',(2.95,-6.25,0.));
#9321 = VECTOR('',#9322,1.);
#9322 = DIRECTION('',(0.,0.,1.));
#9323 = ORIENTED_EDGE('',*,*,#9324,.F.);
#9324 = EDGE_CURVE('',#9227,#9317,#9325,.T.);
#9325 = LINE('',#9326,#9327);
#9326 = CARTESIAN_POINT('',(3.95,-6.25,0.));
#9327 = VECTOR('',#9328,1.);
#9328 = DIRECTION('',(-1.,1.224646799147E-16,0.));
#9329 = ORIENTED_EDGE('',*,*,#9226,.T.);
#9330 = ORIENTED_EDGE('',*,*,#9212,.T.);
#9331 = ORIENTED_EDGE('',*,*,#9332,.F.);
#9332 = EDGE_CURVE('',#9333,#9205,#9335,.T.);
#9333 = VERTEX_POINT('',#9334);
#9334 = CARTESIAN_POINT('',(3.45,-6.25,0.8));
#9335 = LINE('',#9336,#9337);
#9336 = CARTESIAN_POINT('',(3.45,-6.25,0.8));
#9337 = VECTOR('',#9338,1.);
#9338 = DIRECTION('',(1.359631073447E-32,1.110223024625E-16,1.));
#9339 = ORIENTED_EDGE('',*,*,#9340,.F.);
#9340 = EDGE_CURVE('',#9341,#9333,#9343,.T.);
#9341 = VERTEX_POINT('',#9342);
#9342 = CARTESIAN_POINT('',(-1.45,-6.25,0.8));
#9343 = LINE('',#9344,#9345);
#9344 = CARTESIAN_POINT('',(-1.45,-6.25,0.8));
#9345 = VECTOR('',#9346,1.);
#9346 = DIRECTION('',(1.,-1.224646799147E-16,0.));
#9347 = ORIENTED_EDGE('',*,*,#9348,.F.);
#9348 = EDGE_CURVE('',#9349,#9341,#9351,.T.);
#9349 = VERTEX_POINT('',#9350);
#9350 = CARTESIAN_POINT('',(-1.45,-6.25,2.5));
#9351 = LINE('',#9352,#9353);
#9352 = CARTESIAN_POINT('',(-1.45,-6.25,4.2));
#9353 = VECTOR('',#9354,1.);
#9354 = DIRECTION('',(-1.359631073447E-32,-1.110223024625E-16,-1.));
#9355 = ORIENTED_EDGE('',*,*,#9356,.T.);
#9356 = EDGE_CURVE('',#9349,#9357,#9359,.T.);
#9357 = VERTEX_POINT('',#9358);
#9358 = CARTESIAN_POINT('',(-1.95,-6.25,2.5));
#9359 = LINE('',#9360,#9361);
#9360 = CARTESIAN_POINT('',(3.95,-6.25,2.5));
#9361 = VECTOR('',#9362,1.);
#9362 = DIRECTION('',(-1.,1.224646799147E-16,0.));
#9363 = ORIENTED_EDGE('',*,*,#9364,.T.);
#9364 = EDGE_CURVE('',#9357,#9365,#9367,.T.);
#9365 = VERTEX_POINT('',#9366);
#9366 = CARTESIAN_POINT('',(-1.95,-6.25,0.));
#9367 = LINE('',#9368,#9369);
#9368 = CARTESIAN_POINT('',(-1.95,-6.25,4.8));
#9369 = VECTOR('',#9370,1.);
#9370 = DIRECTION('',(-1.359631073447E-32,-1.110223024625E-16,-1.));
#9371 = ORIENTED_EDGE('',*,*,#9372,.F.);
#9372 = EDGE_CURVE('',#9373,#9365,#9375,.T.);
#9373 = VERTEX_POINT('',#9374);
#9374 = CARTESIAN_POINT('',(-0.95,-6.25,0.));
#9375 = LINE('',#9376,#9377);
#9376 = CARTESIAN_POINT('',(-0.95,-6.25,0.));
#9377 = VECTOR('',#9378,1.);
#9378 = DIRECTION('',(-1.,1.224646799147E-16,0.));
#9379 = ORIENTED_EDGE('',*,*,#9380,.T.);
#9380 = EDGE_CURVE('',#9373,#9307,#9381,.T.);
#9381 = LINE('',#9382,#9383);
#9382 = CARTESIAN_POINT('',(-0.95,-6.25,0.));
#9383 = VECTOR('',#9384,1.);
#9384 = DIRECTION('',(0.,0.,1.));
#9385 = PLANE('',#9386);
#9386 = AXIS2_PLACEMENT_3D('',#9387,#9388,#9389);
#9387 = CARTESIAN_POINT('',(1.,-6.25,0.939423076923));
#9388 = DIRECTION('',(-1.224646799147E-16,-1.,-4.111705995194E-31));
#9389 = DIRECTION('',(-5.03538758605E-47,-4.111705995194E-31,1.));
#9390 = ADVANCED_FACE('',(#9391),#9442,.F.);
#9391 = FACE_BOUND('',#9392,.F.);
#9392 = EDGE_LOOP('',(#9393,#9394,#9402,#9410,#9418,#9426,#9434,#9441));
#9393 = ORIENTED_EDGE('',*,*,#9332,.F.);
#9394 = ORIENTED_EDGE('',*,*,#9395,.T.);
#9395 = EDGE_CURVE('',#9333,#9396,#9398,.T.);
#9396 = VERTEX_POINT('',#9397);
#9397 = CARTESIAN_POINT('',(3.45,-2.05,0.8));
#9398 = LINE('',#9399,#9400);
#9399 = CARTESIAN_POINT('',(3.45,-6.25,0.8));
#9400 = VECTOR('',#9401,1.);
#9401 = DIRECTION('',(1.224646799147E-16,1.,-1.110223024625E-16));
#9402 = ORIENTED_EDGE('',*,*,#9403,.T.);
#9403 = EDGE_CURVE('',#9396,#9404,#9406,.T.);
#9404 = VERTEX_POINT('',#9405);
#9405 = CARTESIAN_POINT('',(3.45,-2.05,4.2));
#9406 = LINE('',#9407,#9408);
#9407 = CARTESIAN_POINT('',(3.45,-2.05,0.8));
#9408 = VECTOR('',#9409,1.);
#9409 = DIRECTION('',(1.359631073447E-32,1.110223024625E-16,1.));
#9410 = ORIENTED_EDGE('',*,*,#9411,.F.);
#9411 = EDGE_CURVE('',#9412,#9404,#9414,.T.);
#9412 = VERTEX_POINT('',#9413);
#9413 = CARTESIAN_POINT('',(3.45,-6.25,4.2));
#9414 = LINE('',#9415,#9416);
#9415 = CARTESIAN_POINT('',(3.45,-6.25,4.2));
#9416 = VECTOR('',#9417,1.);
#9417 = DIRECTION('',(1.224646799147E-16,1.,-1.110223024625E-16));
#9418 = ORIENTED_EDGE('',*,*,#9419,.F.);
#9419 = EDGE_CURVE('',#9420,#9412,#9422,.T.);
#9420 = VERTEX_POINT('',#9421);
#9421 = CARTESIAN_POINT('',(3.45,-6.25,3.3));
#9422 = LINE('',#9423,#9424);
#9423 = CARTESIAN_POINT('',(3.45,-6.25,0.8));
#9424 = VECTOR('',#9425,1.);
#9425 = DIRECTION('',(1.359631073447E-32,1.110223024625E-16,1.));
#9426 = ORIENTED_EDGE('',*,*,#9427,.T.);
#9427 = EDGE_CURVE('',#9420,#9428,#9430,.T.);
#9428 = VERTEX_POINT('',#9429);
#9429 = CARTESIAN_POINT('',(3.45,-4.65,3.3));
#9430 = LINE('',#9431,#9432);
#9431 = CARTESIAN_POINT('',(3.45,-6.25,3.3));
#9432 = VECTOR('',#9433,1.);
#9433 = DIRECTION('',(1.224646799147E-16,1.,-1.110223024625E-16));
#9434 = ORIENTED_EDGE('',*,*,#9435,.F.);
#9435 = EDGE_CURVE('',#9197,#9428,#9436,.T.);
#9436 = CIRCLE('',#9437,0.4);
#9437 = AXIS2_PLACEMENT_3D('',#9438,#9439,#9440);
#9438 = CARTESIAN_POINT('',(3.45,-4.65,2.9));
#9439 = DIRECTION('',(1.,-1.224646799147E-16,0.));
#9440 = DIRECTION('',(1.359631073446E-32,1.110223024625E-16,1.));
#9441 = ORIENTED_EDGE('',*,*,#9204,.T.);
#9442 = PLANE('',#9443);
#9443 = AXIS2_PLACEMENT_3D('',#9444,#9445,#9446);
#9444 = CARTESIAN_POINT('',(3.45,-6.25,0.8));
#9445 = DIRECTION('',(1.,-1.224646799147E-16,0.));
#9446 = DIRECTION('',(1.359631073446E-32,1.110223024625E-16,1.));
#9447 = ADVANCED_FACE('',(#9448),#9459,.F.);
#9448 = FACE_BOUND('',#9449,.F.);
#9449 = EDGE_LOOP('',(#9450,#9451,#9452,#9458));
#9450 = ORIENTED_EDGE('',*,*,#9196,.T.);
#9451 = ORIENTED_EDGE('',*,*,#9435,.T.);
#9452 = ORIENTED_EDGE('',*,*,#9453,.F.);
#9453 = EDGE_CURVE('',#9283,#9428,#9454,.T.);
#9454 = LINE('',#9455,#9456);
#9455 = CARTESIAN_POINT('',(3.95,-4.65,3.3));
#9456 = VECTOR('',#9457,1.);
#9457 = DIRECTION('',(-1.,1.224646799147E-16,0.));
#9458 = ORIENTED_EDGE('',*,*,#9290,.T.);
#9459 = CYLINDRICAL_SURFACE('',#9460,0.4);
#9460 = AXIS2_PLACEMENT_3D('',#9461,#9462,#9463);
#9461 = CARTESIAN_POINT('',(3.95,-4.65,2.9));
#9462 = DIRECTION('',(1.,-1.224646799147E-16,0.));
#9463 = DIRECTION('',(1.359631073446E-32,1.110223024625E-16,1.));
#9464 = ADVANCED_FACE('',(#9465),#9483,.F.);
#9465 = FACE_BOUND('',#9466,.F.);
#9466 = EDGE_LOOP('',(#9467,#9475,#9481,#9482));
#9467 = ORIENTED_EDGE('',*,*,#9468,.T.);
#9468 = EDGE_CURVE('',#9235,#9469,#9471,.T.);
#9469 = VERTEX_POINT('',#9470);
#9470 = CARTESIAN_POINT('',(2.95,1.35,0.));
#9471 = LINE('',#9472,#9473);
#9472 = CARTESIAN_POINT('',(3.95,1.35,0.));
#9473 = VECTOR('',#9474,1.);
#9474 = DIRECTION('',(-1.,1.224646799147E-16,0.));
#9475 = ORIENTED_EDGE('',*,*,#9476,.T.);
#9476 = EDGE_CURVE('',#9469,#9317,#9477,.T.);
#9477 = LINE('',#9478,#9479);
#9478 = CARTESIAN_POINT('',(2.95,1.35,0.));
#9479 = VECTOR('',#9480,1.);
#9480 = DIRECTION('',(-1.224646799147E-16,-1.,0.));
#9481 = ORIENTED_EDGE('',*,*,#9324,.F.);
#9482 = ORIENTED_EDGE('',*,*,#9234,.F.);
#9483 = PLANE('',#9484);
#9484 = AXIS2_PLACEMENT_3D('',#9485,#9486,#9487);
#9485 = CARTESIAN_POINT('',(3.95,1.35,0.));
#9486 = DIRECTION('',(0.,0.,1.));
#9487 = DIRECTION('',(-1.224646799147E-16,-1.,0.));
#9488 = ADVANCED_FACE('',(#9489),#9507,.F.);
#9489 = FACE_BOUND('',#9490,.F.);
#9490 = EDGE_LOOP('',(#9491,#9499,#9505,#9506));
#9491 = ORIENTED_EDGE('',*,*,#9492,.T.);
#9492 = EDGE_CURVE('',#9243,#9493,#9495,.T.);
#9493 = VERTEX_POINT('',#9494);
#9494 = CARTESIAN_POINT('',(2.95,1.35,3.2));
#9495 = LINE('',#9496,#9497);
#9496 = CARTESIAN_POINT('',(3.95,1.35,3.2));
#9497 = VECTOR('',#9498,1.);
#9498 = DIRECTION('',(-1.,1.224646799147E-16,0.));
#9499 = ORIENTED_EDGE('',*,*,#9500,.T.);
#9500 = EDGE_CURVE('',#9493,#9469,#9501,.T.);
#9501 = LINE('',#9502,#9503);
#9502 = CARTESIAN_POINT('',(2.95,1.35,3.2));
#9503 = VECTOR('',#9504,1.);
#9504 = DIRECTION('',(-0.,0.,-1.));
#9505 = ORIENTED_EDGE('',*,*,#9468,.F.);
#9506 = ORIENTED_EDGE('',*,*,#9242,.F.);
#9507 = PLANE('',#9508);
#9508 = AXIS2_PLACEMENT_3D('',#9509,#9510,#9511);
#9509 = CARTESIAN_POINT('',(3.95,1.35,3.2));
#9510 = DIRECTION('',(-1.224646799147E-16,-1.,0.));
#9511 = DIRECTION('',(-0.,0.,-1.));
#9512 = ADVANCED_FACE('',(#9513),#9531,.F.);
#9513 = FACE_BOUND('',#9514,.F.);
#9514 = EDGE_LOOP('',(#9515,#9523,#9529,#9530));
#9515 = ORIENTED_EDGE('',*,*,#9516,.T.);
#9516 = EDGE_CURVE('',#9251,#9517,#9519,.T.);
#9517 = VERTEX_POINT('',#9518);
#9518 = CARTESIAN_POINT('',(2.95,-0.25,4.1));
#9519 = LINE('',#9520,#9521);
#9520 = CARTESIAN_POINT('',(3.95,-0.25,4.1));
#9521 = VECTOR('',#9522,1.);
#9522 = DIRECTION('',(-1.,1.224646799147E-16,0.));
#9523 = ORIENTED_EDGE('',*,*,#9524,.T.);
#9524 = EDGE_CURVE('',#9517,#9493,#9525,.T.);
#9525 = LINE('',#9526,#9527);
#9526 = CARTESIAN_POINT('',(2.95,-0.25,4.1));
#9527 = VECTOR('',#9528,1.);
#9528 = DIRECTION('',(1.067372191754E-16,0.871575537124,-0.490261239633)
  );
#9529 = ORIENTED_EDGE('',*,*,#9492,.F.);
#9530 = ORIENTED_EDGE('',*,*,#9250,.F.);
#9531 = PLANE('',#9532);
#9532 = AXIS2_PLACEMENT_3D('',#9533,#9534,#9535);
#9533 = CARTESIAN_POINT('',(3.95,-0.25,4.1));
#9534 = DIRECTION('',(-6.003968578616E-17,-0.490261239633,
    -0.871575537124));
#9535 = DIRECTION('',(1.067372191754E-16,0.871575537124,-0.490261239633)
  );
#9536 = ADVANCED_FACE('',(#9537),#9587,.F.);
#9537 = FACE_BOUND('',#9538,.F.);
#9538 = EDGE_LOOP('',(#9539,#9549,#9557,#9563,#9564,#9565,#9573,#9581));
#9539 = ORIENTED_EDGE('',*,*,#9540,.F.);
#9540 = EDGE_CURVE('',#9541,#9543,#9545,.T.);
#9541 = VERTEX_POINT('',#9542);
#9542 = CARTESIAN_POINT('',(2.75,-0.25,0.3));
#9543 = VERTEX_POINT('',#9544);
#9544 = CARTESIAN_POINT('',(2.75,-0.25,4.2));
#9545 = LINE('',#9546,#9547);
#9546 = CARTESIAN_POINT('',(2.75,-0.25,0.3));
#9547 = VECTOR('',#9548,1.);
#9548 = DIRECTION('',(1.359631073447E-32,1.110223024625E-16,1.));
#9549 = ORIENTED_EDGE('',*,*,#9550,.T.);
#9550 = EDGE_CURVE('',#9541,#9551,#9553,.T.);
#9551 = VERTEX_POINT('',#9552);
#9552 = CARTESIAN_POINT('',(2.95,-0.25,0.3));
#9553 = LINE('',#9554,#9555);
#9554 = CARTESIAN_POINT('',(-1.95,-0.25,0.3));
#9555 = VECTOR('',#9556,1.);
#9556 = DIRECTION('',(1.,-1.224646799147E-16,0.));
#9557 = ORIENTED_EDGE('',*,*,#9558,.T.);
#9558 = EDGE_CURVE('',#9551,#9517,#9559,.T.);
#9559 = LINE('',#9560,#9561);
#9560 = CARTESIAN_POINT('',(2.95,-0.25,0.3));
#9561 = VECTOR('',#9562,1.);
#9562 = DIRECTION('',(0.,0.,1.));
#9563 = ORIENTED_EDGE('',*,*,#9516,.F.);
#9564 = ORIENTED_EDGE('',*,*,#9258,.T.);
#9565 = ORIENTED_EDGE('',*,*,#9566,.T.);
#9566 = EDGE_CURVE('',#9259,#9567,#9569,.T.);
#9567 = VERTEX_POINT('',#9568);
#9568 = CARTESIAN_POINT('',(3.4,-0.25,4.8));
#9569 = LINE('',#9570,#9571);
#9570 = CARTESIAN_POINT('',(3.95,-0.25,4.8));
#9571 = VECTOR('',#9572,1.);
#9572 = DIRECTION('',(-1.,1.224646799147E-16,0.));
#9573 = ORIENTED_EDGE('',*,*,#9574,.T.);
#9574 = EDGE_CURVE('',#9567,#9575,#9577,.T.);
#9575 = VERTEX_POINT('',#9576);
#9576 = CARTESIAN_POINT('',(3.4,-0.25,4.2));
#9577 = LINE('',#9578,#9579);
#9578 = CARTESIAN_POINT('',(3.4,-0.25,4.8));
#9579 = VECTOR('',#9580,1.);
#9580 = DIRECTION('',(-1.359631073447E-32,-1.110223024625E-16,-1.));
#9581 = ORIENTED_EDGE('',*,*,#9582,.T.);
#9582 = EDGE_CURVE('',#9575,#9543,#9583,.T.);
#9583 = LINE('',#9584,#9585);
#9584 = CARTESIAN_POINT('',(3.4,-0.25,4.2));
#9585 = VECTOR('',#9586,1.);
#9586 = DIRECTION('',(-1.,1.224646799147E-16,0.));
#9587 = PLANE('',#9588);
#9588 = AXIS2_PLACEMENT_3D('',#9589,#9590,#9591);
#9589 = CARTESIAN_POINT('',(1.,-0.25,2.55));
#9590 = DIRECTION('',(-1.224646799147E-16,-1.,1.110223024625E-16));
#9591 = DIRECTION('',(-1.,1.224646799147E-16,1.219283680787E-48));
#9592 = ADVANCED_FACE('',(#9593),#9723,.F.);
#9593 = FACE_BOUND('',#9594,.F.);
#9594 = EDGE_LOOP('',(#9595,#9596,#9597,#9605,#9613,#9621,#9629,#9637,
    #9645,#9653,#9661,#9669,#9677,#9685,#9693,#9701,#9709,#9717));
#9595 = ORIENTED_EDGE('',*,*,#9566,.F.);
#9596 = ORIENTED_EDGE('',*,*,#9266,.T.);
#9597 = ORIENTED_EDGE('',*,*,#9598,.T.);
#9598 = EDGE_CURVE('',#9267,#9599,#9601,.T.);
#9599 = VERTEX_POINT('',#9600);
#9600 = CARTESIAN_POINT('',(1.45,-6.25,4.8));
#9601 = LINE('',#9602,#9603);
#9602 = CARTESIAN_POINT('',(3.95,-6.25,4.8));
#9603 = VECTOR('',#9604,1.);
#9604 = DIRECTION('',(-1.,1.224646799147E-16,0.));
#9605 = ORIENTED_EDGE('',*,*,#9606,.T.);
#9606 = EDGE_CURVE('',#9599,#9607,#9609,.T.);
#9607 = VERTEX_POINT('',#9608);
#9608 = CARTESIAN_POINT('',(1.45,-2.35,4.8));
#9609 = LINE('',#9610,#9611);
#9610 = CARTESIAN_POINT('',(1.45,-6.25,4.8));
#9611 = VECTOR('',#9612,1.);
#9612 = DIRECTION('',(1.224646799147E-16,1.,-1.110223024625E-16));
#9613 = ORIENTED_EDGE('',*,*,#9614,.T.);
#9614 = EDGE_CURVE('',#9607,#9615,#9617,.T.);
#9615 = VERTEX_POINT('',#9616);
#9616 = CARTESIAN_POINT('',(0.55,-2.35,4.8));
#9617 = LINE('',#9618,#9619);
#9618 = CARTESIAN_POINT('',(1.45,-2.35,4.8));
#9619 = VECTOR('',#9620,1.);
#9620 = DIRECTION('',(-1.,1.224646799147E-16,0.));
#9621 = ORIENTED_EDGE('',*,*,#9622,.T.);
#9622 = EDGE_CURVE('',#9615,#9623,#9625,.T.);
#9623 = VERTEX_POINT('',#9624);
#9624 = CARTESIAN_POINT('',(0.55,-6.25,4.8));
#9625 = LINE('',#9626,#9627);
#9626 = CARTESIAN_POINT('',(0.55,-2.35,4.8));
#9627 = VECTOR('',#9628,1.);
#9628 = DIRECTION('',(-1.224646799147E-16,-1.,1.110223024625E-16));
#9629 = ORIENTED_EDGE('',*,*,#9630,.T.);
#9630 = EDGE_CURVE('',#9623,#9631,#9633,.T.);
#9631 = VERTEX_POINT('',#9632);
#9632 = CARTESIAN_POINT('',(-0.45,-6.25,4.8));
#9633 = LINE('',#9634,#9635);
#9634 = CARTESIAN_POINT('',(3.95,-6.25,4.8));
#9635 = VECTOR('',#9636,1.);
#9636 = DIRECTION('',(-1.,1.224646799147E-16,0.));
#9637 = ORIENTED_EDGE('',*,*,#9638,.F.);
#9638 = EDGE_CURVE('',#9639,#9631,#9641,.T.);
#9639 = VERTEX_POINT('',#9640);
#9640 = CARTESIAN_POINT('',(-0.45,-4.45,4.8));
#9641 = LINE('',#9642,#9643);
#9642 = CARTESIAN_POINT('',(-0.45,-4.45,4.8));
#9643 = VECTOR('',#9644,1.);
#9644 = DIRECTION('',(-1.224646799147E-16,-1.,1.110223024625E-16));
#9645 = ORIENTED_EDGE('',*,*,#9646,.F.);
#9646 = EDGE_CURVE('',#9647,#9639,#9649,.T.);
#9647 = VERTEX_POINT('',#9648);
#9648 = CARTESIAN_POINT('',(-0.4,-4.45,4.8));
#9649 = LINE('',#9650,#9651);
#9650 = CARTESIAN_POINT('',(-0.4,-4.45,4.8));
#9651 = VECTOR('',#9652,1.);
#9652 = DIRECTION('',(-1.,1.224646799147E-16,0.));
#9653 = ORIENTED_EDGE('',*,*,#9654,.F.);
#9654 = EDGE_CURVE('',#9655,#9647,#9657,.T.);
#9655 = VERTEX_POINT('',#9656);
#9656 = CARTESIAN_POINT('',(-0.4,-0.45,4.8));
#9657 = LINE('',#9658,#9659);
#9658 = CARTESIAN_POINT('',(-0.4,-0.25,4.8));
#9659 = VECTOR('',#9660,1.);
#9660 = DIRECTION('',(-1.224646799147E-16,-1.,1.110223024625E-16));
#9661 = ORIENTED_EDGE('',*,*,#9662,.F.);
#9662 = EDGE_CURVE('',#9663,#9655,#9665,.T.);
#9663 = VERTEX_POINT('',#9664);
#9664 = CARTESIAN_POINT('',(0.75,-0.45,4.8));
#9665 = LINE('',#9666,#9667);
#9666 = CARTESIAN_POINT('',(0.75,-0.45,4.8));
#9667 = VECTOR('',#9668,1.);
#9668 = DIRECTION('',(-1.,1.224646799147E-16,0.));
#9669 = ORIENTED_EDGE('',*,*,#9670,.F.);
#9670 = EDGE_CURVE('',#9671,#9663,#9673,.T.);
#9671 = VERTEX_POINT('',#9672);
#9672 = CARTESIAN_POINT('',(0.75,-0.25,4.8));
#9673 = LINE('',#9674,#9675);
#9674 = CARTESIAN_POINT('',(0.75,-0.25,4.8));
#9675 = VECTOR('',#9676,1.);
#9676 = DIRECTION('',(-1.224646799147E-16,-1.,1.110223024625E-16));
#9677 = ORIENTED_EDGE('',*,*,#9678,.F.);
#9678 = EDGE_CURVE('',#9679,#9671,#9681,.T.);
#9679 = VERTEX_POINT('',#9680);
#9680 = CARTESIAN_POINT('',(1.25,-0.25,4.8));
#9681 = LINE('',#9682,#9683);
#9682 = CARTESIAN_POINT('',(3.95,-0.25,4.8));
#9683 = VECTOR('',#9684,1.);
#9684 = DIRECTION('',(-1.,1.224646799147E-16,0.));
#9685 = ORIENTED_EDGE('',*,*,#9686,.T.);
#9686 = EDGE_CURVE('',#9679,#9687,#9689,.T.);
#9687 = VERTEX_POINT('',#9688);
#9688 = CARTESIAN_POINT('',(1.25,-0.45,4.8));
#9689 = LINE('',#9690,#9691);
#9690 = CARTESIAN_POINT('',(1.25,-0.25,4.8));
#9691 = VECTOR('',#9692,1.);
#9692 = DIRECTION('',(-1.224646799147E-16,-1.,1.110223024625E-16));
#9693 = ORIENTED_EDGE('',*,*,#9694,.F.);
#9694 = EDGE_CURVE('',#9695,#9687,#9697,.T.);
#9695 = VERTEX_POINT('',#9696);
#9696 = CARTESIAN_POINT('',(2.4,-0.45,4.8));
#9697 = LINE('',#9698,#9699);
#9698 = CARTESIAN_POINT('',(2.75,-0.45,4.8));
#9699 = VECTOR('',#9700,1.);
#9700 = DIRECTION('',(-1.,1.224646799147E-16,0.));
#9701 = ORIENTED_EDGE('',*,*,#9702,.T.);
#9702 = EDGE_CURVE('',#9695,#9703,#9705,.T.);
#9703 = VERTEX_POINT('',#9704);
#9704 = CARTESIAN_POINT('',(2.4,-4.45,4.8));
#9705 = LINE('',#9706,#9707);
#9706 = CARTESIAN_POINT('',(2.4,-0.25,4.8));
#9707 = VECTOR('',#9708,1.);
#9708 = DIRECTION('',(-1.224646799147E-16,-1.,1.110223024625E-16));
#9709 = ORIENTED_EDGE('',*,*,#9710,.T.);
#9710 = EDGE_CURVE('',#9703,#9711,#9713,.T.);
#9711 = VERTEX_POINT('',#9712);
#9712 = CARTESIAN_POINT('',(3.4,-4.45,4.8));
#9713 = LINE('',#9714,#9715);
#9714 = CARTESIAN_POINT('',(2.4,-4.45,4.8));
#9715 = VECTOR('',#9716,1.);
#9716 = DIRECTION('',(1.,-1.224646799147E-16,0.));
#9717 = ORIENTED_EDGE('',*,*,#9718,.T.);
#9718 = EDGE_CURVE('',#9711,#9567,#9719,.T.);
#9719 = LINE('',#9720,#9721);
#9720 = CARTESIAN_POINT('',(3.4,-4.45,4.8));
#9721 = VECTOR('',#9722,1.);
#9722 = DIRECTION('',(1.224646799147E-16,1.,-1.110223024625E-16));
#9723 = PLANE('',#9724);
#9724 = AXIS2_PLACEMENT_3D('',#9725,#9726,#9727);
#9725 = CARTESIAN_POINT('',(3.95,-0.25,4.8));
#9726 = DIRECTION('',(-1.359631073447E-32,-1.110223024625E-16,-1.));
#9727 = DIRECTION('',(-1.,1.224646799147E-16,6.927121900793E-45));
#9728 = ADVANCED_FACE('',(#9729),#9754,.T.);
#9729 = FACE_BOUND('',#9730,.T.);
#9730 = EDGE_LOOP('',(#9731,#9737,#9738,#9739,#9747,#9753));
#9731 = ORIENTED_EDGE('',*,*,#9732,.F.);
#9732 = EDGE_CURVE('',#9275,#9420,#9733,.T.);
#9733 = LINE('',#9734,#9735);
#9734 = CARTESIAN_POINT('',(3.95,-6.25,3.3));
#9735 = VECTOR('',#9736,1.);
#9736 = DIRECTION('',(-1.,1.224646799147E-16,0.));
#9737 = ORIENTED_EDGE('',*,*,#9274,.T.);
#9738 = ORIENTED_EDGE('',*,*,#9598,.T.);
#9739 = ORIENTED_EDGE('',*,*,#9740,.T.);
#9740 = EDGE_CURVE('',#9599,#9741,#9743,.T.);
#9741 = VERTEX_POINT('',#9742);
#9742 = CARTESIAN_POINT('',(1.45,-6.25,4.2));
#9743 = LINE('',#9744,#9745);
#9744 = CARTESIAN_POINT('',(1.45,-6.25,4.8));
#9745 = VECTOR('',#9746,1.);
#9746 = DIRECTION('',(-1.359631073447E-32,-1.110223024625E-16,-1.));
#9747 = ORIENTED_EDGE('',*,*,#9748,.F.);
#9748 = EDGE_CURVE('',#9412,#9741,#9749,.T.);
#9749 = LINE('',#9750,#9751);
#9750 = CARTESIAN_POINT('',(3.45,-6.25,4.2));
#9751 = VECTOR('',#9752,1.);
#9752 = DIRECTION('',(-1.,1.224646799147E-16,0.));
#9753 = ORIENTED_EDGE('',*,*,#9419,.F.);
#9754 = PLANE('',#9755);
#9755 = AXIS2_PLACEMENT_3D('',#9756,#9757,#9758);
#9756 = CARTESIAN_POINT('',(1.,-6.25,2.55));
#9757 = DIRECTION('',(-1.224646799147E-16,-1.,1.110223024625E-16));
#9758 = DIRECTION('',(-1.,1.224646799147E-16,1.219283680787E-48));
#9759 = ADVANCED_FACE('',(#9760),#9766,.T.);
#9760 = FACE_BOUND('',#9761,.T.);
#9761 = EDGE_LOOP('',(#9762,#9763,#9764,#9765));
#9762 = ORIENTED_EDGE('',*,*,#9282,.F.);
#9763 = ORIENTED_EDGE('',*,*,#9732,.T.);
#9764 = ORIENTED_EDGE('',*,*,#9427,.T.);
#9765 = ORIENTED_EDGE('',*,*,#9453,.F.);
#9766 = PLANE('',#9767);
#9767 = AXIS2_PLACEMENT_3D('',#9768,#9769,#9770);
#9768 = CARTESIAN_POINT('',(3.95,-6.25,3.3));
#9769 = DIRECTION('',(-1.359631073447E-32,-1.110223024625E-16,-1.));
#9770 = DIRECTION('',(1.224646799147E-16,1.,-1.110223024625E-16));
#9771 = ADVANCED_FACE('',(#9772),#9852,.F.);
#9772 = FACE_BOUND('',#9773,.F.);
#9773 = EDGE_LOOP('',(#9774,#9784,#9790,#9791,#9797,#9798,#9806,#9814,
    #9822,#9830,#9838,#9846));
#9774 = ORIENTED_EDGE('',*,*,#9775,.F.);
#9775 = EDGE_CURVE('',#9776,#9778,#9780,.T.);
#9776 = VERTEX_POINT('',#9777);
#9777 = CARTESIAN_POINT('',(-0.95,-0.25,0.3));
#9778 = VERTEX_POINT('',#9779);
#9779 = CARTESIAN_POINT('',(-0.75,-0.25,0.3));
#9780 = LINE('',#9781,#9782);
#9781 = CARTESIAN_POINT('',(-1.95,-0.25,0.3));
#9782 = VECTOR('',#9783,1.);
#9783 = DIRECTION('',(1.,-1.224646799147E-16,0.));
#9784 = ORIENTED_EDGE('',*,*,#9785,.F.);
#9785 = EDGE_CURVE('',#9307,#9776,#9786,.T.);
#9786 = LINE('',#9787,#9788);
#9787 = CARTESIAN_POINT('',(-0.95,-6.25,0.3));
#9788 = VECTOR('',#9789,1.);
#9789 = DIRECTION('',(1.224646799147E-16,1.,0.));
#9790 = ORIENTED_EDGE('',*,*,#9306,.T.);
#9791 = ORIENTED_EDGE('',*,*,#9792,.T.);
#9792 = EDGE_CURVE('',#9309,#9551,#9793,.T.);
#9793 = LINE('',#9794,#9795);
#9794 = CARTESIAN_POINT('',(2.95,-6.25,0.3));
#9795 = VECTOR('',#9796,1.);
#9796 = DIRECTION('',(1.224646799147E-16,1.,0.));
#9797 = ORIENTED_EDGE('',*,*,#9550,.F.);
#9798 = ORIENTED_EDGE('',*,*,#9799,.F.);
#9799 = EDGE_CURVE('',#9800,#9541,#9802,.T.);
#9800 = VERTEX_POINT('',#9801);
#9801 = CARTESIAN_POINT('',(2.75,-0.45,0.3));
#9802 = LINE('',#9803,#9804);
#9803 = CARTESIAN_POINT('',(2.75,-0.45,0.3));
#9804 = VECTOR('',#9805,1.);
#9805 = DIRECTION('',(1.224646799147E-16,1.,-1.110223024625E-16));
#9806 = ORIENTED_EDGE('',*,*,#9807,.T.);
#9807 = EDGE_CURVE('',#9800,#9808,#9810,.T.);
#9808 = VERTEX_POINT('',#9809);
#9809 = CARTESIAN_POINT('',(1.25,-0.45,0.3));
#9810 = LINE('',#9811,#9812);
#9811 = CARTESIAN_POINT('',(2.75,-0.45,0.3));
#9812 = VECTOR('',#9813,1.);
#9813 = DIRECTION('',(-1.,1.224646799147E-16,0.));
#9814 = ORIENTED_EDGE('',*,*,#9815,.T.);
#9815 = EDGE_CURVE('',#9808,#9816,#9818,.T.);
#9816 = VERTEX_POINT('',#9817);
#9817 = CARTESIAN_POINT('',(1.25,-0.25,0.3));
#9818 = LINE('',#9819,#9820);
#9819 = CARTESIAN_POINT('',(1.25,-0.45,0.3));
#9820 = VECTOR('',#9821,1.);
#9821 = DIRECTION('',(1.224646799147E-16,1.,-1.110223024625E-16));
#9822 = ORIENTED_EDGE('',*,*,#9823,.F.);
#9823 = EDGE_CURVE('',#9824,#9816,#9826,.T.);
#9824 = VERTEX_POINT('',#9825);
#9825 = CARTESIAN_POINT('',(0.75,-0.25,0.3));
#9826 = LINE('',#9827,#9828);
#9827 = CARTESIAN_POINT('',(-1.95,-0.25,0.3));
#9828 = VECTOR('',#9829,1.);
#9829 = DIRECTION('',(1.,-1.224646799147E-16,0.));
#9830 = ORIENTED_EDGE('',*,*,#9831,.F.);
#9831 = EDGE_CURVE('',#9832,#9824,#9834,.T.);
#9832 = VERTEX_POINT('',#9833);
#9833 = CARTESIAN_POINT('',(0.75,-0.45,0.3));
#9834 = LINE('',#9835,#9836);
#9835 = CARTESIAN_POINT('',(0.75,-0.45,0.3));
#9836 = VECTOR('',#9837,1.);
#9837 = DIRECTION('',(1.224646799147E-16,1.,-1.110223024625E-16));
#9838 = ORIENTED_EDGE('',*,*,#9839,.T.);
#9839 = EDGE_CURVE('',#9832,#9840,#9842,.T.);
#9840 = VERTEX_POINT('',#9841);
#9841 = CARTESIAN_POINT('',(-0.75,-0.45,0.3));
#9842 = LINE('',#9843,#9844);
#9843 = CARTESIAN_POINT('',(0.75,-0.45,0.3));
#9844 = VECTOR('',#9845,1.);
#9845 = DIRECTION('',(-1.,1.224646799147E-16,0.));
#9846 = ORIENTED_EDGE('',*,*,#9847,.T.);
#9847 = EDGE_CURVE('',#9840,#9778,#9848,.T.);
#9848 = LINE('',#9849,#9850);
#9849 = CARTESIAN_POINT('',(-0.75,-0.45,0.3));
#9850 = VECTOR('',#9851,1.);
#9851 = DIRECTION('',(1.224646799147E-16,1.,-1.110223024625E-16));
#9852 = PLANE('',#9853);
#9853 = AXIS2_PLACEMENT_3D('',#9854,#9855,#9856);
#9854 = CARTESIAN_POINT('',(-1.95,-0.25,0.3));
#9855 = DIRECTION('',(1.359631073447E-32,1.110223024625E-16,1.));
#9856 = DIRECTION('',(1.,-1.224646799147E-16,-6.927121900793E-45));
#9857 = ADVANCED_FACE('',(#9858),#9866,.T.);
#9858 = FACE_BOUND('',#9859,.T.);
#9859 = EDGE_LOOP('',(#9860,#9861,#9862,#9863,#9864,#9865));
#9860 = ORIENTED_EDGE('',*,*,#9558,.T.);
#9861 = ORIENTED_EDGE('',*,*,#9524,.T.);
#9862 = ORIENTED_EDGE('',*,*,#9500,.T.);
#9863 = ORIENTED_EDGE('',*,*,#9476,.T.);
#9864 = ORIENTED_EDGE('',*,*,#9316,.T.);
#9865 = ORIENTED_EDGE('',*,*,#9792,.T.);
#9866 = PLANE('',#9867);
#9867 = AXIS2_PLACEMENT_3D('',#9868,#9869,#9870);
#9868 = CARTESIAN_POINT('',(2.95,-1.566489992801,0.968760807125));
#9869 = DIRECTION('',(-1.,1.224646799147E-16,0.));
#9870 = DIRECTION('',(0.,0.,1.));
#9871 = ADVANCED_FACE('',(#9872),#9922,.F.);
#9872 = FACE_BOUND('',#9873,.F.);
#9873 = EDGE_LOOP('',(#9874,#9875,#9883,#9891,#9899,#9907,#9915,#9921));
#9874 = ORIENTED_EDGE('',*,*,#9340,.F.);
#9875 = ORIENTED_EDGE('',*,*,#9876,.T.);
#9876 = EDGE_CURVE('',#9341,#9877,#9879,.T.);
#9877 = VERTEX_POINT('',#9878);
#9878 = CARTESIAN_POINT('',(-1.45,-2.05,0.8));
#9879 = LINE('',#9880,#9881);
#9880 = CARTESIAN_POINT('',(-1.45,-6.25,0.8));
#9881 = VECTOR('',#9882,1.);
#9882 = DIRECTION('',(1.224646799147E-16,1.,-1.110223024625E-16));
#9883 = ORIENTED_EDGE('',*,*,#9884,.T.);
#9884 = EDGE_CURVE('',#9877,#9885,#9887,.T.);
#9885 = VERTEX_POINT('',#9886);
#9886 = CARTESIAN_POINT('',(0.8,-2.05,0.8));
#9887 = LINE('',#9888,#9889);
#9888 = CARTESIAN_POINT('',(-1.45,-2.05,0.8));
#9889 = VECTOR('',#9890,1.);
#9890 = DIRECTION('',(1.,-1.224646799147E-16,0.));
#9891 = ORIENTED_EDGE('',*,*,#9892,.T.);
#9892 = EDGE_CURVE('',#9885,#9893,#9895,.T.);
#9893 = VERTEX_POINT('',#9894);
#9894 = CARTESIAN_POINT('',(0.8,-3.95,0.8));
#9895 = LINE('',#9896,#9897);
#9896 = CARTESIAN_POINT('',(0.8,-2.05,0.8));
#9897 = VECTOR('',#9898,1.);
#9898 = DIRECTION('',(-1.224646799147E-16,-1.,1.110223024625E-16));
#9899 = ORIENTED_EDGE('',*,*,#9900,.T.);
#9900 = EDGE_CURVE('',#9893,#9901,#9903,.T.);
#9901 = VERTEX_POINT('',#9902);
#9902 = CARTESIAN_POINT('',(1.2,-3.95,0.8));
#9903 = LINE('',#9904,#9905);
#9904 = CARTESIAN_POINT('',(0.8,-3.95,0.8));
#9905 = VECTOR('',#9906,1.);
#9906 = DIRECTION('',(1.,-1.224646799147E-16,0.));
#9907 = ORIENTED_EDGE('',*,*,#9908,.F.);
#9908 = EDGE_CURVE('',#9909,#9901,#9911,.T.);
#9909 = VERTEX_POINT('',#9910);
#9910 = CARTESIAN_POINT('',(1.2,-2.05,0.8));
#9911 = LINE('',#9912,#9913);
#9912 = CARTESIAN_POINT('',(1.2,-2.05,0.8));
#9913 = VECTOR('',#9914,1.);
#9914 = DIRECTION('',(-1.224646799147E-16,-1.,1.110223024625E-16));
#9915 = ORIENTED_EDGE('',*,*,#9916,.T.);
#9916 = EDGE_CURVE('',#9909,#9396,#9917,.T.);
#9917 = LINE('',#9918,#9919);
#9918 = CARTESIAN_POINT('',(-1.45,-2.05,0.8));
#9919 = VECTOR('',#9920,1.);
#9920 = DIRECTION('',(1.,-1.224646799147E-16,0.));
#9921 = ORIENTED_EDGE('',*,*,#9395,.F.);
#9922 = PLANE('',#9923);
#9923 = AXIS2_PLACEMENT_3D('',#9924,#9925,#9926);
#9924 = CARTESIAN_POINT('',(-1.45,-6.25,0.8));
#9925 = DIRECTION('',(-1.359631073447E-32,-1.110223024625E-16,-1.));
#9926 = DIRECTION('',(1.,-1.224646799147E-16,-6.927121900793E-45));
#9927 = ADVANCED_FACE('',(#9928),#9979,.F.);
#9928 = FACE_BOUND('',#9929,.F.);
#9929 = EDGE_LOOP('',(#9930,#9940,#9948,#9954,#9955,#9956,#9964,#9973));
#9930 = ORIENTED_EDGE('',*,*,#9931,.F.);
#9931 = EDGE_CURVE('',#9932,#9934,#9936,.T.);
#9932 = VERTEX_POINT('',#9933);
#9933 = CARTESIAN_POINT('',(-1.45,-6.25,4.2));
#9934 = VERTEX_POINT('',#9935);
#9935 = CARTESIAN_POINT('',(-1.45,-6.25,3.3));
#9936 = LINE('',#9937,#9938);
#9937 = CARTESIAN_POINT('',(-1.45,-6.25,4.2));
#9938 = VECTOR('',#9939,1.);
#9939 = DIRECTION('',(-1.359631073447E-32,-1.110223024625E-16,-1.));
#9940 = ORIENTED_EDGE('',*,*,#9941,.T.);
#9941 = EDGE_CURVE('',#9932,#9942,#9944,.T.);
#9942 = VERTEX_POINT('',#9943);
#9943 = CARTESIAN_POINT('',(-1.45,-2.05,4.2));
#9944 = LINE('',#9945,#9946);
#9945 = CARTESIAN_POINT('',(-1.45,-6.25,4.2));
#9946 = VECTOR('',#9947,1.);
#9947 = DIRECTION('',(1.224646799147E-16,1.,-1.110223024625E-16));
#9948 = ORIENTED_EDGE('',*,*,#9949,.T.);
#9949 = EDGE_CURVE('',#9942,#9877,#9950,.T.);
#9950 = LINE('',#9951,#9952);
#9951 = CARTESIAN_POINT('',(-1.45,-2.05,4.2));
#9952 = VECTOR('',#9953,1.);
#9953 = DIRECTION('',(-1.359631073447E-32,-1.110223024625E-16,-1.));
#9954 = ORIENTED_EDGE('',*,*,#9876,.F.);
#9955 = ORIENTED_EDGE('',*,*,#9348,.F.);
#9956 = ORIENTED_EDGE('',*,*,#9957,.T.);
#9957 = EDGE_CURVE('',#9349,#9958,#9960,.T.);
#9958 = VERTEX_POINT('',#9959);
#9959 = CARTESIAN_POINT('',(-1.45,-4.65,2.5));
#9960 = LINE('',#9961,#9962);
#9961 = CARTESIAN_POINT('',(-1.45,-5.45,2.5));
#9962 = VECTOR('',#9963,1.);
#9963 = DIRECTION('',(1.224646799147E-16,1.,-1.110223024625E-16));
#9964 = ORIENTED_EDGE('',*,*,#9965,.T.);
#9965 = EDGE_CURVE('',#9958,#9966,#9968,.T.);
#9966 = VERTEX_POINT('',#9967);
#9967 = CARTESIAN_POINT('',(-1.45,-4.65,3.3));
#9968 = CIRCLE('',#9969,0.4);
#9969 = AXIS2_PLACEMENT_3D('',#9970,#9971,#9972);
#9970 = CARTESIAN_POINT('',(-1.45,-4.65,2.9));
#9971 = DIRECTION('',(1.,-1.224646799147E-16,0.));
#9972 = DIRECTION('',(1.359631073446E-32,1.110223024625E-16,1.));
#9973 = ORIENTED_EDGE('',*,*,#9974,.T.);
#9974 = EDGE_CURVE('',#9966,#9934,#9975,.T.);
#9975 = LINE('',#9976,#9977);
#9976 = CARTESIAN_POINT('',(-1.45,-6.25,3.3));
#9977 = VECTOR('',#9978,1.);
#9978 = DIRECTION('',(-1.224646799147E-16,-1.,1.110223024625E-16));
#9979 = PLANE('',#9980);
#9980 = AXIS2_PLACEMENT_3D('',#9981,#9982,#9983);
#9981 = CARTESIAN_POINT('',(-1.45,-6.25,4.2));
#9982 = DIRECTION('',(-1.,1.224646799147E-16,0.));
#9983 = DIRECTION('',(-1.359631073446E-32,-1.110223024625E-16,-1.));
#9984 = ADVANCED_FACE('',(#9985),#10003,.T.);
#9985 = FACE_BOUND('',#9986,.T.);
#9986 = EDGE_LOOP('',(#9987,#9988,#9996,#10002));
#9987 = ORIENTED_EDGE('',*,*,#9957,.T.);
#9988 = ORIENTED_EDGE('',*,*,#9989,.T.);
#9989 = EDGE_CURVE('',#9958,#9990,#9992,.T.);
#9990 = VERTEX_POINT('',#9991);
#9991 = CARTESIAN_POINT('',(-1.95,-4.65,2.5));
#9992 = LINE('',#9993,#9994);
#9993 = CARTESIAN_POINT('',(3.95,-4.65,2.5));
#9994 = VECTOR('',#9995,1.);
#9995 = DIRECTION('',(-1.,1.224646799147E-16,0.));
#9996 = ORIENTED_EDGE('',*,*,#9997,.T.);
#9997 = EDGE_CURVE('',#9990,#9357,#9998,.T.);
#9998 = LINE('',#9999,#10000);
#9999 = CARTESIAN_POINT('',(-1.95,-2.45,2.5));
#10000 = VECTOR('',#10001,1.);
#10001 = DIRECTION('',(-1.224646799147E-16,-1.,1.110223024625E-16));
#10002 = ORIENTED_EDGE('',*,*,#9356,.F.);
#10003 = PLANE('',#10004);
#10004 = AXIS2_PLACEMENT_3D('',#10005,#10006,#10007);
#10005 = CARTESIAN_POINT('',(3.95,-4.65,2.5));
#10006 = DIRECTION('',(1.359631073447E-32,1.110223024625E-16,1.));
#10007 = DIRECTION('',(-1.224646799147E-16,-1.,1.110223024625E-16));
#10008 = ADVANCED_FACE('',(#10009),#10076,.T.);
#10009 = FACE_BOUND('',#10010,.T.);
#10010 = EDGE_LOOP('',(#10011,#10021,#10029,#10037,#10043,#10044,#10045,
    #10054,#10062,#10070));
#10011 = ORIENTED_EDGE('',*,*,#10012,.T.);
#10012 = EDGE_CURVE('',#10013,#10015,#10017,.T.);
#10013 = VERTEX_POINT('',#10014);
#10014 = CARTESIAN_POINT('',(-1.95,-0.25,4.8));
#10015 = VERTEX_POINT('',#10016);
#10016 = CARTESIAN_POINT('',(-1.95,-0.25,4.1));
#10017 = LINE('',#10018,#10019);
#10018 = CARTESIAN_POINT('',(-1.95,-0.25,4.8));
#10019 = VECTOR('',#10020,1.);
#10020 = DIRECTION('',(-1.359631073447E-32,-1.110223024625E-16,-1.));
#10021 = ORIENTED_EDGE('',*,*,#10022,.T.);
#10022 = EDGE_CURVE('',#10015,#10023,#10025,.T.);
#10023 = VERTEX_POINT('',#10024);
#10024 = CARTESIAN_POINT('',(-1.95,1.35,3.2));
#10025 = LINE('',#10026,#10027);
#10026 = CARTESIAN_POINT('',(-1.95,-0.25,4.1));
#10027 = VECTOR('',#10028,1.);
#10028 = DIRECTION('',(1.067372191754E-16,0.871575537124,-0.490261239633
    ));
#10029 = ORIENTED_EDGE('',*,*,#10030,.T.);
#10030 = EDGE_CURVE('',#10023,#10031,#10033,.T.);
#10031 = VERTEX_POINT('',#10032);
#10032 = CARTESIAN_POINT('',(-1.95,1.35,0.));
#10033 = LINE('',#10034,#10035);
#10034 = CARTESIAN_POINT('',(-1.95,1.35,3.2));
#10035 = VECTOR('',#10036,1.);
#10036 = DIRECTION('',(-0.,0.,-1.));
#10037 = ORIENTED_EDGE('',*,*,#10038,.T.);
#10038 = EDGE_CURVE('',#10031,#9365,#10039,.T.);
#10039 = LINE('',#10040,#10041);
#10040 = CARTESIAN_POINT('',(-1.95,1.35,0.));
#10041 = VECTOR('',#10042,1.);
#10042 = DIRECTION('',(-1.224646799147E-16,-1.,0.));
#10043 = ORIENTED_EDGE('',*,*,#9364,.F.);
#10044 = ORIENTED_EDGE('',*,*,#9997,.F.);
#10045 = ORIENTED_EDGE('',*,*,#10046,.T.);
#10046 = EDGE_CURVE('',#9990,#10047,#10049,.T.);
#10047 = VERTEX_POINT('',#10048);
#10048 = CARTESIAN_POINT('',(-1.95,-4.65,3.3));
#10049 = CIRCLE('',#10050,0.4);
#10050 = AXIS2_PLACEMENT_3D('',#10051,#10052,#10053);
#10051 = CARTESIAN_POINT('',(-1.95,-4.65,2.9));
#10052 = DIRECTION('',(1.,-1.224646799147E-16,0.));
#10053 = DIRECTION('',(1.359631073446E-32,1.110223024625E-16,1.));
#10054 = ORIENTED_EDGE('',*,*,#10055,.F.);
#10055 = EDGE_CURVE('',#10056,#10047,#10058,.T.);
#10056 = VERTEX_POINT('',#10057);
#10057 = CARTESIAN_POINT('',(-1.95,-6.25,3.3));
#10058 = LINE('',#10059,#10060);
#10059 = CARTESIAN_POINT('',(-1.95,-3.25,3.3));
#10060 = VECTOR('',#10061,1.);
#10061 = DIRECTION('',(1.224646799147E-16,1.,-1.110223024625E-16));
#10062 = ORIENTED_EDGE('',*,*,#10063,.F.);
#10063 = EDGE_CURVE('',#10064,#10056,#10066,.T.);
#10064 = VERTEX_POINT('',#10065);
#10065 = CARTESIAN_POINT('',(-1.95,-6.25,4.8));
#10066 = LINE('',#10067,#10068);
#10067 = CARTESIAN_POINT('',(-1.95,-6.25,4.8));
#10068 = VECTOR('',#10069,1.);
#10069 = DIRECTION('',(-1.359631073447E-32,-1.110223024625E-16,-1.));
#10070 = ORIENTED_EDGE('',*,*,#10071,.F.);
#10071 = EDGE_CURVE('',#10013,#10064,#10072,.T.);
#10072 = LINE('',#10073,#10074);
#10073 = CARTESIAN_POINT('',(-1.95,-0.25,4.8));
#10074 = VECTOR('',#10075,1.);
#10075 = DIRECTION('',(-1.224646799147E-16,-1.,1.110223024625E-16));
#10076 = PLANE('',#10077);
#10077 = AXIS2_PLACEMENT_3D('',#10078,#10079,#10080);
#10078 = CARTESIAN_POINT('',(-1.95,-2.909897467985,2.368621550033));
#10079 = DIRECTION('',(-1.,1.224646799147E-16,-3.525915016947E-32));
#10080 = DIRECTION('',(-3.525915016947E-32,4.31800053957E-48,1.));
#10081 = ADVANCED_FACE('',(#10082),#10100,.F.);
#10082 = FACE_BOUND('',#10083,.F.);
#10083 = EDGE_LOOP('',(#10084,#10092,#10093,#10094));
#10084 = ORIENTED_EDGE('',*,*,#10085,.T.);
#10085 = EDGE_CURVE('',#10086,#10031,#10088,.T.);
#10086 = VERTEX_POINT('',#10087);
#10087 = CARTESIAN_POINT('',(-0.95,1.35,0.));
#10088 = LINE('',#10089,#10090);
#10089 = CARTESIAN_POINT('',(-0.95,1.35,0.));
#10090 = VECTOR('',#10091,1.);
#10091 = DIRECTION('',(-1.,1.224646799147E-16,0.));
#10092 = ORIENTED_EDGE('',*,*,#10038,.T.);
#10093 = ORIENTED_EDGE('',*,*,#9372,.F.);
#10094 = ORIENTED_EDGE('',*,*,#10095,.F.);
#10095 = EDGE_CURVE('',#10086,#9373,#10096,.T.);
#10096 = LINE('',#10097,#10098);
#10097 = CARTESIAN_POINT('',(-0.95,1.35,0.));
#10098 = VECTOR('',#10099,1.);
#10099 = DIRECTION('',(-1.224646799147E-16,-1.,0.));
#10100 = PLANE('',#10101);
#10101 = AXIS2_PLACEMENT_3D('',#10102,#10103,#10104);
#10102 = CARTESIAN_POINT('',(-0.95,1.35,0.));
#10103 = DIRECTION('',(0.,0.,1.));
#10104 = DIRECTION('',(-1.224646799147E-16,-1.,0.));
#10105 = ADVANCED_FACE('',(#10106),#10133,.F.);
#10106 = FACE_BOUND('',#10107,.F.);
#10107 = EDGE_LOOP('',(#10108,#10116,#10124,#10130,#10131,#10132));
#10108 = ORIENTED_EDGE('',*,*,#10109,.T.);
#10109 = EDGE_CURVE('',#9776,#10110,#10112,.T.);
#10110 = VERTEX_POINT('',#10111);
#10111 = CARTESIAN_POINT('',(-0.95,-0.25,4.1));
#10112 = LINE('',#10113,#10114);
#10113 = CARTESIAN_POINT('',(-0.95,-0.25,0.3));
#10114 = VECTOR('',#10115,1.);
#10115 = DIRECTION('',(0.,0.,1.));
#10116 = ORIENTED_EDGE('',*,*,#10117,.T.);
#10117 = EDGE_CURVE('',#10110,#10118,#10120,.T.);
#10118 = VERTEX_POINT('',#10119);
#10119 = CARTESIAN_POINT('',(-0.95,1.35,3.2));
#10120 = LINE('',#10121,#10122);
#10121 = CARTESIAN_POINT('',(-0.95,-0.25,4.1));
#10122 = VECTOR('',#10123,1.);
#10123 = DIRECTION('',(1.067372191754E-16,0.871575537124,-0.490261239633
    ));
#10124 = ORIENTED_EDGE('',*,*,#10125,.T.);
#10125 = EDGE_CURVE('',#10118,#10086,#10126,.T.);
#10126 = LINE('',#10127,#10128);
#10127 = CARTESIAN_POINT('',(-0.95,1.35,3.2));
#10128 = VECTOR('',#10129,1.);
#10129 = DIRECTION('',(-0.,0.,-1.));
#10130 = ORIENTED_EDGE('',*,*,#10095,.T.);
#10131 = ORIENTED_EDGE('',*,*,#9380,.T.);
#10132 = ORIENTED_EDGE('',*,*,#9785,.T.);
#10133 = PLANE('',#10134);
#10134 = AXIS2_PLACEMENT_3D('',#10135,#10136,#10137);
#10135 = CARTESIAN_POINT('',(-0.95,-1.566489992801,0.968760807125));
#10136 = DIRECTION('',(-1.,1.224646799147E-16,0.));
#10137 = DIRECTION('',(0.,0.,1.));
#10138 = ADVANCED_FACE('',(#10139),#10244,.F.);
#10139 = FACE_BOUND('',#10140,.F.);
#10140 = EDGE_LOOP('',(#10141,#10142,#10143,#10151,#10159,#10167,#10175,
    #10183,#10191,#10199,#10207,#10213,#10214,#10222,#10230,#10238));
#10141 = ORIENTED_EDGE('',*,*,#9748,.F.);
#10142 = ORIENTED_EDGE('',*,*,#9411,.T.);
#10143 = ORIENTED_EDGE('',*,*,#10144,.T.);
#10144 = EDGE_CURVE('',#9404,#10145,#10147,.T.);
#10145 = VERTEX_POINT('',#10146);
#10146 = CARTESIAN_POINT('',(3.4,-2.05,4.2));
#10147 = LINE('',#10148,#10149);
#10148 = CARTESIAN_POINT('',(3.45,-2.05,4.2));
#10149 = VECTOR('',#10150,1.);
#10150 = DIRECTION('',(-1.,1.224646799147E-16,0.));
#10151 = ORIENTED_EDGE('',*,*,#10152,.F.);
#10152 = EDGE_CURVE('',#10153,#10145,#10155,.T.);
#10153 = VERTEX_POINT('',#10154);
#10154 = CARTESIAN_POINT('',(3.4,-4.45,4.2));
#10155 = LINE('',#10156,#10157);
#10156 = CARTESIAN_POINT('',(3.4,-4.45,4.2));
#10157 = VECTOR('',#10158,1.);
#10158 = DIRECTION('',(1.224646799147E-16,1.,-1.110223024625E-16));
#10159 = ORIENTED_EDGE('',*,*,#10160,.F.);
#10160 = EDGE_CURVE('',#10161,#10153,#10163,.T.);
#10161 = VERTEX_POINT('',#10162);
#10162 = CARTESIAN_POINT('',(2.4,-4.45,4.2));
#10163 = LINE('',#10164,#10165);
#10164 = CARTESIAN_POINT('',(2.4,-4.45,4.2));
#10165 = VECTOR('',#10166,1.);
#10166 = DIRECTION('',(1.,-1.224646799147E-16,0.));
#10167 = ORIENTED_EDGE('',*,*,#10168,.F.);
#10168 = EDGE_CURVE('',#10169,#10161,#10171,.T.);
#10169 = VERTEX_POINT('',#10170);
#10170 = CARTESIAN_POINT('',(2.4,-2.05,4.2));
#10171 = LINE('',#10172,#10173);
#10172 = CARTESIAN_POINT('',(2.4,-0.25,4.2));
#10173 = VECTOR('',#10174,1.);
#10174 = DIRECTION('',(-1.224646799147E-16,-1.,1.110223024625E-16));
#10175 = ORIENTED_EDGE('',*,*,#10176,.T.);
#10176 = EDGE_CURVE('',#10169,#10177,#10179,.T.);
#10177 = VERTEX_POINT('',#10178);
#10178 = CARTESIAN_POINT('',(-0.4,-2.05,4.2));
#10179 = LINE('',#10180,#10181);
#10180 = CARTESIAN_POINT('',(3.45,-2.05,4.2));
#10181 = VECTOR('',#10182,1.);
#10182 = DIRECTION('',(-1.,1.224646799147E-16,0.));
#10183 = ORIENTED_EDGE('',*,*,#10184,.T.);
#10184 = EDGE_CURVE('',#10177,#10185,#10187,.T.);
#10185 = VERTEX_POINT('',#10186);
#10186 = CARTESIAN_POINT('',(-0.4,-4.45,4.2));
#10187 = LINE('',#10188,#10189);
#10188 = CARTESIAN_POINT('',(-0.4,-0.25,4.2));
#10189 = VECTOR('',#10190,1.);
#10190 = DIRECTION('',(-1.224646799147E-16,-1.,1.110223024625E-16));
#10191 = ORIENTED_EDGE('',*,*,#10192,.T.);
#10192 = EDGE_CURVE('',#10185,#10193,#10195,.T.);
#10193 = VERTEX_POINT('',#10194);
#10194 = CARTESIAN_POINT('',(-1.4,-4.45,4.2));
#10195 = LINE('',#10196,#10197);
#10196 = CARTESIAN_POINT('',(-0.4,-4.45,4.2));
#10197 = VECTOR('',#10198,1.);
#10198 = DIRECTION('',(-1.,1.224646799147E-16,0.));
#10199 = ORIENTED_EDGE('',*,*,#10200,.T.);
#10200 = EDGE_CURVE('',#10193,#10201,#10203,.T.);
#10201 = VERTEX_POINT('',#10202);
#10202 = CARTESIAN_POINT('',(-1.4,-2.05,4.2));
#10203 = LINE('',#10204,#10205);
#10204 = CARTESIAN_POINT('',(-1.4,-4.45,4.2));
#10205 = VECTOR('',#10206,1.);
#10206 = DIRECTION('',(1.224646799147E-16,1.,-1.110223024625E-16));
#10207 = ORIENTED_EDGE('',*,*,#10208,.T.);
#10208 = EDGE_CURVE('',#10201,#9942,#10209,.T.);
#10209 = LINE('',#10210,#10211);
#10210 = CARTESIAN_POINT('',(3.45,-2.05,4.2));
#10211 = VECTOR('',#10212,1.);
#10212 = DIRECTION('',(-1.,1.224646799147E-16,0.));
#10213 = ORIENTED_EDGE('',*,*,#9941,.F.);
#10214 = ORIENTED_EDGE('',*,*,#10215,.F.);
#10215 = EDGE_CURVE('',#10216,#9932,#10218,.T.);
#10216 = VERTEX_POINT('',#10217);
#10217 = CARTESIAN_POINT('',(0.55,-6.25,4.2));
#10218 = LINE('',#10219,#10220);
#10219 = CARTESIAN_POINT('',(3.45,-6.25,4.2));
#10220 = VECTOR('',#10221,1.);
#10221 = DIRECTION('',(-1.,1.224646799147E-16,0.));
#10222 = ORIENTED_EDGE('',*,*,#10223,.F.);
#10223 = EDGE_CURVE('',#10224,#10216,#10226,.T.);
#10224 = VERTEX_POINT('',#10225);
#10225 = CARTESIAN_POINT('',(0.55,-2.35,4.2));
#10226 = LINE('',#10227,#10228);
#10227 = CARTESIAN_POINT('',(0.55,-4.3,4.2));
#10228 = VECTOR('',#10229,1.);
#10229 = DIRECTION('',(-1.224646799147E-16,-1.,1.110223024625E-16));
#10230 = ORIENTED_EDGE('',*,*,#10231,.F.);
#10231 = EDGE_CURVE('',#10232,#10224,#10234,.T.);
#10232 = VERTEX_POINT('',#10233);
#10233 = CARTESIAN_POINT('',(1.45,-2.35,4.2));
#10234 = LINE('',#10235,#10236);
#10235 = CARTESIAN_POINT('',(2.45,-2.35,4.2));
#10236 = VECTOR('',#10237,1.);
#10237 = DIRECTION('',(-1.,1.224646799147E-16,0.));
#10238 = ORIENTED_EDGE('',*,*,#10239,.F.);
#10239 = EDGE_CURVE('',#9741,#10232,#10240,.T.);
#10240 = LINE('',#10241,#10242);
#10241 = CARTESIAN_POINT('',(1.45,-6.25,4.2));
#10242 = VECTOR('',#10243,1.);
#10243 = DIRECTION('',(1.224646799147E-16,1.,-1.110223024625E-16));
#10244 = PLANE('',#10245);
#10245 = AXIS2_PLACEMENT_3D('',#10246,#10247,#10248);
#10246 = CARTESIAN_POINT('',(3.45,-6.25,4.2));
#10247 = DIRECTION('',(1.359631073447E-32,1.110223024625E-16,1.));
#10248 = DIRECTION('',(-1.,1.224646799147E-16,6.927121900793E-45));
#10249 = ADVANCED_FACE('',(#10250,#10293,#10327),#10361,.T.);
#10250 = FACE_BOUND('',#10251,.T.);
#10251 = EDGE_LOOP('',(#10252,#10253,#10254,#10260,#10261,#10267,#10268,
    #10269,#10270,#10278,#10286,#10292));
#10252 = ORIENTED_EDGE('',*,*,#9403,.T.);
#10253 = ORIENTED_EDGE('',*,*,#10144,.T.);
#10254 = ORIENTED_EDGE('',*,*,#10255,.T.);
#10255 = EDGE_CURVE('',#10145,#10169,#10256,.T.);
#10256 = LINE('',#10257,#10258);
#10257 = CARTESIAN_POINT('',(3.45,-2.05,4.2));
#10258 = VECTOR('',#10259,1.);
#10259 = DIRECTION('',(-1.,1.224646799147E-16,0.));
#10260 = ORIENTED_EDGE('',*,*,#10176,.T.);
#10261 = ORIENTED_EDGE('',*,*,#10262,.T.);
#10262 = EDGE_CURVE('',#10177,#10201,#10263,.T.);
#10263 = LINE('',#10264,#10265);
#10264 = CARTESIAN_POINT('',(3.45,-2.05,4.2));
#10265 = VECTOR('',#10266,1.);
#10266 = DIRECTION('',(-1.,1.224646799147E-16,0.));
#10267 = ORIENTED_EDGE('',*,*,#10208,.T.);
#10268 = ORIENTED_EDGE('',*,*,#9949,.T.);
#10269 = ORIENTED_EDGE('',*,*,#9884,.T.);
#10270 = ORIENTED_EDGE('',*,*,#10271,.F.);
#10271 = EDGE_CURVE('',#10272,#9885,#10274,.T.);
#10272 = VERTEX_POINT('',#10273);
#10273 = CARTESIAN_POINT('',(0.8,-2.05,1.1));
#10274 = LINE('',#10275,#10276);
#10275 = CARTESIAN_POINT('',(0.8,-2.05,1.1));
#10276 = VECTOR('',#10277,1.);
#10277 = DIRECTION('',(-1.359631073447E-32,-1.110223024625E-16,-1.));
#10278 = ORIENTED_EDGE('',*,*,#10279,.F.);
#10279 = EDGE_CURVE('',#10280,#10272,#10282,.T.);
#10280 = VERTEX_POINT('',#10281);
#10281 = CARTESIAN_POINT('',(1.2,-2.05,1.1));
#10282 = LINE('',#10283,#10284);
#10283 = CARTESIAN_POINT('',(1.2,-2.05,1.1));
#10284 = VECTOR('',#10285,1.);
#10285 = DIRECTION('',(-1.,1.224646799147E-16,0.));
#10286 = ORIENTED_EDGE('',*,*,#10287,.F.);
#10287 = EDGE_CURVE('',#9909,#10280,#10288,.T.);
#10288 = LINE('',#10289,#10290);
#10289 = CARTESIAN_POINT('',(1.2,-2.05,0.8));
#10290 = VECTOR('',#10291,1.);
#10291 = DIRECTION('',(1.359631073447E-32,1.110223024625E-16,1.));
#10292 = ORIENTED_EDGE('',*,*,#9916,.T.);
#10293 = FACE_BOUND('',#10294,.T.);
#10294 = EDGE_LOOP('',(#10295,#10305,#10313,#10321));
#10295 = ORIENTED_EDGE('',*,*,#10296,.T.);
#10296 = EDGE_CURVE('',#10297,#10299,#10301,.T.);
#10297 = VERTEX_POINT('',#10298);
#10298 = CARTESIAN_POINT('',(0.25,-2.05,3.35));
#10299 = VERTEX_POINT('',#10300);
#10300 = CARTESIAN_POINT('',(0.25,-2.05,2.85));
#10301 = LINE('',#10302,#10303);
#10302 = CARTESIAN_POINT('',(0.25,-2.05,1.901106711288));
#10303 = VECTOR('',#10304,1.);
#10304 = DIRECTION('',(-1.359631073447E-32,-1.110223024625E-16,-1.));
#10305 = ORIENTED_EDGE('',*,*,#10306,.T.);
#10306 = EDGE_CURVE('',#10299,#10307,#10309,.T.);
#10307 = VERTEX_POINT('',#10308);
#10308 = CARTESIAN_POINT('',(-0.25,-2.05,2.85));
#10309 = LINE('',#10310,#10311);
#10310 = CARTESIAN_POINT('',(0.625,-2.05,2.85));
#10311 = VECTOR('',#10312,1.);
#10312 = DIRECTION('',(-1.,1.224646799147E-16,0.));
#10313 = ORIENTED_EDGE('',*,*,#10314,.F.);
#10314 = EDGE_CURVE('',#10315,#10307,#10317,.T.);
#10315 = VERTEX_POINT('',#10316);
#10316 = CARTESIAN_POINT('',(-0.25,-2.05,3.35));
#10317 = LINE('',#10318,#10319);
#10318 = CARTESIAN_POINT('',(-0.25,-2.05,1.901106711288));
#10319 = VECTOR('',#10320,1.);
#10320 = DIRECTION('',(-1.359631073447E-32,-1.110223024625E-16,-1.));
#10321 = ORIENTED_EDGE('',*,*,#10322,.T.);
#10322 = EDGE_CURVE('',#10315,#10297,#10323,.T.);
#10323 = LINE('',#10324,#10325);
#10324 = CARTESIAN_POINT('',(0.625,-2.05,3.35));
#10325 = VECTOR('',#10326,1.);
#10326 = DIRECTION('',(1.,-1.224646799147E-16,0.));
#10327 = FACE_BOUND('',#10328,.T.);
#10328 = EDGE_LOOP('',(#10329,#10339,#10347,#10355));
#10329 = ORIENTED_EDGE('',*,*,#10330,.T.);
#10330 = EDGE_CURVE('',#10331,#10333,#10335,.T.);
#10331 = VERTEX_POINT('',#10332);
#10332 = CARTESIAN_POINT('',(2.25,-2.05,3.35));
#10333 = VERTEX_POINT('',#10334);
#10334 = CARTESIAN_POINT('',(2.25,-2.05,2.85));
#10335 = LINE('',#10336,#10337);
#10336 = CARTESIAN_POINT('',(2.25,-2.05,1.901106711288));
#10337 = VECTOR('',#10338,1.);
#10338 = DIRECTION('',(-1.359631073447E-32,-1.110223024625E-16,-1.));
#10339 = ORIENTED_EDGE('',*,*,#10340,.T.);
#10340 = EDGE_CURVE('',#10333,#10341,#10343,.T.);
#10341 = VERTEX_POINT('',#10342);
#10342 = CARTESIAN_POINT('',(1.75,-2.05,2.85));
#10343 = LINE('',#10344,#10345);
#10344 = CARTESIAN_POINT('',(1.625,-2.05,2.85));
#10345 = VECTOR('',#10346,1.);
#10346 = DIRECTION('',(-1.,1.224646799147E-16,0.));
#10347 = ORIENTED_EDGE('',*,*,#10348,.F.);
#10348 = EDGE_CURVE('',#10349,#10341,#10351,.T.);
#10349 = VERTEX_POINT('',#10350);
#10350 = CARTESIAN_POINT('',(1.75,-2.05,3.35));
#10351 = LINE('',#10352,#10353);
#10352 = CARTESIAN_POINT('',(1.75,-2.05,1.901106711288));
#10353 = VECTOR('',#10354,1.);
#10354 = DIRECTION('',(-1.359631073447E-32,-1.110223024625E-16,-1.));
#10355 = ORIENTED_EDGE('',*,*,#10356,.T.);
#10356 = EDGE_CURVE('',#10349,#10331,#10357,.T.);
#10357 = LINE('',#10358,#10359);
#10358 = CARTESIAN_POINT('',(1.625,-2.05,3.35));
#10359 = VECTOR('',#10360,1.);
#10360 = DIRECTION('',(1.,-1.224646799147E-16,0.));
#10361 = PLANE('',#10362);
#10362 = AXIS2_PLACEMENT_3D('',#10363,#10364,#10365);
#10363 = CARTESIAN_POINT('',(1.,-2.05,2.5));
#10364 = DIRECTION('',(-1.224646799147E-16,-1.,1.110223024625E-16));
#10365 = DIRECTION('',(-1.,1.224646799147E-16,1.219283680787E-48));
#10366 = ADVANCED_FACE('',(#10367),#10401,.F.);
#10367 = FACE_BOUND('',#10368,.F.);
#10368 = EDGE_LOOP('',(#10369,#10370,#10378,#10386,#10394,#10400));
#10369 = ORIENTED_EDGE('',*,*,#9540,.T.);
#10370 = ORIENTED_EDGE('',*,*,#10371,.T.);
#10371 = EDGE_CURVE('',#9543,#10372,#10374,.T.);
#10372 = VERTEX_POINT('',#10373);
#10373 = CARTESIAN_POINT('',(2.75,-0.4,4.2));
#10374 = LINE('',#10375,#10376);
#10375 = CARTESIAN_POINT('',(2.75,-1.335399017773,4.2));
#10376 = VECTOR('',#10377,1.);
#10377 = DIRECTION('',(-1.224646799147E-16,-1.,1.110223024625E-16));
#10378 = ORIENTED_EDGE('',*,*,#10379,.T.);
#10379 = EDGE_CURVE('',#10372,#10380,#10382,.T.);
#10380 = VERTEX_POINT('',#10381);
#10381 = CARTESIAN_POINT('',(2.75,-0.35,3.6));
#10382 = LINE('',#10383,#10384);
#10383 = CARTESIAN_POINT('',(2.75,-0.45,4.8));
#10384 = VECTOR('',#10385,1.);
#10385 = DIRECTION('',(1.017013810865E-17,8.304547985373E-02,
    -0.996545758245));
#10386 = ORIENTED_EDGE('',*,*,#10387,.T.);
#10387 = EDGE_CURVE('',#10380,#10388,#10390,.T.);
#10388 = VERTEX_POINT('',#10389);
#10389 = CARTESIAN_POINT('',(2.75,-0.35,2.6));
#10390 = LINE('',#10391,#10392);
#10391 = CARTESIAN_POINT('',(2.75,-0.35,3.6));
#10392 = VECTOR('',#10393,1.);
#10393 = DIRECTION('',(-1.359631073447E-32,-1.110223024625E-16,-1.));
#10394 = ORIENTED_EDGE('',*,*,#10395,.T.);
#10395 = EDGE_CURVE('',#10388,#9800,#10396,.T.);
#10396 = LINE('',#10397,#10398);
#10397 = CARTESIAN_POINT('',(2.75,-0.35,2.6));
#10398 = VECTOR('',#10399,1.);
#10399 = DIRECTION('',(-5.319525767383E-18,-4.343722427631E-02,
    -0.999056158355));
#10400 = ORIENTED_EDGE('',*,*,#9799,.T.);
#10401 = PLANE('',#10402);
#10402 = AXIS2_PLACEMENT_3D('',#10403,#10404,#10405);
#10403 = CARTESIAN_POINT('',(2.75,-0.320798035545,2.550475523299));
#10404 = DIRECTION('',(1.,-1.224646799147E-16,0.));
#10405 = DIRECTION('',(1.224646799147E-16,1.,-1.110223024625E-16));
#10406 = ADVANCED_FACE('',(#10407),#10432,.T.);
#10407 = FACE_BOUND('',#10408,.T.);
#10408 = EDGE_LOOP('',(#10409,#10410,#10416,#10417,#10418,#10426));
#10409 = ORIENTED_EDGE('',*,*,#10255,.F.);
#10410 = ORIENTED_EDGE('',*,*,#10411,.T.);
#10411 = EDGE_CURVE('',#10145,#9575,#10412,.T.);
#10412 = LINE('',#10413,#10414);
#10413 = CARTESIAN_POINT('',(3.4,-4.45,4.2));
#10414 = VECTOR('',#10415,1.);
#10415 = DIRECTION('',(1.224646799147E-16,1.,-1.110223024625E-16));
#10416 = ORIENTED_EDGE('',*,*,#9582,.T.);
#10417 = ORIENTED_EDGE('',*,*,#10371,.T.);
#10418 = ORIENTED_EDGE('',*,*,#10419,.T.);
#10419 = EDGE_CURVE('',#10372,#10420,#10422,.T.);
#10420 = VERTEX_POINT('',#10421);
#10421 = CARTESIAN_POINT('',(2.4,-0.4,4.2));
#10422 = LINE('',#10423,#10424);
#10423 = CARTESIAN_POINT('',(2.825,-0.4,4.2));
#10424 = VECTOR('',#10425,1.);
#10425 = DIRECTION('',(-1.,1.224646799147E-16,0.));
#10426 = ORIENTED_EDGE('',*,*,#10427,.T.);
#10427 = EDGE_CURVE('',#10420,#10169,#10428,.T.);
#10428 = LINE('',#10429,#10430);
#10429 = CARTESIAN_POINT('',(2.4,-0.25,4.2));
#10430 = VECTOR('',#10431,1.);
#10431 = DIRECTION('',(-1.224646799147E-16,-1.,1.110223024625E-16));
#10432 = PLANE('',#10433);
#10433 = AXIS2_PLACEMENT_3D('',#10434,#10435,#10436);
#10434 = CARTESIAN_POINT('',(2.9,-2.35,4.2));
#10435 = DIRECTION('',(1.359631073447E-32,1.110223024625E-16,1.));
#10436 = DIRECTION('',(1.224646799147E-16,1.,-1.110223024625E-16));
#10437 = ADVANCED_FACE('',(#10438),#10450,.F.);
#10438 = FACE_BOUND('',#10439,.T.);
#10439 = EDGE_LOOP('',(#10440,#10441,#10442,#10443,#10444));
#10440 = ORIENTED_EDGE('',*,*,#9718,.T.);
#10441 = ORIENTED_EDGE('',*,*,#9574,.T.);
#10442 = ORIENTED_EDGE('',*,*,#10411,.F.);
#10443 = ORIENTED_EDGE('',*,*,#10152,.F.);
#10444 = ORIENTED_EDGE('',*,*,#10445,.F.);
#10445 = EDGE_CURVE('',#9711,#10153,#10446,.T.);
#10446 = LINE('',#10447,#10448);
#10447 = CARTESIAN_POINT('',(3.4,-4.45,4.8));
#10448 = VECTOR('',#10449,1.);
#10449 = DIRECTION('',(-1.359631073447E-32,-1.110223024625E-16,-1.));
#10450 = PLANE('',#10451);
#10451 = AXIS2_PLACEMENT_3D('',#10452,#10453,#10454);
#10452 = CARTESIAN_POINT('',(3.4,-4.45,4.8));
#10453 = DIRECTION('',(1.,-1.224646799147E-16,0.));
#10454 = DIRECTION('',(1.224646799147E-16,1.,-1.110223024625E-16));
#10455 = ADVANCED_FACE('',(#10456),#10467,.F.);
#10456 = FACE_BOUND('',#10457,.F.);
#10457 = EDGE_LOOP('',(#10458,#10459,#10465,#10466));
#10458 = ORIENTED_EDGE('',*,*,#9710,.F.);
#10459 = ORIENTED_EDGE('',*,*,#10460,.T.);
#10460 = EDGE_CURVE('',#9703,#10161,#10461,.T.);
#10461 = LINE('',#10462,#10463);
#10462 = CARTESIAN_POINT('',(2.4,-4.45,4.8));
#10463 = VECTOR('',#10464,1.);
#10464 = DIRECTION('',(-1.359631073447E-32,-1.110223024625E-16,-1.));
#10465 = ORIENTED_EDGE('',*,*,#10160,.T.);
#10466 = ORIENTED_EDGE('',*,*,#10445,.F.);
#10467 = PLANE('',#10468);
#10468 = AXIS2_PLACEMENT_3D('',#10469,#10470,#10471);
#10469 = CARTESIAN_POINT('',(2.4,-4.45,4.8));
#10470 = DIRECTION('',(-1.224646799147E-16,-1.,1.110223024625E-16));
#10471 = DIRECTION('',(1.,-1.224646799147E-16,-1.219283680787E-48));
#10472 = ADVANCED_FACE('',(#10473),#10485,.F.);
#10473 = FACE_BOUND('',#10474,.T.);
#10474 = EDGE_LOOP('',(#10475,#10476,#10477,#10478,#10479));
#10475 = ORIENTED_EDGE('',*,*,#9702,.T.);
#10476 = ORIENTED_EDGE('',*,*,#10460,.T.);
#10477 = ORIENTED_EDGE('',*,*,#10168,.F.);
#10478 = ORIENTED_EDGE('',*,*,#10427,.F.);
#10479 = ORIENTED_EDGE('',*,*,#10480,.F.);
#10480 = EDGE_CURVE('',#9695,#10420,#10481,.T.);
#10481 = LINE('',#10482,#10483);
#10482 = CARTESIAN_POINT('',(2.4,-0.449310344828,4.791724137931));
#10483 = VECTOR('',#10484,1.);
#10484 = DIRECTION('',(1.017013810865E-17,8.304547985373E-02,
    -0.996545758245));
#10485 = PLANE('',#10486);
#10486 = AXIS2_PLACEMENT_3D('',#10487,#10488,#10489);
#10487 = CARTESIAN_POINT('',(2.4,-0.25,4.8));
#10488 = DIRECTION('',(-1.,1.224646799147E-16,0.));
#10489 = DIRECTION('',(-1.224646799147E-16,-1.,1.110223024625E-16));
#10490 = ADVANCED_FACE('',(#10491),#10511,.F.);
#10491 = FACE_BOUND('',#10492,.F.);
#10492 = EDGE_LOOP('',(#10493,#10494,#10495,#10503,#10509,#10510));
#10493 = ORIENTED_EDGE('',*,*,#10480,.F.);
#10494 = ORIENTED_EDGE('',*,*,#9694,.T.);
#10495 = ORIENTED_EDGE('',*,*,#10496,.T.);
#10496 = EDGE_CURVE('',#9687,#10497,#10499,.T.);
#10497 = VERTEX_POINT('',#10498);
#10498 = CARTESIAN_POINT('',(1.25,-0.35,3.6));
#10499 = LINE('',#10500,#10501);
#10500 = CARTESIAN_POINT('',(1.25,-0.45,4.8));
#10501 = VECTOR('',#10502,1.);
#10502 = DIRECTION('',(1.017013810865E-17,8.304547985373E-02,
    -0.996545758245));
#10503 = ORIENTED_EDGE('',*,*,#10504,.F.);
#10504 = EDGE_CURVE('',#10380,#10497,#10505,.T.);
#10505 = LINE('',#10506,#10507);
#10506 = CARTESIAN_POINT('',(2.75,-0.35,3.6));
#10507 = VECTOR('',#10508,1.);
#10508 = DIRECTION('',(-1.,1.224646799147E-16,0.));
#10509 = ORIENTED_EDGE('',*,*,#10379,.F.);
#10510 = ORIENTED_EDGE('',*,*,#10419,.T.);
#10511 = PLANE('',#10512);
#10512 = AXIS2_PLACEMENT_3D('',#10513,#10514,#10515);
#10513 = CARTESIAN_POINT('',(2.75,-0.45,4.8));
#10514 = DIRECTION('',(-1.220416573038E-16,-0.996545758245,
    -8.304547985373E-02));
#10515 = DIRECTION('',(1.017013810865E-17,8.304547985373E-02,
    -0.996545758245));
#10516 = ADVANCED_FACE('',(#10517),#10542,.T.);
#10517 = FACE_BOUND('',#10518,.T.);
#10518 = EDGE_LOOP('',(#10519,#10520,#10521,#10529,#10535,#10536));
#10519 = ORIENTED_EDGE('',*,*,#9686,.T.);
#10520 = ORIENTED_EDGE('',*,*,#10496,.T.);
#10521 = ORIENTED_EDGE('',*,*,#10522,.T.);
#10522 = EDGE_CURVE('',#10497,#10523,#10525,.T.);
#10523 = VERTEX_POINT('',#10524);
#10524 = CARTESIAN_POINT('',(1.25,-0.35,2.6));
#10525 = LINE('',#10526,#10527);
#10526 = CARTESIAN_POINT('',(1.25,-0.35,3.6));
#10527 = VECTOR('',#10528,1.);
#10528 = DIRECTION('',(-1.359631073447E-32,-1.110223024625E-16,-1.));
#10529 = ORIENTED_EDGE('',*,*,#10530,.T.);
#10530 = EDGE_CURVE('',#10523,#9808,#10531,.T.);
#10531 = LINE('',#10532,#10533);
#10532 = CARTESIAN_POINT('',(1.25,-0.35,2.6));
#10533 = VECTOR('',#10534,1.);
#10534 = DIRECTION('',(-5.319525767383E-18,-4.343722427631E-02,
    -0.999056158355));
#10535 = ORIENTED_EDGE('',*,*,#9815,.T.);
#10536 = ORIENTED_EDGE('',*,*,#10537,.T.);
#10537 = EDGE_CURVE('',#9816,#9679,#10538,.T.);
#10538 = LINE('',#10539,#10540);
#10539 = CARTESIAN_POINT('',(1.25,-0.25,0.3));
#10540 = VECTOR('',#10541,1.);
#10541 = DIRECTION('',(1.359631073447E-32,1.110223024625E-16,1.));
#10542 = PLANE('',#10543);
#10543 = AXIS2_PLACEMENT_3D('',#10544,#10545,#10546);
#10544 = CARTESIAN_POINT('',(1.25,-0.320798035545,2.550475523299));
#10545 = DIRECTION('',(1.,-1.224646799147E-16,0.));
#10546 = DIRECTION('',(1.224646799147E-16,1.,-1.110223024625E-16));
#10547 = ADVANCED_FACE('',(#10548),#10559,.F.);
#10548 = FACE_BOUND('',#10549,.F.);
#10549 = EDGE_LOOP('',(#10550,#10551,#10552,#10553));
#10550 = ORIENTED_EDGE('',*,*,#9823,.T.);
#10551 = ORIENTED_EDGE('',*,*,#10537,.T.);
#10552 = ORIENTED_EDGE('',*,*,#9678,.T.);
#10553 = ORIENTED_EDGE('',*,*,#10554,.F.);
#10554 = EDGE_CURVE('',#9824,#9671,#10555,.T.);
#10555 = LINE('',#10556,#10557);
#10556 = CARTESIAN_POINT('',(0.75,-0.25,0.3));
#10557 = VECTOR('',#10558,1.);
#10558 = DIRECTION('',(1.359631073447E-32,1.110223024625E-16,1.));
#10559 = PLANE('',#10560);
#10560 = AXIS2_PLACEMENT_3D('',#10561,#10562,#10563);
#10561 = CARTESIAN_POINT('',(1.,-0.25,2.55));
#10562 = DIRECTION('',(-1.224646799147E-16,-1.,1.110223024625E-16));
#10563 = DIRECTION('',(-1.,1.224646799147E-16,1.219283680787E-48));
#10564 = ADVANCED_FACE('',(#10565),#10592,.F.);
#10565 = FACE_BOUND('',#10566,.F.);
#10566 = EDGE_LOOP('',(#10567,#10568,#10576,#10584,#10590,#10591));
#10567 = ORIENTED_EDGE('',*,*,#9670,.T.);
#10568 = ORIENTED_EDGE('',*,*,#10569,.T.);
#10569 = EDGE_CURVE('',#9663,#10570,#10572,.T.);
#10570 = VERTEX_POINT('',#10571);
#10571 = CARTESIAN_POINT('',(0.75,-0.35,3.6));
#10572 = LINE('',#10573,#10574);
#10573 = CARTESIAN_POINT('',(0.75,-0.45,4.8));
#10574 = VECTOR('',#10575,1.);
#10575 = DIRECTION('',(1.017013810865E-17,8.304547985373E-02,
    -0.996545758245));
#10576 = ORIENTED_EDGE('',*,*,#10577,.T.);
#10577 = EDGE_CURVE('',#10570,#10578,#10580,.T.);
#10578 = VERTEX_POINT('',#10579);
#10579 = CARTESIAN_POINT('',(0.75,-0.35,2.6));
#10580 = LINE('',#10581,#10582);
#10581 = CARTESIAN_POINT('',(0.75,-0.35,3.6));
#10582 = VECTOR('',#10583,1.);
#10583 = DIRECTION('',(-1.359631073447E-32,-1.110223024625E-16,-1.));
#10584 = ORIENTED_EDGE('',*,*,#10585,.T.);
#10585 = EDGE_CURVE('',#10578,#9832,#10586,.T.);
#10586 = LINE('',#10587,#10588);
#10587 = CARTESIAN_POINT('',(0.75,-0.35,2.6));
#10588 = VECTOR('',#10589,1.);
#10589 = DIRECTION('',(-5.319525767383E-18,-4.343722427631E-02,
    -0.999056158355));
#10590 = ORIENTED_EDGE('',*,*,#9831,.T.);
#10591 = ORIENTED_EDGE('',*,*,#10554,.T.);
#10592 = PLANE('',#10593);
#10593 = AXIS2_PLACEMENT_3D('',#10594,#10595,#10596);
#10594 = CARTESIAN_POINT('',(0.75,-0.320798035545,2.550475523299));
#10595 = DIRECTION('',(1.,-1.224646799147E-16,0.));
#10596 = DIRECTION('',(1.224646799147E-16,1.,-1.110223024625E-16));
#10597 = ADVANCED_FACE('',(#10598),#10632,.F.);
#10598 = FACE_BOUND('',#10599,.F.);
#10599 = EDGE_LOOP('',(#10600,#10601,#10602,#10610,#10618,#10626));
#10600 = ORIENTED_EDGE('',*,*,#10569,.F.);
#10601 = ORIENTED_EDGE('',*,*,#9662,.T.);
#10602 = ORIENTED_EDGE('',*,*,#10603,.T.);
#10603 = EDGE_CURVE('',#9655,#10604,#10606,.T.);
#10604 = VERTEX_POINT('',#10605);
#10605 = CARTESIAN_POINT('',(-0.4,-0.4,4.2));
#10606 = LINE('',#10607,#10608);
#10607 = CARTESIAN_POINT('',(-0.4,-0.449310344828,4.791724137931));
#10608 = VECTOR('',#10609,1.);
#10609 = DIRECTION('',(1.017013810865E-17,8.304547985373E-02,
    -0.996545758245));
#10610 = ORIENTED_EDGE('',*,*,#10611,.F.);
#10611 = EDGE_CURVE('',#10612,#10604,#10614,.T.);
#10612 = VERTEX_POINT('',#10613);
#10613 = CARTESIAN_POINT('',(-0.75,-0.4,4.2));
#10614 = LINE('',#10615,#10616);
#10615 = CARTESIAN_POINT('',(-7.5E-02,-0.4,4.2));
#10616 = VECTOR('',#10617,1.);
#10617 = DIRECTION('',(1.,-1.224646799147E-16,-0.));
#10618 = ORIENTED_EDGE('',*,*,#10619,.T.);
#10619 = EDGE_CURVE('',#10612,#10620,#10622,.T.);
#10620 = VERTEX_POINT('',#10621);
#10621 = CARTESIAN_POINT('',(-0.75,-0.35,3.6));
#10622 = LINE('',#10623,#10624);
#10623 = CARTESIAN_POINT('',(-0.75,-0.45,4.8));
#10624 = VECTOR('',#10625,1.);
#10625 = DIRECTION('',(1.017013810865E-17,8.304547985373E-02,
    -0.996545758245));
#10626 = ORIENTED_EDGE('',*,*,#10627,.F.);
#10627 = EDGE_CURVE('',#10570,#10620,#10628,.T.);
#10628 = LINE('',#10629,#10630);
#10629 = CARTESIAN_POINT('',(0.75,-0.35,3.6));
#10630 = VECTOR('',#10631,1.);
#10631 = DIRECTION('',(-1.,1.224646799147E-16,0.));
#10632 = PLANE('',#10633);
#10633 = AXIS2_PLACEMENT_3D('',#10634,#10635,#10636);
#10634 = CARTESIAN_POINT('',(0.75,-0.45,4.8));
#10635 = DIRECTION('',(-1.220416573038E-16,-0.996545758245,
    -8.304547985373E-02));
#10636 = DIRECTION('',(1.017013810865E-17,8.304547985373E-02,
    -0.996545758245));
#10637 = ADVANCED_FACE('',(#10638),#10655,.T.);
#10638 = FACE_BOUND('',#10639,.T.);
#10639 = EDGE_LOOP('',(#10640,#10641,#10642,#10648,#10649));
#10640 = ORIENTED_EDGE('',*,*,#9654,.F.);
#10641 = ORIENTED_EDGE('',*,*,#10603,.T.);
#10642 = ORIENTED_EDGE('',*,*,#10643,.T.);
#10643 = EDGE_CURVE('',#10604,#10177,#10644,.T.);
#10644 = LINE('',#10645,#10646);
#10645 = CARTESIAN_POINT('',(-0.4,-0.25,4.2));
#10646 = VECTOR('',#10647,1.);
#10647 = DIRECTION('',(-1.224646799147E-16,-1.,1.110223024625E-16));
#10648 = ORIENTED_EDGE('',*,*,#10184,.T.);
#10649 = ORIENTED_EDGE('',*,*,#10650,.F.);
#10650 = EDGE_CURVE('',#9647,#10185,#10651,.T.);
#10651 = LINE('',#10652,#10653);
#10652 = CARTESIAN_POINT('',(-0.4,-4.45,4.8));
#10653 = VECTOR('',#10654,1.);
#10654 = DIRECTION('',(-1.359631073447E-32,-1.110223024625E-16,-1.));
#10655 = PLANE('',#10656);
#10656 = AXIS2_PLACEMENT_3D('',#10657,#10658,#10659);
#10657 = CARTESIAN_POINT('',(-0.4,-0.25,4.8));
#10658 = DIRECTION('',(-1.,1.224646799147E-16,0.));
#10659 = DIRECTION('',(-1.224646799147E-16,-1.,1.110223024625E-16));
#10660 = ADVANCED_FACE('',(#10661),#10704,.T.);
#10661 = FACE_BOUND('',#10662,.T.);
#10662 = EDGE_LOOP('',(#10663,#10664,#10665,#10666,#10674,#10682,#10690,
    #10698));
#10663 = ORIENTED_EDGE('',*,*,#9646,.F.);
#10664 = ORIENTED_EDGE('',*,*,#10650,.T.);
#10665 = ORIENTED_EDGE('',*,*,#10192,.T.);
#10666 = ORIENTED_EDGE('',*,*,#10667,.F.);
#10667 = EDGE_CURVE('',#10668,#10193,#10670,.T.);
#10668 = VERTEX_POINT('',#10669);
#10669 = CARTESIAN_POINT('',(-1.4,-4.45,4.8));
#10670 = LINE('',#10671,#10672);
#10671 = CARTESIAN_POINT('',(-1.4,-4.45,4.8));
#10672 = VECTOR('',#10673,1.);
#10673 = DIRECTION('',(-1.359631073447E-32,-1.110223024625E-16,-1.));
#10674 = ORIENTED_EDGE('',*,*,#10675,.F.);
#10675 = EDGE_CURVE('',#10676,#10668,#10678,.T.);
#10676 = VERTEX_POINT('',#10677);
#10677 = CARTESIAN_POINT('',(-0.95,-4.45,4.8));
#10678 = LINE('',#10679,#10680);
#10679 = CARTESIAN_POINT('',(-0.4,-4.45,4.8));
#10680 = VECTOR('',#10681,1.);
#10681 = DIRECTION('',(-1.,1.224646799147E-16,0.));
#10682 = ORIENTED_EDGE('',*,*,#10683,.F.);
#10683 = EDGE_CURVE('',#10684,#10676,#10686,.T.);
#10684 = VERTEX_POINT('',#10685);
#10685 = CARTESIAN_POINT('',(-0.95,-4.45,4.85));
#10686 = LINE('',#10687,#10688);
#10687 = CARTESIAN_POINT('',(-0.95,-4.45,4.85));
#10688 = VECTOR('',#10689,1.);
#10689 = DIRECTION('',(-1.359631073447E-32,-1.110223024625E-16,-1.));
#10690 = ORIENTED_EDGE('',*,*,#10691,.F.);
#10691 = EDGE_CURVE('',#10692,#10684,#10694,.T.);
#10692 = VERTEX_POINT('',#10693);
#10693 = CARTESIAN_POINT('',(-0.45,-4.45,4.85));
#10694 = LINE('',#10695,#10696);
#10695 = CARTESIAN_POINT('',(-0.45,-4.45,4.85));
#10696 = VECTOR('',#10697,1.);
#10697 = DIRECTION('',(-1.,1.224646799147E-16,0.));
#10698 = ORIENTED_EDGE('',*,*,#10699,.F.);
#10699 = EDGE_CURVE('',#9639,#10692,#10700,.T.);
#10700 = LINE('',#10701,#10702);
#10701 = CARTESIAN_POINT('',(-0.45,-4.45,4.8));
#10702 = VECTOR('',#10703,1.);
#10703 = DIRECTION('',(1.359631073447E-32,1.110223024625E-16,1.));
#10704 = PLANE('',#10705);
#10705 = AXIS2_PLACEMENT_3D('',#10706,#10707,#10708);
#10706 = CARTESIAN_POINT('',(-0.893939393939,-4.45,4.517424242424));
#10707 = DIRECTION('',(1.224646799147E-16,1.,-1.110223024625E-16));
#10708 = DIRECTION('',(1.,-1.224646799147E-16,-2.885949453099E-46));
#10709 = ADVANCED_FACE('',(#10710),#10728,.F.);
#10710 = FACE_BOUND('',#10711,.F.);
#10711 = EDGE_LOOP('',(#10712,#10713,#10721,#10727));
#10712 = ORIENTED_EDGE('',*,*,#9638,.T.);
#10713 = ORIENTED_EDGE('',*,*,#10714,.T.);
#10714 = EDGE_CURVE('',#9631,#10715,#10717,.T.);
#10715 = VERTEX_POINT('',#10716);
#10716 = CARTESIAN_POINT('',(-0.45,-6.25,4.85));
#10717 = LINE('',#10718,#10719);
#10718 = CARTESIAN_POINT('',(-0.45,-6.25,4.8));
#10719 = VECTOR('',#10720,1.);
#10720 = DIRECTION('',(1.359631073447E-32,1.110223024625E-16,1.));
#10721 = ORIENTED_EDGE('',*,*,#10722,.F.);
#10722 = EDGE_CURVE('',#10692,#10715,#10723,.T.);
#10723 = LINE('',#10724,#10725);
#10724 = CARTESIAN_POINT('',(-0.45,-4.45,4.85));
#10725 = VECTOR('',#10726,1.);
#10726 = DIRECTION('',(-1.224646799147E-16,-1.,1.110223024625E-16));
#10727 = ORIENTED_EDGE('',*,*,#10699,.F.);
#10728 = PLANE('',#10729);
#10729 = AXIS2_PLACEMENT_3D('',#10730,#10731,#10732);
#10730 = CARTESIAN_POINT('',(-0.45,-4.45,4.8));
#10731 = DIRECTION('',(-1.,1.224646799147E-16,0.));
#10732 = DIRECTION('',(1.359631073446E-32,1.110223024625E-16,1.));
#10733 = ADVANCED_FACE('',(#10734),#10775,.T.);
#10734 = FACE_BOUND('',#10735,.T.);
#10735 = EDGE_LOOP('',(#10736,#10742,#10743,#10744,#10752,#10760,#10766,
    #10767,#10773,#10774));
#10736 = ORIENTED_EDGE('',*,*,#10737,.F.);
#10737 = EDGE_CURVE('',#9623,#10216,#10738,.T.);
#10738 = LINE('',#10739,#10740);
#10739 = CARTESIAN_POINT('',(0.55,-6.25,4.8));
#10740 = VECTOR('',#10741,1.);
#10741 = DIRECTION('',(-1.359631073447E-32,-1.110223024625E-16,-1.));
#10742 = ORIENTED_EDGE('',*,*,#9630,.T.);
#10743 = ORIENTED_EDGE('',*,*,#10714,.T.);
#10744 = ORIENTED_EDGE('',*,*,#10745,.T.);
#10745 = EDGE_CURVE('',#10715,#10746,#10748,.T.);
#10746 = VERTEX_POINT('',#10747);
#10747 = CARTESIAN_POINT('',(-0.95,-6.25,4.85));
#10748 = LINE('',#10749,#10750);
#10749 = CARTESIAN_POINT('',(-0.45,-6.25,4.85));
#10750 = VECTOR('',#10751,1.);
#10751 = DIRECTION('',(-1.,1.224646799147E-16,0.));
#10752 = ORIENTED_EDGE('',*,*,#10753,.T.);
#10753 = EDGE_CURVE('',#10746,#10754,#10756,.T.);
#10754 = VERTEX_POINT('',#10755);
#10755 = CARTESIAN_POINT('',(-0.95,-6.25,4.8));
#10756 = LINE('',#10757,#10758);
#10757 = CARTESIAN_POINT('',(-0.95,-6.25,4.85));
#10758 = VECTOR('',#10759,1.);
#10759 = DIRECTION('',(-1.359631073447E-32,-1.110223024625E-16,-1.));
#10760 = ORIENTED_EDGE('',*,*,#10761,.T.);
#10761 = EDGE_CURVE('',#10754,#10064,#10762,.T.);
#10762 = LINE('',#10763,#10764);
#10763 = CARTESIAN_POINT('',(3.95,-6.25,4.8));
#10764 = VECTOR('',#10765,1.);
#10765 = DIRECTION('',(-1.,1.224646799147E-16,0.));
#10766 = ORIENTED_EDGE('',*,*,#10063,.T.);
#10767 = ORIENTED_EDGE('',*,*,#10768,.F.);
#10768 = EDGE_CURVE('',#9934,#10056,#10769,.T.);
#10769 = LINE('',#10770,#10771);
#10770 = CARTESIAN_POINT('',(3.95,-6.25,3.3));
#10771 = VECTOR('',#10772,1.);
#10772 = DIRECTION('',(-1.,1.224646799147E-16,0.));
#10773 = ORIENTED_EDGE('',*,*,#9931,.F.);
#10774 = ORIENTED_EDGE('',*,*,#10215,.F.);
#10775 = PLANE('',#10776);
#10776 = AXIS2_PLACEMENT_3D('',#10777,#10778,#10779);
#10777 = CARTESIAN_POINT('',(-0.922222222222,-6.25,4.28487654321));
#10778 = DIRECTION('',(-1.224646799147E-16,-1.,1.110223024625E-16));
#10779 = DIRECTION('',(-1.,1.224646799147E-16,1.219283680787E-48));
#10780 = ADVANCED_FACE('',(#10781),#10792,.F.);
#10781 = FACE_BOUND('',#10782,.F.);
#10782 = EDGE_LOOP('',(#10783,#10784,#10790,#10791));
#10783 = ORIENTED_EDGE('',*,*,#9622,.F.);
#10784 = ORIENTED_EDGE('',*,*,#10785,.T.);
#10785 = EDGE_CURVE('',#9615,#10224,#10786,.T.);
#10786 = LINE('',#10787,#10788);
#10787 = CARTESIAN_POINT('',(0.55,-2.35,4.8));
#10788 = VECTOR('',#10789,1.);
#10789 = DIRECTION('',(-1.359631073447E-32,-1.110223024625E-16,-1.));
#10790 = ORIENTED_EDGE('',*,*,#10223,.T.);
#10791 = ORIENTED_EDGE('',*,*,#10737,.F.);
#10792 = PLANE('',#10793);
#10793 = AXIS2_PLACEMENT_3D('',#10794,#10795,#10796);
#10794 = CARTESIAN_POINT('',(0.55,-2.35,4.8));
#10795 = DIRECTION('',(-1.,1.224646799147E-16,0.));
#10796 = DIRECTION('',(-1.224646799147E-16,-1.,1.110223024625E-16));
#10797 = ADVANCED_FACE('',(#10798),#10809,.F.);
#10798 = FACE_BOUND('',#10799,.F.);
#10799 = EDGE_LOOP('',(#10800,#10801,#10807,#10808));
#10800 = ORIENTED_EDGE('',*,*,#9614,.F.);
#10801 = ORIENTED_EDGE('',*,*,#10802,.T.);
#10802 = EDGE_CURVE('',#9607,#10232,#10803,.T.);
#10803 = LINE('',#10804,#10805);
#10804 = CARTESIAN_POINT('',(1.45,-2.35,4.8));
#10805 = VECTOR('',#10806,1.);
#10806 = DIRECTION('',(-1.359631073447E-32,-1.110223024625E-16,-1.));
#10807 = ORIENTED_EDGE('',*,*,#10231,.T.);
#10808 = ORIENTED_EDGE('',*,*,#10785,.F.);
#10809 = PLANE('',#10810);
#10810 = AXIS2_PLACEMENT_3D('',#10811,#10812,#10813);
#10811 = CARTESIAN_POINT('',(1.45,-2.35,4.8));
#10812 = DIRECTION('',(1.224646799147E-16,1.,-1.110223024625E-16));
#10813 = DIRECTION('',(-1.,1.224646799147E-16,1.219283680787E-48));
#10814 = ADVANCED_FACE('',(#10815),#10821,.F.);
#10815 = FACE_BOUND('',#10816,.F.);
#10816 = EDGE_LOOP('',(#10817,#10818,#10819,#10820));
#10817 = ORIENTED_EDGE('',*,*,#9606,.F.);
#10818 = ORIENTED_EDGE('',*,*,#9740,.T.);
#10819 = ORIENTED_EDGE('',*,*,#10239,.T.);
#10820 = ORIENTED_EDGE('',*,*,#10802,.F.);
#10821 = PLANE('',#10822);
#10822 = AXIS2_PLACEMENT_3D('',#10823,#10824,#10825);
#10823 = CARTESIAN_POINT('',(1.45,-6.25,4.8));
#10824 = DIRECTION('',(1.,-1.224646799147E-16,-0.));
#10825 = DIRECTION('',(1.224646799147E-16,1.,-1.110223024625E-16));
#10826 = ADVANCED_FACE('',(#10827),#10868,.F.);
#10827 = FACE_BOUND('',#10828,.F.);
#10828 = EDGE_LOOP('',(#10829,#10837,#10838,#10844,#10845,#10846,#10854,
    #10862));
#10829 = ORIENTED_EDGE('',*,*,#10830,.T.);
#10830 = EDGE_CURVE('',#10831,#10013,#10833,.T.);
#10831 = VERTEX_POINT('',#10832);
#10832 = CARTESIAN_POINT('',(-1.4,-0.25,4.8));
#10833 = LINE('',#10834,#10835);
#10834 = CARTESIAN_POINT('',(3.95,-0.25,4.8));
#10835 = VECTOR('',#10836,1.);
#10836 = DIRECTION('',(-1.,1.224646799147E-16,0.));
#10837 = ORIENTED_EDGE('',*,*,#10012,.T.);
#10838 = ORIENTED_EDGE('',*,*,#10839,.F.);
#10839 = EDGE_CURVE('',#10110,#10015,#10840,.T.);
#10840 = LINE('',#10841,#10842);
#10841 = CARTESIAN_POINT('',(-0.95,-0.25,4.1));
#10842 = VECTOR('',#10843,1.);
#10843 = DIRECTION('',(-1.,1.224646799147E-16,0.));
#10844 = ORIENTED_EDGE('',*,*,#10109,.F.);
#10845 = ORIENTED_EDGE('',*,*,#9775,.T.);
#10846 = ORIENTED_EDGE('',*,*,#10847,.T.);
#10847 = EDGE_CURVE('',#9778,#10848,#10850,.T.);
#10848 = VERTEX_POINT('',#10849);
#10849 = CARTESIAN_POINT('',(-0.75,-0.25,4.2));
#10850 = LINE('',#10851,#10852);
#10851 = CARTESIAN_POINT('',(-0.75,-0.25,0.3));
#10852 = VECTOR('',#10853,1.);
#10853 = DIRECTION('',(1.359631073447E-32,1.110223024625E-16,1.));
#10854 = ORIENTED_EDGE('',*,*,#10855,.F.);
#10855 = EDGE_CURVE('',#10856,#10848,#10858,.T.);
#10856 = VERTEX_POINT('',#10857);
#10857 = CARTESIAN_POINT('',(-1.4,-0.25,4.2));
#10858 = LINE('',#10859,#10860);
#10859 = CARTESIAN_POINT('',(-1.4,-0.25,4.2));
#10860 = VECTOR('',#10861,1.);
#10861 = DIRECTION('',(1.,-1.224646799147E-16,0.));
#10862 = ORIENTED_EDGE('',*,*,#10863,.F.);
#10863 = EDGE_CURVE('',#10831,#10856,#10864,.T.);
#10864 = LINE('',#10865,#10866);
#10865 = CARTESIAN_POINT('',(-1.4,-0.25,4.8));
#10866 = VECTOR('',#10867,1.);
#10867 = DIRECTION('',(-1.359631073447E-32,-1.110223024625E-16,-1.));
#10868 = PLANE('',#10869);
#10869 = AXIS2_PLACEMENT_3D('',#10870,#10871,#10872);
#10870 = CARTESIAN_POINT('',(1.,-0.25,2.55));
#10871 = DIRECTION('',(-1.224646799147E-16,-1.,1.110223024625E-16));
#10872 = DIRECTION('',(-1.,1.224646799147E-16,1.219283680787E-48));
#10873 = ADVANCED_FACE('',(#10874),#10899,.T.);
#10874 = FACE_BOUND('',#10875,.T.);
#10875 = EDGE_LOOP('',(#10876,#10877,#10883,#10884,#10892,#10898));
#10876 = ORIENTED_EDGE('',*,*,#10847,.T.);
#10877 = ORIENTED_EDGE('',*,*,#10878,.F.);
#10878 = EDGE_CURVE('',#10612,#10848,#10879,.T.);
#10879 = LINE('',#10880,#10881);
#10880 = CARTESIAN_POINT('',(-0.75,-1.335399017773,4.2));
#10881 = VECTOR('',#10882,1.);
#10882 = DIRECTION('',(1.224646799147E-16,1.,-1.110223024625E-16));
#10883 = ORIENTED_EDGE('',*,*,#10619,.T.);
#10884 = ORIENTED_EDGE('',*,*,#10885,.T.);
#10885 = EDGE_CURVE('',#10620,#10886,#10888,.T.);
#10886 = VERTEX_POINT('',#10887);
#10887 = CARTESIAN_POINT('',(-0.75,-0.35,2.6));
#10888 = LINE('',#10889,#10890);
#10889 = CARTESIAN_POINT('',(-0.75,-0.35,3.6));
#10890 = VECTOR('',#10891,1.);
#10891 = DIRECTION('',(-1.359631073447E-32,-1.110223024625E-16,-1.));
#10892 = ORIENTED_EDGE('',*,*,#10893,.T.);
#10893 = EDGE_CURVE('',#10886,#9840,#10894,.T.);
#10894 = LINE('',#10895,#10896);
#10895 = CARTESIAN_POINT('',(-0.75,-0.35,2.6));
#10896 = VECTOR('',#10897,1.);
#10897 = DIRECTION('',(-5.319525767383E-18,-4.343722427631E-02,
    -0.999056158355));
#10898 = ORIENTED_EDGE('',*,*,#9847,.T.);
#10899 = PLANE('',#10900);
#10900 = AXIS2_PLACEMENT_3D('',#10901,#10902,#10903);
#10901 = CARTESIAN_POINT('',(-0.75,-0.320798035545,2.550475523299));
#10902 = DIRECTION('',(1.,-1.224646799147E-16,0.));
#10903 = DIRECTION('',(1.224646799147E-16,1.,-1.110223024625E-16));
#10904 = ADVANCED_FACE('',(#10905),#10916,.F.);
#10905 = FACE_BOUND('',#10906,.F.);
#10906 = EDGE_LOOP('',(#10907,#10913,#10914,#10915));
#10907 = ORIENTED_EDGE('',*,*,#10908,.T.);
#10908 = EDGE_CURVE('',#10578,#10886,#10909,.T.);
#10909 = LINE('',#10910,#10911);
#10910 = CARTESIAN_POINT('',(0.75,-0.35,2.6));
#10911 = VECTOR('',#10912,1.);
#10912 = DIRECTION('',(-1.,1.224646799147E-16,0.));
#10913 = ORIENTED_EDGE('',*,*,#10893,.T.);
#10914 = ORIENTED_EDGE('',*,*,#9839,.F.);
#10915 = ORIENTED_EDGE('',*,*,#10585,.F.);
#10916 = PLANE('',#10917);
#10917 = AXIS2_PLACEMENT_3D('',#10918,#10919,#10920);
#10918 = CARTESIAN_POINT('',(0.75,-0.35,2.6));
#10919 = DIRECTION('',(-1.223490926498E-16,-0.999056158355,
    4.343722427631E-02));
#10920 = DIRECTION('',(-5.319525767383E-18,-4.343722427631E-02,
    -0.999056158355));
#10921 = ADVANCED_FACE('',(#10922),#10933,.F.);
#10922 = FACE_BOUND('',#10923,.F.);
#10923 = EDGE_LOOP('',(#10924,#10930,#10931,#10932));
#10924 = ORIENTED_EDGE('',*,*,#10925,.T.);
#10925 = EDGE_CURVE('',#10388,#10523,#10926,.T.);
#10926 = LINE('',#10927,#10928);
#10927 = CARTESIAN_POINT('',(2.75,-0.35,2.6));
#10928 = VECTOR('',#10929,1.);
#10929 = DIRECTION('',(-1.,1.224646799147E-16,0.));
#10930 = ORIENTED_EDGE('',*,*,#10530,.T.);
#10931 = ORIENTED_EDGE('',*,*,#9807,.F.);
#10932 = ORIENTED_EDGE('',*,*,#10395,.F.);
#10933 = PLANE('',#10934);
#10934 = AXIS2_PLACEMENT_3D('',#10935,#10936,#10937);
#10935 = CARTESIAN_POINT('',(2.75,-0.35,2.6));
#10936 = DIRECTION('',(-1.223490926498E-16,-0.999056158355,
    4.343722427631E-02));
#10937 = DIRECTION('',(-5.319525767383E-18,-4.343722427631E-02,
    -0.999056158355));
#10938 = ADVANCED_FACE('',(#10939),#10957,.F.);
#10939 = FACE_BOUND('',#10940,.F.);
#10940 = EDGE_LOOP('',(#10941,#10942,#10950,#10956));
#10941 = ORIENTED_EDGE('',*,*,#9908,.T.);
#10942 = ORIENTED_EDGE('',*,*,#10943,.T.);
#10943 = EDGE_CURVE('',#9901,#10944,#10946,.T.);
#10944 = VERTEX_POINT('',#10945);
#10945 = CARTESIAN_POINT('',(1.2,-3.95,1.1));
#10946 = LINE('',#10947,#10948);
#10947 = CARTESIAN_POINT('',(1.2,-3.95,0.8));
#10948 = VECTOR('',#10949,1.);
#10949 = DIRECTION('',(1.359631073447E-32,1.110223024625E-16,1.));
#10950 = ORIENTED_EDGE('',*,*,#10951,.F.);
#10951 = EDGE_CURVE('',#10280,#10944,#10952,.T.);
#10952 = LINE('',#10953,#10954);
#10953 = CARTESIAN_POINT('',(1.2,-2.05,1.1));
#10954 = VECTOR('',#10955,1.);
#10955 = DIRECTION('',(-1.224646799147E-16,-1.,1.110223024625E-16));
#10956 = ORIENTED_EDGE('',*,*,#10287,.F.);
#10957 = PLANE('',#10958);
#10958 = AXIS2_PLACEMENT_3D('',#10959,#10960,#10961);
#10959 = CARTESIAN_POINT('',(1.2,-2.05,0.8));
#10960 = DIRECTION('',(-1.,1.224646799147E-16,0.));
#10961 = DIRECTION('',(1.359631073446E-32,1.110223024625E-16,1.));
#10962 = ADVANCED_FACE('',(#10963),#10981,.T.);
#10963 = FACE_BOUND('',#10964,.T.);
#10964 = EDGE_LOOP('',(#10965,#10973,#10979,#10980));
#10965 = ORIENTED_EDGE('',*,*,#10966,.T.);
#10966 = EDGE_CURVE('',#10944,#10967,#10969,.T.);
#10967 = VERTEX_POINT('',#10968);
#10968 = CARTESIAN_POINT('',(0.8,-3.95,1.1));
#10969 = LINE('',#10970,#10971);
#10970 = CARTESIAN_POINT('',(1.2,-3.95,1.1));
#10971 = VECTOR('',#10972,1.);
#10972 = DIRECTION('',(-1.,1.224646799147E-16,0.));
#10973 = ORIENTED_EDGE('',*,*,#10974,.T.);
#10974 = EDGE_CURVE('',#10967,#9893,#10975,.T.);
#10975 = LINE('',#10976,#10977);
#10976 = CARTESIAN_POINT('',(0.8,-3.95,1.1));
#10977 = VECTOR('',#10978,1.);
#10978 = DIRECTION('',(-1.359631073447E-32,-1.110223024625E-16,-1.));
#10979 = ORIENTED_EDGE('',*,*,#9900,.T.);
#10980 = ORIENTED_EDGE('',*,*,#10943,.T.);
#10981 = PLANE('',#10982);
#10982 = AXIS2_PLACEMENT_3D('',#10983,#10984,#10985);
#10983 = CARTESIAN_POINT('',(1.,-3.95,0.95));
#10984 = DIRECTION('',(-1.224646799147E-16,-1.,1.110223024625E-16));
#10985 = DIRECTION('',(-1.,1.224646799147E-16,1.219283680787E-48));
#10986 = ADVANCED_FACE('',(#10987),#10998,.F.);
#10987 = FACE_BOUND('',#10988,.F.);
#10988 = EDGE_LOOP('',(#10989,#10995,#10996,#10997));
#10989 = ORIENTED_EDGE('',*,*,#10990,.T.);
#10990 = EDGE_CURVE('',#10272,#10967,#10991,.T.);
#10991 = LINE('',#10992,#10993);
#10992 = CARTESIAN_POINT('',(0.8,-2.05,1.1));
#10993 = VECTOR('',#10994,1.);
#10994 = DIRECTION('',(-1.224646799147E-16,-1.,1.110223024625E-16));
#10995 = ORIENTED_EDGE('',*,*,#10974,.T.);
#10996 = ORIENTED_EDGE('',*,*,#9892,.F.);
#10997 = ORIENTED_EDGE('',*,*,#10271,.F.);
#10998 = PLANE('',#10999);
#10999 = AXIS2_PLACEMENT_3D('',#11000,#11001,#11002);
#11000 = CARTESIAN_POINT('',(0.8,-2.05,1.1));
#11001 = DIRECTION('',(1.,-1.224646799147E-16,0.));
#11002 = DIRECTION('',(-1.359631073446E-32,-1.110223024625E-16,-1.));
#11003 = ADVANCED_FACE('',(#11004),#11015,.T.);
#11004 = FACE_BOUND('',#11005,.T.);
#11005 = EDGE_LOOP('',(#11006,#11007,#11008,#11009));
#11006 = ORIENTED_EDGE('',*,*,#9974,.T.);
#11007 = ORIENTED_EDGE('',*,*,#10768,.T.);
#11008 = ORIENTED_EDGE('',*,*,#10055,.T.);
#11009 = ORIENTED_EDGE('',*,*,#11010,.F.);
#11010 = EDGE_CURVE('',#9966,#10047,#11011,.T.);
#11011 = LINE('',#11012,#11013);
#11012 = CARTESIAN_POINT('',(3.95,-4.65,3.3));
#11013 = VECTOR('',#11014,1.);
#11014 = DIRECTION('',(-1.,1.224646799147E-16,0.));
#11015 = PLANE('',#11016);
#11016 = AXIS2_PLACEMENT_3D('',#11017,#11018,#11019);
#11017 = CARTESIAN_POINT('',(3.95,-6.25,3.3));
#11018 = DIRECTION('',(-1.359631073447E-32,-1.110223024625E-16,-1.));
#11019 = DIRECTION('',(1.224646799147E-16,1.,-1.110223024625E-16));
#11020 = ADVANCED_FACE('',(#11021),#11027,.F.);
#11021 = FACE_BOUND('',#11022,.F.);
#11022 = EDGE_LOOP('',(#11023,#11024,#11025,#11026));
#11023 = ORIENTED_EDGE('',*,*,#9989,.T.);
#11024 = ORIENTED_EDGE('',*,*,#10046,.T.);
#11025 = ORIENTED_EDGE('',*,*,#11010,.F.);
#11026 = ORIENTED_EDGE('',*,*,#9965,.F.);
#11027 = CYLINDRICAL_SURFACE('',#11028,0.4);
#11028 = AXIS2_PLACEMENT_3D('',#11029,#11030,#11031);
#11029 = CARTESIAN_POINT('',(3.95,-4.65,2.9));
#11030 = DIRECTION('',(1.,-1.224646799147E-16,0.));
#11031 = DIRECTION('',(1.359631073446E-32,1.110223024625E-16,1.));
#11032 = ADVANCED_FACE('',(#11033),#11044,.F.);
#11033 = FACE_BOUND('',#11034,.F.);
#11034 = EDGE_LOOP('',(#11035,#11036,#11037,#11043));
#11035 = ORIENTED_EDGE('',*,*,#10839,.T.);
#11036 = ORIENTED_EDGE('',*,*,#10022,.T.);
#11037 = ORIENTED_EDGE('',*,*,#11038,.F.);
#11038 = EDGE_CURVE('',#10118,#10023,#11039,.T.);
#11039 = LINE('',#11040,#11041);
#11040 = CARTESIAN_POINT('',(-0.95,1.35,3.2));
#11041 = VECTOR('',#11042,1.);
#11042 = DIRECTION('',(-1.,1.224646799147E-16,0.));
#11043 = ORIENTED_EDGE('',*,*,#10117,.F.);
#11044 = PLANE('',#11045);
#11045 = AXIS2_PLACEMENT_3D('',#11046,#11047,#11048);
#11046 = CARTESIAN_POINT('',(-0.95,-0.25,4.1));
#11047 = DIRECTION('',(-6.003968578616E-17,-0.490261239633,
    -0.871575537124));
#11048 = DIRECTION('',(1.067372191754E-16,0.871575537124,-0.490261239633
    ));
#11049 = ADVANCED_FACE('',(#11050),#11056,.F.);
#11050 = FACE_BOUND('',#11051,.F.);
#11051 = EDGE_LOOP('',(#11052,#11053,#11054,#11055));
#11052 = ORIENTED_EDGE('',*,*,#11038,.T.);
#11053 = ORIENTED_EDGE('',*,*,#10030,.T.);
#11054 = ORIENTED_EDGE('',*,*,#10085,.F.);
#11055 = ORIENTED_EDGE('',*,*,#10125,.F.);
#11056 = PLANE('',#11057);
#11057 = AXIS2_PLACEMENT_3D('',#11058,#11059,#11060);
#11058 = CARTESIAN_POINT('',(-0.95,1.35,3.2));
#11059 = DIRECTION('',(-1.224646799147E-16,-1.,0.));
#11060 = DIRECTION('',(-0.,0.,-1.));
#11061 = ADVANCED_FACE('',(#11062),#11080,.F.);
#11062 = FACE_BOUND('',#11063,.F.);
#11063 = EDGE_LOOP('',(#11064,#11065,#11071,#11072,#11078,#11079));
#11064 = ORIENTED_EDGE('',*,*,#10830,.F.);
#11065 = ORIENTED_EDGE('',*,*,#11066,.F.);
#11066 = EDGE_CURVE('',#10668,#10831,#11067,.T.);
#11067 = LINE('',#11068,#11069);
#11068 = CARTESIAN_POINT('',(-1.4,-4.45,4.8));
#11069 = VECTOR('',#11070,1.);
#11070 = DIRECTION('',(1.224646799147E-16,1.,-1.110223024625E-16));
#11071 = ORIENTED_EDGE('',*,*,#10675,.F.);
#11072 = ORIENTED_EDGE('',*,*,#11073,.T.);
#11073 = EDGE_CURVE('',#10676,#10754,#11074,.T.);
#11074 = LINE('',#11075,#11076);
#11075 = CARTESIAN_POINT('',(-0.95,-4.45,4.8));
#11076 = VECTOR('',#11077,1.);
#11077 = DIRECTION('',(-1.224646799147E-16,-1.,1.110223024625E-16));
#11078 = ORIENTED_EDGE('',*,*,#10761,.T.);
#11079 = ORIENTED_EDGE('',*,*,#10071,.F.);
#11080 = PLANE('',#11081);
#11081 = AXIS2_PLACEMENT_3D('',#11082,#11083,#11084);
#11082 = CARTESIAN_POINT('',(3.95,-0.25,4.8));
#11083 = DIRECTION('',(-1.359631073447E-32,-1.110223024625E-16,-1.));
#11084 = DIRECTION('',(-1.,1.224646799147E-16,6.927121900793E-45));
#11085 = ADVANCED_FACE('',(#11086),#11098,.T.);
#11086 = FACE_BOUND('',#11087,.T.);
#11087 = EDGE_LOOP('',(#11088,#11089,#11090,#11091,#11097));
#11088 = ORIENTED_EDGE('',*,*,#11066,.F.);
#11089 = ORIENTED_EDGE('',*,*,#10667,.T.);
#11090 = ORIENTED_EDGE('',*,*,#10200,.T.);
#11091 = ORIENTED_EDGE('',*,*,#11092,.T.);
#11092 = EDGE_CURVE('',#10201,#10856,#11093,.T.);
#11093 = LINE('',#11094,#11095);
#11094 = CARTESIAN_POINT('',(-1.4,-4.45,4.2));
#11095 = VECTOR('',#11096,1.);
#11096 = DIRECTION('',(1.224646799147E-16,1.,-1.110223024625E-16));
#11097 = ORIENTED_EDGE('',*,*,#10863,.F.);
#11098 = PLANE('',#11099);
#11099 = AXIS2_PLACEMENT_3D('',#11100,#11101,#11102);
#11100 = CARTESIAN_POINT('',(-1.4,-4.45,4.8));
#11101 = DIRECTION('',(1.,-1.224646799147E-16,0.));
#11102 = DIRECTION('',(1.224646799147E-16,1.,-1.110223024625E-16));
#11103 = ADVANCED_FACE('',(#11104),#11110,.F.);
#11104 = FACE_BOUND('',#11105,.F.);
#11105 = EDGE_LOOP('',(#11106,#11107,#11108,#11109));
#11106 = ORIENTED_EDGE('',*,*,#10951,.T.);
#11107 = ORIENTED_EDGE('',*,*,#10966,.T.);
#11108 = ORIENTED_EDGE('',*,*,#10990,.F.);
#11109 = ORIENTED_EDGE('',*,*,#10279,.F.);
#11110 = PLANE('',#11111);
#11111 = AXIS2_PLACEMENT_3D('',#11112,#11113,#11114);
#11112 = CARTESIAN_POINT('',(1.2,-2.05,1.1));
#11113 = DIRECTION('',(-1.359631073447E-32,-1.110223024625E-16,-1.));
#11114 = DIRECTION('',(-1.,1.224646799147E-16,6.927121900793E-45));
#11115 = ADVANCED_FACE('',(#11116),#11124,.F.);
#11116 = FACE_BOUND('',#11117,.F.);
#11117 = EDGE_LOOP('',(#11118,#11119,#11120,#11121,#11122,#11123));
#11118 = ORIENTED_EDGE('',*,*,#10262,.T.);
#11119 = ORIENTED_EDGE('',*,*,#11092,.T.);
#11120 = ORIENTED_EDGE('',*,*,#10855,.T.);
#11121 = ORIENTED_EDGE('',*,*,#10878,.F.);
#11122 = ORIENTED_EDGE('',*,*,#10611,.T.);
#11123 = ORIENTED_EDGE('',*,*,#10643,.T.);
#11124 = PLANE('',#11125);
#11125 = AXIS2_PLACEMENT_3D('',#11126,#11127,#11128);
#11126 = CARTESIAN_POINT('',(-0.9,-2.35,4.2));
#11127 = DIRECTION('',(-1.359631073447E-32,-1.110223024625E-16,-1.));
#11128 = DIRECTION('',(-1.224646799147E-16,-1.,1.110223024625E-16));
#11129 = ADVANCED_FACE('',(#11130),#11155,.F.);
#11130 = FACE_BOUND('',#11131,.F.);
#11131 = EDGE_LOOP('',(#11132,#11142,#11148,#11149));
#11132 = ORIENTED_EDGE('',*,*,#11133,.T.);
#11133 = EDGE_CURVE('',#11134,#11136,#11138,.T.);
#11134 = VERTEX_POINT('',#11135);
#11135 = CARTESIAN_POINT('',(0.25,-5.55,2.85));
#11136 = VERTEX_POINT('',#11137);
#11137 = CARTESIAN_POINT('',(0.25,-5.55,3.35));
#11138 = LINE('',#11139,#11140);
#11139 = CARTESIAN_POINT('',(0.25,-5.55,2.85));
#11140 = VECTOR('',#11141,1.);
#11141 = DIRECTION('',(0.,0.,1.));
#11142 = ORIENTED_EDGE('',*,*,#11143,.T.);
#11143 = EDGE_CURVE('',#11136,#10297,#11144,.T.);
#11144 = LINE('',#11145,#11146);
#11145 = CARTESIAN_POINT('',(0.25,-5.75,3.35));
#11146 = VECTOR('',#11147,1.);
#11147 = DIRECTION('',(1.224646799147E-16,1.,0.));
#11148 = ORIENTED_EDGE('',*,*,#10296,.T.);
#11149 = ORIENTED_EDGE('',*,*,#11150,.T.);
#11150 = EDGE_CURVE('',#10299,#11134,#11151,.T.);
#11151 = LINE('',#11152,#11153);
#11152 = CARTESIAN_POINT('',(0.25,-0.25,2.85));
#11153 = VECTOR('',#11154,1.);
#11154 = DIRECTION('',(-1.224646799147E-16,-1.,0.));
#11155 = PLANE('',#11156);
#11156 = AXIS2_PLACEMENT_3D('',#11157,#11158,#11159);
#11157 = CARTESIAN_POINT('',(0.25,-1.421959173294,1.302213422577));
#11158 = DIRECTION('',(-1.,1.224646799147E-16,0.));
#11159 = DIRECTION('',(0.,0.,1.));
#11160 = ADVANCED_FACE('',(#11161),#11179,.F.);
#11161 = FACE_BOUND('',#11162,.F.);
#11162 = EDGE_LOOP('',(#11163,#11164,#11172,#11178));
#11163 = ORIENTED_EDGE('',*,*,#11143,.F.);
#11164 = ORIENTED_EDGE('',*,*,#11165,.T.);
#11165 = EDGE_CURVE('',#11136,#11166,#11168,.T.);
#11166 = VERTEX_POINT('',#11167);
#11167 = CARTESIAN_POINT('',(-0.25,-5.55,3.35));
#11168 = LINE('',#11169,#11170);
#11169 = CARTESIAN_POINT('',(0.25,-5.55,3.35));
#11170 = VECTOR('',#11171,1.);
#11171 = DIRECTION('',(-1.,1.224646799147E-16,0.));
#11172 = ORIENTED_EDGE('',*,*,#11173,.T.);
#11173 = EDGE_CURVE('',#11166,#10315,#11174,.T.);
#11174 = LINE('',#11175,#11176);
#11175 = CARTESIAN_POINT('',(-0.25,-5.75,3.35));
#11176 = VECTOR('',#11177,1.);
#11177 = DIRECTION('',(1.224646799147E-16,1.,0.));
#11178 = ORIENTED_EDGE('',*,*,#10322,.T.);
#11179 = PLANE('',#11180);
#11180 = AXIS2_PLACEMENT_3D('',#11181,#11182,#11183);
#11181 = CARTESIAN_POINT('',(0.25,-5.75,3.35));
#11182 = DIRECTION('',(-0.,0.,-1.));
#11183 = DIRECTION('',(1.224646799147E-16,1.,0.));
#11184 = ADVANCED_FACE('',(#11185),#11203,.T.);
#11185 = FACE_BOUND('',#11186,.T.);
#11186 = EDGE_LOOP('',(#11187,#11195,#11196,#11197));
#11187 = ORIENTED_EDGE('',*,*,#11188,.T.);
#11188 = EDGE_CURVE('',#11189,#11166,#11191,.T.);
#11189 = VERTEX_POINT('',#11190);
#11190 = CARTESIAN_POINT('',(-0.25,-5.55,2.85));
#11191 = LINE('',#11192,#11193);
#11192 = CARTESIAN_POINT('',(-0.25,-5.55,2.85));
#11193 = VECTOR('',#11194,1.);
#11194 = DIRECTION('',(0.,0.,1.));
#11195 = ORIENTED_EDGE('',*,*,#11173,.T.);
#11196 = ORIENTED_EDGE('',*,*,#10314,.T.);
#11197 = ORIENTED_EDGE('',*,*,#11198,.T.);
#11198 = EDGE_CURVE('',#10307,#11189,#11199,.T.);
#11199 = LINE('',#11200,#11201);
#11200 = CARTESIAN_POINT('',(-0.25,-0.25,2.85));
#11201 = VECTOR('',#11202,1.);
#11202 = DIRECTION('',(-1.224646799147E-16,-1.,0.));
#11203 = PLANE('',#11204);
#11204 = AXIS2_PLACEMENT_3D('',#11205,#11206,#11207);
#11205 = CARTESIAN_POINT('',(-0.25,-1.421959173294,1.302213422577));
#11206 = DIRECTION('',(-1.,1.224646799147E-16,0.));
#11207 = DIRECTION('',(0.,0.,1.));
#11208 = ADVANCED_FACE('',(#11209),#11220,.F.);
#11209 = FACE_BOUND('',#11210,.F.);
#11210 = EDGE_LOOP('',(#11211,#11212,#11213,#11214));
#11211 = ORIENTED_EDGE('',*,*,#11150,.F.);
#11212 = ORIENTED_EDGE('',*,*,#10306,.T.);
#11213 = ORIENTED_EDGE('',*,*,#11198,.T.);
#11214 = ORIENTED_EDGE('',*,*,#11215,.F.);
#11215 = EDGE_CURVE('',#11134,#11189,#11216,.T.);
#11216 = LINE('',#11217,#11218);
#11217 = CARTESIAN_POINT('',(0.25,-5.55,2.85));
#11218 = VECTOR('',#11219,1.);
#11219 = DIRECTION('',(-1.,1.224646799147E-16,0.));
#11220 = PLANE('',#11221);
#11221 = AXIS2_PLACEMENT_3D('',#11222,#11223,#11224);
#11222 = CARTESIAN_POINT('',(0.25,-0.25,2.85));
#11223 = DIRECTION('',(0.,0.,1.));
#11224 = DIRECTION('',(-1.224646799147E-16,-1.,0.));
#11225 = ADVANCED_FACE('',(#11226),#11251,.F.);
#11226 = FACE_BOUND('',#11227,.F.);
#11227 = EDGE_LOOP('',(#11228,#11238,#11244,#11245));
#11228 = ORIENTED_EDGE('',*,*,#11229,.T.);
#11229 = EDGE_CURVE('',#11230,#11232,#11234,.T.);
#11230 = VERTEX_POINT('',#11231);
#11231 = CARTESIAN_POINT('',(2.25,-5.55,2.85));
#11232 = VERTEX_POINT('',#11233);
#11233 = CARTESIAN_POINT('',(2.25,-5.55,3.35));
#11234 = LINE('',#11235,#11236);
#11235 = CARTESIAN_POINT('',(2.25,-5.55,2.85));
#11236 = VECTOR('',#11237,1.);
#11237 = DIRECTION('',(0.,0.,1.));
#11238 = ORIENTED_EDGE('',*,*,#11239,.T.);
#11239 = EDGE_CURVE('',#11232,#10331,#11240,.T.);
#11240 = LINE('',#11241,#11242);
#11241 = CARTESIAN_POINT('',(2.25,-5.75,3.35));
#11242 = VECTOR('',#11243,1.);
#11243 = DIRECTION('',(1.224646799147E-16,1.,0.));
#11244 = ORIENTED_EDGE('',*,*,#10330,.T.);
#11245 = ORIENTED_EDGE('',*,*,#11246,.T.);
#11246 = EDGE_CURVE('',#10333,#11230,#11247,.T.);
#11247 = LINE('',#11248,#11249);
#11248 = CARTESIAN_POINT('',(2.25,-0.25,2.85));
#11249 = VECTOR('',#11250,1.);
#11250 = DIRECTION('',(-1.224646799147E-16,-1.,0.));
#11251 = PLANE('',#11252);
#11252 = AXIS2_PLACEMENT_3D('',#11253,#11254,#11255);
#11253 = CARTESIAN_POINT('',(2.25,-1.421959173294,1.302213422577));
#11254 = DIRECTION('',(-1.,1.224646799147E-16,0.));
#11255 = DIRECTION('',(0.,0.,1.));
#11256 = ADVANCED_FACE('',(#11257),#11275,.F.);
#11257 = FACE_BOUND('',#11258,.F.);
#11258 = EDGE_LOOP('',(#11259,#11260,#11268,#11274));
#11259 = ORIENTED_EDGE('',*,*,#11239,.F.);
#11260 = ORIENTED_EDGE('',*,*,#11261,.T.);
#11261 = EDGE_CURVE('',#11232,#11262,#11264,.T.);
#11262 = VERTEX_POINT('',#11263);
#11263 = CARTESIAN_POINT('',(1.75,-5.55,3.35));
#11264 = LINE('',#11265,#11266);
#11265 = CARTESIAN_POINT('',(2.25,-5.55,3.35));
#11266 = VECTOR('',#11267,1.);
#11267 = DIRECTION('',(-1.,1.224646799147E-16,0.));
#11268 = ORIENTED_EDGE('',*,*,#11269,.T.);
#11269 = EDGE_CURVE('',#11262,#10349,#11270,.T.);
#11270 = LINE('',#11271,#11272);
#11271 = CARTESIAN_POINT('',(1.75,-5.75,3.35));
#11272 = VECTOR('',#11273,1.);
#11273 = DIRECTION('',(1.224646799147E-16,1.,0.));
#11274 = ORIENTED_EDGE('',*,*,#10356,.T.);
#11275 = PLANE('',#11276);
#11276 = AXIS2_PLACEMENT_3D('',#11277,#11278,#11279);
#11277 = CARTESIAN_POINT('',(2.25,-5.75,3.35));
#11278 = DIRECTION('',(-0.,0.,-1.));
#11279 = DIRECTION('',(1.224646799147E-16,1.,0.));
#11280 = ADVANCED_FACE('',(#11281),#11299,.T.);
#11281 = FACE_BOUND('',#11282,.T.);
#11282 = EDGE_LOOP('',(#11283,#11291,#11292,#11293));
#11283 = ORIENTED_EDGE('',*,*,#11284,.T.);
#11284 = EDGE_CURVE('',#11285,#11262,#11287,.T.);
#11285 = VERTEX_POINT('',#11286);
#11286 = CARTESIAN_POINT('',(1.75,-5.55,2.85));
#11287 = LINE('',#11288,#11289);
#11288 = CARTESIAN_POINT('',(1.75,-5.55,2.85));
#11289 = VECTOR('',#11290,1.);
#11290 = DIRECTION('',(0.,0.,1.));
#11291 = ORIENTED_EDGE('',*,*,#11269,.T.);
#11292 = ORIENTED_EDGE('',*,*,#10348,.T.);
#11293 = ORIENTED_EDGE('',*,*,#11294,.T.);
#11294 = EDGE_CURVE('',#10341,#11285,#11295,.T.);
#11295 = LINE('',#11296,#11297);
#11296 = CARTESIAN_POINT('',(1.75,-0.25,2.85));
#11297 = VECTOR('',#11298,1.);
#11298 = DIRECTION('',(-1.224646799147E-16,-1.,0.));
#11299 = PLANE('',#11300);
#11300 = AXIS2_PLACEMENT_3D('',#11301,#11302,#11303);
#11301 = CARTESIAN_POINT('',(1.75,-1.421959173294,1.302213422577));
#11302 = DIRECTION('',(-1.,1.224646799147E-16,0.));
#11303 = DIRECTION('',(0.,0.,1.));
#11304 = ADVANCED_FACE('',(#11305),#11316,.F.);
#11305 = FACE_BOUND('',#11306,.F.);
#11306 = EDGE_LOOP('',(#11307,#11308,#11309,#11310));
#11307 = ORIENTED_EDGE('',*,*,#11246,.F.);
#11308 = ORIENTED_EDGE('',*,*,#10340,.T.);
#11309 = ORIENTED_EDGE('',*,*,#11294,.T.);
#11310 = ORIENTED_EDGE('',*,*,#11311,.F.);
#11311 = EDGE_CURVE('',#11230,#11285,#11312,.T.);
#11312 = LINE('',#11313,#11314);
#11313 = CARTESIAN_POINT('',(2.25,-5.55,2.85));
#11314 = VECTOR('',#11315,1.);
#11315 = DIRECTION('',(-1.,1.224646799147E-16,0.));
#11316 = PLANE('',#11317);
#11317 = AXIS2_PLACEMENT_3D('',#11318,#11319,#11320);
#11318 = CARTESIAN_POINT('',(2.25,-0.25,2.85));
#11319 = DIRECTION('',(0.,0.,1.));
#11320 = DIRECTION('',(-1.224646799147E-16,-1.,0.));
#11321 = ADVANCED_FACE('',(#11322,#11328),#11362,.F.);
#11322 = FACE_BOUND('',#11323,.F.);
#11323 = EDGE_LOOP('',(#11324,#11325,#11326,#11327));
#11324 = ORIENTED_EDGE('',*,*,#10504,.T.);
#11325 = ORIENTED_EDGE('',*,*,#10522,.T.);
#11326 = ORIENTED_EDGE('',*,*,#10925,.F.);
#11327 = ORIENTED_EDGE('',*,*,#10387,.F.);
#11328 = FACE_BOUND('',#11329,.F.);
#11329 = EDGE_LOOP('',(#11330,#11340,#11348,#11356));
#11330 = ORIENTED_EDGE('',*,*,#11331,.T.);
#11331 = EDGE_CURVE('',#11332,#11334,#11336,.T.);
#11332 = VERTEX_POINT('',#11333);
#11333 = CARTESIAN_POINT('',(2.25,-0.35,3.35));
#11334 = VERTEX_POINT('',#11335);
#11335 = CARTESIAN_POINT('',(2.25,-0.35,2.85));
#11336 = LINE('',#11337,#11338);
#11337 = CARTESIAN_POINT('',(2.25,-0.35,2.451106711288));
#11338 = VECTOR('',#11339,1.);
#11339 = DIRECTION('',(-1.359631073447E-32,-1.110223024625E-16,-1.));
#11340 = ORIENTED_EDGE('',*,*,#11341,.T.);
#11341 = EDGE_CURVE('',#11334,#11342,#11344,.T.);
#11342 = VERTEX_POINT('',#11343);
#11343 = CARTESIAN_POINT('',(1.75,-0.35,2.85));
#11344 = LINE('',#11345,#11346);
#11345 = CARTESIAN_POINT('',(2.5,-0.35,2.85));
#11346 = VECTOR('',#11347,1.);
#11347 = DIRECTION('',(-1.,1.224646799147E-16,0.));
#11348 = ORIENTED_EDGE('',*,*,#11349,.F.);
#11349 = EDGE_CURVE('',#11350,#11342,#11352,.T.);
#11350 = VERTEX_POINT('',#11351);
#11351 = CARTESIAN_POINT('',(1.75,-0.35,3.35));
#11352 = LINE('',#11353,#11354);
#11353 = CARTESIAN_POINT('',(1.75,-0.35,2.451106711288));
#11354 = VECTOR('',#11355,1.);
#11355 = DIRECTION('',(-1.359631073447E-32,-1.110223024625E-16,-1.));
#11356 = ORIENTED_EDGE('',*,*,#11357,.T.);
#11357 = EDGE_CURVE('',#11350,#11332,#11358,.T.);
#11358 = LINE('',#11359,#11360);
#11359 = CARTESIAN_POINT('',(2.5,-0.35,3.35));
#11360 = VECTOR('',#11361,1.);
#11361 = DIRECTION('',(1.,-1.224646799147E-16,0.));
#11362 = PLANE('',#11363);
#11363 = AXIS2_PLACEMENT_3D('',#11364,#11365,#11366);
#11364 = CARTESIAN_POINT('',(2.75,-0.35,3.6));
#11365 = DIRECTION('',(-1.224646799147E-16,-1.,1.110223024625E-16));
#11366 = DIRECTION('',(-1.359631073447E-32,-1.110223024625E-16,-1.));
#11367 = ADVANCED_FACE('',(#11368,#11374),#11408,.F.);
#11368 = FACE_BOUND('',#11369,.F.);
#11369 = EDGE_LOOP('',(#11370,#11371,#11372,#11373));
#11370 = ORIENTED_EDGE('',*,*,#10627,.T.);
#11371 = ORIENTED_EDGE('',*,*,#10885,.T.);
#11372 = ORIENTED_EDGE('',*,*,#10908,.F.);
#11373 = ORIENTED_EDGE('',*,*,#10577,.F.);
#11374 = FACE_BOUND('',#11375,.F.);
#11375 = EDGE_LOOP('',(#11376,#11386,#11394,#11402));
#11376 = ORIENTED_EDGE('',*,*,#11377,.T.);
#11377 = EDGE_CURVE('',#11378,#11380,#11382,.T.);
#11378 = VERTEX_POINT('',#11379);
#11379 = CARTESIAN_POINT('',(0.25,-0.35,3.35));
#11380 = VERTEX_POINT('',#11381);
#11381 = CARTESIAN_POINT('',(0.25,-0.35,2.85));
#11382 = LINE('',#11383,#11384);
#11383 = CARTESIAN_POINT('',(0.25,-0.35,2.451106711288));
#11384 = VECTOR('',#11385,1.);
#11385 = DIRECTION('',(-1.359631073447E-32,-1.110223024625E-16,-1.));
#11386 = ORIENTED_EDGE('',*,*,#11387,.T.);
#11387 = EDGE_CURVE('',#11380,#11388,#11390,.T.);
#11388 = VERTEX_POINT('',#11389);
#11389 = CARTESIAN_POINT('',(-0.25,-0.35,2.85));
#11390 = LINE('',#11391,#11392);
#11391 = CARTESIAN_POINT('',(0.5,-0.35,2.85));
#11392 = VECTOR('',#11393,1.);
#11393 = DIRECTION('',(-1.,1.224646799147E-16,0.));
#11394 = ORIENTED_EDGE('',*,*,#11395,.F.);
#11395 = EDGE_CURVE('',#11396,#11388,#11398,.T.);
#11396 = VERTEX_POINT('',#11397);
#11397 = CARTESIAN_POINT('',(-0.25,-0.35,3.35));
#11398 = LINE('',#11399,#11400);
#11399 = CARTESIAN_POINT('',(-0.25,-0.35,2.451106711288));
#11400 = VECTOR('',#11401,1.);
#11401 = DIRECTION('',(-1.359631073447E-32,-1.110223024625E-16,-1.));
#11402 = ORIENTED_EDGE('',*,*,#11403,.T.);
#11403 = EDGE_CURVE('',#11396,#11378,#11404,.T.);
#11404 = LINE('',#11405,#11406);
#11405 = CARTESIAN_POINT('',(0.5,-0.35,3.35));
#11406 = VECTOR('',#11407,1.);
#11407 = DIRECTION('',(1.,-1.224646799147E-16,0.));
#11408 = PLANE('',#11409);
#11409 = AXIS2_PLACEMENT_3D('',#11410,#11411,#11412);
#11410 = CARTESIAN_POINT('',(0.75,-0.35,3.6));
#11411 = DIRECTION('',(-1.224646799147E-16,-1.,1.110223024625E-16));
#11412 = DIRECTION('',(-1.359631073447E-32,-1.110223024625E-16,-1.));
#11413 = ADVANCED_FACE('',(#11414),#11425,.F.);
#11414 = FACE_BOUND('',#11415,.F.);
#11415 = EDGE_LOOP('',(#11416,#11422,#11423,#11424));
#11416 = ORIENTED_EDGE('',*,*,#11417,.T.);
#11417 = EDGE_CURVE('',#10684,#10746,#11418,.T.);
#11418 = LINE('',#11419,#11420);
#11419 = CARTESIAN_POINT('',(-0.95,-4.45,4.85));
#11420 = VECTOR('',#11421,1.);
#11421 = DIRECTION('',(-1.224646799147E-16,-1.,1.110223024625E-16));
#11422 = ORIENTED_EDGE('',*,*,#10753,.T.);
#11423 = ORIENTED_EDGE('',*,*,#11073,.F.);
#11424 = ORIENTED_EDGE('',*,*,#10683,.F.);
#11425 = PLANE('',#11426);
#11426 = AXIS2_PLACEMENT_3D('',#11427,#11428,#11429);
#11427 = CARTESIAN_POINT('',(-0.95,-4.45,4.85));
#11428 = DIRECTION('',(1.,-1.224646799147E-16,0.));
#11429 = DIRECTION('',(-1.359631073446E-32,-1.110223024625E-16,-1.));
#11430 = ADVANCED_FACE('',(#11431),#11437,.F.);
#11431 = FACE_BOUND('',#11432,.F.);
#11432 = EDGE_LOOP('',(#11433,#11434,#11435,#11436));
#11433 = ORIENTED_EDGE('',*,*,#10722,.T.);
#11434 = ORIENTED_EDGE('',*,*,#10745,.T.);
#11435 = ORIENTED_EDGE('',*,*,#11417,.F.);
#11436 = ORIENTED_EDGE('',*,*,#10691,.F.);
#11437 = PLANE('',#11438);
#11438 = AXIS2_PLACEMENT_3D('',#11439,#11440,#11441);
#11439 = CARTESIAN_POINT('',(-0.45,-4.45,4.85));
#11440 = DIRECTION('',(-1.359631073447E-32,-1.110223024625E-16,-1.));
#11441 = DIRECTION('',(-1.,1.224646799147E-16,6.927121900793E-45));
#11442 = ADVANCED_FACE('',(#11443),#11468,.T.);
#11443 = FACE_BOUND('',#11444,.T.);
#11444 = EDGE_LOOP('',(#11445,#11453,#11454,#11462));
#11445 = ORIENTED_EDGE('',*,*,#11446,.F.);
#11446 = EDGE_CURVE('',#11134,#11447,#11449,.T.);
#11447 = VERTEX_POINT('',#11448);
#11448 = CARTESIAN_POINT('',(5.E-02,-5.75,3.05));
#11449 = LINE('',#11450,#11451);
#11450 = CARTESIAN_POINT('',(0.183333333333,-5.616666666667,
    2.916666666667));
#11451 = VECTOR('',#11452,1.);
#11452 = DIRECTION('',(-0.57735026919,-0.57735026919,0.57735026919));
#11453 = ORIENTED_EDGE('',*,*,#11133,.T.);
#11454 = ORIENTED_EDGE('',*,*,#11455,.F.);
#11455 = EDGE_CURVE('',#11456,#11136,#11458,.T.);
#11456 = VERTEX_POINT('',#11457);
#11457 = CARTESIAN_POINT('',(5.E-02,-5.75,3.15));
#11458 = LINE('',#11459,#11460);
#11459 = CARTESIAN_POINT('',(0.1,-5.7,3.2));
#11460 = VECTOR('',#11461,1.);
#11461 = DIRECTION('',(0.57735026919,0.57735026919,0.57735026919));
#11462 = ORIENTED_EDGE('',*,*,#11463,.F.);
#11463 = EDGE_CURVE('',#11447,#11456,#11464,.T.);
#11464 = LINE('',#11465,#11466);
#11465 = CARTESIAN_POINT('',(5.E-02,-5.75,2.85));
#11466 = VECTOR('',#11467,1.);
#11467 = DIRECTION('',(0.,0.,1.));
#11468 = PLANE('',#11469);
#11469 = AXIS2_PLACEMENT_3D('',#11470,#11471,#11472);
#11470 = CARTESIAN_POINT('',(0.15,-5.65,2.85));
#11471 = DIRECTION('',(0.707106781187,-0.707106781187,
    -1.735417226644E-18));
#11472 = DIRECTION('',(1.227125289148E-18,-1.227125289148E-18,1.));
#11473 = ADVANCED_FACE('',(#11474),#11492,.T.);
#11474 = FACE_BOUND('',#11475,.F.);
#11475 = EDGE_LOOP('',(#11476,#11477,#11485,#11491));
#11476 = ORIENTED_EDGE('',*,*,#11455,.F.);
#11477 = ORIENTED_EDGE('',*,*,#11478,.T.);
#11478 = EDGE_CURVE('',#11456,#11479,#11481,.T.);
#11479 = VERTEX_POINT('',#11480);
#11480 = CARTESIAN_POINT('',(-5.E-02,-5.75,3.15));
#11481 = LINE('',#11482,#11483);
#11482 = CARTESIAN_POINT('',(0.25,-5.75,3.15));
#11483 = VECTOR('',#11484,1.);
#11484 = DIRECTION('',(-1.,1.224646799147E-16,0.));
#11485 = ORIENTED_EDGE('',*,*,#11486,.F.);
#11486 = EDGE_CURVE('',#11166,#11479,#11487,.T.);
#11487 = LINE('',#11488,#11489);
#11488 = CARTESIAN_POINT('',(-1.666666666667E-02,-5.783333333333,
    3.116666666667));
#11489 = VECTOR('',#11490,1.);
#11490 = DIRECTION('',(0.57735026919,-0.57735026919,-0.57735026919));
#11491 = ORIENTED_EDGE('',*,*,#11165,.F.);
#11492 = PLANE('',#11493);
#11493 = AXIS2_PLACEMENT_3D('',#11494,#11495,#11496);
#11494 = CARTESIAN_POINT('',(0.25,-5.65,3.25));
#11495 = DIRECTION('',(-8.659560562349E-17,-0.707106781187,
    0.707106781187));
#11496 = DIRECTION('',(1.,-1.224646799147E-16,-2.105273685727E-29));
#11497 = ADVANCED_FACE('',(#11498),#11516,.F.);
#11498 = FACE_BOUND('',#11499,.F.);
#11499 = EDGE_LOOP('',(#11500,#11508,#11509,#11510));
#11500 = ORIENTED_EDGE('',*,*,#11501,.F.);
#11501 = EDGE_CURVE('',#11189,#11502,#11504,.T.);
#11502 = VERTEX_POINT('',#11503);
#11503 = CARTESIAN_POINT('',(-5.E-02,-5.75,3.05));
#11504 = LINE('',#11505,#11506);
#11505 = CARTESIAN_POINT('',(-0.1,-5.7,3.));
#11506 = VECTOR('',#11507,1.);
#11507 = DIRECTION('',(0.57735026919,-0.57735026919,0.57735026919));
#11508 = ORIENTED_EDGE('',*,*,#11188,.T.);
#11509 = ORIENTED_EDGE('',*,*,#11486,.T.);
#11510 = ORIENTED_EDGE('',*,*,#11511,.F.);
#11511 = EDGE_CURVE('',#11502,#11479,#11512,.T.);
#11512 = LINE('',#11513,#11514);
#11513 = CARTESIAN_POINT('',(-5.E-02,-5.75,2.85));
#11514 = VECTOR('',#11515,1.);
#11515 = DIRECTION('',(0.,0.,1.));
#11516 = PLANE('',#11517);
#11517 = AXIS2_PLACEMENT_3D('',#11518,#11519,#11520);
#11518 = CARTESIAN_POINT('',(-0.15,-5.65,2.85));
#11519 = DIRECTION('',(0.707106781187,0.707106781187,1.735417226644E-18)
  );
#11520 = DIRECTION('',(-1.227125289148E-18,-1.227125289148E-18,1.));
#11521 = ADVANCED_FACE('',(#11522),#11533,.T.);
#11522 = FACE_BOUND('',#11523,.F.);
#11523 = EDGE_LOOP('',(#11524,#11525,#11526,#11527));
#11524 = ORIENTED_EDGE('',*,*,#11446,.F.);
#11525 = ORIENTED_EDGE('',*,*,#11215,.T.);
#11526 = ORIENTED_EDGE('',*,*,#11501,.T.);
#11527 = ORIENTED_EDGE('',*,*,#11528,.F.);
#11528 = EDGE_CURVE('',#11447,#11502,#11529,.T.);
#11529 = LINE('',#11530,#11531);
#11530 = CARTESIAN_POINT('',(0.25,-5.75,3.05));
#11531 = VECTOR('',#11532,1.);
#11532 = DIRECTION('',(-1.,1.224646799147E-16,0.));
#11533 = PLANE('',#11534);
#11534 = AXIS2_PLACEMENT_3D('',#11535,#11536,#11537);
#11535 = CARTESIAN_POINT('',(0.25,-5.65,2.95));
#11536 = DIRECTION('',(-8.659560562349E-17,-0.707106781187,
    -0.707106781187));
#11537 = DIRECTION('',(1.,-1.224646799147E-16,2.105273685727E-29));
#11538 = ADVANCED_FACE('',(#11539),#11564,.T.);
#11539 = FACE_BOUND('',#11540,.T.);
#11540 = EDGE_LOOP('',(#11541,#11549,#11550,#11558));
#11541 = ORIENTED_EDGE('',*,*,#11542,.F.);
#11542 = EDGE_CURVE('',#11230,#11543,#11545,.T.);
#11543 = VERTEX_POINT('',#11544);
#11544 = CARTESIAN_POINT('',(2.05,-5.75,3.05));
#11545 = LINE('',#11546,#11547);
#11546 = CARTESIAN_POINT('',(2.183333333333,-5.616666666667,
    2.916666666667));
#11547 = VECTOR('',#11548,1.);
#11548 = DIRECTION('',(-0.57735026919,-0.57735026919,0.57735026919));
#11549 = ORIENTED_EDGE('',*,*,#11229,.T.);
#11550 = ORIENTED_EDGE('',*,*,#11551,.F.);
#11551 = EDGE_CURVE('',#11552,#11232,#11554,.T.);
#11552 = VERTEX_POINT('',#11553);
#11553 = CARTESIAN_POINT('',(2.05,-5.75,3.15));
#11554 = LINE('',#11555,#11556);
#11555 = CARTESIAN_POINT('',(2.1,-5.7,3.2));
#11556 = VECTOR('',#11557,1.);
#11557 = DIRECTION('',(0.57735026919,0.57735026919,0.57735026919));
#11558 = ORIENTED_EDGE('',*,*,#11559,.F.);
#11559 = EDGE_CURVE('',#11543,#11552,#11560,.T.);
#11560 = LINE('',#11561,#11562);
#11561 = CARTESIAN_POINT('',(2.05,-5.75,2.85));
#11562 = VECTOR('',#11563,1.);
#11563 = DIRECTION('',(0.,0.,1.));
#11564 = PLANE('',#11565);
#11565 = AXIS2_PLACEMENT_3D('',#11566,#11567,#11568);
#11566 = CARTESIAN_POINT('',(2.15,-5.65,2.85));
#11567 = DIRECTION('',(0.707106781187,-0.707106781187,
    -1.735417226644E-18));
#11568 = DIRECTION('',(1.227125289148E-18,-1.227125289148E-18,1.));
#11569 = ADVANCED_FACE('',(#11570),#11588,.T.);
#11570 = FACE_BOUND('',#11571,.F.);
#11571 = EDGE_LOOP('',(#11572,#11573,#11581,#11587));
#11572 = ORIENTED_EDGE('',*,*,#11551,.F.);
#11573 = ORIENTED_EDGE('',*,*,#11574,.T.);
#11574 = EDGE_CURVE('',#11552,#11575,#11577,.T.);
#11575 = VERTEX_POINT('',#11576);
#11576 = CARTESIAN_POINT('',(1.95,-5.75,3.15));
#11577 = LINE('',#11578,#11579);
#11578 = CARTESIAN_POINT('',(2.25,-5.75,3.15));
#11579 = VECTOR('',#11580,1.);
#11580 = DIRECTION('',(-1.,1.224646799147E-16,0.));
#11581 = ORIENTED_EDGE('',*,*,#11582,.F.);
#11582 = EDGE_CURVE('',#11262,#11575,#11583,.T.);
#11583 = LINE('',#11584,#11585);
#11584 = CARTESIAN_POINT('',(1.983333333333,-5.783333333333,
    3.116666666667));
#11585 = VECTOR('',#11586,1.);
#11586 = DIRECTION('',(0.57735026919,-0.57735026919,-0.57735026919));
#11587 = ORIENTED_EDGE('',*,*,#11261,.F.);
#11588 = PLANE('',#11589);
#11589 = AXIS2_PLACEMENT_3D('',#11590,#11591,#11592);
#11590 = CARTESIAN_POINT('',(2.25,-5.65,3.25));
#11591 = DIRECTION('',(-8.659560562349E-17,-0.707106781187,
    0.707106781187));
#11592 = DIRECTION('',(1.,-1.224646799147E-16,-2.105273685727E-29));
#11593 = ADVANCED_FACE('',(#11594),#11612,.F.);
#11594 = FACE_BOUND('',#11595,.F.);
#11595 = EDGE_LOOP('',(#11596,#11604,#11605,#11606));
#11596 = ORIENTED_EDGE('',*,*,#11597,.F.);
#11597 = EDGE_CURVE('',#11285,#11598,#11600,.T.);
#11598 = VERTEX_POINT('',#11599);
#11599 = CARTESIAN_POINT('',(1.95,-5.75,3.05));
#11600 = LINE('',#11601,#11602);
#11601 = CARTESIAN_POINT('',(1.9,-5.7,3.));
#11602 = VECTOR('',#11603,1.);
#11603 = DIRECTION('',(0.57735026919,-0.57735026919,0.57735026919));
#11604 = ORIENTED_EDGE('',*,*,#11284,.T.);
#11605 = ORIENTED_EDGE('',*,*,#11582,.T.);
#11606 = ORIENTED_EDGE('',*,*,#11607,.F.);
#11607 = EDGE_CURVE('',#11598,#11575,#11608,.T.);
#11608 = LINE('',#11609,#11610);
#11609 = CARTESIAN_POINT('',(1.95,-5.75,2.85));
#11610 = VECTOR('',#11611,1.);
#11611 = DIRECTION('',(0.,0.,1.));
#11612 = PLANE('',#11613);
#11613 = AXIS2_PLACEMENT_3D('',#11614,#11615,#11616);
#11614 = CARTESIAN_POINT('',(1.85,-5.65,2.85));
#11615 = DIRECTION('',(0.707106781187,0.707106781187,1.735417226644E-18)
  );
#11616 = DIRECTION('',(-1.227125289148E-18,-1.227125289148E-18,1.));
#11617 = ADVANCED_FACE('',(#11618),#11629,.T.);
#11618 = FACE_BOUND('',#11619,.F.);
#11619 = EDGE_LOOP('',(#11620,#11621,#11622,#11623));
#11620 = ORIENTED_EDGE('',*,*,#11542,.F.);
#11621 = ORIENTED_EDGE('',*,*,#11311,.T.);
#11622 = ORIENTED_EDGE('',*,*,#11597,.T.);
#11623 = ORIENTED_EDGE('',*,*,#11624,.F.);
#11624 = EDGE_CURVE('',#11543,#11598,#11625,.T.);
#11625 = LINE('',#11626,#11627);
#11626 = CARTESIAN_POINT('',(2.25,-5.75,3.05));
#11627 = VECTOR('',#11628,1.);
#11628 = DIRECTION('',(-1.,1.224646799147E-16,0.));
#11629 = PLANE('',#11630);
#11630 = AXIS2_PLACEMENT_3D('',#11631,#11632,#11633);
#11631 = CARTESIAN_POINT('',(2.25,-5.65,2.95));
#11632 = DIRECTION('',(-8.659560562349E-17,-0.707106781187,
    -0.707106781187));
#11633 = DIRECTION('',(1.,-1.224646799147E-16,2.105273685727E-29));
#11634 = ADVANCED_FACE('',(#11635),#11726,.F.);
#11635 = FACE_BOUND('',#11636,.F.);
#11636 = EDGE_LOOP('',(#11637,#11638,#11646,#11655,#11663,#11671,#11679,
    #11687,#11695,#11703,#11711,#11720));
#11637 = ORIENTED_EDGE('',*,*,#11331,.F.);
#11638 = ORIENTED_EDGE('',*,*,#11639,.T.);
#11639 = EDGE_CURVE('',#11332,#11640,#11642,.T.);
#11640 = VERTEX_POINT('',#11641);
#11641 = CARTESIAN_POINT('',(2.25,-0.3,3.35));
#11642 = LINE('',#11643,#11644);
#11643 = CARTESIAN_POINT('',(2.25,-5.75,3.35));
#11644 = VECTOR('',#11645,1.);
#11645 = DIRECTION('',(1.224646799147E-16,1.,0.));
#11646 = ORIENTED_EDGE('',*,*,#11647,.T.);
#11647 = EDGE_CURVE('',#11640,#11648,#11650,.T.);
#11648 = VERTEX_POINT('',#11649);
#11649 = CARTESIAN_POINT('',(2.25,0.25,2.8));
#11650 = CIRCLE('',#11651,0.55);
#11651 = AXIS2_PLACEMENT_3D('',#11652,#11653,#11654);
#11652 = CARTESIAN_POINT('',(2.25,-0.3,2.8));
#11653 = DIRECTION('',(-1.,1.224646799147E-16,0.));
#11654 = DIRECTION('',(0.,0.,1.));
#11655 = ORIENTED_EDGE('',*,*,#11656,.T.);
#11656 = EDGE_CURVE('',#11648,#11657,#11659,.T.);
#11657 = VERTEX_POINT('',#11658);
#11658 = CARTESIAN_POINT('',(2.25,0.25,-0.9));
#11659 = LINE('',#11660,#11661);
#11660 = CARTESIAN_POINT('',(2.25,0.25,3.35));
#11661 = VECTOR('',#11662,1.);
#11662 = DIRECTION('',(-0.,0.,-1.));
#11663 = ORIENTED_EDGE('',*,*,#11664,.T.);
#11664 = EDGE_CURVE('',#11657,#11665,#11667,.T.);
#11665 = VERTEX_POINT('',#11666);
#11666 = CARTESIAN_POINT('',(2.25,-5.E-02,-1.5));
#11667 = LINE('',#11668,#11669);
#11668 = CARTESIAN_POINT('',(2.25,0.25,-0.9));
#11669 = VECTOR('',#11670,1.);
#11670 = DIRECTION('',(-5.476786982641E-17,-0.4472135955,-0.894427191));
#11671 = ORIENTED_EDGE('',*,*,#11672,.T.);
#11672 = EDGE_CURVE('',#11665,#11673,#11675,.T.);
#11673 = VERTEX_POINT('',#11674);
#11674 = CARTESIAN_POINT('',(2.25,0.218421052632,-3.2));
#11675 = LINE('',#11676,#11677);
#11676 = CARTESIAN_POINT('',(2.25,-5.E-02,-1.5));
#11677 = VECTOR('',#11678,1.);
#11678 = DIRECTION('',(1.909990663905E-17,0.155962573473,-0.987762965329
    ));
#11679 = ORIENTED_EDGE('',*,*,#11680,.T.);
#11680 = EDGE_CURVE('',#11673,#11681,#11683,.T.);
#11681 = VERTEX_POINT('',#11682);
#11682 = CARTESIAN_POINT('',(2.25,-0.281578947368,-3.2));
#11683 = LINE('',#11684,#11685);
#11684 = CARTESIAN_POINT('',(2.25,0.25,-3.2));
#11685 = VECTOR('',#11686,1.);
#11686 = DIRECTION('',(-1.224646799147E-16,-1.,0.));
#11687 = ORIENTED_EDGE('',*,*,#11688,.T.);
#11688 = EDGE_CURVE('',#11681,#11689,#11691,.T.);
#11689 = VERTEX_POINT('',#11690);
#11690 = CARTESIAN_POINT('',(2.25,-0.55,-1.5));
#11691 = LINE('',#11692,#11693);
#11692 = CARTESIAN_POINT('',(2.25,-0.25,-3.4));
#11693 = VECTOR('',#11694,1.);
#11694 = DIRECTION('',(-1.909990663905E-17,-0.155962573473,
    0.987762965329));
#11695 = ORIENTED_EDGE('',*,*,#11696,.T.);
#11696 = EDGE_CURVE('',#11689,#11697,#11699,.T.);
#11697 = VERTEX_POINT('',#11698);
#11698 = CARTESIAN_POINT('',(2.25,-0.25,-0.9));
#11699 = LINE('',#11700,#11701);
#11700 = CARTESIAN_POINT('',(2.25,-0.55,-1.5));
#11701 = VECTOR('',#11702,1.);
#11702 = DIRECTION('',(5.476786982641E-17,0.4472135955,0.894427191));
#11703 = ORIENTED_EDGE('',*,*,#11704,.T.);
#11704 = EDGE_CURVE('',#11697,#11705,#11707,.T.);
#11705 = VERTEX_POINT('',#11706);
#11706 = CARTESIAN_POINT('',(2.25,-0.25,2.8));
#11707 = LINE('',#11708,#11709);
#11708 = CARTESIAN_POINT('',(2.25,-0.25,-0.9));
#11709 = VECTOR('',#11710,1.);
#11710 = DIRECTION('',(0.,0.,1.));
#11711 = ORIENTED_EDGE('',*,*,#11712,.F.);
#11712 = EDGE_CURVE('',#11713,#11705,#11715,.T.);
#11713 = VERTEX_POINT('',#11714);
#11714 = CARTESIAN_POINT('',(2.25,-0.3,2.85));
#11715 = CIRCLE('',#11716,5.E-02);
#11716 = AXIS2_PLACEMENT_3D('',#11717,#11718,#11719);
#11717 = CARTESIAN_POINT('',(2.25,-0.3,2.8));
#11718 = DIRECTION('',(-1.,1.224646799147E-16,0.));
#11719 = DIRECTION('',(0.,0.,1.));
#11720 = ORIENTED_EDGE('',*,*,#11721,.T.);
#11721 = EDGE_CURVE('',#11713,#11334,#11722,.T.);
#11722 = LINE('',#11723,#11724);
#11723 = CARTESIAN_POINT('',(2.25,-0.25,2.85));
#11724 = VECTOR('',#11725,1.);
#11725 = DIRECTION('',(-1.224646799147E-16,-1.,0.));
#11726 = PLANE('',#11727);
#11727 = AXIS2_PLACEMENT_3D('',#11728,#11729,#11730);
#11728 = CARTESIAN_POINT('',(2.25,-1.421959173294,1.302213422577));
#11729 = DIRECTION('',(-1.,1.224646799147E-16,0.));
#11730 = DIRECTION('',(0.,0.,1.));
#11731 = ADVANCED_FACE('',(#11732),#11750,.F.);
#11732 = FACE_BOUND('',#11733,.F.);
#11733 = EDGE_LOOP('',(#11734,#11735,#11736,#11744));
#11734 = ORIENTED_EDGE('',*,*,#11639,.F.);
#11735 = ORIENTED_EDGE('',*,*,#11357,.F.);
#11736 = ORIENTED_EDGE('',*,*,#11737,.T.);
#11737 = EDGE_CURVE('',#11350,#11738,#11740,.T.);
#11738 = VERTEX_POINT('',#11739);
#11739 = CARTESIAN_POINT('',(1.75,-0.3,3.35));
#11740 = LINE('',#11741,#11742);
#11741 = CARTESIAN_POINT('',(1.75,-5.75,3.35));
#11742 = VECTOR('',#11743,1.);
#11743 = DIRECTION('',(1.224646799147E-16,1.,0.));
#11744 = ORIENTED_EDGE('',*,*,#11745,.F.);
#11745 = EDGE_CURVE('',#11640,#11738,#11746,.T.);
#11746 = LINE('',#11747,#11748);
#11747 = CARTESIAN_POINT('',(2.25,-0.3,3.35));
#11748 = VECTOR('',#11749,1.);
#11749 = DIRECTION('',(-1.,1.224646799147E-16,0.));
#11750 = PLANE('',#11751);
#11751 = AXIS2_PLACEMENT_3D('',#11752,#11753,#11754);
#11752 = CARTESIAN_POINT('',(2.25,-5.75,3.35));
#11753 = DIRECTION('',(-0.,0.,-1.));
#11754 = DIRECTION('',(1.224646799147E-16,1.,0.));
#11755 = ADVANCED_FACE('',(#11756),#11840,.T.);
#11756 = FACE_BOUND('',#11757,.T.);
#11757 = EDGE_LOOP('',(#11758,#11759,#11760,#11769,#11777,#11785,#11793,
    #11801,#11809,#11817,#11825,#11834));
#11758 = ORIENTED_EDGE('',*,*,#11349,.F.);
#11759 = ORIENTED_EDGE('',*,*,#11737,.T.);
#11760 = ORIENTED_EDGE('',*,*,#11761,.T.);
#11761 = EDGE_CURVE('',#11738,#11762,#11764,.T.);
#11762 = VERTEX_POINT('',#11763);
#11763 = CARTESIAN_POINT('',(1.75,0.25,2.8));
#11764 = CIRCLE('',#11765,0.55);
#11765 = AXIS2_PLACEMENT_3D('',#11766,#11767,#11768);
#11766 = CARTESIAN_POINT('',(1.75,-0.3,2.8));
#11767 = DIRECTION('',(-1.,1.224646799147E-16,0.));
#11768 = DIRECTION('',(0.,0.,1.));
#11769 = ORIENTED_EDGE('',*,*,#11770,.T.);
#11770 = EDGE_CURVE('',#11762,#11771,#11773,.T.);
#11771 = VERTEX_POINT('',#11772);
#11772 = CARTESIAN_POINT('',(1.75,0.25,-0.9));
#11773 = LINE('',#11774,#11775);
#11774 = CARTESIAN_POINT('',(1.75,0.25,3.35));
#11775 = VECTOR('',#11776,1.);
#11776 = DIRECTION('',(-0.,0.,-1.));
#11777 = ORIENTED_EDGE('',*,*,#11778,.T.);
#11778 = EDGE_CURVE('',#11771,#11779,#11781,.T.);
#11779 = VERTEX_POINT('',#11780);
#11780 = CARTESIAN_POINT('',(1.75,-5.E-02,-1.5));
#11781 = LINE('',#11782,#11783);
#11782 = CARTESIAN_POINT('',(1.75,0.25,-0.9));
#11783 = VECTOR('',#11784,1.);
#11784 = DIRECTION('',(-5.476786982641E-17,-0.4472135955,-0.894427191));
#11785 = ORIENTED_EDGE('',*,*,#11786,.T.);
#11786 = EDGE_CURVE('',#11779,#11787,#11789,.T.);
#11787 = VERTEX_POINT('',#11788);
#11788 = CARTESIAN_POINT('',(1.75,0.218421052632,-3.2));
#11789 = LINE('',#11790,#11791);
#11790 = CARTESIAN_POINT('',(1.75,-5.E-02,-1.5));
#11791 = VECTOR('',#11792,1.);
#11792 = DIRECTION('',(1.909990663905E-17,0.155962573473,-0.987762965329
    ));
#11793 = ORIENTED_EDGE('',*,*,#11794,.T.);
#11794 = EDGE_CURVE('',#11787,#11795,#11797,.T.);
#11795 = VERTEX_POINT('',#11796);
#11796 = CARTESIAN_POINT('',(1.75,-0.281578947368,-3.2));
#11797 = LINE('',#11798,#11799);
#11798 = CARTESIAN_POINT('',(1.75,0.25,-3.2));
#11799 = VECTOR('',#11800,1.);
#11800 = DIRECTION('',(-1.224646799147E-16,-1.,0.));
#11801 = ORIENTED_EDGE('',*,*,#11802,.T.);
#11802 = EDGE_CURVE('',#11795,#11803,#11805,.T.);
#11803 = VERTEX_POINT('',#11804);
#11804 = CARTESIAN_POINT('',(1.75,-0.55,-1.5));
#11805 = LINE('',#11806,#11807);
#11806 = CARTESIAN_POINT('',(1.75,-0.25,-3.4));
#11807 = VECTOR('',#11808,1.);
#11808 = DIRECTION('',(-1.909990663905E-17,-0.155962573473,
    0.987762965329));
#11809 = ORIENTED_EDGE('',*,*,#11810,.T.);
#11810 = EDGE_CURVE('',#11803,#11811,#11813,.T.);
#11811 = VERTEX_POINT('',#11812);
#11812 = CARTESIAN_POINT('',(1.75,-0.25,-0.9));
#11813 = LINE('',#11814,#11815);
#11814 = CARTESIAN_POINT('',(1.75,-0.55,-1.5));
#11815 = VECTOR('',#11816,1.);
#11816 = DIRECTION('',(5.476786982641E-17,0.4472135955,0.894427191));
#11817 = ORIENTED_EDGE('',*,*,#11818,.T.);
#11818 = EDGE_CURVE('',#11811,#11819,#11821,.T.);
#11819 = VERTEX_POINT('',#11820);
#11820 = CARTESIAN_POINT('',(1.75,-0.25,2.8));
#11821 = LINE('',#11822,#11823);
#11822 = CARTESIAN_POINT('',(1.75,-0.25,-0.9));
#11823 = VECTOR('',#11824,1.);
#11824 = DIRECTION('',(0.,0.,1.));
#11825 = ORIENTED_EDGE('',*,*,#11826,.F.);
#11826 = EDGE_CURVE('',#11827,#11819,#11829,.T.);
#11827 = VERTEX_POINT('',#11828);
#11828 = CARTESIAN_POINT('',(1.75,-0.3,2.85));
#11829 = CIRCLE('',#11830,5.E-02);
#11830 = AXIS2_PLACEMENT_3D('',#11831,#11832,#11833);
#11831 = CARTESIAN_POINT('',(1.75,-0.3,2.8));
#11832 = DIRECTION('',(-1.,1.224646799147E-16,0.));
#11833 = DIRECTION('',(0.,0.,1.));
#11834 = ORIENTED_EDGE('',*,*,#11835,.T.);
#11835 = EDGE_CURVE('',#11827,#11342,#11836,.T.);
#11836 = LINE('',#11837,#11838);
#11837 = CARTESIAN_POINT('',(1.75,-0.25,2.85));
#11838 = VECTOR('',#11839,1.);
#11839 = DIRECTION('',(-1.224646799147E-16,-1.,0.));
#11840 = PLANE('',#11841);
#11841 = AXIS2_PLACEMENT_3D('',#11842,#11843,#11844);
#11842 = CARTESIAN_POINT('',(1.75,-1.421959173294,1.302213422577));
#11843 = DIRECTION('',(-1.,1.224646799147E-16,0.));
#11844 = DIRECTION('',(0.,0.,1.));
#11845 = ADVANCED_FACE('',(#11846),#11857,.F.);
#11846 = FACE_BOUND('',#11847,.F.);
#11847 = EDGE_LOOP('',(#11848,#11849,#11855,#11856));
#11848 = ORIENTED_EDGE('',*,*,#11721,.F.);
#11849 = ORIENTED_EDGE('',*,*,#11850,.T.);
#11850 = EDGE_CURVE('',#11713,#11827,#11851,.T.);
#11851 = LINE('',#11852,#11853);
#11852 = CARTESIAN_POINT('',(2.25,-0.3,2.85));
#11853 = VECTOR('',#11854,1.);
#11854 = DIRECTION('',(-1.,1.224646799147E-16,0.));
#11855 = ORIENTED_EDGE('',*,*,#11835,.T.);
#11856 = ORIENTED_EDGE('',*,*,#11341,.F.);
#11857 = PLANE('',#11858);
#11858 = AXIS2_PLACEMENT_3D('',#11859,#11860,#11861);
#11859 = CARTESIAN_POINT('',(2.25,-0.25,2.85));
#11860 = DIRECTION('',(0.,0.,1.));
#11861 = DIRECTION('',(-1.224646799147E-16,-1.,0.));
#11862 = ADVANCED_FACE('',(#11863),#11954,.F.);
#11863 = FACE_BOUND('',#11864,.F.);
#11864 = EDGE_LOOP('',(#11865,#11866,#11874,#11883,#11891,#11899,#11907,
    #11915,#11923,#11931,#11939,#11948));
#11865 = ORIENTED_EDGE('',*,*,#11377,.F.);
#11866 = ORIENTED_EDGE('',*,*,#11867,.T.);
#11867 = EDGE_CURVE('',#11378,#11868,#11870,.T.);
#11868 = VERTEX_POINT('',#11869);
#11869 = CARTESIAN_POINT('',(0.25,-0.3,3.35));
#11870 = LINE('',#11871,#11872);
#11871 = CARTESIAN_POINT('',(0.25,-5.75,3.35));
#11872 = VECTOR('',#11873,1.);
#11873 = DIRECTION('',(1.224646799147E-16,1.,0.));
#11874 = ORIENTED_EDGE('',*,*,#11875,.T.);
#11875 = EDGE_CURVE('',#11868,#11876,#11878,.T.);
#11876 = VERTEX_POINT('',#11877);
#11877 = CARTESIAN_POINT('',(0.25,0.25,2.8));
#11878 = CIRCLE('',#11879,0.55);
#11879 = AXIS2_PLACEMENT_3D('',#11880,#11881,#11882);
#11880 = CARTESIAN_POINT('',(0.25,-0.3,2.8));
#11881 = DIRECTION('',(-1.,1.224646799147E-16,0.));
#11882 = DIRECTION('',(0.,0.,1.));
#11883 = ORIENTED_EDGE('',*,*,#11884,.T.);
#11884 = EDGE_CURVE('',#11876,#11885,#11887,.T.);
#11885 = VERTEX_POINT('',#11886);
#11886 = CARTESIAN_POINT('',(0.25,0.25,-0.9));
#11887 = LINE('',#11888,#11889);
#11888 = CARTESIAN_POINT('',(0.25,0.25,3.35));
#11889 = VECTOR('',#11890,1.);
#11890 = DIRECTION('',(-0.,0.,-1.));
#11891 = ORIENTED_EDGE('',*,*,#11892,.T.);
#11892 = EDGE_CURVE('',#11885,#11893,#11895,.T.);
#11893 = VERTEX_POINT('',#11894);
#11894 = CARTESIAN_POINT('',(0.25,-5.E-02,-1.5));
#11895 = LINE('',#11896,#11897);
#11896 = CARTESIAN_POINT('',(0.25,0.25,-0.9));
#11897 = VECTOR('',#11898,1.);
#11898 = DIRECTION('',(-5.476786982641E-17,-0.4472135955,-0.894427191));
#11899 = ORIENTED_EDGE('',*,*,#11900,.T.);
#11900 = EDGE_CURVE('',#11893,#11901,#11903,.T.);
#11901 = VERTEX_POINT('',#11902);
#11902 = CARTESIAN_POINT('',(0.25,0.218421052632,-3.2));
#11903 = LINE('',#11904,#11905);
#11904 = CARTESIAN_POINT('',(0.25,-5.E-02,-1.5));
#11905 = VECTOR('',#11906,1.);
#11906 = DIRECTION('',(1.909990663905E-17,0.155962573473,-0.987762965329
    ));
#11907 = ORIENTED_EDGE('',*,*,#11908,.T.);
#11908 = EDGE_CURVE('',#11901,#11909,#11911,.T.);
#11909 = VERTEX_POINT('',#11910);
#11910 = CARTESIAN_POINT('',(0.25,-0.281578947368,-3.2));
#11911 = LINE('',#11912,#11913);
#11912 = CARTESIAN_POINT('',(0.25,0.25,-3.2));
#11913 = VECTOR('',#11914,1.);
#11914 = DIRECTION('',(-1.224646799147E-16,-1.,0.));
#11915 = ORIENTED_EDGE('',*,*,#11916,.T.);
#11916 = EDGE_CURVE('',#11909,#11917,#11919,.T.);
#11917 = VERTEX_POINT('',#11918);
#11918 = CARTESIAN_POINT('',(0.25,-0.55,-1.5));
#11919 = LINE('',#11920,#11921);
#11920 = CARTESIAN_POINT('',(0.25,-0.25,-3.4));
#11921 = VECTOR('',#11922,1.);
#11922 = DIRECTION('',(-1.909990663905E-17,-0.155962573473,
    0.987762965329));
#11923 = ORIENTED_EDGE('',*,*,#11924,.T.);
#11924 = EDGE_CURVE('',#11917,#11925,#11927,.T.);
#11925 = VERTEX_POINT('',#11926);
#11926 = CARTESIAN_POINT('',(0.25,-0.25,-0.9));
#11927 = LINE('',#11928,#11929);
#11928 = CARTESIAN_POINT('',(0.25,-0.55,-1.5));
#11929 = VECTOR('',#11930,1.);
#11930 = DIRECTION('',(5.476786982641E-17,0.4472135955,0.894427191));
#11931 = ORIENTED_EDGE('',*,*,#11932,.T.);
#11932 = EDGE_CURVE('',#11925,#11933,#11935,.T.);
#11933 = VERTEX_POINT('',#11934);
#11934 = CARTESIAN_POINT('',(0.25,-0.25,2.8));
#11935 = LINE('',#11936,#11937);
#11936 = CARTESIAN_POINT('',(0.25,-0.25,-0.9));
#11937 = VECTOR('',#11938,1.);
#11938 = DIRECTION('',(0.,0.,1.));
#11939 = ORIENTED_EDGE('',*,*,#11940,.F.);
#11940 = EDGE_CURVE('',#11941,#11933,#11943,.T.);
#11941 = VERTEX_POINT('',#11942);
#11942 = CARTESIAN_POINT('',(0.25,-0.3,2.85));
#11943 = CIRCLE('',#11944,5.E-02);
#11944 = AXIS2_PLACEMENT_3D('',#11945,#11946,#11947);
#11945 = CARTESIAN_POINT('',(0.25,-0.3,2.8));
#11946 = DIRECTION('',(-1.,1.224646799147E-16,0.));
#11947 = DIRECTION('',(0.,0.,1.));
#11948 = ORIENTED_EDGE('',*,*,#11949,.T.);
#11949 = EDGE_CURVE('',#11941,#11380,#11950,.T.);
#11950 = LINE('',#11951,#11952);
#11951 = CARTESIAN_POINT('',(0.25,-0.25,2.85));
#11952 = VECTOR('',#11953,1.);
#11953 = DIRECTION('',(-1.224646799147E-16,-1.,0.));
#11954 = PLANE('',#11955);
#11955 = AXIS2_PLACEMENT_3D('',#11956,#11957,#11958);
#11956 = CARTESIAN_POINT('',(0.25,-1.421959173294,1.302213422577));
#11957 = DIRECTION('',(-1.,1.224646799147E-16,0.));
#11958 = DIRECTION('',(0.,0.,1.));
#11959 = ADVANCED_FACE('',(#11960),#11978,.F.);
#11960 = FACE_BOUND('',#11961,.F.);
#11961 = EDGE_LOOP('',(#11962,#11963,#11964,#11972));
#11962 = ORIENTED_EDGE('',*,*,#11867,.F.);
#11963 = ORIENTED_EDGE('',*,*,#11403,.F.);
#11964 = ORIENTED_EDGE('',*,*,#11965,.T.);
#11965 = EDGE_CURVE('',#11396,#11966,#11968,.T.);
#11966 = VERTEX_POINT('',#11967);
#11967 = CARTESIAN_POINT('',(-0.25,-0.3,3.35));
#11968 = LINE('',#11969,#11970);
#11969 = CARTESIAN_POINT('',(-0.25,-5.75,3.35));
#11970 = VECTOR('',#11971,1.);
#11971 = DIRECTION('',(1.224646799147E-16,1.,0.));
#11972 = ORIENTED_EDGE('',*,*,#11973,.F.);
#11973 = EDGE_CURVE('',#11868,#11966,#11974,.T.);
#11974 = LINE('',#11975,#11976);
#11975 = CARTESIAN_POINT('',(0.25,-0.3,3.35));
#11976 = VECTOR('',#11977,1.);
#11977 = DIRECTION('',(-1.,1.224646799147E-16,0.));
#11978 = PLANE('',#11979);
#11979 = AXIS2_PLACEMENT_3D('',#11980,#11981,#11982);
#11980 = CARTESIAN_POINT('',(0.25,-5.75,3.35));
#11981 = DIRECTION('',(-0.,0.,-1.));
#11982 = DIRECTION('',(1.224646799147E-16,1.,0.));
#11983 = ADVANCED_FACE('',(#11984),#12068,.T.);
#11984 = FACE_BOUND('',#11985,.T.);
#11985 = EDGE_LOOP('',(#11986,#11987,#11988,#11997,#12005,#12013,#12021,
    #12029,#12037,#12045,#12053,#12062));
#11986 = ORIENTED_EDGE('',*,*,#11395,.F.);
#11987 = ORIENTED_EDGE('',*,*,#11965,.T.);
#11988 = ORIENTED_EDGE('',*,*,#11989,.T.);
#11989 = EDGE_CURVE('',#11966,#11990,#11992,.T.);
#11990 = VERTEX_POINT('',#11991);
#11991 = CARTESIAN_POINT('',(-0.25,0.25,2.8));
#11992 = CIRCLE('',#11993,0.55);
#11993 = AXIS2_PLACEMENT_3D('',#11994,#11995,#11996);
#11994 = CARTESIAN_POINT('',(-0.25,-0.3,2.8));
#11995 = DIRECTION('',(-1.,1.224646799147E-16,0.));
#11996 = DIRECTION('',(0.,0.,1.));
#11997 = ORIENTED_EDGE('',*,*,#11998,.T.);
#11998 = EDGE_CURVE('',#11990,#11999,#12001,.T.);
#11999 = VERTEX_POINT('',#12000);
#12000 = CARTESIAN_POINT('',(-0.25,0.25,-0.9));
#12001 = LINE('',#12002,#12003);
#12002 = CARTESIAN_POINT('',(-0.25,0.25,3.35));
#12003 = VECTOR('',#12004,1.);
#12004 = DIRECTION('',(-0.,0.,-1.));
#12005 = ORIENTED_EDGE('',*,*,#12006,.T.);
#12006 = EDGE_CURVE('',#11999,#12007,#12009,.T.);
#12007 = VERTEX_POINT('',#12008);
#12008 = CARTESIAN_POINT('',(-0.25,-5.E-02,-1.5));
#12009 = LINE('',#12010,#12011);
#12010 = CARTESIAN_POINT('',(-0.25,0.25,-0.9));
#12011 = VECTOR('',#12012,1.);
#12012 = DIRECTION('',(-5.476786982641E-17,-0.4472135955,-0.894427191));
#12013 = ORIENTED_EDGE('',*,*,#12014,.T.);
#12014 = EDGE_CURVE('',#12007,#12015,#12017,.T.);
#12015 = VERTEX_POINT('',#12016);
#12016 = CARTESIAN_POINT('',(-0.25,0.218421052632,-3.2));
#12017 = LINE('',#12018,#12019);
#12018 = CARTESIAN_POINT('',(-0.25,-5.E-02,-1.5));
#12019 = VECTOR('',#12020,1.);
#12020 = DIRECTION('',(1.909990663905E-17,0.155962573473,-0.987762965329
    ));
#12021 = ORIENTED_EDGE('',*,*,#12022,.T.);
#12022 = EDGE_CURVE('',#12015,#12023,#12025,.T.);
#12023 = VERTEX_POINT('',#12024);
#12024 = CARTESIAN_POINT('',(-0.25,-0.281578947368,-3.2));
#12025 = LINE('',#12026,#12027);
#12026 = CARTESIAN_POINT('',(-0.25,0.25,-3.2));
#12027 = VECTOR('',#12028,1.);
#12028 = DIRECTION('',(-1.224646799147E-16,-1.,0.));
#12029 = ORIENTED_EDGE('',*,*,#12030,.T.);
#12030 = EDGE_CURVE('',#12023,#12031,#12033,.T.);
#12031 = VERTEX_POINT('',#12032);
#12032 = CARTESIAN_POINT('',(-0.25,-0.55,-1.5));
#12033 = LINE('',#12034,#12035);
#12034 = CARTESIAN_POINT('',(-0.25,-0.25,-3.4));
#12035 = VECTOR('',#12036,1.);
#12036 = DIRECTION('',(-1.909990663905E-17,-0.155962573473,
    0.987762965329));
#12037 = ORIENTED_EDGE('',*,*,#12038,.T.);
#12038 = EDGE_CURVE('',#12031,#12039,#12041,.T.);
#12039 = VERTEX_POINT('',#12040);
#12040 = CARTESIAN_POINT('',(-0.25,-0.25,-0.9));
#12041 = LINE('',#12042,#12043);
#12042 = CARTESIAN_POINT('',(-0.25,-0.55,-1.5));
#12043 = VECTOR('',#12044,1.);
#12044 = DIRECTION('',(5.476786982641E-17,0.4472135955,0.894427191));
#12045 = ORIENTED_EDGE('',*,*,#12046,.T.);
#12046 = EDGE_CURVE('',#12039,#12047,#12049,.T.);
#12047 = VERTEX_POINT('',#12048);
#12048 = CARTESIAN_POINT('',(-0.25,-0.25,2.8));
#12049 = LINE('',#12050,#12051);
#12050 = CARTESIAN_POINT('',(-0.25,-0.25,-0.9));
#12051 = VECTOR('',#12052,1.);
#12052 = DIRECTION('',(0.,0.,1.));
#12053 = ORIENTED_EDGE('',*,*,#12054,.F.);
#12054 = EDGE_CURVE('',#12055,#12047,#12057,.T.);
#12055 = VERTEX_POINT('',#12056);
#12056 = CARTESIAN_POINT('',(-0.25,-0.3,2.85));
#12057 = CIRCLE('',#12058,5.E-02);
#12058 = AXIS2_PLACEMENT_3D('',#12059,#12060,#12061);
#12059 = CARTESIAN_POINT('',(-0.25,-0.3,2.8));
#12060 = DIRECTION('',(-1.,1.224646799147E-16,0.));
#12061 = DIRECTION('',(0.,0.,1.));
#12062 = ORIENTED_EDGE('',*,*,#12063,.T.);
#12063 = EDGE_CURVE('',#12055,#11388,#12064,.T.);
#12064 = LINE('',#12065,#12066);
#12065 = CARTESIAN_POINT('',(-0.25,-0.25,2.85));
#12066 = VECTOR('',#12067,1.);
#12067 = DIRECTION('',(-1.224646799147E-16,-1.,0.));
#12068 = PLANE('',#12069);
#12069 = AXIS2_PLACEMENT_3D('',#12070,#12071,#12072);
#12070 = CARTESIAN_POINT('',(-0.25,-1.421959173294,1.302213422577));
#12071 = DIRECTION('',(-1.,1.224646799147E-16,0.));
#12072 = DIRECTION('',(0.,0.,1.));
#12073 = ADVANCED_FACE('',(#12074),#12085,.F.);
#12074 = FACE_BOUND('',#12075,.F.);
#12075 = EDGE_LOOP('',(#12076,#12077,#12083,#12084));
#12076 = ORIENTED_EDGE('',*,*,#11949,.F.);
#12077 = ORIENTED_EDGE('',*,*,#12078,.T.);
#12078 = EDGE_CURVE('',#11941,#12055,#12079,.T.);
#12079 = LINE('',#12080,#12081);
#12080 = CARTESIAN_POINT('',(0.25,-0.3,2.85));
#12081 = VECTOR('',#12082,1.);
#12082 = DIRECTION('',(-1.,1.224646799147E-16,0.));
#12083 = ORIENTED_EDGE('',*,*,#12063,.T.);
#12084 = ORIENTED_EDGE('',*,*,#11387,.F.);
#12085 = PLANE('',#12086);
#12086 = AXIS2_PLACEMENT_3D('',#12087,#12088,#12089);
#12087 = CARTESIAN_POINT('',(0.25,-0.25,2.85));
#12088 = DIRECTION('',(0.,0.,1.));
#12089 = DIRECTION('',(-1.224646799147E-16,-1.,0.));
#12090 = ADVANCED_FACE('',(#12091),#12097,.F.);
#12091 = FACE_BOUND('',#12092,.F.);
#12092 = EDGE_LOOP('',(#12093,#12094,#12095,#12096));
#12093 = ORIENTED_EDGE('',*,*,#11528,.T.);
#12094 = ORIENTED_EDGE('',*,*,#11511,.T.);
#12095 = ORIENTED_EDGE('',*,*,#11478,.F.);
#12096 = ORIENTED_EDGE('',*,*,#11463,.F.);
#12097 = PLANE('',#12098);
#12098 = AXIS2_PLACEMENT_3D('',#12099,#12100,#12101);
#12099 = CARTESIAN_POINT('',(0.25,-5.75,2.85));
#12100 = DIRECTION('',(1.224646799147E-16,1.,0.));
#12101 = DIRECTION('',(0.,-0.,1.));
#12102 = ADVANCED_FACE('',(#12103),#12109,.F.);
#12103 = FACE_BOUND('',#12104,.F.);
#12104 = EDGE_LOOP('',(#12105,#12106,#12107,#12108));
#12105 = ORIENTED_EDGE('',*,*,#11624,.T.);
#12106 = ORIENTED_EDGE('',*,*,#11607,.T.);
#12107 = ORIENTED_EDGE('',*,*,#11574,.F.);
#12108 = ORIENTED_EDGE('',*,*,#11559,.F.);
#12109 = PLANE('',#12110);
#12110 = AXIS2_PLACEMENT_3D('',#12111,#12112,#12113);
#12111 = CARTESIAN_POINT('',(2.25,-5.75,2.85));
#12112 = DIRECTION('',(1.224646799147E-16,1.,0.));
#12113 = DIRECTION('',(0.,-0.,1.));
#12114 = ADVANCED_FACE('',(#12115),#12126,.F.);
#12115 = FACE_BOUND('',#12116,.F.);
#12116 = EDGE_LOOP('',(#12117,#12118,#12124,#12125));
#12117 = ORIENTED_EDGE('',*,*,#11712,.T.);
#12118 = ORIENTED_EDGE('',*,*,#12119,.T.);
#12119 = EDGE_CURVE('',#11705,#11819,#12120,.T.);
#12120 = LINE('',#12121,#12122);
#12121 = CARTESIAN_POINT('',(2.25,-0.25,2.8));
#12122 = VECTOR('',#12123,1.);
#12123 = DIRECTION('',(-1.,1.224646799147E-16,0.));
#12124 = ORIENTED_EDGE('',*,*,#11826,.F.);
#12125 = ORIENTED_EDGE('',*,*,#11850,.F.);
#12126 = CYLINDRICAL_SURFACE('',#12127,5.E-02);
#12127 = AXIS2_PLACEMENT_3D('',#12128,#12129,#12130);
#12128 = CARTESIAN_POINT('',(2.25,-0.3,2.8));
#12129 = DIRECTION('',(-1.,1.224646799147E-16,0.));
#12130 = DIRECTION('',(0.,0.,1.));
#12131 = ADVANCED_FACE('',(#12132),#12143,.F.);
#12132 = FACE_BOUND('',#12133,.F.);
#12133 = EDGE_LOOP('',(#12134,#12135,#12141,#12142));
#12134 = ORIENTED_EDGE('',*,*,#11704,.F.);
#12135 = ORIENTED_EDGE('',*,*,#12136,.T.);
#12136 = EDGE_CURVE('',#11697,#11811,#12137,.T.);
#12137 = LINE('',#12138,#12139);
#12138 = CARTESIAN_POINT('',(2.25,-0.25,-0.9));
#12139 = VECTOR('',#12140,1.);
#12140 = DIRECTION('',(-1.,1.224646799147E-16,0.));
#12141 = ORIENTED_EDGE('',*,*,#11818,.T.);
#12142 = ORIENTED_EDGE('',*,*,#12119,.F.);
#12143 = PLANE('',#12144);
#12144 = AXIS2_PLACEMENT_3D('',#12145,#12146,#12147);
#12145 = CARTESIAN_POINT('',(2.25,-0.25,-0.9));
#12146 = DIRECTION('',(1.224646799147E-16,1.,0.));
#12147 = DIRECTION('',(0.,-0.,1.));
#12148 = ADVANCED_FACE('',(#12149),#12160,.F.);
#12149 = FACE_BOUND('',#12150,.F.);
#12150 = EDGE_LOOP('',(#12151,#12157,#12158,#12159));
#12151 = ORIENTED_EDGE('',*,*,#12152,.T.);
#12152 = EDGE_CURVE('',#11689,#11803,#12153,.T.);
#12153 = LINE('',#12154,#12155);
#12154 = CARTESIAN_POINT('',(2.25,-0.55,-1.5));
#12155 = VECTOR('',#12156,1.);
#12156 = DIRECTION('',(-1.,1.224646799147E-16,0.));
#12157 = ORIENTED_EDGE('',*,*,#11810,.T.);
#12158 = ORIENTED_EDGE('',*,*,#12136,.F.);
#12159 = ORIENTED_EDGE('',*,*,#11696,.F.);
#12160 = PLANE('',#12161);
#12161 = AXIS2_PLACEMENT_3D('',#12162,#12163,#12164);
#12162 = CARTESIAN_POINT('',(2.25,-0.55,-1.5));
#12163 = DIRECTION('',(1.095357396528E-16,0.894427191,-0.4472135955));
#12164 = DIRECTION('',(5.476786982641E-17,0.4472135955,0.894427191));
#12165 = ADVANCED_FACE('',(#12166),#12193,.F.);
#12166 = FACE_BOUND('',#12167,.F.);
#12167 = EDGE_LOOP('',(#12168,#12169,#12177,#12185,#12191,#12192));
#12168 = ORIENTED_EDGE('',*,*,#11688,.F.);
#12169 = ORIENTED_EDGE('',*,*,#12170,.F.);
#12170 = EDGE_CURVE('',#12171,#11681,#12173,.T.);
#12171 = VERTEX_POINT('',#12172);
#12172 = CARTESIAN_POINT('',(2.247552593066,-0.281192514695,
    -3.202447406934));
#12173 = LINE('',#12174,#12175);
#12174 = CARTESIAN_POINT('',(2.1292749658,-0.262517099863,-3.3207250342)
  );
#12175 = VECTOR('',#12176,1.);
#12176 = DIRECTION('',(0.702740385383,-0.110959008218,0.702740385383));
#12177 = ORIENTED_EDGE('',*,*,#12178,.T.);
#12178 = EDGE_CURVE('',#12171,#12179,#12181,.T.);
#12179 = VERTEX_POINT('',#12180);
#12180 = CARTESIAN_POINT('',(1.752447406934,-0.281192514695,
    -3.202447406934));
#12181 = LINE('',#12182,#12183);
#12182 = CARTESIAN_POINT('',(2.25,-0.281192514695,-3.202447406934));
#12183 = VECTOR('',#12184,1.);
#12184 = DIRECTION('',(-1.,1.224646799147E-16,0.));
#12185 = ORIENTED_EDGE('',*,*,#12186,.T.);
#12186 = EDGE_CURVE('',#12179,#11795,#12187,.T.);
#12187 = LINE('',#12188,#12189);
#12188 = CARTESIAN_POINT('',(1.994186046512,-0.243023255814,
    -3.444186046512));
#12189 = VECTOR('',#12190,1.);
#12190 = DIRECTION('',(-0.702740385383,-0.110959008218,0.702740385383));
#12191 = ORIENTED_EDGE('',*,*,#11802,.T.);
#12192 = ORIENTED_EDGE('',*,*,#12152,.F.);
#12193 = PLANE('',#12194);
#12194 = AXIS2_PLACEMENT_3D('',#12195,#12196,#12197);
#12195 = CARTESIAN_POINT('',(2.25,-0.25,-3.4));
#12196 = DIRECTION('',(1.209660753807E-16,0.987762965329,0.155962573473)
  );
#12197 = DIRECTION('',(-1.909990663905E-17,-0.155962573473,
    0.987762965329));
#12198 = ADVANCED_FACE('',(#12199),#12233,.T.);
#12199 = FACE_BOUND('',#12200,.F.);
#12200 = EDGE_LOOP('',(#12201,#12209,#12210,#12211,#12219,#12227));
#12201 = ORIENTED_EDGE('',*,*,#12202,.T.);
#12202 = EDGE_CURVE('',#12203,#12171,#12205,.T.);
#12203 = VERTEX_POINT('',#12204);
#12204 = CARTESIAN_POINT('',(2.05,-5.E-02,-3.4));
#12205 = LINE('',#12206,#12207);
#12206 = CARTESIAN_POINT('',(2.09198936903,-9.913946036316E-02,
    -3.35801063097));
#12207 = VECTOR('',#12208,1.);
#12208 = DIRECTION('',(0.544770019249,-0.63753529491,0.544770019249));
#12209 = ORIENTED_EDGE('',*,*,#12170,.T.);
#12210 = ORIENTED_EDGE('',*,*,#11680,.F.);
#12211 = ORIENTED_EDGE('',*,*,#12212,.F.);
#12212 = EDGE_CURVE('',#12213,#11673,#12215,.T.);
#12213 = VERTEX_POINT('',#12214);
#12214 = CARTESIAN_POINT('',(2.247552593066,0.218807485305,
    -3.202447406934));
#12215 = LINE('',#12216,#12217);
#12216 = CARTESIAN_POINT('',(2.629616963064,0.158481532148,
    -2.820383036936));
#12217 = VECTOR('',#12218,1.);
#12218 = DIRECTION('',(0.702740385383,-0.110959008218,0.702740385383));
#12219 = ORIENTED_EDGE('',*,*,#12220,.F.);
#12220 = EDGE_CURVE('',#12221,#12213,#12223,.T.);
#12221 = VERTEX_POINT('',#12222);
#12222 = CARTESIAN_POINT('',(2.05,5.E-02,-3.4));
#12223 = LINE('',#12224,#12225);
#12224 = CARTESIAN_POINT('',(2.185852405654,0.166085051658,
    -3.264147594346));
#12225 = VECTOR('',#12226,1.);
#12226 = DIRECTION('',(0.605209817607,0.517148096144,0.605209817607));
#12227 = ORIENTED_EDGE('',*,*,#12228,.T.);
#12228 = EDGE_CURVE('',#12221,#12203,#12229,.T.);
#12229 = LINE('',#12230,#12231);
#12230 = CARTESIAN_POINT('',(2.05,0.25,-3.4));
#12231 = VECTOR('',#12232,1.);
#12232 = DIRECTION('',(-1.224646799147E-16,-1.,0.));
#12233 = PLANE('',#12234);
#12234 = AXIS2_PLACEMENT_3D('',#12235,#12236,#12237);
#12235 = CARTESIAN_POINT('',(2.15,0.25,-3.3));
#12236 = DIRECTION('',(0.707106781187,-8.486018839685E-17,
    -0.707106781187));
#12237 = DIRECTION('',(1.212375546256E-16,1.,1.227125289196E-18));
#12238 = ADVANCED_FACE('',(#12239),#12264,.F.);
#12239 = FACE_BOUND('',#12240,.F.);
#12240 = EDGE_LOOP('',(#12241,#12242,#12248,#12249,#12257,#12263));
#12241 = ORIENTED_EDGE('',*,*,#11672,.F.);
#12242 = ORIENTED_EDGE('',*,*,#12243,.T.);
#12243 = EDGE_CURVE('',#11665,#11779,#12244,.T.);
#12244 = LINE('',#12245,#12246);
#12245 = CARTESIAN_POINT('',(2.25,-5.E-02,-1.5));
#12246 = VECTOR('',#12247,1.);
#12247 = DIRECTION('',(-1.,1.224646799147E-16,0.));
#12248 = ORIENTED_EDGE('',*,*,#11786,.T.);
#12249 = ORIENTED_EDGE('',*,*,#12250,.F.);
#12250 = EDGE_CURVE('',#12251,#11787,#12253,.T.);
#12251 = VERTEX_POINT('',#12252);
#12252 = CARTESIAN_POINT('',(1.752447406934,0.218807485305,
    -3.202447406934));
#12253 = LINE('',#12254,#12255);
#12254 = CARTESIAN_POINT('',(1.493844049248,0.177975376197,
    -2.943844049248));
#12255 = VECTOR('',#12256,1.);
#12256 = DIRECTION('',(-0.702740385383,-0.110959008218,0.702740385383));
#12257 = ORIENTED_EDGE('',*,*,#12258,.F.);
#12258 = EDGE_CURVE('',#12213,#12251,#12259,.T.);
#12259 = LINE('',#12260,#12261);
#12260 = CARTESIAN_POINT('',(2.25,0.218807485305,-3.202447406934));
#12261 = VECTOR('',#12262,1.);
#12262 = DIRECTION('',(-1.,1.224646799147E-16,0.));
#12263 = ORIENTED_EDGE('',*,*,#12212,.T.);
#12264 = PLANE('',#12265);
#12265 = AXIS2_PLACEMENT_3D('',#12266,#12267,#12268);
#12266 = CARTESIAN_POINT('',(2.25,-5.E-02,-1.5));
#12267 = DIRECTION('',(-1.209660753807E-16,-0.987762965329,
    -0.155962573473));
#12268 = DIRECTION('',(1.909990663905E-17,0.155962573473,-0.987762965329
    ));
#12269 = ADVANCED_FACE('',(#12270),#12281,.F.);
#12270 = FACE_BOUND('',#12271,.F.);
#12271 = EDGE_LOOP('',(#12272,#12278,#12279,#12280));
#12272 = ORIENTED_EDGE('',*,*,#12273,.T.);
#12273 = EDGE_CURVE('',#11657,#11771,#12274,.T.);
#12274 = LINE('',#12275,#12276);
#12275 = CARTESIAN_POINT('',(2.25,0.25,-0.9));
#12276 = VECTOR('',#12277,1.);
#12277 = DIRECTION('',(-1.,1.224646799147E-16,0.));
#12278 = ORIENTED_EDGE('',*,*,#11778,.T.);
#12279 = ORIENTED_EDGE('',*,*,#12243,.F.);
#12280 = ORIENTED_EDGE('',*,*,#11664,.F.);
#12281 = PLANE('',#12282);
#12282 = AXIS2_PLACEMENT_3D('',#12283,#12284,#12285);
#12283 = CARTESIAN_POINT('',(2.25,0.25,-0.9));
#12284 = DIRECTION('',(-1.095357396528E-16,-0.894427191,0.4472135955));
#12285 = DIRECTION('',(-5.476786982641E-17,-0.4472135955,-0.894427191));
#12286 = ADVANCED_FACE('',(#12287),#12298,.F.);
#12287 = FACE_BOUND('',#12288,.F.);
#12288 = EDGE_LOOP('',(#12289,#12290,#12296,#12297));
#12289 = ORIENTED_EDGE('',*,*,#11656,.F.);
#12290 = ORIENTED_EDGE('',*,*,#12291,.T.);
#12291 = EDGE_CURVE('',#11648,#11762,#12292,.T.);
#12292 = LINE('',#12293,#12294);
#12293 = CARTESIAN_POINT('',(2.25,0.25,2.8));
#12294 = VECTOR('',#12295,1.);
#12295 = DIRECTION('',(-1.,1.224646799147E-16,0.));
#12296 = ORIENTED_EDGE('',*,*,#11770,.T.);
#12297 = ORIENTED_EDGE('',*,*,#12273,.F.);
#12298 = PLANE('',#12299);
#12299 = AXIS2_PLACEMENT_3D('',#12300,#12301,#12302);
#12300 = CARTESIAN_POINT('',(2.25,0.25,3.35));
#12301 = DIRECTION('',(-1.224646799147E-16,-1.,0.));
#12302 = DIRECTION('',(-0.,0.,-1.));
#12303 = ADVANCED_FACE('',(#12304),#12310,.T.);
#12304 = FACE_BOUND('',#12305,.T.);
#12305 = EDGE_LOOP('',(#12306,#12307,#12308,#12309));
#12306 = ORIENTED_EDGE('',*,*,#11647,.T.);
#12307 = ORIENTED_EDGE('',*,*,#12291,.T.);
#12308 = ORIENTED_EDGE('',*,*,#11761,.F.);
#12309 = ORIENTED_EDGE('',*,*,#11745,.F.);
#12310 = CYLINDRICAL_SURFACE('',#12311,0.55);
#12311 = AXIS2_PLACEMENT_3D('',#12312,#12313,#12314);
#12312 = CARTESIAN_POINT('',(2.25,-0.3,2.8));
#12313 = DIRECTION('',(-1.,1.224646799147E-16,0.));
#12314 = DIRECTION('',(0.,0.,1.));
#12315 = ADVANCED_FACE('',(#12316),#12343,.F.);
#12316 = FACE_BOUND('',#12317,.T.);
#12317 = EDGE_LOOP('',(#12318,#12326,#12327,#12328,#12329,#12337));
#12318 = ORIENTED_EDGE('',*,*,#12319,.T.);
#12319 = EDGE_CURVE('',#12320,#12179,#12322,.T.);
#12320 = VERTEX_POINT('',#12321);
#12321 = CARTESIAN_POINT('',(1.95,-5.E-02,-3.4));
#12322 = LINE('',#12323,#12324);
#12323 = CARTESIAN_POINT('',(1.982204224438,-1.231193164325E-02,
    -3.432204224438));
#12324 = VECTOR('',#12325,1.);
#12325 = DIRECTION('',(-0.544770019249,-0.63753529491,0.544770019249));
#12326 = ORIENTED_EDGE('',*,*,#12186,.T.);
#12327 = ORIENTED_EDGE('',*,*,#11794,.F.);
#12328 = ORIENTED_EDGE('',*,*,#12250,.F.);
#12329 = ORIENTED_EDGE('',*,*,#12330,.F.);
#12330 = EDGE_CURVE('',#12331,#12251,#12333,.T.);
#12331 = VERTEX_POINT('',#12332);
#12332 = CARTESIAN_POINT('',(1.95,5.E-02,-3.4));
#12333 = LINE('',#12334,#12335);
#12334 = CARTESIAN_POINT('',(1.905717325178,8.783927542193E-02,
    -3.355717325178));
#12335 = VECTOR('',#12336,1.);
#12336 = DIRECTION('',(-0.605209817607,0.517148096144,0.605209817607));
#12337 = ORIENTED_EDGE('',*,*,#12338,.T.);
#12338 = EDGE_CURVE('',#12331,#12320,#12339,.T.);
#12339 = LINE('',#12340,#12341);
#12340 = CARTESIAN_POINT('',(1.95,0.25,-3.4));
#12341 = VECTOR('',#12342,1.);
#12342 = DIRECTION('',(-1.224646799147E-16,-1.,0.));
#12343 = PLANE('',#12344);
#12344 = AXIS2_PLACEMENT_3D('',#12345,#12346,#12347);
#12345 = CARTESIAN_POINT('',(1.85,0.25,-3.3));
#12346 = DIRECTION('',(0.707106781187,-8.833102285013E-17,0.707106781187
    ));
#12347 = DIRECTION('',(1.236918052038E-16,1.,1.227125289097E-18));
#12348 = ADVANCED_FACE('',(#12349),#12360,.F.);
#12349 = FACE_BOUND('',#12350,.F.);
#12350 = EDGE_LOOP('',(#12351,#12352,#12358,#12359));
#12351 = ORIENTED_EDGE('',*,*,#11940,.T.);
#12352 = ORIENTED_EDGE('',*,*,#12353,.T.);
#12353 = EDGE_CURVE('',#11933,#12047,#12354,.T.);
#12354 = LINE('',#12355,#12356);
#12355 = CARTESIAN_POINT('',(0.25,-0.25,2.8));
#12356 = VECTOR('',#12357,1.);
#12357 = DIRECTION('',(-1.,1.224646799147E-16,0.));
#12358 = ORIENTED_EDGE('',*,*,#12054,.F.);
#12359 = ORIENTED_EDGE('',*,*,#12078,.F.);
#12360 = CYLINDRICAL_SURFACE('',#12361,5.E-02);
#12361 = AXIS2_PLACEMENT_3D('',#12362,#12363,#12364);
#12362 = CARTESIAN_POINT('',(0.25,-0.3,2.8));
#12363 = DIRECTION('',(-1.,1.224646799147E-16,0.));
#12364 = DIRECTION('',(0.,0.,1.));
#12365 = ADVANCED_FACE('',(#12366),#12377,.F.);
#12366 = FACE_BOUND('',#12367,.F.);
#12367 = EDGE_LOOP('',(#12368,#12369,#12375,#12376));
#12368 = ORIENTED_EDGE('',*,*,#11932,.F.);
#12369 = ORIENTED_EDGE('',*,*,#12370,.T.);
#12370 = EDGE_CURVE('',#11925,#12039,#12371,.T.);
#12371 = LINE('',#12372,#12373);
#12372 = CARTESIAN_POINT('',(0.25,-0.25,-0.9));
#12373 = VECTOR('',#12374,1.);
#12374 = DIRECTION('',(-1.,1.224646799147E-16,0.));
#12375 = ORIENTED_EDGE('',*,*,#12046,.T.);
#12376 = ORIENTED_EDGE('',*,*,#12353,.F.);
#12377 = PLANE('',#12378);
#12378 = AXIS2_PLACEMENT_3D('',#12379,#12380,#12381);
#12379 = CARTESIAN_POINT('',(0.25,-0.25,-0.9));
#12380 = DIRECTION('',(1.224646799147E-16,1.,0.));
#12381 = DIRECTION('',(0.,-0.,1.));
#12382 = ADVANCED_FACE('',(#12383),#12394,.F.);
#12383 = FACE_BOUND('',#12384,.F.);
#12384 = EDGE_LOOP('',(#12385,#12391,#12392,#12393));
#12385 = ORIENTED_EDGE('',*,*,#12386,.T.);
#12386 = EDGE_CURVE('',#11917,#12031,#12387,.T.);
#12387 = LINE('',#12388,#12389);
#12388 = CARTESIAN_POINT('',(0.25,-0.55,-1.5));
#12389 = VECTOR('',#12390,1.);
#12390 = DIRECTION('',(-1.,1.224646799147E-16,0.));
#12391 = ORIENTED_EDGE('',*,*,#12038,.T.);
#12392 = ORIENTED_EDGE('',*,*,#12370,.F.);
#12393 = ORIENTED_EDGE('',*,*,#11924,.F.);
#12394 = PLANE('',#12395);
#12395 = AXIS2_PLACEMENT_3D('',#12396,#12397,#12398);
#12396 = CARTESIAN_POINT('',(0.25,-0.55,-1.5));
#12397 = DIRECTION('',(1.095357396528E-16,0.894427191,-0.4472135955));
#12398 = DIRECTION('',(5.476786982641E-17,0.4472135955,0.894427191));
#12399 = ADVANCED_FACE('',(#12400),#12427,.F.);
#12400 = FACE_BOUND('',#12401,.F.);
#12401 = EDGE_LOOP('',(#12402,#12403,#12411,#12419,#12425,#12426));
#12402 = ORIENTED_EDGE('',*,*,#11916,.F.);
#12403 = ORIENTED_EDGE('',*,*,#12404,.F.);
#12404 = EDGE_CURVE('',#12405,#11909,#12407,.T.);
#12405 = VERTEX_POINT('',#12406);
#12406 = CARTESIAN_POINT('',(0.247552593066,-0.281192514695,
    -3.202447406934));
#12407 = LINE('',#12408,#12409);
#12408 = CARTESIAN_POINT('',(0.1292749658,-0.262517099863,-3.3207250342)
  );
#12409 = VECTOR('',#12410,1.);
#12410 = DIRECTION('',(0.702740385383,-0.110959008218,0.702740385383));
#12411 = ORIENTED_EDGE('',*,*,#12412,.T.);
#12412 = EDGE_CURVE('',#12405,#12413,#12415,.T.);
#12413 = VERTEX_POINT('',#12414);
#12414 = CARTESIAN_POINT('',(-0.247552593066,-0.281192514695,
    -3.202447406934));
#12415 = LINE('',#12416,#12417);
#12416 = CARTESIAN_POINT('',(0.25,-0.281192514695,-3.202447406934));
#12417 = VECTOR('',#12418,1.);
#12418 = DIRECTION('',(-1.,1.224646799147E-16,0.));
#12419 = ORIENTED_EDGE('',*,*,#12420,.T.);
#12420 = EDGE_CURVE('',#12413,#12023,#12421,.T.);
#12421 = LINE('',#12422,#12423);
#12422 = CARTESIAN_POINT('',(-5.813953488372E-03,-0.243023255814,
    -3.444186046512));
#12423 = VECTOR('',#12424,1.);
#12424 = DIRECTION('',(-0.702740385383,-0.110959008218,0.702740385383));
#12425 = ORIENTED_EDGE('',*,*,#12030,.T.);
#12426 = ORIENTED_EDGE('',*,*,#12386,.F.);
#12427 = PLANE('',#12428);
#12428 = AXIS2_PLACEMENT_3D('',#12429,#12430,#12431);
#12429 = CARTESIAN_POINT('',(0.25,-0.25,-3.4));
#12430 = DIRECTION('',(1.209660753807E-16,0.987762965329,0.155962573473)
  );
#12431 = DIRECTION('',(-1.909990663905E-17,-0.155962573473,
    0.987762965329));
#12432 = ADVANCED_FACE('',(#12433),#12467,.T.);
#12433 = FACE_BOUND('',#12434,.F.);
#12434 = EDGE_LOOP('',(#12435,#12443,#12444,#12445,#12453,#12461));
#12435 = ORIENTED_EDGE('',*,*,#12436,.T.);
#12436 = EDGE_CURVE('',#12437,#12405,#12439,.T.);
#12437 = VERTEX_POINT('',#12438);
#12438 = CARTESIAN_POINT('',(5.E-02,-5.E-02,-3.4));
#12439 = LINE('',#12440,#12441);
#12440 = CARTESIAN_POINT('',(9.198936903048E-02,-9.913946036316E-02,
    -3.35801063097));
#12441 = VECTOR('',#12442,1.);
#12442 = DIRECTION('',(0.544770019249,-0.63753529491,0.544770019249));
#12443 = ORIENTED_EDGE('',*,*,#12404,.T.);
#12444 = ORIENTED_EDGE('',*,*,#11908,.F.);
#12445 = ORIENTED_EDGE('',*,*,#12446,.F.);
#12446 = EDGE_CURVE('',#12447,#11901,#12449,.T.);
#12447 = VERTEX_POINT('',#12448);
#12448 = CARTESIAN_POINT('',(0.247552593066,0.218807485305,
    -3.202447406934));
#12449 = LINE('',#12450,#12451);
#12450 = CARTESIAN_POINT('',(0.629616963064,0.158481532148,
    -2.820383036936));
#12451 = VECTOR('',#12452,1.);
#12452 = DIRECTION('',(0.702740385383,-0.110959008218,0.702740385383));
#12453 = ORIENTED_EDGE('',*,*,#12454,.F.);
#12454 = EDGE_CURVE('',#12455,#12447,#12457,.T.);
#12455 = VERTEX_POINT('',#12456);
#12456 = CARTESIAN_POINT('',(5.E-02,5.E-02,-3.4));
#12457 = LINE('',#12458,#12459);
#12458 = CARTESIAN_POINT('',(0.185852405654,0.166085051658,
    -3.264147594346));
#12459 = VECTOR('',#12460,1.);
#12460 = DIRECTION('',(0.605209817607,0.517148096144,0.605209817607));
#12461 = ORIENTED_EDGE('',*,*,#12462,.T.);
#12462 = EDGE_CURVE('',#12455,#12437,#12463,.T.);
#12463 = LINE('',#12464,#12465);
#12464 = CARTESIAN_POINT('',(5.E-02,0.25,-3.4));
#12465 = VECTOR('',#12466,1.);
#12466 = DIRECTION('',(-1.224646799147E-16,-1.,0.));
#12467 = PLANE('',#12468);
#12468 = AXIS2_PLACEMENT_3D('',#12469,#12470,#12471);
#12469 = CARTESIAN_POINT('',(0.15,0.25,-3.3));
#12470 = DIRECTION('',(0.707106781187,-8.486018839685E-17,
    -0.707106781187));
#12471 = DIRECTION('',(1.212375546256E-16,1.,1.227125289196E-18));
#12472 = ADVANCED_FACE('',(#12473),#12498,.F.);
#12473 = FACE_BOUND('',#12474,.F.);
#12474 = EDGE_LOOP('',(#12475,#12476,#12482,#12483,#12491,#12497));
#12475 = ORIENTED_EDGE('',*,*,#11900,.F.);
#12476 = ORIENTED_EDGE('',*,*,#12477,.T.);
#12477 = EDGE_CURVE('',#11893,#12007,#12478,.T.);
#12478 = LINE('',#12479,#12480);
#12479 = CARTESIAN_POINT('',(0.25,-5.E-02,-1.5));
#12480 = VECTOR('',#12481,1.);
#12481 = DIRECTION('',(-1.,1.224646799147E-16,0.));
#12482 = ORIENTED_EDGE('',*,*,#12014,.T.);
#12483 = ORIENTED_EDGE('',*,*,#12484,.F.);
#12484 = EDGE_CURVE('',#12485,#12015,#12487,.T.);
#12485 = VERTEX_POINT('',#12486);
#12486 = CARTESIAN_POINT('',(-0.247552593066,0.218807485305,
    -3.202447406934));
#12487 = LINE('',#12488,#12489);
#12488 = CARTESIAN_POINT('',(-0.506155950752,0.177975376197,
    -2.943844049248));
#12489 = VECTOR('',#12490,1.);
#12490 = DIRECTION('',(-0.702740385383,-0.110959008218,0.702740385383));
#12491 = ORIENTED_EDGE('',*,*,#12492,.F.);
#12492 = EDGE_CURVE('',#12447,#12485,#12493,.T.);
#12493 = LINE('',#12494,#12495);
#12494 = CARTESIAN_POINT('',(0.25,0.218807485305,-3.202447406934));
#12495 = VECTOR('',#12496,1.);
#12496 = DIRECTION('',(-1.,1.224646799147E-16,0.));
#12497 = ORIENTED_EDGE('',*,*,#12446,.T.);
#12498 = PLANE('',#12499);
#12499 = AXIS2_PLACEMENT_3D('',#12500,#12501,#12502);
#12500 = CARTESIAN_POINT('',(0.25,-5.E-02,-1.5));
#12501 = DIRECTION('',(-1.209660753807E-16,-0.987762965329,
    -0.155962573473));
#12502 = DIRECTION('',(1.909990663905E-17,0.155962573473,-0.987762965329
    ));
#12503 = ADVANCED_FACE('',(#12504),#12515,.F.);
#12504 = FACE_BOUND('',#12505,.F.);
#12505 = EDGE_LOOP('',(#12506,#12512,#12513,#12514));
#12506 = ORIENTED_EDGE('',*,*,#12507,.T.);
#12507 = EDGE_CURVE('',#11885,#11999,#12508,.T.);
#12508 = LINE('',#12509,#12510);
#12509 = CARTESIAN_POINT('',(0.25,0.25,-0.9));
#12510 = VECTOR('',#12511,1.);
#12511 = DIRECTION('',(-1.,1.224646799147E-16,0.));
#12512 = ORIENTED_EDGE('',*,*,#12006,.T.);
#12513 = ORIENTED_EDGE('',*,*,#12477,.F.);
#12514 = ORIENTED_EDGE('',*,*,#11892,.F.);
#12515 = PLANE('',#12516);
#12516 = AXIS2_PLACEMENT_3D('',#12517,#12518,#12519);
#12517 = CARTESIAN_POINT('',(0.25,0.25,-0.9));
#12518 = DIRECTION('',(-1.095357396528E-16,-0.894427191,0.4472135955));
#12519 = DIRECTION('',(-5.476786982641E-17,-0.4472135955,-0.894427191));
#12520 = ADVANCED_FACE('',(#12521),#12532,.F.);
#12521 = FACE_BOUND('',#12522,.F.);
#12522 = EDGE_LOOP('',(#12523,#12524,#12530,#12531));
#12523 = ORIENTED_EDGE('',*,*,#11884,.F.);
#12524 = ORIENTED_EDGE('',*,*,#12525,.T.);
#12525 = EDGE_CURVE('',#11876,#11990,#12526,.T.);
#12526 = LINE('',#12527,#12528);
#12527 = CARTESIAN_POINT('',(0.25,0.25,2.8));
#12528 = VECTOR('',#12529,1.);
#12529 = DIRECTION('',(-1.,1.224646799147E-16,0.));
#12530 = ORIENTED_EDGE('',*,*,#11998,.T.);
#12531 = ORIENTED_EDGE('',*,*,#12507,.F.);
#12532 = PLANE('',#12533);
#12533 = AXIS2_PLACEMENT_3D('',#12534,#12535,#12536);
#12534 = CARTESIAN_POINT('',(0.25,0.25,3.35));
#12535 = DIRECTION('',(-1.224646799147E-16,-1.,0.));
#12536 = DIRECTION('',(-0.,0.,-1.));
#12537 = ADVANCED_FACE('',(#12538),#12544,.T.);
#12538 = FACE_BOUND('',#12539,.T.);
#12539 = EDGE_LOOP('',(#12540,#12541,#12542,#12543));
#12540 = ORIENTED_EDGE('',*,*,#11875,.T.);
#12541 = ORIENTED_EDGE('',*,*,#12525,.T.);
#12542 = ORIENTED_EDGE('',*,*,#11989,.F.);
#12543 = ORIENTED_EDGE('',*,*,#11973,.F.);
#12544 = CYLINDRICAL_SURFACE('',#12545,0.55);
#12545 = AXIS2_PLACEMENT_3D('',#12546,#12547,#12548);
#12546 = CARTESIAN_POINT('',(0.25,-0.3,2.8));
#12547 = DIRECTION('',(-1.,1.224646799147E-16,0.));
#12548 = DIRECTION('',(0.,0.,1.));
#12549 = ADVANCED_FACE('',(#12550),#12577,.F.);
#12550 = FACE_BOUND('',#12551,.T.);
#12551 = EDGE_LOOP('',(#12552,#12560,#12561,#12562,#12563,#12571));
#12552 = ORIENTED_EDGE('',*,*,#12553,.T.);
#12553 = EDGE_CURVE('',#12554,#12413,#12556,.T.);
#12554 = VERTEX_POINT('',#12555);
#12555 = CARTESIAN_POINT('',(-5.E-02,-5.E-02,-3.4));
#12556 = LINE('',#12557,#12558);
#12557 = CARTESIAN_POINT('',(-1.77957755624E-02,-1.231193164325E-02,
    -3.432204224438));
#12558 = VECTOR('',#12559,1.);
#12559 = DIRECTION('',(-0.544770019249,-0.63753529491,0.544770019249));
#12560 = ORIENTED_EDGE('',*,*,#12420,.T.);
#12561 = ORIENTED_EDGE('',*,*,#12022,.F.);
#12562 = ORIENTED_EDGE('',*,*,#12484,.F.);
#12563 = ORIENTED_EDGE('',*,*,#12564,.F.);
#12564 = EDGE_CURVE('',#12565,#12485,#12567,.T.);
#12565 = VERTEX_POINT('',#12566);
#12566 = CARTESIAN_POINT('',(-5.E-02,5.E-02,-3.4));
#12567 = LINE('',#12568,#12569);
#12568 = CARTESIAN_POINT('',(-9.428267482221E-02,8.783927542193E-02,
    -3.355717325178));
#12569 = VECTOR('',#12570,1.);
#12570 = DIRECTION('',(-0.605209817607,0.517148096144,0.605209817607));
#12571 = ORIENTED_EDGE('',*,*,#12572,.T.);
#12572 = EDGE_CURVE('',#12565,#12554,#12573,.T.);
#12573 = LINE('',#12574,#12575);
#12574 = CARTESIAN_POINT('',(-5.E-02,0.25,-3.4));
#12575 = VECTOR('',#12576,1.);
#12576 = DIRECTION('',(-1.224646799147E-16,-1.,0.));
#12577 = PLANE('',#12578);
#12578 = AXIS2_PLACEMENT_3D('',#12579,#12580,#12581);
#12579 = CARTESIAN_POINT('',(-0.15,0.25,-3.3));
#12580 = DIRECTION('',(0.707106781187,-8.833102285013E-17,0.707106781187
    ));
#12581 = DIRECTION('',(1.236918052038E-16,1.,1.227125289097E-18));
#12582 = ADVANCED_FACE('',(#12583),#12594,.T.);
#12583 = FACE_BOUND('',#12584,.F.);
#12584 = EDGE_LOOP('',(#12585,#12586,#12592,#12593));
#12585 = ORIENTED_EDGE('',*,*,#12202,.F.);
#12586 = ORIENTED_EDGE('',*,*,#12587,.T.);
#12587 = EDGE_CURVE('',#12203,#12320,#12588,.T.);
#12588 = LINE('',#12589,#12590);
#12589 = CARTESIAN_POINT('',(2.25,-5.E-02,-3.4));
#12590 = VECTOR('',#12591,1.);
#12591 = DIRECTION('',(-1.,1.224646799147E-16,0.));
#12592 = ORIENTED_EDGE('',*,*,#12319,.T.);
#12593 = ORIENTED_EDGE('',*,*,#12178,.F.);
#12594 = PLANE('',#12595);
#12595 = AXIS2_PLACEMENT_3D('',#12596,#12597,#12598);
#12596 = CARTESIAN_POINT('',(2.25,-0.165596257347,-3.301223703467));
#12597 = DIRECTION('',(-8.302774088379E-17,-0.64962967394,
    -0.760250805153));
#12598 = DIRECTION('',(1.,-1.247195775152E-16,-2.638869166629E-18));
#12599 = ADVANCED_FACE('',(#12600),#12611,.F.);
#12600 = FACE_BOUND('',#12601,.F.);
#12601 = EDGE_LOOP('',(#12602,#12603,#12604,#12610));
#12602 = ORIENTED_EDGE('',*,*,#12587,.F.);
#12603 = ORIENTED_EDGE('',*,*,#12228,.F.);
#12604 = ORIENTED_EDGE('',*,*,#12605,.T.);
#12605 = EDGE_CURVE('',#12221,#12331,#12606,.T.);
#12606 = LINE('',#12607,#12608);
#12607 = CARTESIAN_POINT('',(2.25,5.E-02,-3.4));
#12608 = VECTOR('',#12609,1.);
#12609 = DIRECTION('',(-1.,1.224646799147E-16,0.));
#12610 = ORIENTED_EDGE('',*,*,#12338,.T.);
#12611 = PLANE('',#12612);
#12612 = AXIS2_PLACEMENT_3D('',#12613,#12614,#12615);
#12613 = CARTESIAN_POINT('',(2.25,0.25,-3.4));
#12614 = DIRECTION('',(0.,0.,1.));
#12615 = DIRECTION('',(-1.224646799147E-16,-1.,0.));
#12616 = ADVANCED_FACE('',(#12617),#12623,.T.);
#12617 = FACE_BOUND('',#12618,.T.);
#12618 = EDGE_LOOP('',(#12619,#12620,#12621,#12622));
#12619 = ORIENTED_EDGE('',*,*,#12220,.F.);
#12620 = ORIENTED_EDGE('',*,*,#12605,.T.);
#12621 = ORIENTED_EDGE('',*,*,#12330,.T.);
#12622 = ORIENTED_EDGE('',*,*,#12258,.F.);
#12623 = PLANE('',#12624);
#12624 = AXIS2_PLACEMENT_3D('',#12625,#12626,#12627);
#12625 = CARTESIAN_POINT('',(2.25,0.134403742653,-3.301223703467));
#12626 = DIRECTION('',(9.136856246232E-17,0.760250805153,-0.64962967394)
  );
#12627 = DIRECTION('',(-1.,1.211454098155E-16,1.127308249542E-18));
#12628 = ADVANCED_FACE('',(#12629),#12640,.T.);
#12629 = FACE_BOUND('',#12630,.F.);
#12630 = EDGE_LOOP('',(#12631,#12632,#12638,#12639));
#12631 = ORIENTED_EDGE('',*,*,#12436,.F.);
#12632 = ORIENTED_EDGE('',*,*,#12633,.T.);
#12633 = EDGE_CURVE('',#12437,#12554,#12634,.T.);
#12634 = LINE('',#12635,#12636);
#12635 = CARTESIAN_POINT('',(0.25,-5.E-02,-3.4));
#12636 = VECTOR('',#12637,1.);
#12637 = DIRECTION('',(-1.,1.224646799147E-16,0.));
#12638 = ORIENTED_EDGE('',*,*,#12553,.T.);
#12639 = ORIENTED_EDGE('',*,*,#12412,.F.);
#12640 = PLANE('',#12641);
#12641 = AXIS2_PLACEMENT_3D('',#12642,#12643,#12644);
#12642 = CARTESIAN_POINT('',(0.25,-0.165596257347,-3.301223703467));
#12643 = DIRECTION('',(-8.302774088379E-17,-0.64962967394,
    -0.760250805153));
#12644 = DIRECTION('',(1.,-1.247195775152E-16,-2.638869166629E-18));
#12645 = ADVANCED_FACE('',(#12646),#12657,.F.);
#12646 = FACE_BOUND('',#12647,.F.);
#12647 = EDGE_LOOP('',(#12648,#12649,#12650,#12656));
#12648 = ORIENTED_EDGE('',*,*,#12633,.F.);
#12649 = ORIENTED_EDGE('',*,*,#12462,.F.);
#12650 = ORIENTED_EDGE('',*,*,#12651,.T.);
#12651 = EDGE_CURVE('',#12455,#12565,#12652,.T.);
#12652 = LINE('',#12653,#12654);
#12653 = CARTESIAN_POINT('',(0.25,5.E-02,-3.4));
#12654 = VECTOR('',#12655,1.);
#12655 = DIRECTION('',(-1.,1.224646799147E-16,0.));
#12656 = ORIENTED_EDGE('',*,*,#12572,.T.);
#12657 = PLANE('',#12658);
#12658 = AXIS2_PLACEMENT_3D('',#12659,#12660,#12661);
#12659 = CARTESIAN_POINT('',(0.25,0.25,-3.4));
#12660 = DIRECTION('',(0.,0.,1.));
#12661 = DIRECTION('',(-1.224646799147E-16,-1.,0.));
#12662 = ADVANCED_FACE('',(#12663),#12669,.T.);
#12663 = FACE_BOUND('',#12664,.T.);
#12664 = EDGE_LOOP('',(#12665,#12666,#12667,#12668));
#12665 = ORIENTED_EDGE('',*,*,#12454,.F.);
#12666 = ORIENTED_EDGE('',*,*,#12651,.T.);
#12667 = ORIENTED_EDGE('',*,*,#12564,.T.);
#12668 = ORIENTED_EDGE('',*,*,#12492,.F.);
#12669 = PLANE('',#12670);
#12670 = AXIS2_PLACEMENT_3D('',#12671,#12672,#12673);
#12671 = CARTESIAN_POINT('',(0.25,0.134403742653,-3.301223703467));
#12672 = DIRECTION('',(9.136856246232E-17,0.760250805153,-0.64962967394)
  );
#12673 = DIRECTION('',(-1.,1.211454098155E-16,1.127308249542E-18));
#12674 = ( GEOMETRIC_REPRESENTATION_CONTEXT(3) 
GLOBAL_UNCERTAINTY_ASSIGNED_CONTEXT((#12678)) 
GLOBAL_UNIT_ASSIGNED_CONTEXT((#12675,#12676,#12677)) 
REPRESENTATION_CONTEXT('Context #1',
  '3D Context with UNIT and UNCERTAINTY') );
#12675 = ( LENGTH_UNIT() NAMED_UNIT(*) SI_UNIT(.MILLI.,.METRE.) );
#12676 = ( NAMED_UNIT(*) PLANE_ANGLE_UNIT() SI_UNIT($,.RADIAN.) );
#12677 = ( NAMED_UNIT(*) SI_UNIT($,.STERADIAN.) SOLID_ANGLE_UNIT() );
#12678 = UNCERTAINTY_MEASURE_WITH_UNIT(LENGTH_MEASURE(1.E-07),#12675,
  'distance_accuracy_value','confusion accuracy');
#12679 = CONTEXT_DEPENDENT_SHAPE_REPRESENTATION(#12680,#12682);
#12680 = ( REPRESENTATION_RELATIONSHIP('','',#9179,#10) 
REPRESENTATION_RELATIONSHIP_WITH_TRANSFORMATION(#12681) 
SHAPE_REPRESENTATION_RELATIONSHIP() );
#12681 = ITEM_DEFINED_TRANSFORMATION('','',#11,#63);
#12682 = PRODUCT_DEFINITION_SHAPE('Placement','Placement of an item',
  #12683);
#12683 = NEXT_ASSEMBLY_USAGE_OCCURRENCE('13','J1','',#5,#9174,$);
#12684 = PRODUCT_RELATED_PRODUCT_CATEGORY('part',$,(#9176));
#12685 = CONTEXT_DEPENDENT_SHAPE_REPRESENTATION(#12686,#12688);
#12686 = ( REPRESENTATION_RELATIONSHIP('','',#92,#10) 
REPRESENTATION_RELATIONSHIP_WITH_TRANSFORMATION(#12687) 
SHAPE_REPRESENTATION_RELATIONSHIP() );
#12687 = ITEM_DEFINED_TRANSFORMATION('','',#11,#67);
#12688 = PRODUCT_DEFINITION_SHAPE('Placement','Placement of an item',
  #12689);
#12689 = NEXT_ASSEMBLY_USAGE_OCCURRENCE('14','R4','',#5,#87,$);
#12690 = SHAPE_DEFINITION_REPRESENTATION(#12691,#12697);
#12691 = PRODUCT_DEFINITION_SHAPE('','',#12692);
#12692 = PRODUCT_DEFINITION('design','',#12693,#12696);
#12693 = PRODUCT_DEFINITION_FORMATION('','',#12694);
#12694 = PRODUCT('TL3342F160QG','TL3342F160QG','',(#12695));
#12695 = PRODUCT_CONTEXT('',#2,'mechanical');
#12696 = PRODUCT_DEFINITION_CONTEXT('part definition',#2,'design');
#12697 = SHAPE_REPRESENTATION('',(#11,#12698,#14706,#14846,#15268,#15986
    ,#16408,#16830),#17252);
#12698 = MANIFOLD_SOLID_BREP('',#12699);
#12699 = CLOSED_SHELL('',(#12700,#12742,#12786,#12830,#12858,#12898,
    #12938,#12978,#13018,#13057,#13096,#13135,#13174,#13214,#13254,
    #13294,#13334,#13373,#13412,#13451,#13490,#13574,#13656,#13678,
    #13700,#13722,#13744,#13768,#13793,#13809,#13840,#13880,#13911,
    #13937,#13963,#13987,#14012,#14028,#14059,#14099,#14130,#14156,
    #14182,#14194,#14206,#14218,#14230,#14247,#14280,#14291,#14308,
    #14341,#14352,#14374,#14386,#14403,#14420,#14441,#14457,#14469,
    #14481,#14503,#14515,#14532,#14549,#14570,#14586,#14598,#14610,
    #14628,#14654,#14666,#14678,#14694));
#12700 = ADVANCED_FACE('',(#12701),#12737,.F.);
#12701 = FACE_BOUND('',#12702,.F.);
#12702 = EDGE_LOOP('',(#12703,#12713,#12722,#12730));
#12703 = ORIENTED_EDGE('',*,*,#12704,.T.);
#12704 = EDGE_CURVE('',#12705,#12707,#12709,.T.);
#12705 = VERTEX_POINT('',#12706);
#12706 = CARTESIAN_POINT('',(0.,0.,1.05));
#12707 = VERTEX_POINT('',#12708);
#12708 = CARTESIAN_POINT('',(0.,0.4,1.05));
#12709 = LINE('',#12710,#12711);
#12710 = CARTESIAN_POINT('',(0.,-2.969848480983,1.05));
#12711 = VECTOR('',#12712,1.);
#12712 = DIRECTION('',(-0.,1.,-0.));
#12713 = ORIENTED_EDGE('',*,*,#12714,.F.);
#12714 = EDGE_CURVE('',#12715,#12707,#12717,.T.);
#12715 = VERTEX_POINT('',#12716);
#12716 = CARTESIAN_POINT('',(1.285879139105E-16,0.4,-1.05));
#12717 = CIRCLE('',#12718,1.05);
#12718 = AXIS2_PLACEMENT_3D('',#12719,#12720,#12721);
#12719 = CARTESIAN_POINT('',(0.,0.4,0.));
#12720 = DIRECTION('',(0.,1.,0.));
#12721 = DIRECTION('',(0.,-0.,1.));
#12722 = ORIENTED_EDGE('',*,*,#12723,.F.);
#12723 = EDGE_CURVE('',#12724,#12715,#12726,.T.);
#12724 = VERTEX_POINT('',#12725);
#12725 = CARTESIAN_POINT('',(1.285879139105E-16,0.,-1.05));
#12726 = LINE('',#12727,#12728);
#12727 = CARTESIAN_POINT('',(1.285879139105E-16,-2.969848480983,-1.05));
#12728 = VECTOR('',#12729,1.);
#12729 = DIRECTION('',(-0.,1.,-0.));
#12730 = ORIENTED_EDGE('',*,*,#12731,.T.);
#12731 = EDGE_CURVE('',#12724,#12705,#12732,.T.);
#12732 = CIRCLE('',#12733,1.05);
#12733 = AXIS2_PLACEMENT_3D('',#12734,#12735,#12736);
#12734 = CARTESIAN_POINT('',(0.,0.,0.));
#12735 = DIRECTION('',(0.,1.,0.));
#12736 = DIRECTION('',(0.,-0.,-1.));
#12737 = CYLINDRICAL_SURFACE('',#12738,1.05);
#12738 = AXIS2_PLACEMENT_3D('',#12739,#12740,#12741);
#12739 = CARTESIAN_POINT('',(0.,-2.969848480983,0.));
#12740 = DIRECTION('',(-0.,1.,-0.));
#12741 = DIRECTION('',(0.,0.,1.));
#12742 = ADVANCED_FACE('',(#12743),#12781,.F.);
#12743 = FACE_BOUND('',#12744,.F.);
#12744 = EDGE_LOOP('',(#12745,#12756,#12765,#12774));
#12745 = ORIENTED_EDGE('',*,*,#12746,.T.);
#12746 = EDGE_CURVE('',#12747,#12749,#12751,.T.);
#12747 = VERTEX_POINT('',#12748);
#12748 = CARTESIAN_POINT('',(0.,0.,-1.638707026081));
#12749 = VERTEX_POINT('',#12750);
#12750 = CARTESIAN_POINT('',(-1.895846621186E-16,5.773817382593E-02,
    -1.548076247377));
#12751 = CIRCLE('',#12752,0.1);
#12752 = AXIS2_PLACEMENT_3D('',#12753,#12754,#12755);
#12753 = CARTESIAN_POINT('',(0.,0.1,-1.638707026081));
#12754 = DIRECTION('',(-1.,0.,0.));
#12755 = DIRECTION('',(0.,0.,1.));
#12756 = ORIENTED_EDGE('',*,*,#12757,.T.);
#12757 = EDGE_CURVE('',#12749,#12758,#12760,.T.);
#12758 = VERTEX_POINT('',#12759);
#12759 = CARTESIAN_POINT('',(0.,5.773817382593E-02,1.548076247377));
#12760 = CIRCLE('',#12761,1.548076247377);
#12761 = AXIS2_PLACEMENT_3D('',#12762,#12763,#12764);
#12762 = CARTESIAN_POINT('',(0.,5.773817382593E-02,0.));
#12763 = DIRECTION('',(0.,1.,0.));
#12764 = DIRECTION('',(0.,0.,-1.));
#12765 = ORIENTED_EDGE('',*,*,#12766,.F.);
#12766 = EDGE_CURVE('',#12767,#12758,#12769,.T.);
#12767 = VERTEX_POINT('',#12768);
#12768 = CARTESIAN_POINT('',(2.00683731423E-16,0.,1.638707026081));
#12769 = CIRCLE('',#12770,0.1);
#12770 = AXIS2_PLACEMENT_3D('',#12771,#12772,#12773);
#12771 = CARTESIAN_POINT('',(2.00683731423E-16,0.1,1.638707026081));
#12772 = DIRECTION('',(1.,0.,-1.224646799147E-16));
#12773 = DIRECTION('',(-1.224646799147E-16,0.,-1.));
#12774 = ORIENTED_EDGE('',*,*,#12775,.T.);
#12775 = EDGE_CURVE('',#12767,#12747,#12776,.T.);
#12776 = CIRCLE('',#12777,1.638707026081);
#12777 = AXIS2_PLACEMENT_3D('',#12778,#12779,#12780);
#12778 = CARTESIAN_POINT('',(0.,0.,0.));
#12779 = DIRECTION('',(-0.,-1.,0.));
#12780 = DIRECTION('',(-0.,0.,-1.));
#12781 = TOROIDAL_SURFACE('',#12782,1.638707026081,0.1);
#12782 = AXIS2_PLACEMENT_3D('',#12783,#12784,#12785);
#12783 = CARTESIAN_POINT('',(0.,0.1,0.));
#12784 = DIRECTION('',(-0.,-1.,0.));
#12785 = DIRECTION('',(-0.,0.,-1.));
#12786 = ADVANCED_FACE('',(#12787),#12825,.T.);
#12787 = FACE_BOUND('',#12788,.T.);
#12788 = EDGE_LOOP('',(#12789,#12800,#12809,#12818));
#12789 = ORIENTED_EDGE('',*,*,#12790,.F.);
#12790 = EDGE_CURVE('',#12791,#12793,#12795,.T.);
#12791 = VERTEX_POINT('',#12792);
#12792 = CARTESIAN_POINT('',(-1.814606272462E-16,0.342261826174,
    -1.415400689361));
#12793 = VERTEX_POINT('',#12794);
#12794 = CARTESIAN_POINT('',(0.,0.342261826174,1.415400689361));
#12795 = CIRCLE('',#12796,1.415400689361);
#12796 = AXIS2_PLACEMENT_3D('',#12797,#12798,#12799);
#12797 = CARTESIAN_POINT('',(0.,0.342261826174,0.));
#12798 = DIRECTION('',(0.,-1.,-0.));
#12799 = DIRECTION('',(0.,0.,-1.));
#12800 = ORIENTED_EDGE('',*,*,#12801,.T.);
#12801 = EDGE_CURVE('',#12791,#12802,#12804,.T.);
#12802 = VERTEX_POINT('',#12803);
#12803 = CARTESIAN_POINT('',(1.677870577215E-16,0.4,-1.324769910657));
#12804 = CIRCLE('',#12805,0.1);
#12805 = AXIS2_PLACEMENT_3D('',#12806,#12807,#12808);
#12806 = CARTESIAN_POINT('',(1.622375230693E-16,0.3,-1.324769910657));
#12807 = DIRECTION('',(1.,-0.,1.224646799147E-16));
#12808 = DIRECTION('',(1.224646799147E-16,0.,-1.));
#12809 = ORIENTED_EDGE('',*,*,#12810,.F.);
#12810 = EDGE_CURVE('',#12811,#12802,#12813,.T.);
#12811 = VERTEX_POINT('',#12812);
#12812 = CARTESIAN_POINT('',(0.,0.4,1.324769910657));
#12813 = CIRCLE('',#12814,1.324769910657);
#12814 = AXIS2_PLACEMENT_3D('',#12815,#12816,#12817);
#12815 = CARTESIAN_POINT('',(0.,0.4,0.));
#12816 = DIRECTION('',(0.,1.,0.));
#12817 = DIRECTION('',(0.,-0.,1.));
#12818 = ORIENTED_EDGE('',*,*,#12819,.F.);
#12819 = EDGE_CURVE('',#12793,#12811,#12820,.T.);
#12820 = CIRCLE('',#12821,0.1);
#12821 = AXIS2_PLACEMENT_3D('',#12822,#12823,#12824);
#12822 = CARTESIAN_POINT('',(0.,0.3,1.324769910657));
#12823 = DIRECTION('',(-1.,0.,0.));
#12824 = DIRECTION('',(0.,0.,1.));
#12825 = TOROIDAL_SURFACE('',#12826,1.324769910657,0.1);
#12826 = AXIS2_PLACEMENT_3D('',#12827,#12828,#12829);
#12827 = CARTESIAN_POINT('',(0.,0.3,0.));
#12828 = DIRECTION('',(0.,1.,0.));
#12829 = DIRECTION('',(0.,-0.,1.));
#12830 = ADVANCED_FACE('',(#12831),#12853,.T.);
#12831 = FACE_BOUND('',#12832,.T.);
#12832 = EDGE_LOOP('',(#12833,#12840,#12846,#12847));
#12833 = ORIENTED_EDGE('',*,*,#12834,.T.);
#12834 = EDGE_CURVE('',#12793,#12791,#12835,.T.);
#12835 = CIRCLE('',#12836,1.415400689361);
#12836 = AXIS2_PLACEMENT_3D('',#12837,#12838,#12839);
#12837 = CARTESIAN_POINT('',(0.,0.342261826174,0.));
#12838 = DIRECTION('',(0.,-1.,-0.));
#12839 = DIRECTION('',(0.,0.,-1.));
#12840 = ORIENTED_EDGE('',*,*,#12841,.T.);
#12841 = EDGE_CURVE('',#12791,#12749,#12842,.T.);
#12842 = LINE('',#12843,#12844);
#12843 = CARTESIAN_POINT('',(-1.928818708657E-16,0.,-1.575));
#12844 = VECTOR('',#12845,1.);
#12845 = DIRECTION('',(-5.17558101502E-17,-0.906307787037,
    -0.422618261741));
#12846 = ORIENTED_EDGE('',*,*,#12757,.T.);
#12847 = ORIENTED_EDGE('',*,*,#12848,.F.);
#12848 = EDGE_CURVE('',#12793,#12758,#12849,.T.);
#12849 = LINE('',#12850,#12851);
#12850 = CARTESIAN_POINT('',(0.,0.,1.575));
#12851 = VECTOR('',#12852,1.);
#12852 = DIRECTION('',(0.,-0.906307787037,0.422618261741));
#12853 = CONICAL_SURFACE('',#12854,1.575,0.436332312999);
#12854 = AXIS2_PLACEMENT_3D('',#12855,#12856,#12857);
#12855 = CARTESIAN_POINT('',(0.,0.,0.));
#12856 = DIRECTION('',(-0.,-1.,-0.));
#12857 = DIRECTION('',(0.,0.,1.));
#12858 = ADVANCED_FACE('',(#12859),#12893,.F.);
#12859 = FACE_BOUND('',#12860,.T.);
#12860 = EDGE_LOOP('',(#12861,#12871,#12879,#12887));
#12861 = ORIENTED_EDGE('',*,*,#12862,.F.);
#12862 = EDGE_CURVE('',#12863,#12865,#12867,.T.);
#12863 = VERTEX_POINT('',#12864);
#12864 = CARTESIAN_POINT('',(-2.5,-0.45,-1.2));
#12865 = VERTEX_POINT('',#12866);
#12866 = CARTESIAN_POINT('',(-2.35,-0.45,-1.2));
#12867 = LINE('',#12868,#12869);
#12868 = CARTESIAN_POINT('',(-2.35,-0.45,-1.2));
#12869 = VECTOR('',#12870,1.);
#12870 = DIRECTION('',(1.,-2.893733071086E-15,-1.76909445394E-16));
#12871 = ORIENTED_EDGE('',*,*,#12872,.F.);
#12872 = EDGE_CURVE('',#12873,#12863,#12875,.T.);
#12873 = VERTEX_POINT('',#12874);
#12874 = CARTESIAN_POINT('',(-2.5,-0.15,-1.2));
#12875 = LINE('',#12876,#12877);
#12876 = CARTESIAN_POINT('',(-2.5,7.751736684063E-15,-1.2));
#12877 = VECTOR('',#12878,1.);
#12878 = DIRECTION('',(-2.891205793295E-15,-1.,0.));
#12879 = ORIENTED_EDGE('',*,*,#12880,.T.);
#12880 = EDGE_CURVE('',#12873,#12881,#12883,.T.);
#12881 = VERTEX_POINT('',#12882);
#12882 = CARTESIAN_POINT('',(-2.35,-0.15,-1.2));
#12883 = LINE('',#12884,#12885);
#12884 = CARTESIAN_POINT('',(-2.5,-0.15,-1.2));
#12885 = VECTOR('',#12886,1.);
#12886 = DIRECTION('',(1.,-3.491481338843E-15,-1.807003620809E-16));
#12887 = ORIENTED_EDGE('',*,*,#12888,.T.);
#12888 = EDGE_CURVE('',#12881,#12865,#12889,.T.);
#12889 = LINE('',#12890,#12891);
#12890 = CARTESIAN_POINT('',(-2.35,-0.75,-1.2));
#12891 = VECTOR('',#12892,1.);
#12892 = DIRECTION('',(-2.891205793295E-15,-1.,-0.));
#12893 = PLANE('',#12894);
#12894 = AXIS2_PLACEMENT_3D('',#12895,#12896,#12897);
#12895 = CARTESIAN_POINT('',(-2.5,-0.75,-1.2));
#12896 = DIRECTION('',(1.807003620809E-16,-5.224419336988E-31,1.));
#12897 = DIRECTION('',(1.,0.,-1.807003620809E-16));
#12898 = ADVANCED_FACE('',(#12899),#12933,.F.);
#12899 = FACE_BOUND('',#12900,.T.);
#12900 = EDGE_LOOP('',(#12901,#12911,#12919,#12927));
#12901 = ORIENTED_EDGE('',*,*,#12902,.F.);
#12902 = EDGE_CURVE('',#12903,#12905,#12907,.T.);
#12903 = VERTEX_POINT('',#12904);
#12904 = CARTESIAN_POINT('',(-2.5,-0.75,0.75));
#12905 = VERTEX_POINT('',#12906);
#12906 = CARTESIAN_POINT('',(-2.35,-0.75,0.75));
#12907 = LINE('',#12908,#12909);
#12908 = CARTESIAN_POINT('',(-2.35,-0.75,0.75));
#12909 = VECTOR('',#12910,1.);
#12910 = DIRECTION('',(1.,-2.893733071086E-15,-1.76909445394E-16));
#12911 = ORIENTED_EDGE('',*,*,#12912,.F.);
#12912 = EDGE_CURVE('',#12913,#12903,#12915,.T.);
#12913 = VERTEX_POINT('',#12914);
#12914 = CARTESIAN_POINT('',(-2.5,-0.75,0.5));
#12915 = LINE('',#12916,#12917);
#12916 = CARTESIAN_POINT('',(-2.5,-0.75,4.517509052023E-16));
#12917 = VECTOR('',#12918,1.);
#12918 = DIRECTION('',(1.807003620809E-16,0.,1.));
#12919 = ORIENTED_EDGE('',*,*,#12920,.T.);
#12920 = EDGE_CURVE('',#12913,#12921,#12923,.T.);
#12921 = VERTEX_POINT('',#12922);
#12922 = CARTESIAN_POINT('',(-2.35,-0.75,0.5));
#12923 = LINE('',#12924,#12925);
#12924 = CARTESIAN_POINT('',(-2.35,-0.75,0.5));
#12925 = VECTOR('',#12926,1.);
#12926 = DIRECTION('',(1.,-2.741910574356E-15,6.81250028166E-17));
#12927 = ORIENTED_EDGE('',*,*,#12928,.T.);
#12928 = EDGE_CURVE('',#12921,#12905,#12929,.T.);
#12929 = LINE('',#12930,#12931);
#12930 = CARTESIAN_POINT('',(-2.35,-0.75,1.2));
#12931 = VECTOR('',#12932,1.);
#12932 = DIRECTION('',(1.807003620809E-16,-0.,1.));
#12933 = PLANE('',#12934);
#12934 = AXIS2_PLACEMENT_3D('',#12935,#12936,#12937);
#12935 = CARTESIAN_POINT('',(-2.5,-0.75,1.2));
#12936 = DIRECTION('',(3.491481338843E-15,1.,-6.309119421277E-31));
#12937 = DIRECTION('',(-1.,3.491481338843E-15,7.017014892758E-62));
#12938 = ADVANCED_FACE('',(#12939),#12973,.F.);
#12939 = FACE_BOUND('',#12940,.T.);
#12940 = EDGE_LOOP('',(#12941,#12951,#12959,#12967));
#12941 = ORIENTED_EDGE('',*,*,#12942,.T.);
#12942 = EDGE_CURVE('',#12943,#12945,#12947,.T.);
#12943 = VERTEX_POINT('',#12944);
#12944 = CARTESIAN_POINT('',(-2.5,-0.75,-0.75));
#12945 = VERTEX_POINT('',#12946);
#12946 = CARTESIAN_POINT('',(-2.35,-0.75,-0.75));
#12947 = LINE('',#12948,#12949);
#12948 = CARTESIAN_POINT('',(-2.35,-0.75,-0.75));
#12949 = VECTOR('',#12950,1.);
#12950 = DIRECTION('',(1.,-2.893733071086E-15,-1.76909445394E-16));
#12951 = ORIENTED_EDGE('',*,*,#12952,.T.);
#12952 = EDGE_CURVE('',#12945,#12953,#12955,.T.);
#12953 = VERTEX_POINT('',#12954);
#12954 = CARTESIAN_POINT('',(-2.35,-0.75,-0.5));
#12955 = LINE('',#12956,#12957);
#12956 = CARTESIAN_POINT('',(-2.35,-0.75,1.2));
#12957 = VECTOR('',#12958,1.);
#12958 = DIRECTION('',(1.807003620809E-16,-0.,1.));
#12959 = ORIENTED_EDGE('',*,*,#12960,.F.);
#12960 = EDGE_CURVE('',#12961,#12953,#12963,.T.);
#12961 = VERTEX_POINT('',#12962);
#12962 = CARTESIAN_POINT('',(-2.5,-0.75,-0.5));
#12963 = LINE('',#12964,#12965);
#12964 = CARTESIAN_POINT('',(-2.35,-0.75,-0.5));
#12965 = VECTOR('',#12966,1.);
#12966 = DIRECTION('',(1.,-2.741910574356E-15,6.81250028166E-17));
#12967 = ORIENTED_EDGE('',*,*,#12968,.F.);
#12968 = EDGE_CURVE('',#12943,#12961,#12969,.T.);
#12969 = LINE('',#12970,#12971);
#12970 = CARTESIAN_POINT('',(-2.5,-0.75,4.517509052023E-16));
#12971 = VECTOR('',#12972,1.);
#12972 = DIRECTION('',(1.807003620809E-16,0.,1.));
#12973 = PLANE('',#12974);
#12974 = AXIS2_PLACEMENT_3D('',#12975,#12976,#12977);
#12975 = CARTESIAN_POINT('',(-2.5,-0.75,1.2));
#12976 = DIRECTION('',(3.491481338843E-15,1.,-6.309119421277E-31));
#12977 = DIRECTION('',(-1.,3.491481338843E-15,7.017014892758E-62));
#12978 = ADVANCED_FACE('',(#12979),#13013,.F.);
#12979 = FACE_BOUND('',#12980,.T.);
#12980 = EDGE_LOOP('',(#12981,#12991,#12999,#13007));
#12981 = ORIENTED_EDGE('',*,*,#12982,.T.);
#12982 = EDGE_CURVE('',#12983,#12985,#12987,.T.);
#12983 = VERTEX_POINT('',#12984);
#12984 = CARTESIAN_POINT('',(-2.5,-0.45,1.2));
#12985 = VERTEX_POINT('',#12986);
#12986 = CARTESIAN_POINT('',(-2.35,-0.45,1.2));
#12987 = LINE('',#12988,#12989);
#12988 = CARTESIAN_POINT('',(-2.35,-0.45,1.2));
#12989 = VECTOR('',#12990,1.);
#12990 = DIRECTION('',(1.,-2.893733071086E-15,-1.76909445394E-16));
#12991 = ORIENTED_EDGE('',*,*,#12992,.T.);
#12992 = EDGE_CURVE('',#12985,#12993,#12995,.T.);
#12993 = VERTEX_POINT('',#12994);
#12994 = CARTESIAN_POINT('',(-2.35,-0.15,1.2));
#12995 = LINE('',#12996,#12997);
#12996 = CARTESIAN_POINT('',(-2.35,-0.15,1.2));
#12997 = VECTOR('',#12998,1.);
#12998 = DIRECTION('',(2.891205793295E-15,1.,-0.));
#12999 = ORIENTED_EDGE('',*,*,#13000,.F.);
#13000 = EDGE_CURVE('',#13001,#12993,#13003,.T.);
#13001 = VERTEX_POINT('',#13002);
#13002 = CARTESIAN_POINT('',(-2.5,-0.15,1.2));
#13003 = LINE('',#13004,#13005);
#13004 = CARTESIAN_POINT('',(-2.5,-0.15,1.2));
#13005 = VECTOR('',#13006,1.);
#13006 = DIRECTION('',(1.,-3.491481338843E-15,-1.807003620809E-16));
#13007 = ORIENTED_EDGE('',*,*,#13008,.F.);
#13008 = EDGE_CURVE('',#12983,#13001,#13009,.T.);
#13009 = LINE('',#13010,#13011);
#13010 = CARTESIAN_POINT('',(-2.5,7.751736684063E-15,1.2));
#13011 = VECTOR('',#13012,1.);
#13012 = DIRECTION('',(2.891205793295E-15,1.,0.));
#13013 = PLANE('',#13014);
#13014 = AXIS2_PLACEMENT_3D('',#13015,#13016,#13017);
#13015 = CARTESIAN_POINT('',(-2.5,-0.15,1.2));
#13016 = DIRECTION('',(-1.807003620809E-16,5.224419336988E-31,-1.));
#13017 = DIRECTION('',(-1.,0.,1.807003620809E-16));
#13018 = ADVANCED_FACE('',(#13019),#13052,.F.);
#13019 = FACE_BOUND('',#13020,.T.);
#13020 = EDGE_LOOP('',(#13021,#13027,#13028,#13036,#13045,#13051));
#13021 = ORIENTED_EDGE('',*,*,#13022,.F.);
#13022 = EDGE_CURVE('',#12983,#12903,#13023,.T.);
#13023 = LINE('',#13024,#13025);
#13024 = CARTESIAN_POINT('',(-2.5,-0.45,1.2));
#13025 = VECTOR('',#13026,1.);
#13026 = DIRECTION('',(-1.754104210324E-15,-0.554700196225,
    -0.832050294338));
#13027 = ORIENTED_EDGE('',*,*,#13008,.T.);
#13028 = ORIENTED_EDGE('',*,*,#13029,.T.);
#13029 = EDGE_CURVE('',#13001,#13030,#13032,.T.);
#13030 = VERTEX_POINT('',#13031);
#13031 = CARTESIAN_POINT('',(-2.5,-0.15,0.207304124416));
#13032 = LINE('',#13033,#13034);
#13033 = CARTESIAN_POINT('',(-2.5,-0.15,4.517509052023E-16));
#13034 = VECTOR('',#13035,1.);
#13035 = DIRECTION('',(-1.807003620809E-16,0.,-1.));
#13036 = ORIENTED_EDGE('',*,*,#13037,.F.);
#13037 = EDGE_CURVE('',#13038,#13030,#13040,.T.);
#13038 = VERTEX_POINT('',#13039);
#13039 = CARTESIAN_POINT('',(-2.5,-0.605,0.5));
#13040 = CIRCLE('',#13041,0.5);
#13041 = AXIS2_PLACEMENT_3D('',#13042,#13043,#13044);
#13042 = CARTESIAN_POINT('',(-2.5,-0.605,4.144271004677E-16));
#13043 = DIRECTION('',(-1.,2.891205793295E-15,1.807003620809E-16));
#13044 = DIRECTION('',(-2.891205793295E-15,-1.,5.224419336988E-32));
#13045 = ORIENTED_EDGE('',*,*,#13046,.F.);
#13046 = EDGE_CURVE('',#12913,#13038,#13047,.T.);
#13047 = LINE('',#13048,#13049);
#13048 = CARTESIAN_POINT('',(-2.5,-0.45,0.5));
#13049 = VECTOR('',#13050,1.);
#13050 = DIRECTION('',(2.741910574356E-15,1.,-0.));
#13051 = ORIENTED_EDGE('',*,*,#12912,.T.);
#13052 = PLANE('',#13053);
#13053 = AXIS2_PLACEMENT_3D('',#13054,#13055,#13056);
#13054 = CARTESIAN_POINT('',(-2.5,7.751736684063E-15,4.517509052023E-16)
  );
#13055 = DIRECTION('',(1.,-2.891205793295E-15,-1.807003620809E-16));
#13056 = DIRECTION('',(2.891205793295E-15,1.,0.));
#13057 = ADVANCED_FACE('',(#13058),#13091,.F.);
#13058 = FACE_BOUND('',#13059,.T.);
#13059 = EDGE_LOOP('',(#13060,#13066,#13067,#13075,#13084,#13090));
#13060 = ORIENTED_EDGE('',*,*,#13061,.F.);
#13061 = EDGE_CURVE('',#12943,#12863,#13062,.T.);
#13062 = LINE('',#13063,#13064);
#13063 = CARTESIAN_POINT('',(-2.5,-0.75,-0.75));
#13064 = VECTOR('',#13065,1.);
#13065 = DIRECTION('',(1.453400631412E-15,0.554700196225,-0.832050294338
    ));
#13066 = ORIENTED_EDGE('',*,*,#12968,.T.);
#13067 = ORIENTED_EDGE('',*,*,#13068,.F.);
#13068 = EDGE_CURVE('',#13069,#12961,#13071,.T.);
#13069 = VERTEX_POINT('',#13070);
#13070 = CARTESIAN_POINT('',(-2.5,-0.605,-0.5));
#13071 = LINE('',#13072,#13073);
#13072 = CARTESIAN_POINT('',(-2.5,-0.45,-0.5));
#13073 = VECTOR('',#13074,1.);
#13074 = DIRECTION('',(-2.741910574356E-15,-1.,0.));
#13075 = ORIENTED_EDGE('',*,*,#13076,.F.);
#13076 = EDGE_CURVE('',#13077,#13069,#13079,.T.);
#13077 = VERTEX_POINT('',#13078);
#13078 = CARTESIAN_POINT('',(-2.5,-0.15,-0.207304124416));
#13079 = CIRCLE('',#13080,0.5);
#13080 = AXIS2_PLACEMENT_3D('',#13081,#13082,#13083);
#13081 = CARTESIAN_POINT('',(-2.5,-0.605,4.144271004677E-16));
#13082 = DIRECTION('',(-1.,2.891205793295E-15,1.807003620809E-16));
#13083 = DIRECTION('',(-2.891205793295E-15,-1.,5.224419336988E-32));
#13084 = ORIENTED_EDGE('',*,*,#13085,.T.);
#13085 = EDGE_CURVE('',#13077,#12873,#13086,.T.);
#13086 = LINE('',#13087,#13088);
#13087 = CARTESIAN_POINT('',(-2.5,-0.15,4.517509052023E-16));
#13088 = VECTOR('',#13089,1.);
#13089 = DIRECTION('',(-1.807003620809E-16,0.,-1.));
#13090 = ORIENTED_EDGE('',*,*,#12872,.T.);
#13091 = PLANE('',#13092);
#13092 = AXIS2_PLACEMENT_3D('',#13093,#13094,#13095);
#13093 = CARTESIAN_POINT('',(-2.5,7.751736684063E-15,4.517509052023E-16)
  );
#13094 = DIRECTION('',(1.,-2.891205793295E-15,-1.807003620809E-16));
#13095 = DIRECTION('',(2.891205793295E-15,1.,0.));
#13096 = ADVANCED_FACE('',(#13097),#13130,.T.);
#13097 = FACE_BOUND('',#13098,.T.);
#13098 = EDGE_LOOP('',(#13099,#13100,#13106,#13107,#13115,#13124));
#13099 = ORIENTED_EDGE('',*,*,#12992,.F.);
#13100 = ORIENTED_EDGE('',*,*,#13101,.T.);
#13101 = EDGE_CURVE('',#12985,#12905,#13102,.T.);
#13102 = LINE('',#13103,#13104);
#13103 = CARTESIAN_POINT('',(-2.35,-0.45,1.2));
#13104 = VECTOR('',#13105,1.);
#13105 = DIRECTION('',(-1.754104210324E-15,-0.554700196225,
    -0.832050294338));
#13106 = ORIENTED_EDGE('',*,*,#12928,.F.);
#13107 = ORIENTED_EDGE('',*,*,#13108,.T.);
#13108 = EDGE_CURVE('',#12921,#13109,#13111,.T.);
#13109 = VERTEX_POINT('',#13110);
#13110 = CARTESIAN_POINT('',(-2.35,-0.605,0.5));
#13111 = LINE('',#13112,#13113);
#13112 = CARTESIAN_POINT('',(-2.35,-0.75,0.5));
#13113 = VECTOR('',#13114,1.);
#13114 = DIRECTION('',(2.891205793295E-15,1.,1.801523909306E-32));
#13115 = ORIENTED_EDGE('',*,*,#13116,.T.);
#13116 = EDGE_CURVE('',#13109,#13117,#13119,.T.);
#13117 = VERTEX_POINT('',#13118);
#13118 = CARTESIAN_POINT('',(-2.35,-0.15,0.207304124416));
#13119 = CIRCLE('',#13120,0.5);
#13120 = AXIS2_PLACEMENT_3D('',#13121,#13122,#13123);
#13121 = CARTESIAN_POINT('',(-2.35,-0.605,4.246458508902E-16));
#13122 = DIRECTION('',(-1.,2.891205793295E-15,1.807003620809E-16));
#13123 = DIRECTION('',(2.891205793295E-15,1.,-5.224419336988E-32));
#13124 = ORIENTED_EDGE('',*,*,#13125,.F.);
#13125 = EDGE_CURVE('',#12993,#13117,#13126,.T.);
#13126 = LINE('',#13127,#13128);
#13127 = CARTESIAN_POINT('',(-2.35,-0.15,-1.2));
#13128 = VECTOR('',#13129,1.);
#13129 = DIRECTION('',(-1.807003620809E-16,-0.,-1.));
#13130 = PLANE('',#13131);
#13131 = AXIS2_PLACEMENT_3D('',#13132,#13133,#13134);
#13132 = CARTESIAN_POINT('',(-2.35,7.228014483237E-15,4.246458508902E-16
    ));
#13133 = DIRECTION('',(1.,-2.891205793295E-15,-1.807003620809E-16));
#13134 = DIRECTION('',(2.891205793295E-15,1.,0.));
#13135 = ADVANCED_FACE('',(#13136),#13169,.T.);
#13136 = FACE_BOUND('',#13137,.T.);
#13137 = EDGE_LOOP('',(#13138,#13139,#13145,#13146,#13154,#13163));
#13138 = ORIENTED_EDGE('',*,*,#12952,.F.);
#13139 = ORIENTED_EDGE('',*,*,#13140,.T.);
#13140 = EDGE_CURVE('',#12945,#12865,#13141,.T.);
#13141 = LINE('',#13142,#13143);
#13142 = CARTESIAN_POINT('',(-2.35,-0.75,-0.75));
#13143 = VECTOR('',#13144,1.);
#13144 = DIRECTION('',(1.453400631412E-15,0.554700196225,-0.832050294338
    ));
#13145 = ORIENTED_EDGE('',*,*,#12888,.F.);
#13146 = ORIENTED_EDGE('',*,*,#13147,.F.);
#13147 = EDGE_CURVE('',#13148,#12881,#13150,.T.);
#13148 = VERTEX_POINT('',#13149);
#13149 = CARTESIAN_POINT('',(-2.35,-0.15,-0.207304124416));
#13150 = LINE('',#13151,#13152);
#13151 = CARTESIAN_POINT('',(-2.35,-0.15,-1.2));
#13152 = VECTOR('',#13153,1.);
#13153 = DIRECTION('',(-1.807003620809E-16,-0.,-1.));
#13154 = ORIENTED_EDGE('',*,*,#13155,.T.);
#13155 = EDGE_CURVE('',#13148,#13156,#13158,.T.);
#13156 = VERTEX_POINT('',#13157);
#13157 = CARTESIAN_POINT('',(-2.35,-0.605,-0.5));
#13158 = CIRCLE('',#13159,0.5);
#13159 = AXIS2_PLACEMENT_3D('',#13160,#13161,#13162);
#13160 = CARTESIAN_POINT('',(-2.35,-0.605,4.246458508902E-16));
#13161 = DIRECTION('',(-1.,2.891205793295E-15,1.807003620809E-16));
#13162 = DIRECTION('',(2.891205793295E-15,1.,-5.224419336988E-32));
#13163 = ORIENTED_EDGE('',*,*,#13164,.T.);
#13164 = EDGE_CURVE('',#13156,#12953,#13165,.T.);
#13165 = LINE('',#13166,#13167);
#13166 = CARTESIAN_POINT('',(-2.35,-0.605,-0.5));
#13167 = VECTOR('',#13168,1.);
#13168 = DIRECTION('',(-2.891205793295E-15,-1.,-1.801523909306E-32));
#13169 = PLANE('',#13170);
#13170 = AXIS2_PLACEMENT_3D('',#13171,#13172,#13173);
#13171 = CARTESIAN_POINT('',(-2.35,7.228014483237E-15,4.246458508902E-16
    ));
#13172 = DIRECTION('',(1.,-2.891205793295E-15,-1.807003620809E-16));
#13173 = DIRECTION('',(2.891205793295E-15,1.,0.));
#13174 = ADVANCED_FACE('',(#13175),#13209,.F.);
#13175 = FACE_BOUND('',#13176,.T.);
#13176 = EDGE_LOOP('',(#13177,#13187,#13195,#13203));
#13177 = ORIENTED_EDGE('',*,*,#13178,.F.);
#13178 = EDGE_CURVE('',#13179,#13181,#13183,.T.);
#13179 = VERTEX_POINT('',#13180);
#13180 = CARTESIAN_POINT('',(2.5,-0.45,1.2));
#13181 = VERTEX_POINT('',#13182);
#13182 = CARTESIAN_POINT('',(2.35,-0.45,1.2));
#13183 = LINE('',#13184,#13185);
#13184 = CARTESIAN_POINT('',(2.35,-0.45,1.2));
#13185 = VECTOR('',#13186,1.);
#13186 = DIRECTION('',(-1.,-2.893733071086E-15,1.769094453939E-16));
#13187 = ORIENTED_EDGE('',*,*,#13188,.F.);
#13188 = EDGE_CURVE('',#13189,#13179,#13191,.T.);
#13189 = VERTEX_POINT('',#13190);
#13190 = CARTESIAN_POINT('',(2.5,-0.15,1.2));
#13191 = LINE('',#13192,#13193);
#13192 = CARTESIAN_POINT('',(2.5,7.751736684063E-15,1.2));
#13193 = VECTOR('',#13194,1.);
#13194 = DIRECTION('',(2.891205793295E-15,-1.,0.));
#13195 = ORIENTED_EDGE('',*,*,#13196,.T.);
#13196 = EDGE_CURVE('',#13189,#13197,#13199,.T.);
#13197 = VERTEX_POINT('',#13198);
#13198 = CARTESIAN_POINT('',(2.35,-0.15,1.2));
#13199 = LINE('',#13200,#13201);
#13200 = CARTESIAN_POINT('',(2.5,-0.15,1.2));
#13201 = VECTOR('',#13202,1.);
#13202 = DIRECTION('',(-1.,-3.491481338843E-15,1.807003620809E-16));
#13203 = ORIENTED_EDGE('',*,*,#13204,.T.);
#13204 = EDGE_CURVE('',#13197,#13181,#13205,.T.);
#13205 = LINE('',#13206,#13207);
#13206 = CARTESIAN_POINT('',(2.35,-0.75,1.2));
#13207 = VECTOR('',#13208,1.);
#13208 = DIRECTION('',(2.891205793295E-15,-1.,-0.));
#13209 = PLANE('',#13210);
#13210 = AXIS2_PLACEMENT_3D('',#13211,#13212,#13213);
#13211 = CARTESIAN_POINT('',(2.5,-0.75,1.2));
#13212 = DIRECTION('',(-1.807003620809E-16,-5.224419336988E-31,-1.));
#13213 = DIRECTION('',(-1.,0.,1.807003620809E-16));
#13214 = ADVANCED_FACE('',(#13215),#13249,.F.);
#13215 = FACE_BOUND('',#13216,.T.);
#13216 = EDGE_LOOP('',(#13217,#13227,#13235,#13243));
#13217 = ORIENTED_EDGE('',*,*,#13218,.F.);
#13218 = EDGE_CURVE('',#13219,#13221,#13223,.T.);
#13219 = VERTEX_POINT('',#13220);
#13220 = CARTESIAN_POINT('',(2.5,-0.75,-0.75));
#13221 = VERTEX_POINT('',#13222);
#13222 = CARTESIAN_POINT('',(2.35,-0.75,-0.75));
#13223 = LINE('',#13224,#13225);
#13224 = CARTESIAN_POINT('',(2.35,-0.75,-0.75));
#13225 = VECTOR('',#13226,1.);
#13226 = DIRECTION('',(-1.,-2.726932736857E-15,-6.570922257488E-17));
#13227 = ORIENTED_EDGE('',*,*,#13228,.F.);
#13228 = EDGE_CURVE('',#13229,#13219,#13231,.T.);
#13229 = VERTEX_POINT('',#13230);
#13230 = CARTESIAN_POINT('',(2.5,-0.75,-0.5));
#13231 = LINE('',#13232,#13233);
#13232 = CARTESIAN_POINT('',(2.5,-0.75,-4.517509052023E-16));
#13233 = VECTOR('',#13234,1.);
#13234 = DIRECTION('',(-1.807003620809E-16,0.,-1.));
#13235 = ORIENTED_EDGE('',*,*,#13236,.T.);
#13236 = EDGE_CURVE('',#13229,#13237,#13239,.T.);
#13237 = VERTEX_POINT('',#13238);
#13238 = CARTESIAN_POINT('',(2.35,-0.75,-0.5));
#13239 = LINE('',#13240,#13241);
#13240 = CARTESIAN_POINT('',(2.35,-0.75,-0.5));
#13241 = VECTOR('',#13242,1.);
#13242 = DIRECTION('',(-1.,-2.90135207031E-15,1.637899003889E-16));
#13243 = ORIENTED_EDGE('',*,*,#13244,.T.);
#13244 = EDGE_CURVE('',#13237,#13221,#13245,.T.);
#13245 = LINE('',#13246,#13247);
#13246 = CARTESIAN_POINT('',(2.35,-0.75,-1.2));
#13247 = VECTOR('',#13248,1.);
#13248 = DIRECTION('',(-1.807003620809E-16,-0.,-1.));
#13249 = PLANE('',#13250);
#13250 = AXIS2_PLACEMENT_3D('',#13251,#13252,#13253);
#13251 = CARTESIAN_POINT('',(2.5,-0.75,-1.2));
#13252 = DIRECTION('',(-3.491481338843E-15,1.,6.309119421277E-31));
#13253 = DIRECTION('',(-1.,-3.491481338843E-15,7.553294792441E-62));
#13254 = ADVANCED_FACE('',(#13255),#13289,.F.);
#13255 = FACE_BOUND('',#13256,.T.);
#13256 = EDGE_LOOP('',(#13257,#13267,#13275,#13283));
#13257 = ORIENTED_EDGE('',*,*,#13258,.T.);
#13258 = EDGE_CURVE('',#13259,#13261,#13263,.T.);
#13259 = VERTEX_POINT('',#13260);
#13260 = CARTESIAN_POINT('',(2.5,-0.75,0.75));
#13261 = VERTEX_POINT('',#13262);
#13262 = CARTESIAN_POINT('',(2.35,-0.75,0.75));
#13263 = LINE('',#13264,#13265);
#13264 = CARTESIAN_POINT('',(2.35,-0.75,0.75));
#13265 = VECTOR('',#13266,1.);
#13266 = DIRECTION('',(-1.,-2.893733071086E-15,1.769094453939E-16));
#13267 = ORIENTED_EDGE('',*,*,#13268,.T.);
#13268 = EDGE_CURVE('',#13261,#13269,#13271,.T.);
#13269 = VERTEX_POINT('',#13270);
#13270 = CARTESIAN_POINT('',(2.35,-0.75,0.5));
#13271 = LINE('',#13272,#13273);
#13272 = CARTESIAN_POINT('',(2.35,-0.75,-1.2));
#13273 = VECTOR('',#13274,1.);
#13274 = DIRECTION('',(-1.807003620809E-16,-0.,-1.));
#13275 = ORIENTED_EDGE('',*,*,#13276,.F.);
#13276 = EDGE_CURVE('',#13277,#13269,#13279,.T.);
#13277 = VERTEX_POINT('',#13278);
#13278 = CARTESIAN_POINT('',(2.5,-0.75,0.5));
#13279 = LINE('',#13280,#13281);
#13280 = CARTESIAN_POINT('',(2.35,-0.75,0.5));
#13281 = VECTOR('',#13282,1.);
#13282 = DIRECTION('',(-1.,-2.90135207031E-15,1.637899003889E-16));
#13283 = ORIENTED_EDGE('',*,*,#13284,.F.);
#13284 = EDGE_CURVE('',#13259,#13277,#13285,.T.);
#13285 = LINE('',#13286,#13287);
#13286 = CARTESIAN_POINT('',(2.5,-0.75,-4.517509052023E-16));
#13287 = VECTOR('',#13288,1.);
#13288 = DIRECTION('',(-1.807003620809E-16,0.,-1.));
#13289 = PLANE('',#13290);
#13290 = AXIS2_PLACEMENT_3D('',#13291,#13292,#13293);
#13291 = CARTESIAN_POINT('',(2.5,-0.75,-1.2));
#13292 = DIRECTION('',(-3.491481338843E-15,1.,6.309119421277E-31));
#13293 = DIRECTION('',(-1.,-3.491481338843E-15,7.553294792441E-62));
#13294 = ADVANCED_FACE('',(#13295),#13329,.F.);
#13295 = FACE_BOUND('',#13296,.T.);
#13296 = EDGE_LOOP('',(#13297,#13307,#13315,#13323));
#13297 = ORIENTED_EDGE('',*,*,#13298,.T.);
#13298 = EDGE_CURVE('',#13299,#13301,#13303,.T.);
#13299 = VERTEX_POINT('',#13300);
#13300 = CARTESIAN_POINT('',(2.5,-0.45,-1.2));
#13301 = VERTEX_POINT('',#13302);
#13302 = CARTESIAN_POINT('',(2.35,-0.45,-1.2));
#13303 = LINE('',#13304,#13305);
#13304 = CARTESIAN_POINT('',(2.35,-0.45,-1.2));
#13305 = VECTOR('',#13306,1.);
#13306 = DIRECTION('',(-1.,-2.726932736857E-15,-6.570922257488E-17));
#13307 = ORIENTED_EDGE('',*,*,#13308,.T.);
#13308 = EDGE_CURVE('',#13301,#13309,#13311,.T.);
#13309 = VERTEX_POINT('',#13310);
#13310 = CARTESIAN_POINT('',(2.35,-0.15,-1.2));
#13311 = LINE('',#13312,#13313);
#13312 = CARTESIAN_POINT('',(2.35,-0.15,-1.2));
#13313 = VECTOR('',#13314,1.);
#13314 = DIRECTION('',(-2.891205793295E-15,1.,-0.));
#13315 = ORIENTED_EDGE('',*,*,#13316,.F.);
#13316 = EDGE_CURVE('',#13317,#13309,#13319,.T.);
#13317 = VERTEX_POINT('',#13318);
#13318 = CARTESIAN_POINT('',(2.5,-0.15,-1.2));
#13319 = LINE('',#13320,#13321);
#13320 = CARTESIAN_POINT('',(2.5,-0.15,-1.2));
#13321 = VECTOR('',#13322,1.);
#13322 = DIRECTION('',(-1.,-3.491481338843E-15,1.807003620809E-16));
#13323 = ORIENTED_EDGE('',*,*,#13324,.F.);
#13324 = EDGE_CURVE('',#13299,#13317,#13325,.T.);
#13325 = LINE('',#13326,#13327);
#13326 = CARTESIAN_POINT('',(2.5,7.751736684063E-15,-1.2));
#13327 = VECTOR('',#13328,1.);
#13328 = DIRECTION('',(-2.891205793295E-15,1.,0.));
#13329 = PLANE('',#13330);
#13330 = AXIS2_PLACEMENT_3D('',#13331,#13332,#13333);
#13331 = CARTESIAN_POINT('',(2.5,-0.15,-1.2));
#13332 = DIRECTION('',(1.807003620809E-16,5.224419336988E-31,1.));
#13333 = DIRECTION('',(1.,0.,-1.807003620809E-16));
#13334 = ADVANCED_FACE('',(#13335),#13368,.F.);
#13335 = FACE_BOUND('',#13336,.T.);
#13336 = EDGE_LOOP('',(#13337,#13343,#13344,#13352,#13361,#13367));
#13337 = ORIENTED_EDGE('',*,*,#13338,.F.);
#13338 = EDGE_CURVE('',#13299,#13219,#13339,.T.);
#13339 = LINE('',#13340,#13341);
#13340 = CARTESIAN_POINT('',(2.5,-0.45,-1.2));
#13341 = VECTOR('',#13342,1.);
#13342 = DIRECTION('',(1.754104210324E-15,-0.554700196225,0.832050294338
    ));
#13343 = ORIENTED_EDGE('',*,*,#13324,.T.);
#13344 = ORIENTED_EDGE('',*,*,#13345,.T.);
#13345 = EDGE_CURVE('',#13317,#13346,#13348,.T.);
#13346 = VERTEX_POINT('',#13347);
#13347 = CARTESIAN_POINT('',(2.5,-0.15,-0.207304124416));
#13348 = LINE('',#13349,#13350);
#13349 = CARTESIAN_POINT('',(2.5,-0.15,-4.517509052023E-16));
#13350 = VECTOR('',#13351,1.);
#13351 = DIRECTION('',(1.807003620809E-16,0.,1.));
#13352 = ORIENTED_EDGE('',*,*,#13353,.F.);
#13353 = EDGE_CURVE('',#13354,#13346,#13356,.T.);
#13354 = VERTEX_POINT('',#13355);
#13355 = CARTESIAN_POINT('',(2.5,-0.605,-0.5));
#13356 = CIRCLE('',#13357,0.5);
#13357 = AXIS2_PLACEMENT_3D('',#13358,#13359,#13360);
#13358 = CARTESIAN_POINT('',(2.5,-0.605,-4.492143359485E-16));
#13359 = DIRECTION('',(1.,2.891205793295E-15,-1.807003620809E-16));
#13360 = DIRECTION('',(-2.891205793295E-15,1.,5.224419336988E-32));
#13361 = ORIENTED_EDGE('',*,*,#13362,.F.);
#13362 = EDGE_CURVE('',#13229,#13354,#13363,.T.);
#13363 = LINE('',#13364,#13365);
#13364 = CARTESIAN_POINT('',(2.5,-0.45,-0.5));
#13365 = VECTOR('',#13366,1.);
#13366 = DIRECTION('',(-2.90135207031E-15,1.,0.));
#13367 = ORIENTED_EDGE('',*,*,#13228,.T.);
#13368 = PLANE('',#13369);
#13369 = AXIS2_PLACEMENT_3D('',#13370,#13371,#13372);
#13370 = CARTESIAN_POINT('',(2.5,7.751736684063E-15,-4.517509052023E-16)
  );
#13371 = DIRECTION('',(-1.,-2.891205793295E-15,1.807003620809E-16));
#13372 = DIRECTION('',(2.891205793295E-15,-1.,0.));
#13373 = ADVANCED_FACE('',(#13374),#13407,.F.);
#13374 = FACE_BOUND('',#13375,.T.);
#13375 = EDGE_LOOP('',(#13376,#13382,#13383,#13391,#13400,#13406));
#13376 = ORIENTED_EDGE('',*,*,#13377,.F.);
#13377 = EDGE_CURVE('',#13259,#13179,#13378,.T.);
#13378 = LINE('',#13379,#13380);
#13379 = CARTESIAN_POINT('',(2.5,-0.45,1.2));
#13380 = VECTOR('',#13381,1.);
#13381 = DIRECTION('',(-1.453400631412E-15,0.554700196225,0.832050294338
    ));
#13382 = ORIENTED_EDGE('',*,*,#13284,.T.);
#13383 = ORIENTED_EDGE('',*,*,#13384,.F.);
#13384 = EDGE_CURVE('',#13385,#13277,#13387,.T.);
#13385 = VERTEX_POINT('',#13386);
#13386 = CARTESIAN_POINT('',(2.5,-0.605,0.5));
#13387 = LINE('',#13388,#13389);
#13388 = CARTESIAN_POINT('',(2.5,-0.45,0.5));
#13389 = VECTOR('',#13390,1.);
#13390 = DIRECTION('',(2.90135207031E-15,-1.,-0.));
#13391 = ORIENTED_EDGE('',*,*,#13392,.F.);
#13392 = EDGE_CURVE('',#13393,#13385,#13395,.T.);
#13393 = VERTEX_POINT('',#13394);
#13394 = CARTESIAN_POINT('',(2.5,-0.15,0.207304124416));
#13395 = CIRCLE('',#13396,0.5);
#13396 = AXIS2_PLACEMENT_3D('',#13397,#13398,#13399);
#13397 = CARTESIAN_POINT('',(2.5,-0.605,-4.492143359485E-16));
#13398 = DIRECTION('',(1.,2.891205793295E-15,-1.807003620809E-16));
#13399 = DIRECTION('',(-2.891205793295E-15,1.,5.224419336988E-32));
#13400 = ORIENTED_EDGE('',*,*,#13401,.T.);
#13401 = EDGE_CURVE('',#13393,#13189,#13402,.T.);
#13402 = LINE('',#13403,#13404);
#13403 = CARTESIAN_POINT('',(2.5,-0.15,-4.517509052023E-16));
#13404 = VECTOR('',#13405,1.);
#13405 = DIRECTION('',(1.807003620809E-16,0.,1.));
#13406 = ORIENTED_EDGE('',*,*,#13188,.T.);
#13407 = PLANE('',#13408);
#13408 = AXIS2_PLACEMENT_3D('',#13409,#13410,#13411);
#13409 = CARTESIAN_POINT('',(2.5,7.751736684063E-15,-4.517509052023E-16)
  );
#13410 = DIRECTION('',(-1.,-2.891205793295E-15,1.807003620809E-16));
#13411 = DIRECTION('',(2.891205793295E-15,-1.,0.));
#13412 = ADVANCED_FACE('',(#13413),#13446,.T.);
#13413 = FACE_BOUND('',#13414,.T.);
#13414 = EDGE_LOOP('',(#13415,#13416,#13422,#13423,#13431,#13440));
#13415 = ORIENTED_EDGE('',*,*,#13308,.F.);
#13416 = ORIENTED_EDGE('',*,*,#13417,.T.);
#13417 = EDGE_CURVE('',#13301,#13221,#13418,.T.);
#13418 = LINE('',#13419,#13420);
#13419 = CARTESIAN_POINT('',(2.35,-0.45,-1.2));
#13420 = VECTOR('',#13421,1.);
#13421 = DIRECTION('',(1.754104210324E-15,-0.554700196225,0.832050294338
    ));
#13422 = ORIENTED_EDGE('',*,*,#13244,.F.);
#13423 = ORIENTED_EDGE('',*,*,#13424,.T.);
#13424 = EDGE_CURVE('',#13237,#13425,#13427,.T.);
#13425 = VERTEX_POINT('',#13426);
#13426 = CARTESIAN_POINT('',(2.35,-0.605,-0.5));
#13427 = LINE('',#13428,#13429);
#13428 = CARTESIAN_POINT('',(2.35,-0.75,-0.5));
#13429 = VECTOR('',#13430,1.);
#13430 = DIRECTION('',(-2.891205793295E-15,1.,-1.801523909306E-32));
#13431 = ORIENTED_EDGE('',*,*,#13432,.T.);
#13432 = EDGE_CURVE('',#13425,#13433,#13435,.T.);
#13433 = VERTEX_POINT('',#13434);
#13434 = CARTESIAN_POINT('',(2.35,-0.15,-0.207304124416));
#13435 = CIRCLE('',#13436,0.5);
#13436 = AXIS2_PLACEMENT_3D('',#13437,#13438,#13439);
#13437 = CARTESIAN_POINT('',(2.35,-0.605,-4.246458508902E-16));
#13438 = DIRECTION('',(1.,2.891205793295E-15,-1.807003620809E-16));
#13439 = DIRECTION('',(2.891205793295E-15,-1.,-5.224419336988E-32));
#13440 = ORIENTED_EDGE('',*,*,#13441,.F.);
#13441 = EDGE_CURVE('',#13309,#13433,#13442,.T.);
#13442 = LINE('',#13443,#13444);
#13443 = CARTESIAN_POINT('',(2.35,-0.15,1.2));
#13444 = VECTOR('',#13445,1.);
#13445 = DIRECTION('',(1.807003620809E-16,-0.,1.));
#13446 = PLANE('',#13447);
#13447 = AXIS2_PLACEMENT_3D('',#13448,#13449,#13450);
#13448 = CARTESIAN_POINT('',(2.35,7.228014483237E-15,-4.246458508902E-16
    ));
#13449 = DIRECTION('',(-1.,-2.891205793295E-15,1.807003620809E-16));
#13450 = DIRECTION('',(2.891205793295E-15,-1.,0.));
#13451 = ADVANCED_FACE('',(#13452),#13485,.T.);
#13452 = FACE_BOUND('',#13453,.T.);
#13453 = EDGE_LOOP('',(#13454,#13455,#13461,#13462,#13470,#13479));
#13454 = ORIENTED_EDGE('',*,*,#13268,.F.);
#13455 = ORIENTED_EDGE('',*,*,#13456,.T.);
#13456 = EDGE_CURVE('',#13261,#13181,#13457,.T.);
#13457 = LINE('',#13458,#13459);
#13458 = CARTESIAN_POINT('',(2.35,-0.45,1.2));
#13459 = VECTOR('',#13460,1.);
#13460 = DIRECTION('',(-1.453400631412E-15,0.554700196225,0.832050294338
    ));
#13461 = ORIENTED_EDGE('',*,*,#13204,.F.);
#13462 = ORIENTED_EDGE('',*,*,#13463,.F.);
#13463 = EDGE_CURVE('',#13464,#13197,#13466,.T.);
#13464 = VERTEX_POINT('',#13465);
#13465 = CARTESIAN_POINT('',(2.35,-0.15,0.207304124416));
#13466 = LINE('',#13467,#13468);
#13467 = CARTESIAN_POINT('',(2.35,-0.15,1.2));
#13468 = VECTOR('',#13469,1.);
#13469 = DIRECTION('',(1.807003620809E-16,-0.,1.));
#13470 = ORIENTED_EDGE('',*,*,#13471,.T.);
#13471 = EDGE_CURVE('',#13464,#13472,#13474,.T.);
#13472 = VERTEX_POINT('',#13473);
#13473 = CARTESIAN_POINT('',(2.35,-0.605,0.5));
#13474 = CIRCLE('',#13475,0.5);
#13475 = AXIS2_PLACEMENT_3D('',#13476,#13477,#13478);
#13476 = CARTESIAN_POINT('',(2.35,-0.605,-4.246458508902E-16));
#13477 = DIRECTION('',(1.,2.891205793295E-15,-1.807003620809E-16));
#13478 = DIRECTION('',(2.891205793295E-15,-1.,-5.224419336988E-32));
#13479 = ORIENTED_EDGE('',*,*,#13480,.T.);
#13480 = EDGE_CURVE('',#13472,#13269,#13481,.T.);
#13481 = LINE('',#13482,#13483);
#13482 = CARTESIAN_POINT('',(2.35,-0.75,0.5));
#13483 = VECTOR('',#13484,1.);
#13484 = DIRECTION('',(2.891205793295E-15,-1.,1.801523909306E-32));
#13485 = PLANE('',#13486);
#13486 = AXIS2_PLACEMENT_3D('',#13487,#13488,#13489);
#13487 = CARTESIAN_POINT('',(2.35,7.228014483237E-15,-4.246458508902E-16
    ));
#13488 = DIRECTION('',(-1.,-2.891205793295E-15,1.807003620809E-16));
#13489 = DIRECTION('',(2.891205793295E-15,-1.,0.));
#13490 = ADVANCED_FACE('',(#13491),#13569,.T.);
#13491 = FACE_BOUND('',#13492,.T.);
#13492 = EDGE_LOOP('',(#13493,#13501,#13502,#13510,#13516,#13517,#13525,
    #13533,#13539,#13540,#13548,#13554,#13555,#13563));
#13493 = ORIENTED_EDGE('',*,*,#13494,.F.);
#13494 = EDGE_CURVE('',#12993,#13495,#13497,.T.);
#13495 = VERTEX_POINT('',#13496);
#13496 = CARTESIAN_POINT('',(-1.2,-0.15,2.35));
#13497 = LINE('',#13498,#13499);
#13498 = CARTESIAN_POINT('',(-1.2,-0.15,2.35));
#13499 = VECTOR('',#13500,1.);
#13500 = DIRECTION('',(0.707106781187,-0.,0.707106781187));
#13501 = ORIENTED_EDGE('',*,*,#13125,.T.);
#13502 = ORIENTED_EDGE('',*,*,#13503,.T.);
#13503 = EDGE_CURVE('',#13117,#13504,#13506,.T.);
#13504 = VERTEX_POINT('',#13505);
#13505 = CARTESIAN_POINT('',(-2.35,-0.15,0.180928508848));
#13506 = LINE('',#13507,#13508);
#13507 = CARTESIAN_POINT('',(-2.35,-0.15,0.180928508848));
#13508 = VECTOR('',#13509,1.);
#13509 = DIRECTION('',(-0.,-0.,-1.));
#13510 = ORIENTED_EDGE('',*,*,#13511,.T.);
#13511 = EDGE_CURVE('',#13504,#13148,#13512,.T.);
#13512 = LINE('',#13513,#13514);
#13513 = CARTESIAN_POINT('',(-2.35,-0.15,-0.207304124416));
#13514 = VECTOR('',#13515,1.);
#13515 = DIRECTION('',(-0.,-0.,-1.));
#13516 = ORIENTED_EDGE('',*,*,#13147,.T.);
#13517 = ORIENTED_EDGE('',*,*,#13518,.F.);
#13518 = EDGE_CURVE('',#13519,#12881,#13521,.T.);
#13519 = VERTEX_POINT('',#13520);
#13520 = CARTESIAN_POINT('',(-1.2,-0.15,-2.35));
#13521 = LINE('',#13522,#13523);
#13522 = CARTESIAN_POINT('',(-1.2,-0.15,-2.35));
#13523 = VECTOR('',#13524,1.);
#13524 = DIRECTION('',(-0.707106781187,0.,0.707106781187));
#13525 = ORIENTED_EDGE('',*,*,#13526,.T.);
#13526 = EDGE_CURVE('',#13519,#13527,#13529,.T.);
#13527 = VERTEX_POINT('',#13528);
#13528 = CARTESIAN_POINT('',(1.2,-0.15,-2.35));
#13529 = LINE('',#13530,#13531);
#13530 = CARTESIAN_POINT('',(1.2,-0.15,-2.35));
#13531 = VECTOR('',#13532,1.);
#13532 = DIRECTION('',(1.,-0.,-0.));
#13533 = ORIENTED_EDGE('',*,*,#13534,.F.);
#13534 = EDGE_CURVE('',#13309,#13527,#13535,.T.);
#13535 = LINE('',#13536,#13537);
#13536 = CARTESIAN_POINT('',(1.2,-0.15,-2.35));
#13537 = VECTOR('',#13538,1.);
#13538 = DIRECTION('',(-0.707106781187,-0.,-0.707106781187));
#13539 = ORIENTED_EDGE('',*,*,#13441,.T.);
#13540 = ORIENTED_EDGE('',*,*,#13541,.T.);
#13541 = EDGE_CURVE('',#13433,#13542,#13544,.T.);
#13542 = VERTEX_POINT('',#13543);
#13543 = CARTESIAN_POINT('',(2.35,-0.15,-0.180928508848));
#13544 = LINE('',#13545,#13546);
#13545 = CARTESIAN_POINT('',(2.35,-0.15,-0.180928508848));
#13546 = VECTOR('',#13547,1.);
#13547 = DIRECTION('',(-0.,-0.,1.));
#13548 = ORIENTED_EDGE('',*,*,#13549,.T.);
#13549 = EDGE_CURVE('',#13542,#13464,#13550,.T.);
#13550 = LINE('',#13551,#13552);
#13551 = CARTESIAN_POINT('',(2.35,-0.15,0.207304124416));
#13552 = VECTOR('',#13553,1.);
#13553 = DIRECTION('',(-0.,-0.,1.));
#13554 = ORIENTED_EDGE('',*,*,#13463,.T.);
#13555 = ORIENTED_EDGE('',*,*,#13556,.F.);
#13556 = EDGE_CURVE('',#13557,#13197,#13559,.T.);
#13557 = VERTEX_POINT('',#13558);
#13558 = CARTESIAN_POINT('',(1.2,-0.15,2.35));
#13559 = LINE('',#13560,#13561);
#13560 = CARTESIAN_POINT('',(1.2,-0.15,2.35));
#13561 = VECTOR('',#13562,1.);
#13562 = DIRECTION('',(0.707106781187,0.,-0.707106781187));
#13563 = ORIENTED_EDGE('',*,*,#13564,.T.);
#13564 = EDGE_CURVE('',#13557,#13495,#13565,.T.);
#13565 = LINE('',#13566,#13567);
#13566 = CARTESIAN_POINT('',(-1.2,-0.15,2.35));
#13567 = VECTOR('',#13568,1.);
#13568 = DIRECTION('',(-1.,-0.,-0.));
#13569 = PLANE('',#13570);
#13570 = AXIS2_PLACEMENT_3D('',#13571,#13572,#13573);
#13571 = CARTESIAN_POINT('',(0.,-0.15,0.));
#13572 = DIRECTION('',(0.,-1.,0.));
#13573 = DIRECTION('',(0.,-0.,-1.));
#13574 = ADVANCED_FACE('',(#13575,#13585),#13651,.F.);
#13575 = FACE_BOUND('',#13576,.T.);
#13576 = EDGE_LOOP('',(#13577,#13584));
#13577 = ORIENTED_EDGE('',*,*,#13578,.T.);
#13578 = EDGE_CURVE('',#12747,#12767,#13579,.T.);
#13579 = CIRCLE('',#13580,1.638707026081);
#13580 = AXIS2_PLACEMENT_3D('',#13581,#13582,#13583);
#13581 = CARTESIAN_POINT('',(0.,0.,0.));
#13582 = DIRECTION('',(-0.,-1.,0.));
#13583 = DIRECTION('',(-0.,0.,-1.));
#13584 = ORIENTED_EDGE('',*,*,#12775,.T.);
#13585 = FACE_BOUND('',#13586,.T.);
#13586 = EDGE_LOOP('',(#13587,#13597,#13605,#13613,#13621,#13629,#13637,
    #13645));
#13587 = ORIENTED_EDGE('',*,*,#13588,.F.);
#13588 = EDGE_CURVE('',#13589,#13591,#13593,.T.);
#13589 = VERTEX_POINT('',#13590);
#13590 = CARTESIAN_POINT('',(-2.35,0.,1.2));
#13591 = VERTEX_POINT('',#13592);
#13592 = CARTESIAN_POINT('',(-2.35,0.,-1.2));
#13593 = LINE('',#13594,#13595);
#13594 = CARTESIAN_POINT('',(-2.35,0.,4.122227009971E-16));
#13595 = VECTOR('',#13596,1.);
#13596 = DIRECTION('',(-3.501069515318E-16,-1.91994134711E-16,-1.));
#13597 = ORIENTED_EDGE('',*,*,#13598,.T.);
#13598 = EDGE_CURVE('',#13589,#13599,#13601,.T.);
#13599 = VERTEX_POINT('',#13600);
#13600 = CARTESIAN_POINT('',(-1.2,0.,2.35));
#13601 = LINE('',#13602,#13603);
#13602 = CARTESIAN_POINT('',(-1.2,0.,2.35));
#13603 = VECTOR('',#13604,1.);
#13604 = DIRECTION('',(0.707106781187,-0.,0.707106781187));
#13605 = ORIENTED_EDGE('',*,*,#13606,.F.);
#13606 = EDGE_CURVE('',#13607,#13599,#13609,.T.);
#13607 = VERTEX_POINT('',#13608);
#13608 = CARTESIAN_POINT('',(1.2,0.,2.35));
#13609 = LINE('',#13610,#13611);
#13610 = CARTESIAN_POINT('',(3.388131789017E-18,0.,2.35));
#13611 = VECTOR('',#13612,1.);
#13612 = DIRECTION('',(-1.,1.129377263006E-17,1.129377263006E-17));
#13613 = ORIENTED_EDGE('',*,*,#13614,.T.);
#13614 = EDGE_CURVE('',#13607,#13615,#13617,.T.);
#13615 = VERTEX_POINT('',#13616);
#13616 = CARTESIAN_POINT('',(2.35,0.,1.2));
#13617 = LINE('',#13618,#13619);
#13618 = CARTESIAN_POINT('',(1.2,0.,2.35));
#13619 = VECTOR('',#13620,1.);
#13620 = DIRECTION('',(0.707106781187,0.,-0.707106781187));
#13621 = ORIENTED_EDGE('',*,*,#13622,.F.);
#13622 = EDGE_CURVE('',#13623,#13615,#13625,.T.);
#13623 = VERTEX_POINT('',#13624);
#13624 = CARTESIAN_POINT('',(2.35,0.,-1.2));
#13625 = LINE('',#13626,#13627);
#13626 = CARTESIAN_POINT('',(2.35,0.,-4.483627734133E-16));
#13627 = VECTOR('',#13628,1.);
#13628 = DIRECTION('',(-1.129377263006E-17,1.694065894509E-16,1.));
#13629 = ORIENTED_EDGE('',*,*,#13630,.T.);
#13630 = EDGE_CURVE('',#13623,#13631,#13633,.T.);
#13631 = VERTEX_POINT('',#13632);
#13632 = CARTESIAN_POINT('',(1.2,0.,-2.35));
#13633 = LINE('',#13634,#13635);
#13634 = CARTESIAN_POINT('',(1.2,0.,-2.35));
#13635 = VECTOR('',#13636,1.);
#13636 = DIRECTION('',(-0.707106781187,-0.,-0.707106781187));
#13637 = ORIENTED_EDGE('',*,*,#13638,.F.);
#13638 = EDGE_CURVE('',#13639,#13631,#13641,.T.);
#13639 = VERTEX_POINT('',#13640);
#13640 = CARTESIAN_POINT('',(-1.2,0.,-2.35));
#13641 = LINE('',#13642,#13643);
#13642 = CARTESIAN_POINT('',(-3.388131789017E-18,0.,-2.35));
#13643 = VECTOR('',#13644,1.);
#13644 = DIRECTION('',(1.,1.129377263006E-17,-1.129377263006E-17));
#13645 = ORIENTED_EDGE('',*,*,#13646,.T.);
#13646 = EDGE_CURVE('',#13639,#13591,#13647,.T.);
#13647 = LINE('',#13648,#13649);
#13648 = CARTESIAN_POINT('',(-1.2,0.,-2.35));
#13649 = VECTOR('',#13650,1.);
#13650 = DIRECTION('',(-0.707106781187,0.,0.707106781187));
#13651 = PLANE('',#13652);
#13652 = AXIS2_PLACEMENT_3D('',#13653,#13654,#13655);
#13653 = CARTESIAN_POINT('',(0.,0.,0.));
#13654 = DIRECTION('',(0.,-1.,0.));
#13655 = DIRECTION('',(0.,-0.,-1.));
#13656 = ADVANCED_FACE('',(#13657),#13673,.T.);
#13657 = FACE_BOUND('',#13658,.T.);
#13658 = EDGE_LOOP('',(#13659,#13660,#13666,#13667));
#13659 = ORIENTED_EDGE('',*,*,#13630,.F.);
#13660 = ORIENTED_EDGE('',*,*,#13661,.F.);
#13661 = EDGE_CURVE('',#13309,#13623,#13662,.T.);
#13662 = LINE('',#13663,#13664);
#13663 = CARTESIAN_POINT('',(2.35,-0.15,-1.2));
#13664 = VECTOR('',#13665,1.);
#13665 = DIRECTION('',(0.,1.,0.));
#13666 = ORIENTED_EDGE('',*,*,#13534,.T.);
#13667 = ORIENTED_EDGE('',*,*,#13668,.T.);
#13668 = EDGE_CURVE('',#13527,#13631,#13669,.T.);
#13669 = LINE('',#13670,#13671);
#13670 = CARTESIAN_POINT('',(1.2,-0.15,-2.35));
#13671 = VECTOR('',#13672,1.);
#13672 = DIRECTION('',(0.,1.,0.));
#13673 = PLANE('',#13674);
#13674 = AXIS2_PLACEMENT_3D('',#13675,#13676,#13677);
#13675 = CARTESIAN_POINT('',(1.2,-0.15,-2.35));
#13676 = DIRECTION('',(0.707106781187,0.,-0.707106781187));
#13677 = DIRECTION('',(-0.707106781187,0.,-0.707106781187));
#13678 = ADVANCED_FACE('',(#13679),#13695,.T.);
#13679 = FACE_BOUND('',#13680,.T.);
#13680 = EDGE_LOOP('',(#13681,#13682,#13688,#13689));
#13681 = ORIENTED_EDGE('',*,*,#13614,.F.);
#13682 = ORIENTED_EDGE('',*,*,#13683,.F.);
#13683 = EDGE_CURVE('',#13557,#13607,#13684,.T.);
#13684 = LINE('',#13685,#13686);
#13685 = CARTESIAN_POINT('',(1.2,-0.15,2.35));
#13686 = VECTOR('',#13687,1.);
#13687 = DIRECTION('',(0.,1.,0.));
#13688 = ORIENTED_EDGE('',*,*,#13556,.T.);
#13689 = ORIENTED_EDGE('',*,*,#13690,.T.);
#13690 = EDGE_CURVE('',#13197,#13615,#13691,.T.);
#13691 = LINE('',#13692,#13693);
#13692 = CARTESIAN_POINT('',(2.35,-0.15,1.2));
#13693 = VECTOR('',#13694,1.);
#13694 = DIRECTION('',(0.,1.,0.));
#13695 = PLANE('',#13696);
#13696 = AXIS2_PLACEMENT_3D('',#13697,#13698,#13699);
#13697 = CARTESIAN_POINT('',(1.2,-0.15,2.35));
#13698 = DIRECTION('',(0.707106781187,-0.,0.707106781187));
#13699 = DIRECTION('',(0.707106781187,0.,-0.707106781187));
#13700 = ADVANCED_FACE('',(#13701),#13717,.T.);
#13701 = FACE_BOUND('',#13702,.T.);
#13702 = EDGE_LOOP('',(#13703,#13704,#13710,#13711));
#13703 = ORIENTED_EDGE('',*,*,#13598,.F.);
#13704 = ORIENTED_EDGE('',*,*,#13705,.F.);
#13705 = EDGE_CURVE('',#12993,#13589,#13706,.T.);
#13706 = LINE('',#13707,#13708);
#13707 = CARTESIAN_POINT('',(-2.35,-0.15,1.2));
#13708 = VECTOR('',#13709,1.);
#13709 = DIRECTION('',(0.,1.,0.));
#13710 = ORIENTED_EDGE('',*,*,#13494,.T.);
#13711 = ORIENTED_EDGE('',*,*,#13712,.T.);
#13712 = EDGE_CURVE('',#13495,#13599,#13713,.T.);
#13713 = LINE('',#13714,#13715);
#13714 = CARTESIAN_POINT('',(-1.2,-0.15,2.35));
#13715 = VECTOR('',#13716,1.);
#13716 = DIRECTION('',(0.,1.,0.));
#13717 = PLANE('',#13718);
#13718 = AXIS2_PLACEMENT_3D('',#13719,#13720,#13721);
#13719 = CARTESIAN_POINT('',(-1.2,-0.15,2.35));
#13720 = DIRECTION('',(-0.707106781187,0.,0.707106781187));
#13721 = DIRECTION('',(0.707106781187,0.,0.707106781187));
#13722 = ADVANCED_FACE('',(#13723),#13739,.T.);
#13723 = FACE_BOUND('',#13724,.T.);
#13724 = EDGE_LOOP('',(#13725,#13726,#13732,#13733));
#13725 = ORIENTED_EDGE('',*,*,#13646,.F.);
#13726 = ORIENTED_EDGE('',*,*,#13727,.F.);
#13727 = EDGE_CURVE('',#13519,#13639,#13728,.T.);
#13728 = LINE('',#13729,#13730);
#13729 = CARTESIAN_POINT('',(-1.2,-0.15,-2.35));
#13730 = VECTOR('',#13731,1.);
#13731 = DIRECTION('',(0.,1.,0.));
#13732 = ORIENTED_EDGE('',*,*,#13518,.T.);
#13733 = ORIENTED_EDGE('',*,*,#13734,.T.);
#13734 = EDGE_CURVE('',#12881,#13591,#13735,.T.);
#13735 = LINE('',#13736,#13737);
#13736 = CARTESIAN_POINT('',(-2.35,-0.15,-1.2));
#13737 = VECTOR('',#13738,1.);
#13738 = DIRECTION('',(0.,1.,0.));
#13739 = PLANE('',#13740);
#13740 = AXIS2_PLACEMENT_3D('',#13741,#13742,#13743);
#13741 = CARTESIAN_POINT('',(-1.2,-0.15,-2.35));
#13742 = DIRECTION('',(-0.707106781187,0.,-0.707106781187));
#13743 = DIRECTION('',(-0.707106781187,0.,0.707106781187));
#13744 = ADVANCED_FACE('',(#13745),#13763,.T.);
#13745 = FACE_BOUND('',#13746,.T.);
#13746 = EDGE_LOOP('',(#13747,#13756,#13757));
#13747 = ORIENTED_EDGE('',*,*,#13748,.F.);
#13748 = EDGE_CURVE('',#13599,#13749,#13751,.T.);
#13749 = VERTEX_POINT('',#13750);
#13750 = CARTESIAN_POINT('',(-1.2,-0.15,2.5));
#13751 = CIRCLE('',#13752,0.15);
#13752 = AXIS2_PLACEMENT_3D('',#13753,#13754,#13755);
#13753 = CARTESIAN_POINT('',(-1.2,-0.15,2.35));
#13754 = DIRECTION('',(1.,-1.129377263006E-17,-0.));
#13755 = DIRECTION('',(1.129377263006E-17,1.,0.));
#13756 = ORIENTED_EDGE('',*,*,#13712,.F.);
#13757 = ORIENTED_EDGE('',*,*,#13758,.F.);
#13758 = EDGE_CURVE('',#13749,#13495,#13759,.T.);
#13759 = LINE('',#13760,#13761);
#13760 = CARTESIAN_POINT('',(-1.2,-0.15,2.5));
#13761 = VECTOR('',#13762,1.);
#13762 = DIRECTION('',(0.,-3.491481338843E-15,-1.));
#13763 = PLANE('',#13764);
#13764 = AXIS2_PLACEMENT_3D('',#13765,#13766,#13767);
#13765 = CARTESIAN_POINT('',(-1.2,-9.566197516457E-36,2.35));
#13766 = DIRECTION('',(-1.,1.129377263006E-17,0.));
#13767 = DIRECTION('',(-1.129377263006E-17,-1.,0.));
#13768 = ADVANCED_FACE('',(#13769),#13788,.T.);
#13769 = FACE_BOUND('',#13770,.T.);
#13770 = EDGE_LOOP('',(#13771,#13780,#13781,#13782));
#13771 = ORIENTED_EDGE('',*,*,#13772,.F.);
#13772 = EDGE_CURVE('',#13607,#13773,#13775,.T.);
#13773 = VERTEX_POINT('',#13774);
#13774 = CARTESIAN_POINT('',(1.2,-0.15,2.5));
#13775 = CIRCLE('',#13776,0.15);
#13776 = AXIS2_PLACEMENT_3D('',#13777,#13778,#13779);
#13777 = CARTESIAN_POINT('',(1.2,-0.15,2.35));
#13778 = DIRECTION('',(1.,-1.129377263006E-17,-0.));
#13779 = DIRECTION('',(1.129377263006E-17,1.,0.));
#13780 = ORIENTED_EDGE('',*,*,#13606,.T.);
#13781 = ORIENTED_EDGE('',*,*,#13748,.T.);
#13782 = ORIENTED_EDGE('',*,*,#13783,.F.);
#13783 = EDGE_CURVE('',#13773,#13749,#13784,.T.);
#13784 = LINE('',#13785,#13786);
#13785 = CARTESIAN_POINT('',(0.,-0.15,2.5));
#13786 = VECTOR('',#13787,1.);
#13787 = DIRECTION('',(-1.,0.,0.));
#13788 = CYLINDRICAL_SURFACE('',#13789,0.15);
#13789 = AXIS2_PLACEMENT_3D('',#13790,#13791,#13792);
#13790 = CARTESIAN_POINT('',(1.2,-0.15,2.35));
#13791 = DIRECTION('',(1.,-1.129377263006E-17,-0.));
#13792 = DIRECTION('',(1.129377263006E-17,1.,0.));
#13793 = ADVANCED_FACE('',(#13794),#13804,.F.);
#13794 = FACE_BOUND('',#13795,.T.);
#13795 = EDGE_LOOP('',(#13796,#13797,#13798));
#13796 = ORIENTED_EDGE('',*,*,#13683,.T.);
#13797 = ORIENTED_EDGE('',*,*,#13772,.T.);
#13798 = ORIENTED_EDGE('',*,*,#13799,.T.);
#13799 = EDGE_CURVE('',#13773,#13557,#13800,.T.);
#13800 = LINE('',#13801,#13802);
#13801 = CARTESIAN_POINT('',(1.2,-0.15,2.5));
#13802 = VECTOR('',#13803,1.);
#13803 = DIRECTION('',(0.,-3.491481338843E-15,-1.));
#13804 = PLANE('',#13805);
#13805 = AXIS2_PLACEMENT_3D('',#13806,#13807,#13808);
#13806 = CARTESIAN_POINT('',(1.2,-9.566197516457E-36,2.35));
#13807 = DIRECTION('',(-1.,1.129377263006E-17,0.));
#13808 = DIRECTION('',(-1.129377263006E-17,-1.,0.));
#13809 = ADVANCED_FACE('',(#13810),#13835,.F.);
#13810 = FACE_BOUND('',#13811,.T.);
#13811 = EDGE_LOOP('',(#13812,#13820,#13828,#13834));
#13812 = ORIENTED_EDGE('',*,*,#13813,.T.);
#13813 = EDGE_CURVE('',#13495,#13814,#13816,.T.);
#13814 = VERTEX_POINT('',#13815);
#13815 = CARTESIAN_POINT('',(-1.2,-0.25,2.35));
#13816 = LINE('',#13817,#13818);
#13817 = CARTESIAN_POINT('',(-1.2,-0.55,2.35));
#13818 = VECTOR('',#13819,1.);
#13819 = DIRECTION('',(-0.,-1.,3.252606517457E-15));
#13820 = ORIENTED_EDGE('',*,*,#13821,.T.);
#13821 = EDGE_CURVE('',#13814,#13822,#13824,.T.);
#13822 = VERTEX_POINT('',#13823);
#13823 = CARTESIAN_POINT('',(-1.2,-0.25,2.5));
#13824 = LINE('',#13825,#13826);
#13825 = CARTESIAN_POINT('',(-1.2,-0.25,2.5));
#13826 = VECTOR('',#13827,1.);
#13827 = DIRECTION('',(-0.,3.491481338843E-15,1.));
#13828 = ORIENTED_EDGE('',*,*,#13829,.F.);
#13829 = EDGE_CURVE('',#13749,#13822,#13830,.T.);
#13830 = LINE('',#13831,#13832);
#13831 = CARTESIAN_POINT('',(-1.2,8.655238494468E-15,2.5));
#13832 = VECTOR('',#13833,1.);
#13833 = DIRECTION('',(-0.,-1.,3.252606517457E-15));
#13834 = ORIENTED_EDGE('',*,*,#13758,.T.);
#13835 = PLANE('',#13836);
#13836 = AXIS2_PLACEMENT_3D('',#13837,#13838,#13839);
#13837 = CARTESIAN_POINT('',(-1.2,-0.55,2.5));
#13838 = DIRECTION('',(1.,-0.,0.));
#13839 = DIRECTION('',(0.,0.,-1.));
#13840 = ADVANCED_FACE('',(#13841),#13875,.F.);
#13841 = FACE_BOUND('',#13842,.T.);
#13842 = EDGE_LOOP('',(#13843,#13853,#13861,#13869));
#13843 = ORIENTED_EDGE('',*,*,#13844,.F.);
#13844 = EDGE_CURVE('',#13845,#13847,#13849,.T.);
#13845 = VERTEX_POINT('',#13846);
#13846 = CARTESIAN_POINT('',(-0.9,-0.55,2.5));
#13847 = VERTEX_POINT('',#13848);
#13848 = CARTESIAN_POINT('',(0.9,-0.55,2.5));
#13849 = LINE('',#13850,#13851);
#13850 = CARTESIAN_POINT('',(0.,-0.55,2.5));
#13851 = VECTOR('',#13852,1.);
#13852 = DIRECTION('',(1.,0.,0.));
#13853 = ORIENTED_EDGE('',*,*,#13854,.T.);
#13854 = EDGE_CURVE('',#13845,#13855,#13857,.T.);
#13855 = VERTEX_POINT('',#13856);
#13856 = CARTESIAN_POINT('',(-0.9,-0.55,2.35));
#13857 = LINE('',#13858,#13859);
#13858 = CARTESIAN_POINT('',(-0.9,-0.55,2.5));
#13859 = VECTOR('',#13860,1.);
#13860 = DIRECTION('',(0.,-3.491481338843E-15,-1.));
#13861 = ORIENTED_EDGE('',*,*,#13862,.T.);
#13862 = EDGE_CURVE('',#13855,#13863,#13865,.T.);
#13863 = VERTEX_POINT('',#13864);
#13864 = CARTESIAN_POINT('',(0.9,-0.55,2.35));
#13865 = LINE('',#13866,#13867);
#13866 = CARTESIAN_POINT('',(1.2,-0.55,2.35));
#13867 = VECTOR('',#13868,1.);
#13868 = DIRECTION('',(1.,-0.,-0.));
#13869 = ORIENTED_EDGE('',*,*,#13870,.T.);
#13870 = EDGE_CURVE('',#13863,#13847,#13871,.T.);
#13871 = LINE('',#13872,#13873);
#13872 = CARTESIAN_POINT('',(0.9,-0.55,2.5));
#13873 = VECTOR('',#13874,1.);
#13874 = DIRECTION('',(-0.,3.491481338843E-15,1.));
#13875 = PLANE('',#13876);
#13876 = AXIS2_PLACEMENT_3D('',#13877,#13878,#13879);
#13877 = CARTESIAN_POINT('',(1.2,-0.55,2.5));
#13878 = DIRECTION('',(0.,1.,-3.491481338843E-15));
#13879 = DIRECTION('',(0.,3.491481338843E-15,1.));
#13880 = ADVANCED_FACE('',(#13881),#13906,.F.);
#13881 = FACE_BOUND('',#13882,.T.);
#13882 = EDGE_LOOP('',(#13883,#13891,#13899,#13905));
#13883 = ORIENTED_EDGE('',*,*,#13884,.F.);
#13884 = EDGE_CURVE('',#13885,#13773,#13887,.T.);
#13885 = VERTEX_POINT('',#13886);
#13886 = CARTESIAN_POINT('',(1.2,-0.25,2.5));
#13887 = LINE('',#13888,#13889);
#13888 = CARTESIAN_POINT('',(1.2,8.655238494468E-15,2.5));
#13889 = VECTOR('',#13890,1.);
#13890 = DIRECTION('',(0.,1.,-3.252606517457E-15));
#13891 = ORIENTED_EDGE('',*,*,#13892,.T.);
#13892 = EDGE_CURVE('',#13885,#13893,#13895,.T.);
#13893 = VERTEX_POINT('',#13894);
#13894 = CARTESIAN_POINT('',(1.2,-0.25,2.35));
#13895 = LINE('',#13896,#13897);
#13896 = CARTESIAN_POINT('',(1.2,-0.25,2.5));
#13897 = VECTOR('',#13898,1.);
#13898 = DIRECTION('',(0.,-3.491481338843E-15,-1.));
#13899 = ORIENTED_EDGE('',*,*,#13900,.T.);
#13900 = EDGE_CURVE('',#13893,#13557,#13901,.T.);
#13901 = LINE('',#13902,#13903);
#13902 = CARTESIAN_POINT('',(1.2,-0.15,2.35));
#13903 = VECTOR('',#13904,1.);
#13904 = DIRECTION('',(-0.,1.,-3.252606517457E-15));
#13905 = ORIENTED_EDGE('',*,*,#13799,.F.);
#13906 = PLANE('',#13907);
#13907 = AXIS2_PLACEMENT_3D('',#13908,#13909,#13910);
#13908 = CARTESIAN_POINT('',(1.2,-0.15,2.5));
#13909 = DIRECTION('',(-1.,0.,0.));
#13910 = DIRECTION('',(0.,0.,1.));
#13911 = ADVANCED_FACE('',(#13912),#13932,.F.);
#13912 = FACE_BOUND('',#13913,.T.);
#13913 = EDGE_LOOP('',(#13914,#13915,#13922,#13923,#13930,#13931));
#13914 = ORIENTED_EDGE('',*,*,#13829,.T.);
#13915 = ORIENTED_EDGE('',*,*,#13916,.T.);
#13916 = EDGE_CURVE('',#13822,#13845,#13917,.T.);
#13917 = CIRCLE('',#13918,0.3);
#13918 = AXIS2_PLACEMENT_3D('',#13919,#13920,#13921);
#13919 = CARTESIAN_POINT('',(-0.9,-0.25,2.5));
#13920 = DIRECTION('',(0.,3.252606517457E-15,1.));
#13921 = DIRECTION('',(0.,1.,-3.252606517457E-15));
#13922 = ORIENTED_EDGE('',*,*,#13844,.T.);
#13923 = ORIENTED_EDGE('',*,*,#13924,.T.);
#13924 = EDGE_CURVE('',#13847,#13885,#13925,.T.);
#13925 = CIRCLE('',#13926,0.3);
#13926 = AXIS2_PLACEMENT_3D('',#13927,#13928,#13929);
#13927 = CARTESIAN_POINT('',(0.9,-0.25,2.5));
#13928 = DIRECTION('',(0.,3.252606517457E-15,1.));
#13929 = DIRECTION('',(0.,1.,-3.252606517457E-15));
#13930 = ORIENTED_EDGE('',*,*,#13884,.T.);
#13931 = ORIENTED_EDGE('',*,*,#13783,.T.);
#13932 = PLANE('',#13933);
#13933 = AXIS2_PLACEMENT_3D('',#13934,#13935,#13936);
#13934 = CARTESIAN_POINT('',(0.,8.655238494468E-15,2.5));
#13935 = DIRECTION('',(0.,-3.252606517457E-15,-1.));
#13936 = DIRECTION('',(0.,1.,-3.252606517457E-15));
#13937 = ADVANCED_FACE('',(#13938),#13958,.T.);
#13938 = FACE_BOUND('',#13939,.T.);
#13939 = EDGE_LOOP('',(#13940,#13941,#13948,#13949,#13950,#13951));
#13940 = ORIENTED_EDGE('',*,*,#13862,.F.);
#13941 = ORIENTED_EDGE('',*,*,#13942,.T.);
#13942 = EDGE_CURVE('',#13855,#13814,#13943,.T.);
#13943 = CIRCLE('',#13944,0.3);
#13944 = AXIS2_PLACEMENT_3D('',#13945,#13946,#13947);
#13945 = CARTESIAN_POINT('',(-0.9,-0.25,2.35));
#13946 = DIRECTION('',(0.,-3.252606517457E-15,-1.));
#13947 = DIRECTION('',(0.,1.,-3.252606517457E-15));
#13948 = ORIENTED_EDGE('',*,*,#13813,.F.);
#13949 = ORIENTED_EDGE('',*,*,#13564,.F.);
#13950 = ORIENTED_EDGE('',*,*,#13900,.F.);
#13951 = ORIENTED_EDGE('',*,*,#13952,.T.);
#13952 = EDGE_CURVE('',#13893,#13863,#13953,.T.);
#13953 = CIRCLE('',#13954,0.3);
#13954 = AXIS2_PLACEMENT_3D('',#13955,#13956,#13957);
#13955 = CARTESIAN_POINT('',(0.9,-0.25,2.35));
#13956 = DIRECTION('',(0.,-3.252606517457E-15,-1.));
#13957 = DIRECTION('',(0.,1.,-3.252606517457E-15));
#13958 = PLANE('',#13959);
#13959 = AXIS2_PLACEMENT_3D('',#13960,#13961,#13962);
#13960 = CARTESIAN_POINT('',(0.,8.131516293641E-15,2.35));
#13961 = DIRECTION('',(0.,-3.252606517457E-15,-1.));
#13962 = DIRECTION('',(0.,1.,-3.252606517457E-15));
#13963 = ADVANCED_FACE('',(#13964),#13982,.T.);
#13964 = FACE_BOUND('',#13965,.T.);
#13965 = EDGE_LOOP('',(#13966,#13975,#13976));
#13966 = ORIENTED_EDGE('',*,*,#13967,.F.);
#13967 = EDGE_CURVE('',#13631,#13968,#13970,.T.);
#13968 = VERTEX_POINT('',#13969);
#13969 = CARTESIAN_POINT('',(1.2,-0.15,-2.5));
#13970 = CIRCLE('',#13971,0.15);
#13971 = AXIS2_PLACEMENT_3D('',#13972,#13973,#13974);
#13972 = CARTESIAN_POINT('',(1.2,-0.15,-2.35));
#13973 = DIRECTION('',(-1.,-1.129377263006E-17,0.));
#13974 = DIRECTION('',(1.129377263006E-17,-1.,0.));
#13975 = ORIENTED_EDGE('',*,*,#13668,.F.);
#13976 = ORIENTED_EDGE('',*,*,#13977,.F.);
#13977 = EDGE_CURVE('',#13968,#13527,#13978,.T.);
#13978 = LINE('',#13979,#13980);
#13979 = CARTESIAN_POINT('',(1.2,-0.15,-2.5));
#13980 = VECTOR('',#13981,1.);
#13981 = DIRECTION('',(0.,-3.491481338843E-15,1.));
#13982 = PLANE('',#13983);
#13983 = AXIS2_PLACEMENT_3D('',#13984,#13985,#13986);
#13984 = CARTESIAN_POINT('',(1.2,-9.566197516457E-36,-2.35));
#13985 = DIRECTION('',(1.,1.129377263006E-17,0.));
#13986 = DIRECTION('',(-1.129377263006E-17,1.,0.));
#13987 = ADVANCED_FACE('',(#13988),#14007,.T.);
#13988 = FACE_BOUND('',#13989,.T.);
#13989 = EDGE_LOOP('',(#13990,#13999,#14000,#14001));
#13990 = ORIENTED_EDGE('',*,*,#13991,.F.);
#13991 = EDGE_CURVE('',#13639,#13992,#13994,.T.);
#13992 = VERTEX_POINT('',#13993);
#13993 = CARTESIAN_POINT('',(-1.2,-0.15,-2.5));
#13994 = CIRCLE('',#13995,0.15);
#13995 = AXIS2_PLACEMENT_3D('',#13996,#13997,#13998);
#13996 = CARTESIAN_POINT('',(-1.2,-0.15,-2.35));
#13997 = DIRECTION('',(-1.,-1.129377263006E-17,0.));
#13998 = DIRECTION('',(1.129377263006E-17,-1.,0.));
#13999 = ORIENTED_EDGE('',*,*,#13638,.T.);
#14000 = ORIENTED_EDGE('',*,*,#13967,.T.);
#14001 = ORIENTED_EDGE('',*,*,#14002,.F.);
#14002 = EDGE_CURVE('',#13992,#13968,#14003,.T.);
#14003 = LINE('',#14004,#14005);
#14004 = CARTESIAN_POINT('',(0.,-0.15,-2.5));
#14005 = VECTOR('',#14006,1.);
#14006 = DIRECTION('',(1.,0.,0.));
#14007 = CYLINDRICAL_SURFACE('',#14008,0.15);
#14008 = AXIS2_PLACEMENT_3D('',#14009,#14010,#14011);
#14009 = CARTESIAN_POINT('',(-1.2,-0.15,-2.35));
#14010 = DIRECTION('',(-1.,-1.129377263006E-17,-0.));
#14011 = DIRECTION('',(1.129377263006E-17,-1.,0.));
#14012 = ADVANCED_FACE('',(#14013),#14023,.F.);
#14013 = FACE_BOUND('',#14014,.T.);
#14014 = EDGE_LOOP('',(#14015,#14016,#14017));
#14015 = ORIENTED_EDGE('',*,*,#13727,.T.);
#14016 = ORIENTED_EDGE('',*,*,#13991,.T.);
#14017 = ORIENTED_EDGE('',*,*,#14018,.T.);
#14018 = EDGE_CURVE('',#13992,#13519,#14019,.T.);
#14019 = LINE('',#14020,#14021);
#14020 = CARTESIAN_POINT('',(-1.2,-0.15,-2.5));
#14021 = VECTOR('',#14022,1.);
#14022 = DIRECTION('',(0.,-3.491481338843E-15,1.));
#14023 = PLANE('',#14024);
#14024 = AXIS2_PLACEMENT_3D('',#14025,#14026,#14027);
#14025 = CARTESIAN_POINT('',(-1.2,-9.566197516457E-36,-2.35));
#14026 = DIRECTION('',(1.,1.129377263006E-17,0.));
#14027 = DIRECTION('',(-1.129377263006E-17,1.,0.));
#14028 = ADVANCED_FACE('',(#14029),#14054,.F.);
#14029 = FACE_BOUND('',#14030,.T.);
#14030 = EDGE_LOOP('',(#14031,#14039,#14047,#14053));
#14031 = ORIENTED_EDGE('',*,*,#14032,.T.);
#14032 = EDGE_CURVE('',#13527,#14033,#14035,.T.);
#14033 = VERTEX_POINT('',#14034);
#14034 = CARTESIAN_POINT('',(1.2,-0.25,-2.35));
#14035 = LINE('',#14036,#14037);
#14036 = CARTESIAN_POINT('',(1.2,-0.55,-2.35));
#14037 = VECTOR('',#14038,1.);
#14038 = DIRECTION('',(-0.,-1.,-3.252606517457E-15));
#14039 = ORIENTED_EDGE('',*,*,#14040,.T.);
#14040 = EDGE_CURVE('',#14033,#14041,#14043,.T.);
#14041 = VERTEX_POINT('',#14042);
#14042 = CARTESIAN_POINT('',(1.2,-0.25,-2.5));
#14043 = LINE('',#14044,#14045);
#14044 = CARTESIAN_POINT('',(1.2,-0.25,-2.5));
#14045 = VECTOR('',#14046,1.);
#14046 = DIRECTION('',(-0.,3.491481338843E-15,-1.));
#14047 = ORIENTED_EDGE('',*,*,#14048,.F.);
#14048 = EDGE_CURVE('',#13968,#14041,#14049,.T.);
#14049 = LINE('',#14050,#14051);
#14050 = CARTESIAN_POINT('',(1.2,8.655238494468E-15,-2.5));
#14051 = VECTOR('',#14052,1.);
#14052 = DIRECTION('',(0.,-1.,-3.252606517457E-15));
#14053 = ORIENTED_EDGE('',*,*,#13977,.T.);
#14054 = PLANE('',#14055);
#14055 = AXIS2_PLACEMENT_3D('',#14056,#14057,#14058);
#14056 = CARTESIAN_POINT('',(1.2,-0.55,-2.5));
#14057 = DIRECTION('',(-1.,0.,0.));
#14058 = DIRECTION('',(0.,0.,1.));
#14059 = ADVANCED_FACE('',(#14060),#14094,.F.);
#14060 = FACE_BOUND('',#14061,.T.);
#14061 = EDGE_LOOP('',(#14062,#14072,#14080,#14088));
#14062 = ORIENTED_EDGE('',*,*,#14063,.T.);
#14063 = EDGE_CURVE('',#14064,#14066,#14068,.T.);
#14064 = VERTEX_POINT('',#14065);
#14065 = CARTESIAN_POINT('',(0.9,-0.55,-2.35));
#14066 = VERTEX_POINT('',#14067);
#14067 = CARTESIAN_POINT('',(-0.9,-0.55,-2.35));
#14068 = LINE('',#14069,#14070);
#14069 = CARTESIAN_POINT('',(-1.2,-0.55,-2.35));
#14070 = VECTOR('',#14071,1.);
#14071 = DIRECTION('',(-1.,-0.,-0.));
#14072 = ORIENTED_EDGE('',*,*,#14073,.T.);
#14073 = EDGE_CURVE('',#14066,#14074,#14076,.T.);
#14074 = VERTEX_POINT('',#14075);
#14075 = CARTESIAN_POINT('',(-0.9,-0.55,-2.5));
#14076 = LINE('',#14077,#14078);
#14077 = CARTESIAN_POINT('',(-0.9,-0.55,-2.5));
#14078 = VECTOR('',#14079,1.);
#14079 = DIRECTION('',(-0.,3.491481338843E-15,-1.));
#14080 = ORIENTED_EDGE('',*,*,#14081,.F.);
#14081 = EDGE_CURVE('',#14082,#14074,#14084,.T.);
#14082 = VERTEX_POINT('',#14083);
#14083 = CARTESIAN_POINT('',(0.9,-0.55,-2.5));
#14084 = LINE('',#14085,#14086);
#14085 = CARTESIAN_POINT('',(0.,-0.55,-2.5));
#14086 = VECTOR('',#14087,1.);
#14087 = DIRECTION('',(-1.,0.,0.));
#14088 = ORIENTED_EDGE('',*,*,#14089,.T.);
#14089 = EDGE_CURVE('',#14082,#14064,#14090,.T.);
#14090 = LINE('',#14091,#14092);
#14091 = CARTESIAN_POINT('',(0.9,-0.55,-2.5));
#14092 = VECTOR('',#14093,1.);
#14093 = DIRECTION('',(0.,-3.491481338843E-15,1.));
#14094 = PLANE('',#14095);
#14095 = AXIS2_PLACEMENT_3D('',#14096,#14097,#14098);
#14096 = CARTESIAN_POINT('',(-1.2,-0.55,-2.5));
#14097 = DIRECTION('',(-0.,1.,3.491481338843E-15));
#14098 = DIRECTION('',(0.,-3.491481338843E-15,1.));
#14099 = ADVANCED_FACE('',(#14100),#14125,.F.);
#14100 = FACE_BOUND('',#14101,.T.);
#14101 = EDGE_LOOP('',(#14102,#14110,#14118,#14124));
#14102 = ORIENTED_EDGE('',*,*,#14103,.F.);
#14103 = EDGE_CURVE('',#14104,#13992,#14106,.T.);
#14104 = VERTEX_POINT('',#14105);
#14105 = CARTESIAN_POINT('',(-1.2,-0.25,-2.5));
#14106 = LINE('',#14107,#14108);
#14107 = CARTESIAN_POINT('',(-1.2,8.655238494468E-15,-2.5));
#14108 = VECTOR('',#14109,1.);
#14109 = DIRECTION('',(-0.,1.,3.252606517457E-15));
#14110 = ORIENTED_EDGE('',*,*,#14111,.T.);
#14111 = EDGE_CURVE('',#14104,#14112,#14114,.T.);
#14112 = VERTEX_POINT('',#14113);
#14113 = CARTESIAN_POINT('',(-1.2,-0.25,-2.35));
#14114 = LINE('',#14115,#14116);
#14115 = CARTESIAN_POINT('',(-1.2,-0.25,-2.5));
#14116 = VECTOR('',#14117,1.);
#14117 = DIRECTION('',(0.,-3.491481338843E-15,1.));
#14118 = ORIENTED_EDGE('',*,*,#14119,.T.);
#14119 = EDGE_CURVE('',#14112,#13519,#14120,.T.);
#14120 = LINE('',#14121,#14122);
#14121 = CARTESIAN_POINT('',(-1.2,-0.15,-2.35));
#14122 = VECTOR('',#14123,1.);
#14123 = DIRECTION('',(-0.,1.,3.252606517457E-15));
#14124 = ORIENTED_EDGE('',*,*,#14018,.F.);
#14125 = PLANE('',#14126);
#14126 = AXIS2_PLACEMENT_3D('',#14127,#14128,#14129);
#14127 = CARTESIAN_POINT('',(-1.2,-0.15,-2.5));
#14128 = DIRECTION('',(1.,0.,0.));
#14129 = DIRECTION('',(0.,0.,-1.));
#14130 = ADVANCED_FACE('',(#14131),#14151,.F.);
#14131 = FACE_BOUND('',#14132,.T.);
#14132 = EDGE_LOOP('',(#14133,#14134,#14141,#14142,#14143,#14144));
#14133 = ORIENTED_EDGE('',*,*,#14081,.T.);
#14134 = ORIENTED_EDGE('',*,*,#14135,.T.);
#14135 = EDGE_CURVE('',#14074,#14104,#14136,.T.);
#14136 = CIRCLE('',#14137,0.3);
#14137 = AXIS2_PLACEMENT_3D('',#14138,#14139,#14140);
#14138 = CARTESIAN_POINT('',(-0.9,-0.25,-2.5));
#14139 = DIRECTION('',(-0.,3.252606517457E-15,-1.));
#14140 = DIRECTION('',(0.,-1.,-3.252606517457E-15));
#14141 = ORIENTED_EDGE('',*,*,#14103,.T.);
#14142 = ORIENTED_EDGE('',*,*,#14002,.T.);
#14143 = ORIENTED_EDGE('',*,*,#14048,.T.);
#14144 = ORIENTED_EDGE('',*,*,#14145,.T.);
#14145 = EDGE_CURVE('',#14041,#14082,#14146,.T.);
#14146 = CIRCLE('',#14147,0.3);
#14147 = AXIS2_PLACEMENT_3D('',#14148,#14149,#14150);
#14148 = CARTESIAN_POINT('',(0.9,-0.25,-2.5));
#14149 = DIRECTION('',(-0.,3.252606517457E-15,-1.));
#14150 = DIRECTION('',(0.,-1.,-3.252606517457E-15));
#14151 = PLANE('',#14152);
#14152 = AXIS2_PLACEMENT_3D('',#14153,#14154,#14155);
#14153 = CARTESIAN_POINT('',(0.,8.655238494468E-15,-2.5));
#14154 = DIRECTION('',(0.,-3.252606517457E-15,1.));
#14155 = DIRECTION('',(0.,-1.,-3.252606517457E-15));
#14156 = ADVANCED_FACE('',(#14157),#14177,.T.);
#14157 = FACE_BOUND('',#14158,.T.);
#14158 = EDGE_LOOP('',(#14159,#14160,#14167,#14168,#14175,#14176));
#14159 = ORIENTED_EDGE('',*,*,#14119,.F.);
#14160 = ORIENTED_EDGE('',*,*,#14161,.T.);
#14161 = EDGE_CURVE('',#14112,#14066,#14162,.T.);
#14162 = CIRCLE('',#14163,0.3);
#14163 = AXIS2_PLACEMENT_3D('',#14164,#14165,#14166);
#14164 = CARTESIAN_POINT('',(-0.9,-0.25,-2.35));
#14165 = DIRECTION('',(0.,-3.252606517457E-15,1.));
#14166 = DIRECTION('',(0.,-1.,-3.252606517457E-15));
#14167 = ORIENTED_EDGE('',*,*,#14063,.F.);
#14168 = ORIENTED_EDGE('',*,*,#14169,.T.);
#14169 = EDGE_CURVE('',#14064,#14033,#14170,.T.);
#14170 = CIRCLE('',#14171,0.3);
#14171 = AXIS2_PLACEMENT_3D('',#14172,#14173,#14174);
#14172 = CARTESIAN_POINT('',(0.9,-0.25,-2.35));
#14173 = DIRECTION('',(0.,-3.252606517457E-15,1.));
#14174 = DIRECTION('',(0.,-1.,-3.252606517457E-15));
#14175 = ORIENTED_EDGE('',*,*,#14032,.F.);
#14176 = ORIENTED_EDGE('',*,*,#13526,.F.);
#14177 = PLANE('',#14178);
#14178 = AXIS2_PLACEMENT_3D('',#14179,#14180,#14181);
#14179 = CARTESIAN_POINT('',(0.,8.131516293641E-15,-2.35));
#14180 = DIRECTION('',(0.,-3.252606517457E-15,1.));
#14181 = DIRECTION('',(0.,-1.,-3.252606517457E-15));
#14182 = ADVANCED_FACE('',(#14183),#14189,.T.);
#14183 = FACE_BOUND('',#14184,.T.);
#14184 = EDGE_LOOP('',(#14185,#14186,#14187,#14188));
#14185 = ORIENTED_EDGE('',*,*,#14135,.F.);
#14186 = ORIENTED_EDGE('',*,*,#14073,.F.);
#14187 = ORIENTED_EDGE('',*,*,#14161,.F.);
#14188 = ORIENTED_EDGE('',*,*,#14111,.F.);
#14189 = CYLINDRICAL_SURFACE('',#14190,0.3);
#14190 = AXIS2_PLACEMENT_3D('',#14191,#14192,#14193);
#14191 = CARTESIAN_POINT('',(-0.9,-0.25,-2.5));
#14192 = DIRECTION('',(0.,-3.491481338843E-15,1.));
#14193 = DIRECTION('',(0.,-1.,-3.491481338843E-15));
#14194 = ADVANCED_FACE('',(#14195),#14201,.T.);
#14195 = FACE_BOUND('',#14196,.T.);
#14196 = EDGE_LOOP('',(#14197,#14198,#14199,#14200));
#14197 = ORIENTED_EDGE('',*,*,#14145,.F.);
#14198 = ORIENTED_EDGE('',*,*,#14040,.F.);
#14199 = ORIENTED_EDGE('',*,*,#14169,.F.);
#14200 = ORIENTED_EDGE('',*,*,#14089,.F.);
#14201 = CYLINDRICAL_SURFACE('',#14202,0.3);
#14202 = AXIS2_PLACEMENT_3D('',#14203,#14204,#14205);
#14203 = CARTESIAN_POINT('',(0.9,-0.25,-2.5));
#14204 = DIRECTION('',(0.,-3.491481338843E-15,1.));
#14205 = DIRECTION('',(0.,-1.,-3.491481338843E-15));
#14206 = ADVANCED_FACE('',(#14207),#14213,.T.);
#14207 = FACE_BOUND('',#14208,.T.);
#14208 = EDGE_LOOP('',(#14209,#14210,#14211,#14212));
#14209 = ORIENTED_EDGE('',*,*,#13916,.F.);
#14210 = ORIENTED_EDGE('',*,*,#13821,.F.);
#14211 = ORIENTED_EDGE('',*,*,#13942,.F.);
#14212 = ORIENTED_EDGE('',*,*,#13854,.F.);
#14213 = CYLINDRICAL_SURFACE('',#14214,0.3);
#14214 = AXIS2_PLACEMENT_3D('',#14215,#14216,#14217);
#14215 = CARTESIAN_POINT('',(-0.9,-0.25,2.5));
#14216 = DIRECTION('',(0.,-3.491481338843E-15,-1.));
#14217 = DIRECTION('',(0.,1.,-3.491481338843E-15));
#14218 = ADVANCED_FACE('',(#14219),#14225,.T.);
#14219 = FACE_BOUND('',#14220,.T.);
#14220 = EDGE_LOOP('',(#14221,#14222,#14223,#14224));
#14221 = ORIENTED_EDGE('',*,*,#13924,.F.);
#14222 = ORIENTED_EDGE('',*,*,#13870,.F.);
#14223 = ORIENTED_EDGE('',*,*,#13952,.F.);
#14224 = ORIENTED_EDGE('',*,*,#13892,.F.);
#14225 = CYLINDRICAL_SURFACE('',#14226,0.3);
#14226 = AXIS2_PLACEMENT_3D('',#14227,#14228,#14229);
#14227 = CARTESIAN_POINT('',(0.9,-0.25,2.5));
#14228 = DIRECTION('',(0.,-3.491481338843E-15,-1.));
#14229 = DIRECTION('',(0.,1.,-3.491481338843E-15));
#14230 = ADVANCED_FACE('',(#14231),#14242,.T.);
#14231 = FACE_BOUND('',#14232,.T.);
#14232 = EDGE_LOOP('',(#14233,#14240,#14241));
#14233 = ORIENTED_EDGE('',*,*,#14234,.F.);
#14234 = EDGE_CURVE('',#13615,#13189,#14235,.T.);
#14235 = CIRCLE('',#14236,0.15);
#14236 = AXIS2_PLACEMENT_3D('',#14237,#14238,#14239);
#14237 = CARTESIAN_POINT('',(2.35,-0.15,1.2));
#14238 = DIRECTION('',(-0.,1.129377263006E-17,-1.));
#14239 = DIRECTION('',(0.,1.,1.129377263006E-17));
#14240 = ORIENTED_EDGE('',*,*,#13690,.F.);
#14241 = ORIENTED_EDGE('',*,*,#13196,.F.);
#14242 = PLANE('',#14243);
#14243 = AXIS2_PLACEMENT_3D('',#14244,#14245,#14246);
#14244 = CARTESIAN_POINT('',(2.35,-4.336808689942E-16,1.2));
#14245 = DIRECTION('',(0.,-1.129377263006E-17,1.));
#14246 = DIRECTION('',(0.,-1.,-1.129377263006E-17));
#14247 = ADVANCED_FACE('',(#14248),#14275,.T.);
#14248 = FACE_BOUND('',#14249,.T.);
#14249 = EDGE_LOOP('',(#14250,#14257,#14258,#14259,#14260,#14268,#14274)
  );
#14250 = ORIENTED_EDGE('',*,*,#14251,.F.);
#14251 = EDGE_CURVE('',#13623,#13317,#14252,.T.);
#14252 = CIRCLE('',#14253,0.15);
#14253 = AXIS2_PLACEMENT_3D('',#14254,#14255,#14256);
#14254 = CARTESIAN_POINT('',(2.35,-0.15,-1.2));
#14255 = DIRECTION('',(-0.,1.129377263006E-17,-1.));
#14256 = DIRECTION('',(0.,1.,1.129377263006E-17));
#14257 = ORIENTED_EDGE('',*,*,#13622,.T.);
#14258 = ORIENTED_EDGE('',*,*,#14234,.T.);
#14259 = ORIENTED_EDGE('',*,*,#13401,.F.);
#14260 = ORIENTED_EDGE('',*,*,#14261,.F.);
#14261 = EDGE_CURVE('',#14262,#13393,#14264,.T.);
#14262 = VERTEX_POINT('',#14263);
#14263 = CARTESIAN_POINT('',(2.5,-0.15,-0.180928508848));
#14264 = LINE('',#14265,#14266);
#14265 = CARTESIAN_POINT('',(2.5,-0.15,-4.582493540525E-16));
#14266 = VECTOR('',#14267,1.);
#14267 = DIRECTION('',(1.637899003889E-16,4.752121665891E-31,1.));
#14268 = ORIENTED_EDGE('',*,*,#14269,.F.);
#14269 = EDGE_CURVE('',#13346,#14262,#14270,.T.);
#14270 = LINE('',#14271,#14272);
#14271 = CARTESIAN_POINT('',(2.5,-0.15,-4.582493540525E-16));
#14272 = VECTOR('',#14273,1.);
#14273 = DIRECTION('',(1.637899003889E-16,4.752121665891E-31,1.));
#14274 = ORIENTED_EDGE('',*,*,#13345,.F.);
#14275 = CYLINDRICAL_SURFACE('',#14276,0.15);
#14276 = AXIS2_PLACEMENT_3D('',#14277,#14278,#14279);
#14277 = CARTESIAN_POINT('',(2.35,-0.15,-1.2));
#14278 = DIRECTION('',(-0.,1.129377263006E-17,-1.));
#14279 = DIRECTION('',(0.,1.,1.129377263006E-17));
#14280 = ADVANCED_FACE('',(#14281),#14286,.F.);
#14281 = FACE_BOUND('',#14282,.T.);
#14282 = EDGE_LOOP('',(#14283,#14284,#14285));
#14283 = ORIENTED_EDGE('',*,*,#13661,.T.);
#14284 = ORIENTED_EDGE('',*,*,#14251,.T.);
#14285 = ORIENTED_EDGE('',*,*,#13316,.T.);
#14286 = PLANE('',#14287);
#14287 = AXIS2_PLACEMENT_3D('',#14288,#14289,#14290);
#14288 = CARTESIAN_POINT('',(2.35,-4.336808689942E-16,-1.2));
#14289 = DIRECTION('',(0.,-1.129377263006E-17,1.));
#14290 = DIRECTION('',(0.,-1.,-1.129377263006E-17));
#14291 = ADVANCED_FACE('',(#14292),#14303,.T.);
#14292 = FACE_BOUND('',#14293,.T.);
#14293 = EDGE_LOOP('',(#14294,#14301,#14302));
#14294 = ORIENTED_EDGE('',*,*,#14295,.F.);
#14295 = EDGE_CURVE('',#13591,#12873,#14296,.T.);
#14296 = CIRCLE('',#14297,0.15);
#14297 = AXIS2_PLACEMENT_3D('',#14298,#14299,#14300);
#14298 = CARTESIAN_POINT('',(-2.35,-0.15,-1.2));
#14299 = DIRECTION('',(3.614007241618E-16,1.129377263006E-17,1.));
#14300 = DIRECTION('',(1.,-4.081577607022E-33,-3.614007241618E-16));
#14301 = ORIENTED_EDGE('',*,*,#13734,.F.);
#14302 = ORIENTED_EDGE('',*,*,#12880,.F.);
#14303 = PLANE('',#14304);
#14304 = AXIS2_PLACEMENT_3D('',#14305,#14306,#14307);
#14305 = CARTESIAN_POINT('',(-2.35,-8.673617379884E-16,-1.2));
#14306 = DIRECTION('',(-3.614007241618E-16,-1.129377263006E-17,-1.));
#14307 = DIRECTION('',(-1.,0.,3.614007241618E-16));
#14308 = ADVANCED_FACE('',(#14309),#14336,.T.);
#14309 = FACE_BOUND('',#14310,.T.);
#14310 = EDGE_LOOP('',(#14311,#14318,#14319,#14320,#14321,#14329,#14335)
  );
#14311 = ORIENTED_EDGE('',*,*,#14312,.F.);
#14312 = EDGE_CURVE('',#13589,#13001,#14313,.T.);
#14313 = CIRCLE('',#14314,0.15);
#14314 = AXIS2_PLACEMENT_3D('',#14315,#14316,#14317);
#14315 = CARTESIAN_POINT('',(-2.35,-0.15,1.2));
#14316 = DIRECTION('',(3.614007241618E-16,1.129377263006E-17,1.));
#14317 = DIRECTION('',(1.,-4.081577607022E-33,-3.614007241618E-16));
#14318 = ORIENTED_EDGE('',*,*,#13588,.T.);
#14319 = ORIENTED_EDGE('',*,*,#14295,.T.);
#14320 = ORIENTED_EDGE('',*,*,#13085,.F.);
#14321 = ORIENTED_EDGE('',*,*,#14322,.F.);
#14322 = EDGE_CURVE('',#14323,#13077,#14325,.T.);
#14323 = VERTEX_POINT('',#14324);
#14324 = CARTESIAN_POINT('',(-2.5,-0.15,0.180928508848));
#14325 = LINE('',#14326,#14327);
#14326 = CARTESIAN_POINT('',(-2.5,-0.15,4.234621185717E-16));
#14327 = VECTOR('',#14328,1.);
#14328 = DIRECTION('',(6.81250028166E-17,-1.867926656009E-31,-1.));
#14329 = ORIENTED_EDGE('',*,*,#14330,.F.);
#14330 = EDGE_CURVE('',#13030,#14323,#14331,.T.);
#14331 = LINE('',#14332,#14333);
#14332 = CARTESIAN_POINT('',(-2.5,-0.15,4.234621185717E-16));
#14333 = VECTOR('',#14334,1.);
#14334 = DIRECTION('',(6.81250028166E-17,-1.867926656009E-31,-1.));
#14335 = ORIENTED_EDGE('',*,*,#13029,.F.);
#14336 = CYLINDRICAL_SURFACE('',#14337,0.15);
#14337 = AXIS2_PLACEMENT_3D('',#14338,#14339,#14340);
#14338 = CARTESIAN_POINT('',(-2.35,-0.15,1.2));
#14339 = DIRECTION('',(3.614007241618E-16,1.129377263006E-17,1.));
#14340 = DIRECTION('',(1.,-4.081577607022E-33,-3.614007241618E-16));
#14341 = ADVANCED_FACE('',(#14342),#14347,.F.);
#14342 = FACE_BOUND('',#14343,.T.);
#14343 = EDGE_LOOP('',(#14344,#14345,#14346));
#14344 = ORIENTED_EDGE('',*,*,#13705,.T.);
#14345 = ORIENTED_EDGE('',*,*,#14312,.T.);
#14346 = ORIENTED_EDGE('',*,*,#13000,.T.);
#14347 = PLANE('',#14348);
#14348 = AXIS2_PLACEMENT_3D('',#14349,#14350,#14351);
#14349 = CARTESIAN_POINT('',(-2.35,-9.566197516459E-36,1.2));
#14350 = DIRECTION('',(-3.614007241618E-16,-1.129377263006E-17,-1.));
#14351 = DIRECTION('',(-1.,0.,3.614007241618E-16));
#14352 = ADVANCED_FACE('',(#14353),#14369,.F.);
#14353 = FACE_BOUND('',#14354,.F.);
#14354 = EDGE_LOOP('',(#14355,#14356,#14362,#14363));
#14355 = ORIENTED_EDGE('',*,*,#13471,.T.);
#14356 = ORIENTED_EDGE('',*,*,#14357,.F.);
#14357 = EDGE_CURVE('',#13385,#13472,#14358,.T.);
#14358 = LINE('',#14359,#14360);
#14359 = CARTESIAN_POINT('',(2.35,-0.605,0.5));
#14360 = VECTOR('',#14361,1.);
#14361 = DIRECTION('',(-1.,-2.90135207031E-15,1.637899003889E-16));
#14362 = ORIENTED_EDGE('',*,*,#13392,.F.);
#14363 = ORIENTED_EDGE('',*,*,#14364,.T.);
#14364 = EDGE_CURVE('',#13393,#13464,#14365,.T.);
#14365 = LINE('',#14366,#14367);
#14366 = CARTESIAN_POINT('',(2.35,-0.15,0.207304124416));
#14367 = VECTOR('',#14368,1.);
#14368 = DIRECTION('',(-1.,-2.90135207031E-15,1.637899003889E-16));
#14369 = CYLINDRICAL_SURFACE('',#14370,0.5);
#14370 = AXIS2_PLACEMENT_3D('',#14371,#14372,#14373);
#14371 = CARTESIAN_POINT('',(2.35,-0.605,-4.246458508902E-16));
#14372 = DIRECTION('',(1.,2.90135207031E-15,-1.637899003889E-16));
#14373 = DIRECTION('',(-2.90135207031E-15,1.,4.901688859038E-32));
#14374 = ADVANCED_FACE('',(#14375),#14381,.F.);
#14375 = FACE_BOUND('',#14376,.T.);
#14376 = EDGE_LOOP('',(#14377,#14378,#14379,#14380));
#14377 = ORIENTED_EDGE('',*,*,#14357,.F.);
#14378 = ORIENTED_EDGE('',*,*,#13384,.T.);
#14379 = ORIENTED_EDGE('',*,*,#13276,.T.);
#14380 = ORIENTED_EDGE('',*,*,#13480,.F.);
#14381 = PLANE('',#14382);
#14382 = AXIS2_PLACEMENT_3D('',#14383,#14384,#14385);
#14383 = CARTESIAN_POINT('',(2.35,-0.75,0.5));
#14384 = DIRECTION('',(1.637899003889E-16,4.915655479805E-31,1.));
#14385 = DIRECTION('',(2.891205793295E-15,-1.,1.801523909306E-32));
#14386 = ADVANCED_FACE('',(#14387),#14398,.F.);
#14387 = FACE_BOUND('',#14388,.T.);
#14388 = EDGE_LOOP('',(#14389,#14390,#14391,#14397));
#14389 = ORIENTED_EDGE('',*,*,#13236,.F.);
#14390 = ORIENTED_EDGE('',*,*,#13362,.T.);
#14391 = ORIENTED_EDGE('',*,*,#14392,.T.);
#14392 = EDGE_CURVE('',#13354,#13425,#14393,.T.);
#14393 = LINE('',#14394,#14395);
#14394 = CARTESIAN_POINT('',(2.35,-0.605,-0.5));
#14395 = VECTOR('',#14396,1.);
#14396 = DIRECTION('',(-1.,-2.90135207031E-15,1.637899003889E-16));
#14397 = ORIENTED_EDGE('',*,*,#13424,.F.);
#14398 = PLANE('',#14399);
#14399 = AXIS2_PLACEMENT_3D('',#14400,#14401,#14402);
#14400 = CARTESIAN_POINT('',(2.35,-0.75,-0.5));
#14401 = DIRECTION('',(-1.637899003889E-16,-4.915655479805E-31,-1.));
#14402 = DIRECTION('',(-2.891205793295E-15,1.,-1.801523909306E-32));
#14403 = ADVANCED_FACE('',(#14404),#14415,.F.);
#14404 = FACE_BOUND('',#14405,.F.);
#14405 = EDGE_LOOP('',(#14406,#14407,#14413,#14414));
#14406 = ORIENTED_EDGE('',*,*,#13432,.T.);
#14407 = ORIENTED_EDGE('',*,*,#14408,.F.);
#14408 = EDGE_CURVE('',#13346,#13433,#14409,.T.);
#14409 = LINE('',#14410,#14411);
#14410 = CARTESIAN_POINT('',(2.35,-0.15,-0.207304124416));
#14411 = VECTOR('',#14412,1.);
#14412 = DIRECTION('',(-1.,-2.90135207031E-15,1.637899003889E-16));
#14413 = ORIENTED_EDGE('',*,*,#13353,.F.);
#14414 = ORIENTED_EDGE('',*,*,#14392,.T.);
#14415 = CYLINDRICAL_SURFACE('',#14416,0.5);
#14416 = AXIS2_PLACEMENT_3D('',#14417,#14418,#14419);
#14417 = CARTESIAN_POINT('',(2.35,-0.605,-4.246458508902E-16));
#14418 = DIRECTION('',(1.,2.90135207031E-15,-1.637899003889E-16));
#14419 = DIRECTION('',(-2.90135207031E-15,1.,4.901688859038E-32));
#14420 = ADVANCED_FACE('',(#14421),#14432,.T.);
#14421 = FACE_BOUND('',#14422,.T.);
#14422 = EDGE_LOOP('',(#14423,#14424,#14425,#14431));
#14423 = ORIENTED_EDGE('',*,*,#14408,.F.);
#14424 = ORIENTED_EDGE('',*,*,#14269,.T.);
#14425 = ORIENTED_EDGE('',*,*,#14426,.T.);
#14426 = EDGE_CURVE('',#14262,#13542,#14427,.T.);
#14427 = LINE('',#14428,#14429);
#14428 = CARTESIAN_POINT('',(2.425,-0.15,-0.180928508848));
#14429 = VECTOR('',#14430,1.);
#14430 = DIRECTION('',(-1.,-2.891205793295E-15,1.807003620809E-16));
#14431 = ORIENTED_EDGE('',*,*,#13541,.F.);
#14432 = B_SPLINE_SURFACE_WITH_KNOTS('',1,3,(
    (#14433,#14434,#14435,#14436)
    ,(#14437,#14438,#14439,#14440
    )),.UNSPECIFIED.,.F.,.F.,.F.,(2,2),(4,4),(0.,1.),(0.,1.),
  .PIECEWISE_BEZIER_KNOTS.);
#14433 = CARTESIAN_POINT('',(2.35,-0.15,-0.207304124416));
#14434 = CARTESIAN_POINT('',(2.35,-0.15,-0.19851225256));
#14435 = CARTESIAN_POINT('',(2.35,-0.15,-0.189720380704));
#14436 = CARTESIAN_POINT('',(2.35,-0.15,-0.180928508848));
#14437 = CARTESIAN_POINT('',(2.5,-0.15,-0.207304124416));
#14438 = CARTESIAN_POINT('',(2.5,-0.15,-0.19851225256));
#14439 = CARTESIAN_POINT('',(2.5,-0.15,-0.189720380704));
#14440 = CARTESIAN_POINT('',(2.5,-0.15,-0.180928508848));
#14441 = ADVANCED_FACE('',(#14442),#14448,.T.);
#14442 = FACE_BOUND('',#14443,.T.);
#14443 = EDGE_LOOP('',(#14444,#14445,#14446,#14447));
#14444 = ORIENTED_EDGE('',*,*,#14261,.T.);
#14445 = ORIENTED_EDGE('',*,*,#14364,.T.);
#14446 = ORIENTED_EDGE('',*,*,#13549,.F.);
#14447 = ORIENTED_EDGE('',*,*,#14426,.F.);
#14448 = B_SPLINE_SURFACE_WITH_KNOTS('',1,3,(
    (#14449,#14450,#14451,#14452)
    ,(#14453,#14454,#14455,#14456
    )),.UNSPECIFIED.,.F.,.F.,.F.,(2,2),(4,4),(0.,1.),(0.,1.),
  .PIECEWISE_BEZIER_KNOTS.);
#14449 = CARTESIAN_POINT('',(2.35,-0.15,-0.180928508848));
#14450 = CARTESIAN_POINT('',(2.35,-0.15,-5.151763109347E-02));
#14451 = CARTESIAN_POINT('',(2.35,-0.15,7.789324666141E-02));
#14452 = CARTESIAN_POINT('',(2.35,-0.15,0.207304124416));
#14453 = CARTESIAN_POINT('',(2.5,-0.15,-0.180928508848));
#14454 = CARTESIAN_POINT('',(2.5,-0.15,-5.151763109347E-02));
#14455 = CARTESIAN_POINT('',(2.5,-0.15,7.789324666141E-02));
#14456 = CARTESIAN_POINT('',(2.5,-0.15,0.207304124416));
#14457 = ADVANCED_FACE('',(#14458),#14464,.F.);
#14458 = FACE_BOUND('',#14459,.T.);
#14459 = EDGE_LOOP('',(#14460,#14461,#14462,#14463));
#14460 = ORIENTED_EDGE('',*,*,#13377,.T.);
#14461 = ORIENTED_EDGE('',*,*,#13178,.T.);
#14462 = ORIENTED_EDGE('',*,*,#13456,.F.);
#14463 = ORIENTED_EDGE('',*,*,#13258,.F.);
#14464 = PLANE('',#14465);
#14465 = AXIS2_PLACEMENT_3D('',#14466,#14467,#14468);
#14466 = CARTESIAN_POINT('',(2.35,-0.45,1.2));
#14467 = DIRECTION('',(-2.505863157606E-15,0.832050294338,
    -0.554700196225));
#14468 = DIRECTION('',(-1.453400631412E-15,0.554700196225,0.832050294338
    ));
#14469 = ADVANCED_FACE('',(#14470),#14476,.F.);
#14470 = FACE_BOUND('',#14471,.T.);
#14471 = EDGE_LOOP('',(#14472,#14473,#14474,#14475));
#14472 = ORIENTED_EDGE('',*,*,#13338,.T.);
#14473 = ORIENTED_EDGE('',*,*,#13218,.T.);
#14474 = ORIENTED_EDGE('',*,*,#13417,.F.);
#14475 = ORIENTED_EDGE('',*,*,#13298,.F.);
#14476 = PLANE('',#14477);
#14477 = AXIS2_PLACEMENT_3D('',#14478,#14479,#14480);
#14478 = CARTESIAN_POINT('',(2.35,-0.45,-1.2));
#14479 = DIRECTION('',(-2.305394104998E-15,0.832050294338,0.554700196225
    ));
#14480 = DIRECTION('',(1.754104210324E-15,-0.554700196225,0.832050294338
    ));
#14481 = ADVANCED_FACE('',(#14482),#14498,.F.);
#14482 = FACE_BOUND('',#14483,.F.);
#14483 = EDGE_LOOP('',(#14484,#14485,#14491,#14492));
#14484 = ORIENTED_EDGE('',*,*,#13155,.T.);
#14485 = ORIENTED_EDGE('',*,*,#14486,.F.);
#14486 = EDGE_CURVE('',#13069,#13156,#14487,.T.);
#14487 = LINE('',#14488,#14489);
#14488 = CARTESIAN_POINT('',(-2.35,-0.605,-0.5));
#14489 = VECTOR('',#14490,1.);
#14490 = DIRECTION('',(1.,-2.741910574356E-15,6.81250028166E-17));
#14491 = ORIENTED_EDGE('',*,*,#13076,.F.);
#14492 = ORIENTED_EDGE('',*,*,#14493,.T.);
#14493 = EDGE_CURVE('',#13077,#13148,#14494,.T.);
#14494 = LINE('',#14495,#14496);
#14495 = CARTESIAN_POINT('',(-2.35,-0.15,-0.207304124416));
#14496 = VECTOR('',#14497,1.);
#14497 = DIRECTION('',(1.,-2.741910574356E-15,6.81250028166E-17));
#14498 = CYLINDRICAL_SURFACE('',#14499,0.5);
#14499 = AXIS2_PLACEMENT_3D('',#14500,#14501,#14502);
#14500 = CARTESIAN_POINT('',(-2.35,-0.605,4.246458508902E-16));
#14501 = DIRECTION('',(-1.,2.741910574356E-15,-6.81250028166E-17));
#14502 = DIRECTION('',(-2.741910574356E-15,-1.,-9.525603070466E-33));
#14503 = ADVANCED_FACE('',(#14504),#14510,.F.);
#14504 = FACE_BOUND('',#14505,.T.);
#14505 = EDGE_LOOP('',(#14506,#14507,#14508,#14509));
#14506 = ORIENTED_EDGE('',*,*,#14486,.F.);
#14507 = ORIENTED_EDGE('',*,*,#13068,.T.);
#14508 = ORIENTED_EDGE('',*,*,#12960,.T.);
#14509 = ORIENTED_EDGE('',*,*,#13164,.F.);
#14510 = PLANE('',#14511);
#14511 = AXIS2_PLACEMENT_3D('',#14512,#14513,#14514);
#14512 = CARTESIAN_POINT('',(-2.35,-0.605,-0.5));
#14513 = DIRECTION('',(6.81250028166E-17,-1.789481637185E-31,-1.));
#14514 = DIRECTION('',(-2.891205793295E-15,-1.,-1.801523909306E-32));
#14515 = ADVANCED_FACE('',(#14516),#14527,.F.);
#14516 = FACE_BOUND('',#14517,.T.);
#14517 = EDGE_LOOP('',(#14518,#14519,#14520,#14526));
#14518 = ORIENTED_EDGE('',*,*,#12920,.F.);
#14519 = ORIENTED_EDGE('',*,*,#13046,.T.);
#14520 = ORIENTED_EDGE('',*,*,#14521,.T.);
#14521 = EDGE_CURVE('',#13038,#13109,#14522,.T.);
#14522 = LINE('',#14523,#14524);
#14523 = CARTESIAN_POINT('',(-2.35,-0.605,0.5));
#14524 = VECTOR('',#14525,1.);
#14525 = DIRECTION('',(1.,-2.741910574356E-15,6.81250028166E-17));
#14526 = ORIENTED_EDGE('',*,*,#13108,.F.);
#14527 = PLANE('',#14528);
#14528 = AXIS2_PLACEMENT_3D('',#14529,#14530,#14531);
#14529 = CARTESIAN_POINT('',(-2.35,-0.75,0.5));
#14530 = DIRECTION('',(-6.81250028166E-17,1.789481637185E-31,1.));
#14531 = DIRECTION('',(2.891205793295E-15,1.,1.801523909306E-32));
#14532 = ADVANCED_FACE('',(#14533),#14544,.F.);
#14533 = FACE_BOUND('',#14534,.F.);
#14534 = EDGE_LOOP('',(#14535,#14536,#14542,#14543));
#14535 = ORIENTED_EDGE('',*,*,#13116,.T.);
#14536 = ORIENTED_EDGE('',*,*,#14537,.F.);
#14537 = EDGE_CURVE('',#13030,#13117,#14538,.T.);
#14538 = LINE('',#14539,#14540);
#14539 = CARTESIAN_POINT('',(-2.35,-0.15,0.207304124416));
#14540 = VECTOR('',#14541,1.);
#14541 = DIRECTION('',(1.,-2.741910574356E-15,6.81250028166E-17));
#14542 = ORIENTED_EDGE('',*,*,#13037,.F.);
#14543 = ORIENTED_EDGE('',*,*,#14521,.T.);
#14544 = CYLINDRICAL_SURFACE('',#14545,0.5);
#14545 = AXIS2_PLACEMENT_3D('',#14546,#14547,#14548);
#14546 = CARTESIAN_POINT('',(-2.35,-0.605,4.246458508902E-16));
#14547 = DIRECTION('',(-1.,2.741910574356E-15,-6.81250028166E-17));
#14548 = DIRECTION('',(-2.741910574356E-15,-1.,-9.525603070466E-33));
#14549 = ADVANCED_FACE('',(#14550),#14561,.T.);
#14550 = FACE_BOUND('',#14551,.T.);
#14551 = EDGE_LOOP('',(#14552,#14553,#14554,#14560));
#14552 = ORIENTED_EDGE('',*,*,#14537,.F.);
#14553 = ORIENTED_EDGE('',*,*,#14330,.T.);
#14554 = ORIENTED_EDGE('',*,*,#14555,.T.);
#14555 = EDGE_CURVE('',#14323,#13504,#14556,.T.);
#14556 = LINE('',#14557,#14558);
#14557 = CARTESIAN_POINT('',(-2.425,-0.15,0.180928508848));
#14558 = VECTOR('',#14559,1.);
#14559 = DIRECTION('',(1.,-2.710505431214E-15,-0.));
#14560 = ORIENTED_EDGE('',*,*,#13503,.F.);
#14561 = B_SPLINE_SURFACE_WITH_KNOTS('',1,3,(
    (#14562,#14563,#14564,#14565)
    ,(#14566,#14567,#14568,#14569
    )),.UNSPECIFIED.,.F.,.F.,.F.,(2,2),(4,4),(0.,1.),(0.,1.),
  .PIECEWISE_BEZIER_KNOTS.);
#14562 = CARTESIAN_POINT('',(-2.35,-0.15,0.207304124416));
#14563 = CARTESIAN_POINT('',(-2.35,-0.15,0.19851225256));
#14564 = CARTESIAN_POINT('',(-2.35,-0.15,0.189720380704));
#14565 = CARTESIAN_POINT('',(-2.35,-0.15,0.180928508848));
#14566 = CARTESIAN_POINT('',(-2.5,-0.15,0.207304124416));
#14567 = CARTESIAN_POINT('',(-2.5,-0.15,0.19851225256));
#14568 = CARTESIAN_POINT('',(-2.5,-0.15,0.189720380704));
#14569 = CARTESIAN_POINT('',(-2.5,-0.15,0.180928508848));
#14570 = ADVANCED_FACE('',(#14571),#14577,.T.);
#14571 = FACE_BOUND('',#14572,.T.);
#14572 = EDGE_LOOP('',(#14573,#14574,#14575,#14576));
#14573 = ORIENTED_EDGE('',*,*,#14322,.T.);
#14574 = ORIENTED_EDGE('',*,*,#14493,.T.);
#14575 = ORIENTED_EDGE('',*,*,#13511,.F.);
#14576 = ORIENTED_EDGE('',*,*,#14555,.F.);
#14577 = B_SPLINE_SURFACE_WITH_KNOTS('',1,3,(
    (#14578,#14579,#14580,#14581)
    ,(#14582,#14583,#14584,#14585
    )),.UNSPECIFIED.,.F.,.F.,.F.,(2,2),(4,4),(0.,1.),(0.,1.),
  .PIECEWISE_BEZIER_KNOTS.);
#14578 = CARTESIAN_POINT('',(-2.35,-0.15,0.180928508848));
#14579 = CARTESIAN_POINT('',(-2.35,-0.15,5.151763109345E-02));
#14580 = CARTESIAN_POINT('',(-2.35,-0.15,-7.789324666143E-02));
#14581 = CARTESIAN_POINT('',(-2.35,-0.15,-0.207304124416));
#14582 = CARTESIAN_POINT('',(-2.5,-0.15,0.180928508848));
#14583 = CARTESIAN_POINT('',(-2.5,-0.15,5.151763109345E-02));
#14584 = CARTESIAN_POINT('',(-2.5,-0.15,-7.789324666143E-02));
#14585 = CARTESIAN_POINT('',(-2.5,-0.15,-0.207304124416));
#14586 = ADVANCED_FACE('',(#14587),#14593,.F.);
#14587 = FACE_BOUND('',#14588,.T.);
#14588 = EDGE_LOOP('',(#14589,#14590,#14591,#14592));
#14589 = ORIENTED_EDGE('',*,*,#13061,.T.);
#14590 = ORIENTED_EDGE('',*,*,#12862,.T.);
#14591 = ORIENTED_EDGE('',*,*,#13140,.F.);
#14592 = ORIENTED_EDGE('',*,*,#12942,.F.);
#14593 = PLANE('',#14594);
#14594 = AXIS2_PLACEMENT_3D('',#14595,#14596,#14597);
#14595 = CARTESIAN_POINT('',(-2.35,-0.75,-0.75));
#14596 = DIRECTION('',(2.505863157606E-15,0.832050294338,0.554700196225)
  );
#14597 = DIRECTION('',(1.453400631412E-15,0.554700196225,-0.832050294338
    ));
#14598 = ADVANCED_FACE('',(#14599),#14605,.F.);
#14599 = FACE_BOUND('',#14600,.T.);
#14600 = EDGE_LOOP('',(#14601,#14602,#14603,#14604));
#14601 = ORIENTED_EDGE('',*,*,#13022,.T.);
#14602 = ORIENTED_EDGE('',*,*,#12902,.T.);
#14603 = ORIENTED_EDGE('',*,*,#13101,.F.);
#14604 = ORIENTED_EDGE('',*,*,#12982,.F.);
#14605 = PLANE('',#14606);
#14606 = AXIS2_PLACEMENT_3D('',#14607,#14608,#14609);
#14607 = CARTESIAN_POINT('',(-2.35,-0.45,1.2));
#14608 = DIRECTION('',(2.309599749458E-15,0.832050294338,-0.554700196225
    ));
#14609 = DIRECTION('',(-1.754104210324E-15,-0.554700196225,
    -0.832050294338));
#14610 = ADVANCED_FACE('',(#14611),#14623,.T.);
#14611 = FACE_BOUND('',#14612,.T.);
#14612 = EDGE_LOOP('',(#14613,#14614,#14615,#14616));
#14613 = ORIENTED_EDGE('',*,*,#12841,.F.);
#14614 = ORIENTED_EDGE('',*,*,#12790,.T.);
#14615 = ORIENTED_EDGE('',*,*,#12848,.T.);
#14616 = ORIENTED_EDGE('',*,*,#14617,.T.);
#14617 = EDGE_CURVE('',#12758,#12749,#14618,.T.);
#14618 = CIRCLE('',#14619,1.548076247377);
#14619 = AXIS2_PLACEMENT_3D('',#14620,#14621,#14622);
#14620 = CARTESIAN_POINT('',(0.,5.773817382593E-02,0.));
#14621 = DIRECTION('',(0.,1.,0.));
#14622 = DIRECTION('',(0.,0.,-1.));
#14623 = CONICAL_SURFACE('',#14624,1.575,0.436332312999);
#14624 = AXIS2_PLACEMENT_3D('',#14625,#14626,#14627);
#14625 = CARTESIAN_POINT('',(0.,0.,0.));
#14626 = DIRECTION('',(-0.,-1.,-0.));
#14627 = DIRECTION('',(0.,0.,1.));
#14628 = ADVANCED_FACE('',(#14629,#14639),#14649,.T.);
#14629 = FACE_BOUND('',#14630,.T.);
#14630 = EDGE_LOOP('',(#14631,#14638));
#14631 = ORIENTED_EDGE('',*,*,#14632,.F.);
#14632 = EDGE_CURVE('',#12707,#12715,#14633,.T.);
#14633 = CIRCLE('',#14634,1.05);
#14634 = AXIS2_PLACEMENT_3D('',#14635,#14636,#14637);
#14635 = CARTESIAN_POINT('',(0.,0.4,0.));
#14636 = DIRECTION('',(0.,1.,0.));
#14637 = DIRECTION('',(0.,-0.,1.));
#14638 = ORIENTED_EDGE('',*,*,#12714,.F.);
#14639 = FACE_BOUND('',#14640,.T.);
#14640 = EDGE_LOOP('',(#14641,#14642));
#14641 = ORIENTED_EDGE('',*,*,#12810,.T.);
#14642 = ORIENTED_EDGE('',*,*,#14643,.T.);
#14643 = EDGE_CURVE('',#12802,#12811,#14644,.T.);
#14644 = CIRCLE('',#14645,1.324769910657);
#14645 = AXIS2_PLACEMENT_3D('',#14646,#14647,#14648);
#14646 = CARTESIAN_POINT('',(0.,0.4,0.));
#14647 = DIRECTION('',(0.,1.,0.));
#14648 = DIRECTION('',(0.,-0.,1.));
#14649 = PLANE('',#14650);
#14650 = AXIS2_PLACEMENT_3D('',#14651,#14652,#14653);
#14651 = CARTESIAN_POINT('',(0.,0.4,0.));
#14652 = DIRECTION('',(0.,1.,0.));
#14653 = DIRECTION('',(0.,-0.,1.));
#14654 = ADVANCED_FACE('',(#14655),#14661,.T.);
#14655 = FACE_BOUND('',#14656,.T.);
#14656 = EDGE_LOOP('',(#14657,#14658,#14659,#14660));
#14657 = ORIENTED_EDGE('',*,*,#12801,.F.);
#14658 = ORIENTED_EDGE('',*,*,#12834,.F.);
#14659 = ORIENTED_EDGE('',*,*,#12819,.T.);
#14660 = ORIENTED_EDGE('',*,*,#14643,.F.);
#14661 = TOROIDAL_SURFACE('',#14662,1.324769910657,0.1);
#14662 = AXIS2_PLACEMENT_3D('',#14663,#14664,#14665);
#14663 = CARTESIAN_POINT('',(0.,0.3,0.));
#14664 = DIRECTION('',(0.,1.,0.));
#14665 = DIRECTION('',(0.,-0.,1.));
#14666 = ADVANCED_FACE('',(#14667),#14673,.F.);
#14667 = FACE_BOUND('',#14668,.F.);
#14668 = EDGE_LOOP('',(#14669,#14670,#14671,#14672));
#14669 = ORIENTED_EDGE('',*,*,#14617,.T.);
#14670 = ORIENTED_EDGE('',*,*,#12746,.F.);
#14671 = ORIENTED_EDGE('',*,*,#13578,.T.);
#14672 = ORIENTED_EDGE('',*,*,#12766,.T.);
#14673 = TOROIDAL_SURFACE('',#14674,1.638707026081,0.1);
#14674 = AXIS2_PLACEMENT_3D('',#14675,#14676,#14677);
#14675 = CARTESIAN_POINT('',(0.,0.1,0.));
#14676 = DIRECTION('',(-0.,-1.,0.));
#14677 = DIRECTION('',(-0.,0.,-1.));
#14678 = ADVANCED_FACE('',(#14679),#14689,.F.);
#14679 = FACE_BOUND('',#14680,.T.);
#14680 = EDGE_LOOP('',(#14681,#14688));
#14681 = ORIENTED_EDGE('',*,*,#14682,.T.);
#14682 = EDGE_CURVE('',#12705,#12724,#14683,.T.);
#14683 = CIRCLE('',#14684,1.05);
#14684 = AXIS2_PLACEMENT_3D('',#14685,#14686,#14687);
#14685 = CARTESIAN_POINT('',(0.,0.,0.));
#14686 = DIRECTION('',(0.,1.,0.));
#14687 = DIRECTION('',(0.,-0.,-1.));
#14688 = ORIENTED_EDGE('',*,*,#12731,.T.);
#14689 = PLANE('',#14690);
#14690 = AXIS2_PLACEMENT_3D('',#14691,#14692,#14693);
#14691 = CARTESIAN_POINT('',(0.,0.,0.));
#14692 = DIRECTION('',(0.,-1.,0.));
#14693 = DIRECTION('',(0.,-0.,-1.));
#14694 = ADVANCED_FACE('',(#14695),#14701,.F.);
#14695 = FACE_BOUND('',#14696,.F.);
#14696 = EDGE_LOOP('',(#14697,#14698,#14699,#14700));
#14697 = ORIENTED_EDGE('',*,*,#14632,.F.);
#14698 = ORIENTED_EDGE('',*,*,#12704,.F.);
#14699 = ORIENTED_EDGE('',*,*,#14682,.T.);
#14700 = ORIENTED_EDGE('',*,*,#12723,.T.);
#14701 = CYLINDRICAL_SURFACE('',#14702,1.05);
#14702 = AXIS2_PLACEMENT_3D('',#14703,#14704,#14705);
#14703 = CARTESIAN_POINT('',(0.,-2.969848480983,0.));
#14704 = DIRECTION('',(-0.,1.,-0.));
#14705 = DIRECTION('',(0.,0.,1.));
#14706 = MANIFOLD_SOLID_BREP('',#14707);
#14707 = CLOSED_SHELL('',(#14708,#14752,#14784,#14808,#14824,#14834));
#14708 = ADVANCED_FACE('',(#14709),#14747,.T.);
#14709 = FACE_BOUND('',#14710,.T.);
#14710 = EDGE_LOOP('',(#14711,#14722,#14731,#14740));
#14711 = ORIENTED_EDGE('',*,*,#14712,.F.);
#14712 = EDGE_CURVE('',#14713,#14715,#14717,.T.);
#14713 = VERTEX_POINT('',#14714);
#14714 = CARTESIAN_POINT('',(0.,0.65,-1.));
#14715 = VERTEX_POINT('',#14716);
#14716 = CARTESIAN_POINT('',(1.224646799147E-16,0.65,1.));
#14717 = CIRCLE('',#14718,1.);
#14718 = AXIS2_PLACEMENT_3D('',#14719,#14720,#14721);
#14719 = CARTESIAN_POINT('',(0.,0.65,0.));
#14720 = DIRECTION('',(0.,-1.,0.));
#14721 = DIRECTION('',(0.,0.,1.));
#14722 = ORIENTED_EDGE('',*,*,#14723,.T.);
#14723 = EDGE_CURVE('',#14713,#14724,#14726,.T.);
#14724 = VERTEX_POINT('',#14725);
#14725 = CARTESIAN_POINT('',(1.194030629169E-16,0.7,-0.95));
#14726 = CIRCLE('',#14727,5.E-02);
#14727 = AXIS2_PLACEMENT_3D('',#14728,#14729,#14730);
#14728 = CARTESIAN_POINT('',(1.16341445919E-16,0.65,-0.95));
#14729 = DIRECTION('',(1.,-0.,1.224646799147E-16));
#14730 = DIRECTION('',(1.224646799147E-16,0.,-1.));
#14731 = ORIENTED_EDGE('',*,*,#14732,.F.);
#14732 = EDGE_CURVE('',#14733,#14724,#14735,.T.);
#14733 = VERTEX_POINT('',#14734);
#14734 = CARTESIAN_POINT('',(0.,0.7,0.95));
#14735 = CIRCLE('',#14736,0.95);
#14736 = AXIS2_PLACEMENT_3D('',#14737,#14738,#14739);
#14737 = CARTESIAN_POINT('',(0.,0.7,0.));
#14738 = DIRECTION('',(0.,1.,0.));
#14739 = DIRECTION('',(0.,-0.,1.));
#14740 = ORIENTED_EDGE('',*,*,#14741,.F.);
#14741 = EDGE_CURVE('',#14715,#14733,#14742,.T.);
#14742 = CIRCLE('',#14743,5.E-02);
#14743 = AXIS2_PLACEMENT_3D('',#14744,#14745,#14746);
#14744 = CARTESIAN_POINT('',(0.,0.65,0.95));
#14745 = DIRECTION('',(-1.,0.,0.));
#14746 = DIRECTION('',(0.,0.,1.));
#14747 = TOROIDAL_SURFACE('',#14748,0.95,5.E-02);
#14748 = AXIS2_PLACEMENT_3D('',#14749,#14750,#14751);
#14749 = CARTESIAN_POINT('',(0.,0.65,0.));
#14750 = DIRECTION('',(0.,1.,0.));
#14751 = DIRECTION('',(0.,-0.,1.));
#14752 = ADVANCED_FACE('',(#14753),#14779,.T.);
#14753 = FACE_BOUND('',#14754,.T.);
#14754 = EDGE_LOOP('',(#14755,#14756,#14764,#14773));
#14755 = ORIENTED_EDGE('',*,*,#14712,.T.);
#14756 = ORIENTED_EDGE('',*,*,#14757,.T.);
#14757 = EDGE_CURVE('',#14715,#14758,#14760,.T.);
#14758 = VERTEX_POINT('',#14759);
#14759 = CARTESIAN_POINT('',(1.224646799147E-16,0.,1.));
#14760 = LINE('',#14761,#14762);
#14761 = CARTESIAN_POINT('',(1.224646799147E-16,0.7,1.));
#14762 = VECTOR('',#14763,1.);
#14763 = DIRECTION('',(-0.,-1.,-0.));
#14764 = ORIENTED_EDGE('',*,*,#14765,.T.);
#14765 = EDGE_CURVE('',#14758,#14766,#14768,.T.);
#14766 = VERTEX_POINT('',#14767);
#14767 = CARTESIAN_POINT('',(0.,0.,-1.));
#14768 = CIRCLE('',#14769,1.);
#14769 = AXIS2_PLACEMENT_3D('',#14770,#14771,#14772);
#14770 = CARTESIAN_POINT('',(0.,0.,0.));
#14771 = DIRECTION('',(0.,1.,0.));
#14772 = DIRECTION('',(0.,-0.,1.));
#14773 = ORIENTED_EDGE('',*,*,#14774,.F.);
#14774 = EDGE_CURVE('',#14713,#14766,#14775,.T.);
#14775 = LINE('',#14776,#14777);
#14776 = CARTESIAN_POINT('',(0.,0.7,-1.));
#14777 = VECTOR('',#14778,1.);
#14778 = DIRECTION('',(-0.,-1.,-0.));
#14779 = CYLINDRICAL_SURFACE('',#14780,1.);
#14780 = AXIS2_PLACEMENT_3D('',#14781,#14782,#14783);
#14781 = CARTESIAN_POINT('',(0.,0.7,0.));
#14782 = DIRECTION('',(-0.,-1.,-0.));
#14783 = DIRECTION('',(0.,0.,-1.));
#14784 = ADVANCED_FACE('',(#14785),#14803,.T.);
#14785 = FACE_BOUND('',#14786,.T.);
#14786 = EDGE_LOOP('',(#14787,#14788,#14795,#14796));
#14787 = ORIENTED_EDGE('',*,*,#14757,.F.);
#14788 = ORIENTED_EDGE('',*,*,#14789,.T.);
#14789 = EDGE_CURVE('',#14715,#14713,#14790,.T.);
#14790 = CIRCLE('',#14791,1.);
#14791 = AXIS2_PLACEMENT_3D('',#14792,#14793,#14794);
#14792 = CARTESIAN_POINT('',(0.,0.65,0.));
#14793 = DIRECTION('',(0.,-1.,0.));
#14794 = DIRECTION('',(0.,0.,1.));
#14795 = ORIENTED_EDGE('',*,*,#14774,.T.);
#14796 = ORIENTED_EDGE('',*,*,#14797,.T.);
#14797 = EDGE_CURVE('',#14766,#14758,#14798,.T.);
#14798 = CIRCLE('',#14799,1.);
#14799 = AXIS2_PLACEMENT_3D('',#14800,#14801,#14802);
#14800 = CARTESIAN_POINT('',(0.,0.,0.));
#14801 = DIRECTION('',(0.,1.,0.));
#14802 = DIRECTION('',(0.,-0.,1.));
#14803 = CYLINDRICAL_SURFACE('',#14804,1.);
#14804 = AXIS2_PLACEMENT_3D('',#14805,#14806,#14807);
#14805 = CARTESIAN_POINT('',(0.,0.7,0.));
#14806 = DIRECTION('',(-0.,-1.,-0.));
#14807 = DIRECTION('',(0.,0.,-1.));
#14808 = ADVANCED_FACE('',(#14809),#14819,.T.);
#14809 = FACE_BOUND('',#14810,.T.);
#14810 = EDGE_LOOP('',(#14811,#14812));
#14811 = ORIENTED_EDGE('',*,*,#14732,.T.);
#14812 = ORIENTED_EDGE('',*,*,#14813,.T.);
#14813 = EDGE_CURVE('',#14724,#14733,#14814,.T.);
#14814 = CIRCLE('',#14815,0.95);
#14815 = AXIS2_PLACEMENT_3D('',#14816,#14817,#14818);
#14816 = CARTESIAN_POINT('',(0.,0.7,0.));
#14817 = DIRECTION('',(0.,1.,0.));
#14818 = DIRECTION('',(0.,-0.,1.));
#14819 = PLANE('',#14820);
#14820 = AXIS2_PLACEMENT_3D('',#14821,#14822,#14823);
#14821 = CARTESIAN_POINT('',(0.,0.7,0.));
#14822 = DIRECTION('',(0.,1.,0.));
#14823 = DIRECTION('',(0.,-0.,1.));
#14824 = ADVANCED_FACE('',(#14825),#14829,.F.);
#14825 = FACE_BOUND('',#14826,.T.);
#14826 = EDGE_LOOP('',(#14827,#14828));
#14827 = ORIENTED_EDGE('',*,*,#14797,.F.);
#14828 = ORIENTED_EDGE('',*,*,#14765,.F.);
#14829 = PLANE('',#14830);
#14830 = AXIS2_PLACEMENT_3D('',#14831,#14832,#14833);
#14831 = CARTESIAN_POINT('',(0.,0.,0.));
#14832 = DIRECTION('',(0.,1.,0.));
#14833 = DIRECTION('',(0.,-0.,1.));
#14834 = ADVANCED_FACE('',(#14835),#14841,.T.);
#14835 = FACE_BOUND('',#14836,.T.);
#14836 = EDGE_LOOP('',(#14837,#14838,#14839,#14840));
#14837 = ORIENTED_EDGE('',*,*,#14723,.F.);
#14838 = ORIENTED_EDGE('',*,*,#14789,.F.);
#14839 = ORIENTED_EDGE('',*,*,#14741,.T.);
#14840 = ORIENTED_EDGE('',*,*,#14813,.F.);
#14841 = TOROIDAL_SURFACE('',#14842,0.95,5.E-02);
#14842 = AXIS2_PLACEMENT_3D('',#14843,#14844,#14845);
#14843 = CARTESIAN_POINT('',(0.,0.65,0.));
#14844 = DIRECTION('',(0.,1.,0.));
#14845 = DIRECTION('',(0.,-0.,1.));
#14846 = MANIFOLD_SOLID_BREP('',#14847);
#14847 = CLOSED_SHELL('',(#14848,#14888,#14919,#14952,#14983,#15016,
    #15047,#15078,#15109,#15142,#15173,#15206,#15228,#15248));
#14848 = ADVANCED_FACE('',(#14849),#14883,.F.);
#14849 = FACE_BOUND('',#14850,.T.);
#14850 = EDGE_LOOP('',(#14851,#14861,#14869,#14877));
#14851 = ORIENTED_EDGE('',*,*,#14852,.T.);
#14852 = EDGE_CURVE('',#14853,#14855,#14857,.T.);
#14853 = VERTEX_POINT('',#14854);
#14854 = CARTESIAN_POINT('',(1.7,-0.37,1.6));
#14855 = VERTEX_POINT('',#14856);
#14856 = CARTESIAN_POINT('',(1.7,-0.5,1.6));
#14857 = LINE('',#14858,#14859);
#14858 = CARTESIAN_POINT('',(1.7,-0.37,1.6));
#14859 = VECTOR('',#14860,1.);
#14860 = DIRECTION('',(0.,-1.,0.));
#14861 = ORIENTED_EDGE('',*,*,#14862,.F.);
#14862 = EDGE_CURVE('',#14863,#14855,#14865,.T.);
#14863 = VERTEX_POINT('',#14864);
#14864 = CARTESIAN_POINT('',(1.7,-0.5,2.1));
#14865 = LINE('',#14866,#14867);
#14866 = CARTESIAN_POINT('',(1.7,-0.5,2.1));
#14867 = VECTOR('',#14868,1.);
#14868 = DIRECTION('',(-0.,-0.,-1.));
#14869 = ORIENTED_EDGE('',*,*,#14870,.F.);
#14870 = EDGE_CURVE('',#14871,#14863,#14873,.T.);
#14871 = VERTEX_POINT('',#14872);
#14872 = CARTESIAN_POINT('',(1.7,-0.37,2.1));
#14873 = LINE('',#14874,#14875);
#14874 = CARTESIAN_POINT('',(1.7,-0.37,2.1));
#14875 = VECTOR('',#14876,1.);
#14876 = DIRECTION('',(0.,-1.,0.));
#14877 = ORIENTED_EDGE('',*,*,#14878,.T.);
#14878 = EDGE_CURVE('',#14871,#14853,#14879,.T.);
#14879 = LINE('',#14880,#14881);
#14880 = CARTESIAN_POINT('',(1.7,-0.37,2.1));
#14881 = VECTOR('',#14882,1.);
#14882 = DIRECTION('',(-0.,-0.,-1.));
#14883 = PLANE('',#14884);
#14884 = AXIS2_PLACEMENT_3D('',#14885,#14886,#14887);
#14885 = CARTESIAN_POINT('',(1.7,-0.37,2.1));
#14886 = DIRECTION('',(1.,0.,-0.));
#14887 = DIRECTION('',(-0.,0.,-1.));
#14888 = ADVANCED_FACE('',(#14889),#14914,.F.);
#14889 = FACE_BOUND('',#14890,.T.);
#14890 = EDGE_LOOP('',(#14891,#14899,#14907,#14913));
#14891 = ORIENTED_EDGE('',*,*,#14892,.T.);
#14892 = EDGE_CURVE('',#14855,#14893,#14895,.T.);
#14893 = VERTEX_POINT('',#14894);
#14894 = CARTESIAN_POINT('',(2.579865183976,-0.5,1.6));
#14895 = LINE('',#14896,#14897);
#14896 = CARTESIAN_POINT('',(1.7,-0.5,1.6));
#14897 = VECTOR('',#14898,1.);
#14898 = DIRECTION('',(1.,-1.232236701975E-16,0.));
#14899 = ORIENTED_EDGE('',*,*,#14900,.F.);
#14900 = EDGE_CURVE('',#14901,#14893,#14903,.T.);
#14901 = VERTEX_POINT('',#14902);
#14902 = CARTESIAN_POINT('',(2.579865183976,-0.5,2.1));
#14903 = LINE('',#14904,#14905);
#14904 = CARTESIAN_POINT('',(2.579865183976,-0.5,2.1));
#14905 = VECTOR('',#14906,1.);
#14906 = DIRECTION('',(-0.,-0.,-1.));
#14907 = ORIENTED_EDGE('',*,*,#14908,.F.);
#14908 = EDGE_CURVE('',#14863,#14901,#14909,.T.);
#14909 = LINE('',#14910,#14911);
#14910 = CARTESIAN_POINT('',(1.7,-0.5,2.1));
#14911 = VECTOR('',#14912,1.);
#14912 = DIRECTION('',(1.,-1.232236701975E-16,0.));
#14913 = ORIENTED_EDGE('',*,*,#14862,.T.);
#14914 = PLANE('',#14915);
#14915 = AXIS2_PLACEMENT_3D('',#14916,#14917,#14918);
#14916 = CARTESIAN_POINT('',(1.7,-0.5,2.1));
#14917 = DIRECTION('',(1.232236701975E-16,1.,-0.));
#14918 = DIRECTION('',(-1.,1.232236701975E-16,0.));
#14919 = ADVANCED_FACE('',(#14920),#14947,.F.);
#14920 = FACE_BOUND('',#14921,.F.);
#14921 = EDGE_LOOP('',(#14922,#14923,#14932,#14940));
#14922 = ORIENTED_EDGE('',*,*,#14900,.F.);
#14923 = ORIENTED_EDGE('',*,*,#14924,.T.);
#14924 = EDGE_CURVE('',#14901,#14925,#14927,.T.);
#14925 = VERTEX_POINT('',#14926);
#14926 = CARTESIAN_POINT('',(2.654306145349,-0.565859799245,2.1));
#14927 = CIRCLE('',#14928,7.5E-02);
#14928 = AXIS2_PLACEMENT_3D('',#14929,#14930,#14931);
#14929 = CARTESIAN_POINT('',(2.579865183976,-0.575,2.1));
#14930 = DIRECTION('',(-0.,0.,-1.));
#14931 = DIRECTION('',(-1.,0.,0.));
#14932 = ORIENTED_EDGE('',*,*,#14933,.T.);
#14933 = EDGE_CURVE('',#14925,#14934,#14936,.T.);
#14934 = VERTEX_POINT('',#14935);
#14935 = CARTESIAN_POINT('',(2.654306145349,-0.565859799245,1.6));
#14936 = LINE('',#14937,#14938);
#14937 = CARTESIAN_POINT('',(2.654306145349,-0.565859799245,2.1));
#14938 = VECTOR('',#14939,1.);
#14939 = DIRECTION('',(-0.,-0.,-1.));
#14940 = ORIENTED_EDGE('',*,*,#14941,.F.);
#14941 = EDGE_CURVE('',#14893,#14934,#14942,.T.);
#14942 = CIRCLE('',#14943,7.5E-02);
#14943 = AXIS2_PLACEMENT_3D('',#14944,#14945,#14946);
#14944 = CARTESIAN_POINT('',(2.579865183976,-0.575,1.6));
#14945 = DIRECTION('',(-0.,0.,-1.));
#14946 = DIRECTION('',(-1.,0.,0.));
#14947 = CYLINDRICAL_SURFACE('',#14948,7.5E-02);
#14948 = AXIS2_PLACEMENT_3D('',#14949,#14950,#14951);
#14949 = CARTESIAN_POINT('',(2.579865183976,-0.575,2.1));
#14950 = DIRECTION('',(-0.,-0.,-1.));
#14951 = DIRECTION('',(-1.,0.,0.));
#14952 = ADVANCED_FACE('',(#14953),#14978,.F.);
#14953 = FACE_BOUND('',#14954,.T.);
#14954 = EDGE_LOOP('',(#14955,#14963,#14971,#14977));
#14955 = ORIENTED_EDGE('',*,*,#14956,.T.);
#14956 = EDGE_CURVE('',#14934,#14957,#14959,.T.);
#14957 = VERTEX_POINT('',#14958);
#14958 = CARTESIAN_POINT('',(2.661490769672,-0.624373868681,1.6));
#14959 = LINE('',#14960,#14961);
#14960 = CARTESIAN_POINT('',(2.654306145349,-0.565859799245,1.6));
#14961 = VECTOR('',#14962,1.);
#14962 = DIRECTION('',(0.121869343405,-0.992546151641,0.));
#14963 = ORIENTED_EDGE('',*,*,#14964,.F.);
#14964 = EDGE_CURVE('',#14965,#14957,#14967,.T.);
#14965 = VERTEX_POINT('',#14966);
#14966 = CARTESIAN_POINT('',(2.661490769672,-0.624373868681,2.1));
#14967 = LINE('',#14968,#14969);
#14968 = CARTESIAN_POINT('',(2.661490769672,-0.624373868681,2.1));
#14969 = VECTOR('',#14970,1.);
#14970 = DIRECTION('',(-0.,-0.,-1.));
#14971 = ORIENTED_EDGE('',*,*,#14972,.F.);
#14972 = EDGE_CURVE('',#14925,#14965,#14973,.T.);
#14973 = LINE('',#14974,#14975);
#14974 = CARTESIAN_POINT('',(2.654306145349,-0.565859799245,2.1));
#14975 = VECTOR('',#14976,1.);
#14976 = DIRECTION('',(0.121869343405,-0.992546151641,0.));
#14977 = ORIENTED_EDGE('',*,*,#14933,.T.);
#14978 = PLANE('',#14979);
#14979 = AXIS2_PLACEMENT_3D('',#14980,#14981,#14982);
#14980 = CARTESIAN_POINT('',(2.654306145349,-0.565859799245,2.1));
#14981 = DIRECTION('',(0.992546151641,0.121869343405,-0.));
#14982 = DIRECTION('',(-0.121869343405,0.992546151641,0.));
#14983 = ADVANCED_FACE('',(#14984),#15011,.T.);
#14984 = FACE_BOUND('',#14985,.T.);
#14985 = EDGE_LOOP('',(#14986,#14995,#15003,#15010));
#14986 = ORIENTED_EDGE('',*,*,#14987,.T.);
#14987 = EDGE_CURVE('',#14957,#14988,#14990,.T.);
#14988 = VERTEX_POINT('',#14989);
#14989 = CARTESIAN_POINT('',(2.86,-0.8,1.6));
#14990 = CIRCLE('',#14991,0.2);
#14991 = AXIS2_PLACEMENT_3D('',#14992,#14993,#14994);
#14992 = CARTESIAN_POINT('',(2.86,-0.6,1.6));
#14993 = DIRECTION('',(0.,0.,1.));
#14994 = DIRECTION('',(1.,0.,-0.));
#14995 = ORIENTED_EDGE('',*,*,#14996,.F.);
#14996 = EDGE_CURVE('',#14997,#14988,#14999,.T.);
#14997 = VERTEX_POINT('',#14998);
#14998 = CARTESIAN_POINT('',(2.86,-0.8,2.1));
#14999 = LINE('',#15000,#15001);
#15000 = CARTESIAN_POINT('',(2.86,-0.8,2.1));
#15001 = VECTOR('',#15002,1.);
#15002 = DIRECTION('',(-0.,-0.,-1.));
#15003 = ORIENTED_EDGE('',*,*,#15004,.F.);
#15004 = EDGE_CURVE('',#14965,#14997,#15005,.T.);
#15005 = CIRCLE('',#15006,0.2);
#15006 = AXIS2_PLACEMENT_3D('',#15007,#15008,#15009);
#15007 = CARTESIAN_POINT('',(2.86,-0.6,2.1));
#15008 = DIRECTION('',(0.,0.,1.));
#15009 = DIRECTION('',(1.,0.,-0.));
#15010 = ORIENTED_EDGE('',*,*,#14964,.T.);
#15011 = CYLINDRICAL_SURFACE('',#15012,0.2);
#15012 = AXIS2_PLACEMENT_3D('',#15013,#15014,#15015);
#15013 = CARTESIAN_POINT('',(2.86,-0.6,2.1));
#15014 = DIRECTION('',(-0.,-0.,-1.));
#15015 = DIRECTION('',(-1.,0.,0.));
#15016 = ADVANCED_FACE('',(#15017),#15042,.F.);
#15017 = FACE_BOUND('',#15018,.T.);
#15018 = EDGE_LOOP('',(#15019,#15027,#15035,#15041));
#15019 = ORIENTED_EDGE('',*,*,#15020,.T.);
#15020 = EDGE_CURVE('',#14988,#15021,#15023,.T.);
#15021 = VERTEX_POINT('',#15022);
#15022 = CARTESIAN_POINT('',(3.3,-0.8,1.6));
#15023 = LINE('',#15024,#15025);
#15024 = CARTESIAN_POINT('',(2.86,-0.8,1.6));
#15025 = VECTOR('',#15026,1.);
#15026 = DIRECTION('',(1.,0.,0.));
#15027 = ORIENTED_EDGE('',*,*,#15028,.F.);
#15028 = EDGE_CURVE('',#15029,#15021,#15031,.T.);
#15029 = VERTEX_POINT('',#15030);
#15030 = CARTESIAN_POINT('',(3.3,-0.8,2.1));
#15031 = LINE('',#15032,#15033);
#15032 = CARTESIAN_POINT('',(3.3,-0.8,2.1));
#15033 = VECTOR('',#15034,1.);
#15034 = DIRECTION('',(-0.,-0.,-1.));
#15035 = ORIENTED_EDGE('',*,*,#15036,.F.);
#15036 = EDGE_CURVE('',#14997,#15029,#15037,.T.);
#15037 = LINE('',#15038,#15039);
#15038 = CARTESIAN_POINT('',(2.86,-0.8,2.1));
#15039 = VECTOR('',#15040,1.);
#15040 = DIRECTION('',(1.,0.,0.));
#15041 = ORIENTED_EDGE('',*,*,#14996,.T.);
#15042 = PLANE('',#15043);
#15043 = AXIS2_PLACEMENT_3D('',#15044,#15045,#15046);
#15044 = CARTESIAN_POINT('',(2.86,-0.8,2.1));
#15045 = DIRECTION('',(0.,1.,0.));
#15046 = DIRECTION('',(0.,-0.,1.));
#15047 = ADVANCED_FACE('',(#15048),#15073,.F.);
#15048 = FACE_BOUND('',#15049,.T.);
#15049 = EDGE_LOOP('',(#15050,#15058,#15066,#15072));
#15050 = ORIENTED_EDGE('',*,*,#15051,.T.);
#15051 = EDGE_CURVE('',#15021,#15052,#15054,.T.);
#15052 = VERTEX_POINT('',#15053);
#15053 = CARTESIAN_POINT('',(3.3,-0.67,1.6));
#15054 = LINE('',#15055,#15056);
#15055 = CARTESIAN_POINT('',(3.3,-0.67,1.6));
#15056 = VECTOR('',#15057,1.);
#15057 = DIRECTION('',(-0.,1.,-0.));
#15058 = ORIENTED_EDGE('',*,*,#15059,.F.);
#15059 = EDGE_CURVE('',#15060,#15052,#15062,.T.);
#15060 = VERTEX_POINT('',#15061);
#15061 = CARTESIAN_POINT('',(3.3,-0.67,2.1));
#15062 = LINE('',#15063,#15064);
#15063 = CARTESIAN_POINT('',(3.3,-0.67,2.1));
#15064 = VECTOR('',#15065,1.);
#15065 = DIRECTION('',(-0.,-0.,-1.));
#15066 = ORIENTED_EDGE('',*,*,#15067,.F.);
#15067 = EDGE_CURVE('',#15029,#15060,#15068,.T.);
#15068 = LINE('',#15069,#15070);
#15069 = CARTESIAN_POINT('',(3.3,-0.67,2.1));
#15070 = VECTOR('',#15071,1.);
#15071 = DIRECTION('',(-0.,1.,-0.));
#15072 = ORIENTED_EDGE('',*,*,#15028,.T.);
#15073 = PLANE('',#15074);
#15074 = AXIS2_PLACEMENT_3D('',#15075,#15076,#15077);
#15075 = CARTESIAN_POINT('',(3.3,-0.67,2.1));
#15076 = DIRECTION('',(-1.,0.,0.));
#15077 = DIRECTION('',(0.,0.,1.));
#15078 = ADVANCED_FACE('',(#15079),#15104,.F.);
#15079 = FACE_BOUND('',#15080,.T.);
#15080 = EDGE_LOOP('',(#15081,#15089,#15097,#15103));
#15081 = ORIENTED_EDGE('',*,*,#15082,.T.);
#15082 = EDGE_CURVE('',#15052,#15083,#15085,.T.);
#15083 = VERTEX_POINT('',#15084);
#15084 = CARTESIAN_POINT('',(2.86,-0.67,1.6));
#15085 = LINE('',#15086,#15087);
#15086 = CARTESIAN_POINT('',(2.86,-0.67,1.6));
#15087 = VECTOR('',#15088,1.);
#15088 = DIRECTION('',(-1.,-2.464095846558E-16,-0.));
#15089 = ORIENTED_EDGE('',*,*,#15090,.F.);
#15090 = EDGE_CURVE('',#15091,#15083,#15093,.T.);
#15091 = VERTEX_POINT('',#15092);
#15092 = CARTESIAN_POINT('',(2.86,-0.67,2.1));
#15093 = LINE('',#15094,#15095);
#15094 = CARTESIAN_POINT('',(2.86,-0.67,2.1));
#15095 = VECTOR('',#15096,1.);
#15096 = DIRECTION('',(-0.,-0.,-1.));
#15097 = ORIENTED_EDGE('',*,*,#15098,.F.);
#15098 = EDGE_CURVE('',#15060,#15091,#15099,.T.);
#15099 = LINE('',#15100,#15101);
#15100 = CARTESIAN_POINT('',(2.86,-0.67,2.1));
#15101 = VECTOR('',#15102,1.);
#15102 = DIRECTION('',(-1.,-2.464095846558E-16,-0.));
#15103 = ORIENTED_EDGE('',*,*,#15059,.T.);
#15104 = PLANE('',#15105);
#15105 = AXIS2_PLACEMENT_3D('',#15106,#15107,#15108);
#15106 = CARTESIAN_POINT('',(2.86,-0.67,2.1));
#15107 = DIRECTION('',(2.464095846558E-16,-1.,0.));
#15108 = DIRECTION('',(1.,2.464095846558E-16,0.));
#15109 = ADVANCED_FACE('',(#15110),#15137,.F.);
#15110 = FACE_BOUND('',#15111,.F.);
#15111 = EDGE_LOOP('',(#15112,#15113,#15122,#15130));
#15112 = ORIENTED_EDGE('',*,*,#15090,.F.);
#15113 = ORIENTED_EDGE('',*,*,#15114,.T.);
#15114 = EDGE_CURVE('',#15091,#15115,#15117,.T.);
#15115 = VERTEX_POINT('',#15116);
#15116 = CARTESIAN_POINT('',(2.790521769385,-0.608530854038,2.1));
#15117 = CIRCLE('',#15118,7.E-02);
#15118 = AXIS2_PLACEMENT_3D('',#15119,#15120,#15121);
#15119 = CARTESIAN_POINT('',(2.86,-0.6,2.1));
#15120 = DIRECTION('',(0.,0.,-1.));
#15121 = DIRECTION('',(1.,0.,0.));
#15122 = ORIENTED_EDGE('',*,*,#15123,.T.);
#15123 = EDGE_CURVE('',#15115,#15124,#15126,.T.);
#15124 = VERTEX_POINT('',#15125);
#15125 = CARTESIAN_POINT('',(2.790521769385,-0.608530854038,1.6));
#15126 = LINE('',#15127,#15128);
#15127 = CARTESIAN_POINT('',(2.790521769385,-0.608530854038,2.1));
#15128 = VECTOR('',#15129,1.);
#15129 = DIRECTION('',(-0.,-0.,-1.));
#15130 = ORIENTED_EDGE('',*,*,#15131,.F.);
#15131 = EDGE_CURVE('',#15083,#15124,#15132,.T.);
#15132 = CIRCLE('',#15133,7.E-02);
#15133 = AXIS2_PLACEMENT_3D('',#15134,#15135,#15136);
#15134 = CARTESIAN_POINT('',(2.86,-0.6,1.6));
#15135 = DIRECTION('',(0.,0.,-1.));
#15136 = DIRECTION('',(1.,0.,0.));
#15137 = CYLINDRICAL_SURFACE('',#15138,7.E-02);
#15138 = AXIS2_PLACEMENT_3D('',#15139,#15140,#15141);
#15139 = CARTESIAN_POINT('',(2.86,-0.6,2.1));
#15140 = DIRECTION('',(-0.,-0.,-1.));
#15141 = DIRECTION('',(-1.,0.,0.));
#15142 = ADVANCED_FACE('',(#15143),#15168,.F.);
#15143 = FACE_BOUND('',#15144,.T.);
#15144 = EDGE_LOOP('',(#15145,#15153,#15161,#15167));
#15145 = ORIENTED_EDGE('',*,*,#15146,.T.);
#15146 = EDGE_CURVE('',#15124,#15147,#15149,.T.);
#15147 = VERTEX_POINT('',#15148);
#15148 = CARTESIAN_POINT('',(2.783337145063,-0.550016784602,1.6));
#15149 = LINE('',#15150,#15151);
#15150 = CARTESIAN_POINT('',(2.783337145063,-0.550016784602,1.6));
#15151 = VECTOR('',#15152,1.);
#15152 = DIRECTION('',(-0.121869343405,0.992546151641,-0.));
#15153 = ORIENTED_EDGE('',*,*,#15154,.F.);
#15154 = EDGE_CURVE('',#15155,#15147,#15157,.T.);
#15155 = VERTEX_POINT('',#15156);
#15156 = CARTESIAN_POINT('',(2.783337145063,-0.550016784602,2.1));
#15157 = LINE('',#15158,#15159);
#15158 = CARTESIAN_POINT('',(2.783337145063,-0.550016784602,2.1));
#15159 = VECTOR('',#15160,1.);
#15160 = DIRECTION('',(-0.,-0.,-1.));
#15161 = ORIENTED_EDGE('',*,*,#15162,.F.);
#15162 = EDGE_CURVE('',#15115,#15155,#15163,.T.);
#15163 = LINE('',#15164,#15165);
#15164 = CARTESIAN_POINT('',(2.783337145063,-0.550016784602,2.1));
#15165 = VECTOR('',#15166,1.);
#15166 = DIRECTION('',(-0.121869343405,0.992546151641,-0.));
#15167 = ORIENTED_EDGE('',*,*,#15123,.T.);
#15168 = PLANE('',#15169);
#15169 = AXIS2_PLACEMENT_3D('',#15170,#15171,#15172);
#15170 = CARTESIAN_POINT('',(2.783337145063,-0.550016784602,2.1));
#15171 = DIRECTION('',(-0.992546151641,-0.121869343405,0.));
#15172 = DIRECTION('',(0.121869343405,-0.992546151641,0.));
#15173 = ADVANCED_FACE('',(#15174),#15201,.T.);
#15174 = FACE_BOUND('',#15175,.T.);
#15175 = EDGE_LOOP('',(#15176,#15185,#15193,#15200));
#15176 = ORIENTED_EDGE('',*,*,#15177,.T.);
#15177 = EDGE_CURVE('',#15147,#15178,#15180,.T.);
#15178 = VERTEX_POINT('',#15179);
#15179 = CARTESIAN_POINT('',(2.579865183976,-0.37,1.6));
#15180 = CIRCLE('',#15181,0.205);
#15181 = AXIS2_PLACEMENT_3D('',#15182,#15183,#15184);
#15182 = CARTESIAN_POINT('',(2.579865183976,-0.575,1.6));
#15183 = DIRECTION('',(0.,0.,1.));
#15184 = DIRECTION('',(-1.,0.,0.));
#15185 = ORIENTED_EDGE('',*,*,#15186,.F.);
#15186 = EDGE_CURVE('',#15187,#15178,#15189,.T.);
#15187 = VERTEX_POINT('',#15188);
#15188 = CARTESIAN_POINT('',(2.579865183976,-0.37,2.1));
#15189 = LINE('',#15190,#15191);
#15190 = CARTESIAN_POINT('',(2.579865183976,-0.37,2.1));
#15191 = VECTOR('',#15192,1.);
#15192 = DIRECTION('',(-0.,-0.,-1.));
#15193 = ORIENTED_EDGE('',*,*,#15194,.F.);
#15194 = EDGE_CURVE('',#15155,#15187,#15195,.T.);
#15195 = CIRCLE('',#15196,0.205);
#15196 = AXIS2_PLACEMENT_3D('',#15197,#15198,#15199);
#15197 = CARTESIAN_POINT('',(2.579865183976,-0.575,2.1));
#15198 = DIRECTION('',(0.,0.,1.));
#15199 = DIRECTION('',(-1.,0.,0.));
#15200 = ORIENTED_EDGE('',*,*,#15154,.T.);
#15201 = CYLINDRICAL_SURFACE('',#15202,0.205);
#15202 = AXIS2_PLACEMENT_3D('',#15203,#15204,#15205);
#15203 = CARTESIAN_POINT('',(2.579865183976,-0.575,2.1));
#15204 = DIRECTION('',(-0.,-0.,-1.));
#15205 = DIRECTION('',(-1.,0.,0.));
#15206 = ADVANCED_FACE('',(#15207),#15223,.F.);
#15207 = FACE_BOUND('',#15208,.T.);
#15208 = EDGE_LOOP('',(#15209,#15215,#15216,#15222));
#15209 = ORIENTED_EDGE('',*,*,#15210,.T.);
#15210 = EDGE_CURVE('',#15178,#14853,#15211,.T.);
#15211 = LINE('',#15212,#15213);
#15212 = CARTESIAN_POINT('',(1.7,-0.37,1.6));
#15213 = VECTOR('',#15214,1.);
#15214 = DIRECTION('',(-1.,-0.,-0.));
#15215 = ORIENTED_EDGE('',*,*,#14878,.F.);
#15216 = ORIENTED_EDGE('',*,*,#15217,.F.);
#15217 = EDGE_CURVE('',#15187,#14871,#15218,.T.);
#15218 = LINE('',#15219,#15220);
#15219 = CARTESIAN_POINT('',(1.7,-0.37,2.1));
#15220 = VECTOR('',#15221,1.);
#15221 = DIRECTION('',(-1.,-0.,-0.));
#15222 = ORIENTED_EDGE('',*,*,#15186,.T.);
#15223 = PLANE('',#15224);
#15224 = AXIS2_PLACEMENT_3D('',#15225,#15226,#15227);
#15225 = CARTESIAN_POINT('',(1.7,-0.37,2.1));
#15226 = DIRECTION('',(0.,-1.,0.));
#15227 = DIRECTION('',(0.,-0.,-1.));
#15228 = ADVANCED_FACE('',(#15229),#15243,.F.);
#15229 = FACE_BOUND('',#15230,.T.);
#15230 = EDGE_LOOP('',(#15231,#15232,#15233,#15234,#15235,#15236,#15237,
    #15238,#15239,#15240,#15241,#15242));
#15231 = ORIENTED_EDGE('',*,*,#14870,.T.);
#15232 = ORIENTED_EDGE('',*,*,#14908,.T.);
#15233 = ORIENTED_EDGE('',*,*,#14924,.T.);
#15234 = ORIENTED_EDGE('',*,*,#14972,.T.);
#15235 = ORIENTED_EDGE('',*,*,#15004,.T.);
#15236 = ORIENTED_EDGE('',*,*,#15036,.T.);
#15237 = ORIENTED_EDGE('',*,*,#15067,.T.);
#15238 = ORIENTED_EDGE('',*,*,#15098,.T.);
#15239 = ORIENTED_EDGE('',*,*,#15114,.T.);
#15240 = ORIENTED_EDGE('',*,*,#15162,.T.);
#15241 = ORIENTED_EDGE('',*,*,#15194,.T.);
#15242 = ORIENTED_EDGE('',*,*,#15217,.T.);
#15243 = PLANE('',#15244);
#15244 = AXIS2_PLACEMENT_3D('',#15245,#15246,#15247);
#15245 = CARTESIAN_POINT('',(2.579865183976,-0.575,2.1));
#15246 = DIRECTION('',(-0.,0.,-1.));
#15247 = DIRECTION('',(-1.,0.,0.));
#15248 = ADVANCED_FACE('',(#15249),#15263,.T.);
#15249 = FACE_BOUND('',#15250,.T.);
#15250 = EDGE_LOOP('',(#15251,#15252,#15253,#15254,#15255,#15256,#15257,
    #15258,#15259,#15260,#15261,#15262));
#15251 = ORIENTED_EDGE('',*,*,#14852,.F.);
#15252 = ORIENTED_EDGE('',*,*,#15210,.F.);
#15253 = ORIENTED_EDGE('',*,*,#15177,.F.);
#15254 = ORIENTED_EDGE('',*,*,#15146,.F.);
#15255 = ORIENTED_EDGE('',*,*,#15131,.F.);
#15256 = ORIENTED_EDGE('',*,*,#15082,.F.);
#15257 = ORIENTED_EDGE('',*,*,#15051,.F.);
#15258 = ORIENTED_EDGE('',*,*,#15020,.F.);
#15259 = ORIENTED_EDGE('',*,*,#14987,.F.);
#15260 = ORIENTED_EDGE('',*,*,#14956,.F.);
#15261 = ORIENTED_EDGE('',*,*,#14941,.F.);
#15262 = ORIENTED_EDGE('',*,*,#14892,.F.);
#15263 = PLANE('',#15264);
#15264 = AXIS2_PLACEMENT_3D('',#15265,#15266,#15267);
#15265 = CARTESIAN_POINT('',(2.579865183976,-0.575,1.6));
#15266 = DIRECTION('',(-0.,0.,-1.));
#15267 = DIRECTION('',(-1.,0.,0.));
#15268 = MANIFOLD_SOLID_BREP('',#15269);
#15269 = CLOSED_SHELL('',(#15270,#15344,#15375,#15440,#15471,#15536,
    #15567,#15632,#15654,#15670,#15686,#15709,#15732,#15749,#15761,
    #15784,#15807,#15824,#15836,#15859,#15882,#15899,#15911,#15934,
    #15957,#15974));
#15270 = ADVANCED_FACE('',(#15271,#15305),#15339,.F.);
#15271 = FACE_BOUND('',#15272,.T.);
#15272 = EDGE_LOOP('',(#15273,#15283,#15291,#15299));
#15273 = ORIENTED_EDGE('',*,*,#15274,.T.);
#15274 = EDGE_CURVE('',#15275,#15277,#15279,.T.);
#15275 = VERTEX_POINT('',#15276);
#15276 = CARTESIAN_POINT('',(1.7,-0.37,2.1));
#15277 = VERTEX_POINT('',#15278);
#15278 = CARTESIAN_POINT('',(2.2,-0.37,1.6));
#15279 = LINE('',#15280,#15281);
#15280 = CARTESIAN_POINT('',(1.45,-0.37,2.35));
#15281 = VECTOR('',#15282,1.);
#15282 = DIRECTION('',(0.707106781187,0.,-0.707106781187));
#15283 = ORIENTED_EDGE('',*,*,#15284,.T.);
#15284 = EDGE_CURVE('',#15277,#15285,#15287,.T.);
#15285 = VERTEX_POINT('',#15286);
#15286 = CARTESIAN_POINT('',(2.2,-0.5,1.6));
#15287 = LINE('',#15288,#15289);
#15288 = CARTESIAN_POINT('',(2.2,-0.75,1.6));
#15289 = VECTOR('',#15290,1.);
#15290 = DIRECTION('',(0.,-1.,0.));
#15291 = ORIENTED_EDGE('',*,*,#15292,.T.);
#15292 = EDGE_CURVE('',#15285,#15293,#15295,.T.);
#15293 = VERTEX_POINT('',#15294);
#15294 = CARTESIAN_POINT('',(1.7,-0.5,2.1));
#15295 = LINE('',#15296,#15297);
#15296 = CARTESIAN_POINT('',(1.45,-0.5,2.35));
#15297 = VECTOR('',#15298,1.);
#15298 = DIRECTION('',(-0.707106781187,8.713229279935E-17,0.707106781187
    ));
#15299 = ORIENTED_EDGE('',*,*,#15300,.F.);
#15300 = EDGE_CURVE('',#15275,#15293,#15301,.T.);
#15301 = LINE('',#15302,#15303);
#15302 = CARTESIAN_POINT('',(1.7,-0.37,2.1));
#15303 = VECTOR('',#15304,1.);
#15304 = DIRECTION('',(0.,-1.,0.));
#15305 = FACE_BOUND('',#15306,.T.);
#15306 = EDGE_LOOP('',(#15307,#15317,#15325,#15333));
#15307 = ORIENTED_EDGE('',*,*,#15308,.T.);
#15308 = EDGE_CURVE('',#15309,#15311,#15313,.T.);
#15309 = VERTEX_POINT('',#15310);
#15310 = CARTESIAN_POINT('',(2.35,-0.15,1.45));
#15311 = VERTEX_POINT('',#15312);
#15312 = CARTESIAN_POINT('',(1.45,-0.15,2.35));
#15313 = LINE('',#15314,#15315);
#15314 = CARTESIAN_POINT('',(1.45,-0.15,2.35));
#15315 = VECTOR('',#15316,1.);
#15316 = DIRECTION('',(-0.707106781187,-0.,0.707106781187));
#15317 = ORIENTED_EDGE('',*,*,#15318,.F.);
#15318 = EDGE_CURVE('',#15319,#15311,#15321,.T.);
#15319 = VERTEX_POINT('',#15320);
#15320 = CARTESIAN_POINT('',(1.45,-0.75,2.35));
#15321 = LINE('',#15322,#15323);
#15322 = CARTESIAN_POINT('',(1.45,-0.75,2.35));
#15323 = VECTOR('',#15324,1.);
#15324 = DIRECTION('',(-0.,1.,-0.));
#15325 = ORIENTED_EDGE('',*,*,#15326,.F.);
#15326 = EDGE_CURVE('',#15327,#15319,#15329,.T.);
#15327 = VERTEX_POINT('',#15328);
#15328 = CARTESIAN_POINT('',(2.35,-0.75,1.45));
#15329 = LINE('',#15330,#15331);
#15330 = CARTESIAN_POINT('',(1.45,-0.75,2.35));
#15331 = VECTOR('',#15332,1.);
#15332 = DIRECTION('',(-0.707106781187,-0.,0.707106781187));
#15333 = ORIENTED_EDGE('',*,*,#15334,.T.);
#15334 = EDGE_CURVE('',#15327,#15309,#15335,.T.);
#15335 = LINE('',#15336,#15337);
#15336 = CARTESIAN_POINT('',(2.35,-0.75,1.45));
#15337 = VECTOR('',#15338,1.);
#15338 = DIRECTION('',(-0.,1.,-0.));
#15339 = PLANE('',#15340);
#15340 = AXIS2_PLACEMENT_3D('',#15341,#15342,#15343);
#15341 = CARTESIAN_POINT('',(1.45,-0.75,2.35));
#15342 = DIRECTION('',(-0.707106781187,0.,-0.707106781187));
#15343 = DIRECTION('',(-0.707106781187,0.,0.707106781187));
#15344 = ADVANCED_FACE('',(#15345),#15370,.F.);
#15345 = FACE_BOUND('',#15346,.T.);
#15346 = EDGE_LOOP('',(#15347,#15355,#15363,#15369));
#15347 = ORIENTED_EDGE('',*,*,#15348,.T.);
#15348 = EDGE_CURVE('',#15311,#15349,#15351,.T.);
#15349 = VERTEX_POINT('',#15350);
#15350 = CARTESIAN_POINT('',(-1.45,-0.15,2.35));
#15351 = LINE('',#15352,#15353);
#15352 = CARTESIAN_POINT('',(-1.45,-0.15,2.35));
#15353 = VECTOR('',#15354,1.);
#15354 = DIRECTION('',(-1.,-0.,-0.));
#15355 = ORIENTED_EDGE('',*,*,#15356,.F.);
#15356 = EDGE_CURVE('',#15357,#15349,#15359,.T.);
#15357 = VERTEX_POINT('',#15358);
#15358 = CARTESIAN_POINT('',(-1.45,-0.75,2.35));
#15359 = LINE('',#15360,#15361);
#15360 = CARTESIAN_POINT('',(-1.45,-0.75,2.35));
#15361 = VECTOR('',#15362,1.);
#15362 = DIRECTION('',(-0.,1.,-0.));
#15363 = ORIENTED_EDGE('',*,*,#15364,.F.);
#15364 = EDGE_CURVE('',#15319,#15357,#15365,.T.);
#15365 = LINE('',#15366,#15367);
#15366 = CARTESIAN_POINT('',(-1.45,-0.75,2.35));
#15367 = VECTOR('',#15368,1.);
#15368 = DIRECTION('',(-1.,-0.,-0.));
#15369 = ORIENTED_EDGE('',*,*,#15318,.T.);
#15370 = PLANE('',#15371);
#15371 = AXIS2_PLACEMENT_3D('',#15372,#15373,#15374);
#15372 = CARTESIAN_POINT('',(-1.45,-0.75,2.35));
#15373 = DIRECTION('',(0.,0.,-1.));
#15374 = DIRECTION('',(-1.,0.,-0.));
#15375 = ADVANCED_FACE('',(#15376,#15410),#15435,.F.);
#15376 = FACE_BOUND('',#15377,.T.);
#15377 = EDGE_LOOP('',(#15378,#15388,#15396,#15404));
#15378 = ORIENTED_EDGE('',*,*,#15379,.F.);
#15379 = EDGE_CURVE('',#15380,#15382,#15384,.T.);
#15380 = VERTEX_POINT('',#15381);
#15381 = CARTESIAN_POINT('',(-2.2,-0.5,1.6));
#15382 = VERTEX_POINT('',#15383);
#15383 = CARTESIAN_POINT('',(-1.7,-0.5,2.1));
#15384 = LINE('',#15385,#15386);
#15385 = CARTESIAN_POINT('',(-2.35,-0.5,1.45));
#15386 = VECTOR('',#15387,1.);
#15387 = DIRECTION('',(0.707106781187,8.713229279935E-17,0.707106781187)
  );
#15388 = ORIENTED_EDGE('',*,*,#15389,.T.);
#15389 = EDGE_CURVE('',#15380,#15390,#15392,.T.);
#15390 = VERTEX_POINT('',#15391);
#15391 = CARTESIAN_POINT('',(-2.2,-0.37,1.6));
#15392 = LINE('',#15393,#15394);
#15393 = CARTESIAN_POINT('',(-2.2,-0.75,1.6));
#15394 = VECTOR('',#15395,1.);
#15395 = DIRECTION('',(0.,1.,0.));
#15396 = ORIENTED_EDGE('',*,*,#15397,.F.);
#15397 = EDGE_CURVE('',#15398,#15390,#15400,.T.);
#15398 = VERTEX_POINT('',#15399);
#15399 = CARTESIAN_POINT('',(-1.7,-0.37,2.1));
#15400 = LINE('',#15401,#15402);
#15401 = CARTESIAN_POINT('',(-2.35,-0.37,1.45));
#15402 = VECTOR('',#15403,1.);
#15403 = DIRECTION('',(-0.707106781187,0.,-0.707106781187));
#15404 = ORIENTED_EDGE('',*,*,#15405,.T.);
#15405 = EDGE_CURVE('',#15398,#15382,#15406,.T.);
#15406 = LINE('',#15407,#15408);
#15407 = CARTESIAN_POINT('',(-1.7,-0.37,2.1));
#15408 = VECTOR('',#15409,1.);
#15409 = DIRECTION('',(0.,-1.,0.));
#15410 = FACE_BOUND('',#15411,.T.);
#15411 = EDGE_LOOP('',(#15412,#15420,#15428,#15434));
#15412 = ORIENTED_EDGE('',*,*,#15413,.T.);
#15413 = EDGE_CURVE('',#15349,#15414,#15416,.T.);
#15414 = VERTEX_POINT('',#15415);
#15415 = CARTESIAN_POINT('',(-2.35,-0.15,1.45));
#15416 = LINE('',#15417,#15418);
#15417 = CARTESIAN_POINT('',(-2.35,-0.15,1.45));
#15418 = VECTOR('',#15419,1.);
#15419 = DIRECTION('',(-0.707106781187,-0.,-0.707106781187));
#15420 = ORIENTED_EDGE('',*,*,#15421,.F.);
#15421 = EDGE_CURVE('',#15422,#15414,#15424,.T.);
#15422 = VERTEX_POINT('',#15423);
#15423 = CARTESIAN_POINT('',(-2.35,-0.75,1.45));
#15424 = LINE('',#15425,#15426);
#15425 = CARTESIAN_POINT('',(-2.35,-0.75,1.45));
#15426 = VECTOR('',#15427,1.);
#15427 = DIRECTION('',(-0.,1.,-0.));
#15428 = ORIENTED_EDGE('',*,*,#15429,.F.);
#15429 = EDGE_CURVE('',#15357,#15422,#15430,.T.);
#15430 = LINE('',#15431,#15432);
#15431 = CARTESIAN_POINT('',(-2.35,-0.75,1.45));
#15432 = VECTOR('',#15433,1.);
#15433 = DIRECTION('',(-0.707106781187,-0.,-0.707106781187));
#15434 = ORIENTED_EDGE('',*,*,#15356,.T.);
#15435 = PLANE('',#15436);
#15436 = AXIS2_PLACEMENT_3D('',#15437,#15438,#15439);
#15437 = CARTESIAN_POINT('',(-2.35,-0.75,1.45));
#15438 = DIRECTION('',(0.707106781187,0.,-0.707106781187));
#15439 = DIRECTION('',(-0.707106781187,0.,-0.707106781187));
#15440 = ADVANCED_FACE('',(#15441),#15466,.F.);
#15441 = FACE_BOUND('',#15442,.T.);
#15442 = EDGE_LOOP('',(#15443,#15451,#15459,#15465));
#15443 = ORIENTED_EDGE('',*,*,#15444,.T.);
#15444 = EDGE_CURVE('',#15414,#15445,#15447,.T.);
#15445 = VERTEX_POINT('',#15446);
#15446 = CARTESIAN_POINT('',(-2.35,-0.15,-1.45));
#15447 = LINE('',#15448,#15449);
#15448 = CARTESIAN_POINT('',(-2.35,-0.15,-1.45));
#15449 = VECTOR('',#15450,1.);
#15450 = DIRECTION('',(-0.,-0.,-1.));
#15451 = ORIENTED_EDGE('',*,*,#15452,.F.);
#15452 = EDGE_CURVE('',#15453,#15445,#15455,.T.);
#15453 = VERTEX_POINT('',#15454);
#15454 = CARTESIAN_POINT('',(-2.35,-0.75,-1.45));
#15455 = LINE('',#15456,#15457);
#15456 = CARTESIAN_POINT('',(-2.35,-0.75,-1.45));
#15457 = VECTOR('',#15458,1.);
#15458 = DIRECTION('',(-0.,1.,-0.));
#15459 = ORIENTED_EDGE('',*,*,#15460,.F.);
#15460 = EDGE_CURVE('',#15422,#15453,#15461,.T.);
#15461 = LINE('',#15462,#15463);
#15462 = CARTESIAN_POINT('',(-2.35,-0.75,-1.45));
#15463 = VECTOR('',#15464,1.);
#15464 = DIRECTION('',(-0.,-0.,-1.));
#15465 = ORIENTED_EDGE('',*,*,#15421,.T.);
#15466 = PLANE('',#15467);
#15467 = AXIS2_PLACEMENT_3D('',#15468,#15469,#15470);
#15468 = CARTESIAN_POINT('',(-2.35,-0.75,-1.45));
#15469 = DIRECTION('',(1.,0.,-0.));
#15470 = DIRECTION('',(-0.,0.,-1.));
#15471 = ADVANCED_FACE('',(#15472,#15506),#15531,.F.);
#15472 = FACE_BOUND('',#15473,.T.);
#15473 = EDGE_LOOP('',(#15474,#15484,#15492,#15500));
#15474 = ORIENTED_EDGE('',*,*,#15475,.T.);
#15475 = EDGE_CURVE('',#15476,#15478,#15480,.T.);
#15476 = VERTEX_POINT('',#15477);
#15477 = CARTESIAN_POINT('',(-1.7,-0.37,-2.1));
#15478 = VERTEX_POINT('',#15479);
#15479 = CARTESIAN_POINT('',(-2.2,-0.37,-1.6));
#15480 = LINE('',#15481,#15482);
#15481 = CARTESIAN_POINT('',(-2.35,-0.37,-1.45));
#15482 = VECTOR('',#15483,1.);
#15483 = DIRECTION('',(-0.707106781187,0.,0.707106781187));
#15484 = ORIENTED_EDGE('',*,*,#15485,.T.);
#15485 = EDGE_CURVE('',#15478,#15486,#15488,.T.);
#15486 = VERTEX_POINT('',#15487);
#15487 = CARTESIAN_POINT('',(-2.2,-0.5,-1.6));
#15488 = LINE('',#15489,#15490);
#15489 = CARTESIAN_POINT('',(-2.2,-0.75,-1.6));
#15490 = VECTOR('',#15491,1.);
#15491 = DIRECTION('',(0.,-1.,-0.));
#15492 = ORIENTED_EDGE('',*,*,#15493,.T.);
#15493 = EDGE_CURVE('',#15486,#15494,#15496,.T.);
#15494 = VERTEX_POINT('',#15495);
#15495 = CARTESIAN_POINT('',(-1.7,-0.5,-2.1));
#15496 = LINE('',#15497,#15498);
#15497 = CARTESIAN_POINT('',(-2.35,-0.5,-1.45));
#15498 = VECTOR('',#15499,1.);
#15499 = DIRECTION('',(0.707106781187,8.713229279935E-17,-0.707106781187
    ));
#15500 = ORIENTED_EDGE('',*,*,#15501,.F.);
#15501 = EDGE_CURVE('',#15476,#15494,#15502,.T.);
#15502 = LINE('',#15503,#15504);
#15503 = CARTESIAN_POINT('',(-1.7,-0.37,-2.1));
#15504 = VECTOR('',#15505,1.);
#15505 = DIRECTION('',(0.,-1.,0.));
#15506 = FACE_BOUND('',#15507,.T.);
#15507 = EDGE_LOOP('',(#15508,#15516,#15524,#15530));
#15508 = ORIENTED_EDGE('',*,*,#15509,.T.);
#15509 = EDGE_CURVE('',#15445,#15510,#15512,.T.);
#15510 = VERTEX_POINT('',#15511);
#15511 = CARTESIAN_POINT('',(-1.45,-0.15,-2.35));
#15512 = LINE('',#15513,#15514);
#15513 = CARTESIAN_POINT('',(-2.35,-0.15,-1.45));
#15514 = VECTOR('',#15515,1.);
#15515 = DIRECTION('',(0.707106781187,0.,-0.707106781187));
#15516 = ORIENTED_EDGE('',*,*,#15517,.F.);
#15517 = EDGE_CURVE('',#15518,#15510,#15520,.T.);
#15518 = VERTEX_POINT('',#15519);
#15519 = CARTESIAN_POINT('',(-1.45,-0.75,-2.35));
#15520 = LINE('',#15521,#15522);
#15521 = CARTESIAN_POINT('',(-1.45,-0.75,-2.35));
#15522 = VECTOR('',#15523,1.);
#15523 = DIRECTION('',(-0.,1.,-0.));
#15524 = ORIENTED_EDGE('',*,*,#15525,.F.);
#15525 = EDGE_CURVE('',#15453,#15518,#15526,.T.);
#15526 = LINE('',#15527,#15528);
#15527 = CARTESIAN_POINT('',(-2.35,-0.75,-1.45));
#15528 = VECTOR('',#15529,1.);
#15529 = DIRECTION('',(0.707106781187,0.,-0.707106781187));
#15530 = ORIENTED_EDGE('',*,*,#15452,.T.);
#15531 = PLANE('',#15532);
#15532 = AXIS2_PLACEMENT_3D('',#15533,#15534,#15535);
#15533 = CARTESIAN_POINT('',(-2.35,-0.75,-1.45));
#15534 = DIRECTION('',(0.707106781187,0.,0.707106781187));
#15535 = DIRECTION('',(0.707106781187,0.,-0.707106781187));
#15536 = ADVANCED_FACE('',(#15537),#15562,.F.);
#15537 = FACE_BOUND('',#15538,.T.);
#15538 = EDGE_LOOP('',(#15539,#15547,#15555,#15561));
#15539 = ORIENTED_EDGE('',*,*,#15540,.T.);
#15540 = EDGE_CURVE('',#15510,#15541,#15543,.T.);
#15541 = VERTEX_POINT('',#15542);
#15542 = CARTESIAN_POINT('',(1.45,-0.15,-2.35));
#15543 = LINE('',#15544,#15545);
#15544 = CARTESIAN_POINT('',(-1.45,-0.15,-2.35));
#15545 = VECTOR('',#15546,1.);
#15546 = DIRECTION('',(1.,0.,0.));
#15547 = ORIENTED_EDGE('',*,*,#15548,.F.);
#15548 = EDGE_CURVE('',#15549,#15541,#15551,.T.);
#15549 = VERTEX_POINT('',#15550);
#15550 = CARTESIAN_POINT('',(1.45,-0.75,-2.35));
#15551 = LINE('',#15552,#15553);
#15552 = CARTESIAN_POINT('',(1.45,-0.75,-2.35));
#15553 = VECTOR('',#15554,1.);
#15554 = DIRECTION('',(-0.,1.,-0.));
#15555 = ORIENTED_EDGE('',*,*,#15556,.F.);
#15556 = EDGE_CURVE('',#15518,#15549,#15557,.T.);
#15557 = LINE('',#15558,#15559);
#15558 = CARTESIAN_POINT('',(-1.45,-0.75,-2.35));
#15559 = VECTOR('',#15560,1.);
#15560 = DIRECTION('',(1.,0.,0.));
#15561 = ORIENTED_EDGE('',*,*,#15517,.T.);
#15562 = PLANE('',#15563);
#15563 = AXIS2_PLACEMENT_3D('',#15564,#15565,#15566);
#15564 = CARTESIAN_POINT('',(-1.45,-0.75,-2.35));
#15565 = DIRECTION('',(-0.,0.,1.));
#15566 = DIRECTION('',(1.,0.,0.));
#15567 = ADVANCED_FACE('',(#15568,#15602),#15627,.F.);
#15568 = FACE_BOUND('',#15569,.T.);
#15569 = EDGE_LOOP('',(#15570,#15580,#15588,#15596));
#15570 = ORIENTED_EDGE('',*,*,#15571,.F.);
#15571 = EDGE_CURVE('',#15572,#15574,#15576,.T.);
#15572 = VERTEX_POINT('',#15573);
#15573 = CARTESIAN_POINT('',(2.2,-0.5,-1.6));
#15574 = VERTEX_POINT('',#15575);
#15575 = CARTESIAN_POINT('',(1.7,-0.5,-2.1));
#15576 = LINE('',#15577,#15578);
#15577 = CARTESIAN_POINT('',(1.45,-0.5,-2.35));
#15578 = VECTOR('',#15579,1.);
#15579 = DIRECTION('',(-0.707106781187,8.713229279935E-17,
    -0.707106781187));
#15580 = ORIENTED_EDGE('',*,*,#15581,.T.);
#15581 = EDGE_CURVE('',#15572,#15582,#15584,.T.);
#15582 = VERTEX_POINT('',#15583);
#15583 = CARTESIAN_POINT('',(2.2,-0.37,-1.6));
#15584 = LINE('',#15585,#15586);
#15585 = CARTESIAN_POINT('',(2.2,-0.75,-1.6));
#15586 = VECTOR('',#15587,1.);
#15587 = DIRECTION('',(0.,1.,0.));
#15588 = ORIENTED_EDGE('',*,*,#15589,.F.);
#15589 = EDGE_CURVE('',#15590,#15582,#15592,.T.);
#15590 = VERTEX_POINT('',#15591);
#15591 = CARTESIAN_POINT('',(1.7,-0.37,-2.1));
#15592 = LINE('',#15593,#15594);
#15593 = CARTESIAN_POINT('',(1.45,-0.37,-2.35));
#15594 = VECTOR('',#15595,1.);
#15595 = DIRECTION('',(0.707106781187,0.,0.707106781187));
#15596 = ORIENTED_EDGE('',*,*,#15597,.T.);
#15597 = EDGE_CURVE('',#15590,#15574,#15598,.T.);
#15598 = LINE('',#15599,#15600);
#15599 = CARTESIAN_POINT('',(1.7,-0.37,-2.1));
#15600 = VECTOR('',#15601,1.);
#15601 = DIRECTION('',(0.,-1.,0.));
#15602 = FACE_BOUND('',#15603,.T.);
#15603 = EDGE_LOOP('',(#15604,#15612,#15620,#15626));
#15604 = ORIENTED_EDGE('',*,*,#15605,.T.);
#15605 = EDGE_CURVE('',#15541,#15606,#15608,.T.);
#15606 = VERTEX_POINT('',#15607);
#15607 = CARTESIAN_POINT('',(2.35,-0.15,-1.45));
#15608 = LINE('',#15609,#15610);
#15609 = CARTESIAN_POINT('',(1.45,-0.15,-2.35));
#15610 = VECTOR('',#15611,1.);
#15611 = DIRECTION('',(0.707106781187,0.,0.707106781187));
#15612 = ORIENTED_EDGE('',*,*,#15613,.F.);
#15613 = EDGE_CURVE('',#15614,#15606,#15616,.T.);
#15614 = VERTEX_POINT('',#15615);
#15615 = CARTESIAN_POINT('',(2.35,-0.75,-1.45));
#15616 = LINE('',#15617,#15618);
#15617 = CARTESIAN_POINT('',(2.35,-0.75,-1.45));
#15618 = VECTOR('',#15619,1.);
#15619 = DIRECTION('',(-0.,1.,-0.));
#15620 = ORIENTED_EDGE('',*,*,#15621,.F.);
#15621 = EDGE_CURVE('',#15549,#15614,#15622,.T.);
#15622 = LINE('',#15623,#15624);
#15623 = CARTESIAN_POINT('',(1.45,-0.75,-2.35));
#15624 = VECTOR('',#15625,1.);
#15625 = DIRECTION('',(0.707106781187,0.,0.707106781187));
#15626 = ORIENTED_EDGE('',*,*,#15548,.T.);
#15627 = PLANE('',#15628);
#15628 = AXIS2_PLACEMENT_3D('',#15629,#15630,#15631);
#15629 = CARTESIAN_POINT('',(1.45,-0.75,-2.35));
#15630 = DIRECTION('',(-0.707106781187,0.,0.707106781187));
#15631 = DIRECTION('',(0.707106781187,0.,0.707106781187));
#15632 = ADVANCED_FACE('',(#15633),#15649,.F.);
#15633 = FACE_BOUND('',#15634,.T.);
#15634 = EDGE_LOOP('',(#15635,#15641,#15642,#15648));
#15635 = ORIENTED_EDGE('',*,*,#15636,.T.);
#15636 = EDGE_CURVE('',#15606,#15309,#15637,.T.);
#15637 = LINE('',#15638,#15639);
#15638 = CARTESIAN_POINT('',(2.35,-0.15,-1.45));
#15639 = VECTOR('',#15640,1.);
#15640 = DIRECTION('',(0.,0.,1.));
#15641 = ORIENTED_EDGE('',*,*,#15334,.F.);
#15642 = ORIENTED_EDGE('',*,*,#15643,.F.);
#15643 = EDGE_CURVE('',#15614,#15327,#15644,.T.);
#15644 = LINE('',#15645,#15646);
#15645 = CARTESIAN_POINT('',(2.35,-0.75,-1.45));
#15646 = VECTOR('',#15647,1.);
#15647 = DIRECTION('',(0.,0.,1.));
#15648 = ORIENTED_EDGE('',*,*,#15613,.T.);
#15649 = PLANE('',#15650);
#15650 = AXIS2_PLACEMENT_3D('',#15651,#15652,#15653);
#15651 = CARTESIAN_POINT('',(2.35,-0.75,-1.45));
#15652 = DIRECTION('',(-1.,0.,0.));
#15653 = DIRECTION('',(0.,0.,1.));
#15654 = ADVANCED_FACE('',(#15655),#15665,.T.);
#15655 = FACE_BOUND('',#15656,.T.);
#15656 = EDGE_LOOP('',(#15657,#15658,#15659,#15660,#15661,#15662,#15663,
    #15664));
#15657 = ORIENTED_EDGE('',*,*,#15326,.T.);
#15658 = ORIENTED_EDGE('',*,*,#15364,.T.);
#15659 = ORIENTED_EDGE('',*,*,#15429,.T.);
#15660 = ORIENTED_EDGE('',*,*,#15460,.T.);
#15661 = ORIENTED_EDGE('',*,*,#15525,.T.);
#15662 = ORIENTED_EDGE('',*,*,#15556,.T.);
#15663 = ORIENTED_EDGE('',*,*,#15621,.T.);
#15664 = ORIENTED_EDGE('',*,*,#15643,.T.);
#15665 = PLANE('',#15666);
#15666 = AXIS2_PLACEMENT_3D('',#15667,#15668,#15669);
#15667 = CARTESIAN_POINT('',(0.,-0.75,0.));
#15668 = DIRECTION('',(0.,-1.,0.));
#15669 = DIRECTION('',(0.,-0.,-1.));
#15670 = ADVANCED_FACE('',(#15671),#15681,.F.);
#15671 = FACE_BOUND('',#15672,.T.);
#15672 = EDGE_LOOP('',(#15673,#15674,#15675,#15676,#15677,#15678,#15679,
    #15680));
#15673 = ORIENTED_EDGE('',*,*,#15308,.F.);
#15674 = ORIENTED_EDGE('',*,*,#15636,.F.);
#15675 = ORIENTED_EDGE('',*,*,#15605,.F.);
#15676 = ORIENTED_EDGE('',*,*,#15540,.F.);
#15677 = ORIENTED_EDGE('',*,*,#15509,.F.);
#15678 = ORIENTED_EDGE('',*,*,#15444,.F.);
#15679 = ORIENTED_EDGE('',*,*,#15413,.F.);
#15680 = ORIENTED_EDGE('',*,*,#15348,.F.);
#15681 = PLANE('',#15682);
#15682 = AXIS2_PLACEMENT_3D('',#15683,#15684,#15685);
#15683 = CARTESIAN_POINT('',(0.,-0.15,0.));
#15684 = DIRECTION('',(0.,-1.,0.));
#15685 = DIRECTION('',(0.,-0.,-1.));
#15686 = ADVANCED_FACE('',(#15687),#15704,.F.);
#15687 = FACE_BOUND('',#15688,.T.);
#15688 = EDGE_LOOP('',(#15689,#15697,#15703));
#15689 = ORIENTED_EDGE('',*,*,#15690,.F.);
#15690 = EDGE_CURVE('',#15691,#15275,#15693,.T.);
#15691 = VERTEX_POINT('',#15692);
#15692 = CARTESIAN_POINT('',(1.7,-0.37,1.6));
#15693 = LINE('',#15694,#15695);
#15694 = CARTESIAN_POINT('',(1.7,-0.37,1.6));
#15695 = VECTOR('',#15696,1.);
#15696 = DIRECTION('',(-0.,-0.,1.));
#15697 = ORIENTED_EDGE('',*,*,#15698,.F.);
#15698 = EDGE_CURVE('',#15277,#15691,#15699,.T.);
#15699 = LINE('',#15700,#15701);
#15700 = CARTESIAN_POINT('',(1.7,-0.37,1.6));
#15701 = VECTOR('',#15702,1.);
#15702 = DIRECTION('',(-1.,-0.,-0.));
#15703 = ORIENTED_EDGE('',*,*,#15274,.F.);
#15704 = PLANE('',#15705);
#15705 = AXIS2_PLACEMENT_3D('',#15706,#15707,#15708);
#15706 = CARTESIAN_POINT('',(1.7,-0.37,1.6));
#15707 = DIRECTION('',(-0.,1.,0.));
#15708 = DIRECTION('',(0.,0.,1.));
#15709 = ADVANCED_FACE('',(#15710),#15727,.F.);
#15710 = FACE_BOUND('',#15711,.T.);
#15711 = EDGE_LOOP('',(#15712,#15720,#15726));
#15712 = ORIENTED_EDGE('',*,*,#15713,.F.);
#15713 = EDGE_CURVE('',#15714,#15285,#15716,.T.);
#15714 = VERTEX_POINT('',#15715);
#15715 = CARTESIAN_POINT('',(1.7,-0.5,1.6));
#15716 = LINE('',#15717,#15718);
#15717 = CARTESIAN_POINT('',(1.7,-0.5,1.6));
#15718 = VECTOR('',#15719,1.);
#15719 = DIRECTION('',(1.,-1.232236701975E-16,0.));
#15720 = ORIENTED_EDGE('',*,*,#15721,.T.);
#15721 = EDGE_CURVE('',#15714,#15293,#15722,.T.);
#15722 = LINE('',#15723,#15724);
#15723 = CARTESIAN_POINT('',(1.7,-0.5,1.6));
#15724 = VECTOR('',#15725,1.);
#15725 = DIRECTION('',(-0.,-0.,1.));
#15726 = ORIENTED_EDGE('',*,*,#15292,.F.);
#15727 = PLANE('',#15728);
#15728 = AXIS2_PLACEMENT_3D('',#15729,#15730,#15731);
#15729 = CARTESIAN_POINT('',(1.7,-0.5,1.6));
#15730 = DIRECTION('',(-1.232236701975E-16,-1.,0.));
#15731 = DIRECTION('',(1.,-1.232236701975E-16,0.));
#15732 = ADVANCED_FACE('',(#15733),#15744,.F.);
#15733 = FACE_BOUND('',#15734,.T.);
#15734 = EDGE_LOOP('',(#15735,#15736,#15742,#15743));
#15735 = ORIENTED_EDGE('',*,*,#15698,.T.);
#15736 = ORIENTED_EDGE('',*,*,#15737,.T.);
#15737 = EDGE_CURVE('',#15691,#15714,#15738,.T.);
#15738 = LINE('',#15739,#15740);
#15739 = CARTESIAN_POINT('',(1.7,-0.37,1.6));
#15740 = VECTOR('',#15741,1.);
#15741 = DIRECTION('',(0.,-1.,0.));
#15742 = ORIENTED_EDGE('',*,*,#15713,.T.);
#15743 = ORIENTED_EDGE('',*,*,#15284,.F.);
#15744 = PLANE('',#15745);
#15745 = AXIS2_PLACEMENT_3D('',#15746,#15747,#15748);
#15746 = CARTESIAN_POINT('',(2.579865183976,-0.575,1.6));
#15747 = DIRECTION('',(-0.,0.,-1.));
#15748 = DIRECTION('',(-1.,0.,0.));
#15749 = ADVANCED_FACE('',(#15750),#15756,.F.);
#15750 = FACE_BOUND('',#15751,.T.);
#15751 = EDGE_LOOP('',(#15752,#15753,#15754,#15755));
#15752 = ORIENTED_EDGE('',*,*,#15300,.T.);
#15753 = ORIENTED_EDGE('',*,*,#15721,.F.);
#15754 = ORIENTED_EDGE('',*,*,#15737,.F.);
#15755 = ORIENTED_EDGE('',*,*,#15690,.T.);
#15756 = PLANE('',#15757);
#15757 = AXIS2_PLACEMENT_3D('',#15758,#15759,#15760);
#15758 = CARTESIAN_POINT('',(1.7,-0.37,1.6));
#15759 = DIRECTION('',(-1.,0.,-0.));
#15760 = DIRECTION('',(0.,0.,1.));
#15761 = ADVANCED_FACE('',(#15762),#15779,.T.);
#15762 = FACE_BOUND('',#15763,.T.);
#15763 = EDGE_LOOP('',(#15764,#15765,#15773));
#15764 = ORIENTED_EDGE('',*,*,#15571,.T.);
#15765 = ORIENTED_EDGE('',*,*,#15766,.F.);
#15766 = EDGE_CURVE('',#15767,#15574,#15769,.T.);
#15767 = VERTEX_POINT('',#15768);
#15768 = CARTESIAN_POINT('',(1.7,-0.5,-1.6));
#15769 = LINE('',#15770,#15771);
#15770 = CARTESIAN_POINT('',(1.7,-0.5,-1.6));
#15771 = VECTOR('',#15772,1.);
#15772 = DIRECTION('',(-0.,-0.,-1.));
#15773 = ORIENTED_EDGE('',*,*,#15774,.T.);
#15774 = EDGE_CURVE('',#15767,#15572,#15775,.T.);
#15775 = LINE('',#15776,#15777);
#15776 = CARTESIAN_POINT('',(1.7,-0.5,-1.6));
#15777 = VECTOR('',#15778,1.);
#15778 = DIRECTION('',(1.,-1.232236701975E-16,0.));
#15779 = PLANE('',#15780);
#15780 = AXIS2_PLACEMENT_3D('',#15781,#15782,#15783);
#15781 = CARTESIAN_POINT('',(1.7,-0.5,-1.6));
#15782 = DIRECTION('',(1.232236701975E-16,1.,-0.));
#15783 = DIRECTION('',(-1.,1.232236701975E-16,0.));
#15784 = ADVANCED_FACE('',(#15785),#15802,.T.);
#15785 = FACE_BOUND('',#15786,.T.);
#15786 = EDGE_LOOP('',(#15787,#15788,#15796));
#15787 = ORIENTED_EDGE('',*,*,#15589,.T.);
#15788 = ORIENTED_EDGE('',*,*,#15789,.T.);
#15789 = EDGE_CURVE('',#15582,#15790,#15792,.T.);
#15790 = VERTEX_POINT('',#15791);
#15791 = CARTESIAN_POINT('',(1.7,-0.37,-1.6));
#15792 = LINE('',#15793,#15794);
#15793 = CARTESIAN_POINT('',(1.7,-0.37,-1.6));
#15794 = VECTOR('',#15795,1.);
#15795 = DIRECTION('',(-1.,-0.,0.));
#15796 = ORIENTED_EDGE('',*,*,#15797,.T.);
#15797 = EDGE_CURVE('',#15790,#15590,#15798,.T.);
#15798 = LINE('',#15799,#15800);
#15799 = CARTESIAN_POINT('',(1.7,-0.37,-1.6));
#15800 = VECTOR('',#15801,1.);
#15801 = DIRECTION('',(-0.,-0.,-1.));
#15802 = PLANE('',#15803);
#15803 = AXIS2_PLACEMENT_3D('',#15804,#15805,#15806);
#15804 = CARTESIAN_POINT('',(1.7,-0.37,-1.6));
#15805 = DIRECTION('',(0.,-1.,0.));
#15806 = DIRECTION('',(0.,-0.,-1.));
#15807 = ADVANCED_FACE('',(#15808),#15819,.F.);
#15808 = FACE_BOUND('',#15809,.T.);
#15809 = EDGE_LOOP('',(#15810,#15811,#15817,#15818));
#15810 = ORIENTED_EDGE('',*,*,#15774,.F.);
#15811 = ORIENTED_EDGE('',*,*,#15812,.F.);
#15812 = EDGE_CURVE('',#15790,#15767,#15813,.T.);
#15813 = LINE('',#15814,#15815);
#15814 = CARTESIAN_POINT('',(1.7,-0.37,-1.6));
#15815 = VECTOR('',#15816,1.);
#15816 = DIRECTION('',(0.,-1.,0.));
#15817 = ORIENTED_EDGE('',*,*,#15789,.F.);
#15818 = ORIENTED_EDGE('',*,*,#15581,.F.);
#15819 = PLANE('',#15820);
#15820 = AXIS2_PLACEMENT_3D('',#15821,#15822,#15823);
#15821 = CARTESIAN_POINT('',(2.579865183976,-0.575,-1.6));
#15822 = DIRECTION('',(0.,-0.,1.));
#15823 = DIRECTION('',(-1.,0.,0.));
#15824 = ADVANCED_FACE('',(#15825),#15831,.T.);
#15825 = FACE_BOUND('',#15826,.T.);
#15826 = EDGE_LOOP('',(#15827,#15828,#15829,#15830));
#15827 = ORIENTED_EDGE('',*,*,#15597,.F.);
#15828 = ORIENTED_EDGE('',*,*,#15797,.F.);
#15829 = ORIENTED_EDGE('',*,*,#15812,.T.);
#15830 = ORIENTED_EDGE('',*,*,#15766,.T.);
#15831 = PLANE('',#15832);
#15832 = AXIS2_PLACEMENT_3D('',#15833,#15834,#15835);
#15833 = CARTESIAN_POINT('',(1.7,-0.37,-1.6));
#15834 = DIRECTION('',(1.,0.,-0.));
#15835 = DIRECTION('',(-0.,0.,-1.));
#15836 = ADVANCED_FACE('',(#15837),#15854,.F.);
#15837 = FACE_BOUND('',#15838,.T.);
#15838 = EDGE_LOOP('',(#15839,#15847,#15853));
#15839 = ORIENTED_EDGE('',*,*,#15840,.F.);
#15840 = EDGE_CURVE('',#15841,#15476,#15843,.T.);
#15841 = VERTEX_POINT('',#15842);
#15842 = CARTESIAN_POINT('',(-1.7,-0.37,-1.6));
#15843 = LINE('',#15844,#15845);
#15844 = CARTESIAN_POINT('',(-1.7,-0.37,-1.6));
#15845 = VECTOR('',#15846,1.);
#15846 = DIRECTION('',(-0.,-0.,-1.));
#15847 = ORIENTED_EDGE('',*,*,#15848,.F.);
#15848 = EDGE_CURVE('',#15478,#15841,#15849,.T.);
#15849 = LINE('',#15850,#15851);
#15850 = CARTESIAN_POINT('',(-1.7,-0.37,-1.6));
#15851 = VECTOR('',#15852,1.);
#15852 = DIRECTION('',(1.,-0.,0.));
#15853 = ORIENTED_EDGE('',*,*,#15475,.F.);
#15854 = PLANE('',#15855);
#15855 = AXIS2_PLACEMENT_3D('',#15856,#15857,#15858);
#15856 = CARTESIAN_POINT('',(-1.7,-0.37,-1.6));
#15857 = DIRECTION('',(0.,1.,-0.));
#15858 = DIRECTION('',(0.,0.,1.));
#15859 = ADVANCED_FACE('',(#15860),#15877,.F.);
#15860 = FACE_BOUND('',#15861,.T.);
#15861 = EDGE_LOOP('',(#15862,#15870,#15876));
#15862 = ORIENTED_EDGE('',*,*,#15863,.F.);
#15863 = EDGE_CURVE('',#15864,#15486,#15866,.T.);
#15864 = VERTEX_POINT('',#15865);
#15865 = CARTESIAN_POINT('',(-1.7,-0.5,-1.6));
#15866 = LINE('',#15867,#15868);
#15867 = CARTESIAN_POINT('',(-1.7,-0.5,-1.6));
#15868 = VECTOR('',#15869,1.);
#15869 = DIRECTION('',(-1.,-1.232236701975E-16,0.));
#15870 = ORIENTED_EDGE('',*,*,#15871,.T.);
#15871 = EDGE_CURVE('',#15864,#15494,#15872,.T.);
#15872 = LINE('',#15873,#15874);
#15873 = CARTESIAN_POINT('',(-1.7,-0.5,-1.6));
#15874 = VECTOR('',#15875,1.);
#15875 = DIRECTION('',(-0.,-0.,-1.));
#15876 = ORIENTED_EDGE('',*,*,#15493,.F.);
#15877 = PLANE('',#15878);
#15878 = AXIS2_PLACEMENT_3D('',#15879,#15880,#15881);
#15879 = CARTESIAN_POINT('',(-1.7,-0.5,-1.6));
#15880 = DIRECTION('',(1.232236701975E-16,-1.,0.));
#15881 = DIRECTION('',(1.,1.232236701975E-16,0.));
#15882 = ADVANCED_FACE('',(#15883),#15894,.F.);
#15883 = FACE_BOUND('',#15884,.T.);
#15884 = EDGE_LOOP('',(#15885,#15886,#15892,#15893));
#15885 = ORIENTED_EDGE('',*,*,#15848,.T.);
#15886 = ORIENTED_EDGE('',*,*,#15887,.T.);
#15887 = EDGE_CURVE('',#15841,#15864,#15888,.T.);
#15888 = LINE('',#15889,#15890);
#15889 = CARTESIAN_POINT('',(-1.7,-0.37,-1.6));
#15890 = VECTOR('',#15891,1.);
#15891 = DIRECTION('',(0.,-1.,0.));
#15892 = ORIENTED_EDGE('',*,*,#15863,.T.);
#15893 = ORIENTED_EDGE('',*,*,#15485,.F.);
#15894 = PLANE('',#15895);
#15895 = AXIS2_PLACEMENT_3D('',#15896,#15897,#15898);
#15896 = CARTESIAN_POINT('',(-2.579865183976,-0.575,-1.6));
#15897 = DIRECTION('',(0.,-0.,1.));
#15898 = DIRECTION('',(1.,0.,0.));
#15899 = ADVANCED_FACE('',(#15900),#15906,.F.);
#15900 = FACE_BOUND('',#15901,.T.);
#15901 = EDGE_LOOP('',(#15902,#15903,#15904,#15905));
#15902 = ORIENTED_EDGE('',*,*,#15501,.T.);
#15903 = ORIENTED_EDGE('',*,*,#15871,.F.);
#15904 = ORIENTED_EDGE('',*,*,#15887,.F.);
#15905 = ORIENTED_EDGE('',*,*,#15840,.T.);
#15906 = PLANE('',#15907);
#15907 = AXIS2_PLACEMENT_3D('',#15908,#15909,#15910);
#15908 = CARTESIAN_POINT('',(-1.7,-0.37,-1.6));
#15909 = DIRECTION('',(1.,0.,-0.));
#15910 = DIRECTION('',(-0.,0.,-1.));
#15911 = ADVANCED_FACE('',(#15912),#15929,.T.);
#15912 = FACE_BOUND('',#15913,.T.);
#15913 = EDGE_LOOP('',(#15914,#15915,#15923));
#15914 = ORIENTED_EDGE('',*,*,#15379,.T.);
#15915 = ORIENTED_EDGE('',*,*,#15916,.F.);
#15916 = EDGE_CURVE('',#15917,#15382,#15919,.T.);
#15917 = VERTEX_POINT('',#15918);
#15918 = CARTESIAN_POINT('',(-1.7,-0.5,1.6));
#15919 = LINE('',#15920,#15921);
#15920 = CARTESIAN_POINT('',(-1.7,-0.5,1.6));
#15921 = VECTOR('',#15922,1.);
#15922 = DIRECTION('',(-0.,-0.,1.));
#15923 = ORIENTED_EDGE('',*,*,#15924,.T.);
#15924 = EDGE_CURVE('',#15917,#15380,#15925,.T.);
#15925 = LINE('',#15926,#15927);
#15926 = CARTESIAN_POINT('',(-1.7,-0.5,1.6));
#15927 = VECTOR('',#15928,1.);
#15928 = DIRECTION('',(-1.,-1.232236701975E-16,0.));
#15929 = PLANE('',#15930);
#15930 = AXIS2_PLACEMENT_3D('',#15931,#15932,#15933);
#15931 = CARTESIAN_POINT('',(-1.7,-0.5,1.6));
#15932 = DIRECTION('',(-1.232236701975E-16,1.,0.));
#15933 = DIRECTION('',(-1.,-1.232236701975E-16,0.));
#15934 = ADVANCED_FACE('',(#15935),#15952,.T.);
#15935 = FACE_BOUND('',#15936,.T.);
#15936 = EDGE_LOOP('',(#15937,#15938,#15946));
#15937 = ORIENTED_EDGE('',*,*,#15397,.T.);
#15938 = ORIENTED_EDGE('',*,*,#15939,.T.);
#15939 = EDGE_CURVE('',#15390,#15940,#15942,.T.);
#15940 = VERTEX_POINT('',#15941);
#15941 = CARTESIAN_POINT('',(-1.7,-0.37,1.6));
#15942 = LINE('',#15943,#15944);
#15943 = CARTESIAN_POINT('',(-1.7,-0.37,1.6));
#15944 = VECTOR('',#15945,1.);
#15945 = DIRECTION('',(1.,-0.,-0.));
#15946 = ORIENTED_EDGE('',*,*,#15947,.T.);
#15947 = EDGE_CURVE('',#15940,#15398,#15948,.T.);
#15948 = LINE('',#15949,#15950);
#15949 = CARTESIAN_POINT('',(-1.7,-0.37,1.6));
#15950 = VECTOR('',#15951,1.);
#15951 = DIRECTION('',(-0.,-0.,1.));
#15952 = PLANE('',#15953);
#15953 = AXIS2_PLACEMENT_3D('',#15954,#15955,#15956);
#15954 = CARTESIAN_POINT('',(-1.7,-0.37,1.6));
#15955 = DIRECTION('',(0.,-1.,-0.));
#15956 = DIRECTION('',(0.,0.,-1.));
#15957 = ADVANCED_FACE('',(#15958),#15969,.F.);
#15958 = FACE_BOUND('',#15959,.T.);
#15959 = EDGE_LOOP('',(#15960,#15961,#15967,#15968));
#15960 = ORIENTED_EDGE('',*,*,#15924,.F.);
#15961 = ORIENTED_EDGE('',*,*,#15962,.F.);
#15962 = EDGE_CURVE('',#15940,#15917,#15963,.T.);
#15963 = LINE('',#15964,#15965);
#15964 = CARTESIAN_POINT('',(-1.7,-0.37,1.6));
#15965 = VECTOR('',#15966,1.);
#15966 = DIRECTION('',(0.,-1.,0.));
#15967 = ORIENTED_EDGE('',*,*,#15939,.F.);
#15968 = ORIENTED_EDGE('',*,*,#15389,.F.);
#15969 = PLANE('',#15970);
#15970 = AXIS2_PLACEMENT_3D('',#15971,#15972,#15973);
#15971 = CARTESIAN_POINT('',(-2.579865183976,-0.575,1.6));
#15972 = DIRECTION('',(0.,0.,-1.));
#15973 = DIRECTION('',(1.,0.,0.));
#15974 = ADVANCED_FACE('',(#15975),#15981,.T.);
#15975 = FACE_BOUND('',#15976,.T.);
#15976 = EDGE_LOOP('',(#15977,#15978,#15979,#15980));
#15977 = ORIENTED_EDGE('',*,*,#15405,.F.);
#15978 = ORIENTED_EDGE('',*,*,#15947,.F.);
#15979 = ORIENTED_EDGE('',*,*,#15962,.T.);
#15980 = ORIENTED_EDGE('',*,*,#15916,.T.);
#15981 = PLANE('',#15982);
#15982 = AXIS2_PLACEMENT_3D('',#15983,#15984,#15985);
#15983 = CARTESIAN_POINT('',(-1.7,-0.37,1.6));
#15984 = DIRECTION('',(-1.,0.,-0.));
#15985 = DIRECTION('',(0.,0.,1.));
#15986 = MANIFOLD_SOLID_BREP('',#15987);
#15987 = CLOSED_SHELL('',(#15988,#16028,#16059,#16092,#16123,#16156,
    #16187,#16218,#16249,#16282,#16313,#16346,#16368,#16388));
#15988 = ADVANCED_FACE('',(#15989),#16023,.F.);
#15989 = FACE_BOUND('',#15990,.T.);
#15990 = EDGE_LOOP('',(#15991,#16001,#16009,#16017));
#15991 = ORIENTED_EDGE('',*,*,#15992,.F.);
#15992 = EDGE_CURVE('',#15993,#15995,#15997,.T.);
#15993 = VERTEX_POINT('',#15994);
#15994 = CARTESIAN_POINT('',(-1.7,-0.37,1.6));
#15995 = VERTEX_POINT('',#15996);
#15996 = CARTESIAN_POINT('',(-1.7,-0.5,1.6));
#15997 = LINE('',#15998,#15999);
#15998 = CARTESIAN_POINT('',(-1.7,-0.37,1.6));
#15999 = VECTOR('',#16000,1.);
#16000 = DIRECTION('',(0.,-1.,0.));
#16001 = ORIENTED_EDGE('',*,*,#16002,.F.);
#16002 = EDGE_CURVE('',#16003,#15993,#16005,.T.);
#16003 = VERTEX_POINT('',#16004);
#16004 = CARTESIAN_POINT('',(-1.7,-0.37,2.1));
#16005 = LINE('',#16006,#16007);
#16006 = CARTESIAN_POINT('',(-1.7,-0.37,2.1));
#16007 = VECTOR('',#16008,1.);
#16008 = DIRECTION('',(0.,-0.,-1.));
#16009 = ORIENTED_EDGE('',*,*,#16010,.T.);
#16010 = EDGE_CURVE('',#16003,#16011,#16013,.T.);
#16011 = VERTEX_POINT('',#16012);
#16012 = CARTESIAN_POINT('',(-1.7,-0.5,2.1));
#16013 = LINE('',#16014,#16015);
#16014 = CARTESIAN_POINT('',(-1.7,-0.37,2.1));
#16015 = VECTOR('',#16016,1.);
#16016 = DIRECTION('',(0.,-1.,0.));
#16017 = ORIENTED_EDGE('',*,*,#16018,.T.);
#16018 = EDGE_CURVE('',#16011,#15995,#16019,.T.);
#16019 = LINE('',#16020,#16021);
#16020 = CARTESIAN_POINT('',(-1.7,-0.5,2.1));
#16021 = VECTOR('',#16022,1.);
#16022 = DIRECTION('',(0.,-0.,-1.));
#16023 = PLANE('',#16024);
#16024 = AXIS2_PLACEMENT_3D('',#16025,#16026,#16027);
#16025 = CARTESIAN_POINT('',(-1.7,-0.37,2.1));
#16026 = DIRECTION('',(-1.,0.,0.));
#16027 = DIRECTION('',(0.,0.,-1.));
#16028 = ADVANCED_FACE('',(#16029),#16054,.F.);
#16029 = FACE_BOUND('',#16030,.T.);
#16030 = EDGE_LOOP('',(#16031,#16039,#16040,#16048));
#16031 = ORIENTED_EDGE('',*,*,#16032,.F.);
#16032 = EDGE_CURVE('',#15995,#16033,#16035,.T.);
#16033 = VERTEX_POINT('',#16034);
#16034 = CARTESIAN_POINT('',(-2.579865183976,-0.5,1.6));
#16035 = LINE('',#16036,#16037);
#16036 = CARTESIAN_POINT('',(-1.7,-0.5,1.6));
#16037 = VECTOR('',#16038,1.);
#16038 = DIRECTION('',(-1.,-1.232236701975E-16,0.));
#16039 = ORIENTED_EDGE('',*,*,#16018,.F.);
#16040 = ORIENTED_EDGE('',*,*,#16041,.T.);
#16041 = EDGE_CURVE('',#16011,#16042,#16044,.T.);
#16042 = VERTEX_POINT('',#16043);
#16043 = CARTESIAN_POINT('',(-2.579865183976,-0.5,2.1));
#16044 = LINE('',#16045,#16046);
#16045 = CARTESIAN_POINT('',(-1.7,-0.5,2.1));
#16046 = VECTOR('',#16047,1.);
#16047 = DIRECTION('',(-1.,-1.232236701975E-16,0.));
#16048 = ORIENTED_EDGE('',*,*,#16049,.T.);
#16049 = EDGE_CURVE('',#16042,#16033,#16050,.T.);
#16050 = LINE('',#16051,#16052);
#16051 = CARTESIAN_POINT('',(-2.579865183976,-0.5,2.1));
#16052 = VECTOR('',#16053,1.);
#16053 = DIRECTION('',(0.,-0.,-1.));
#16054 = PLANE('',#16055);
#16055 = AXIS2_PLACEMENT_3D('',#16056,#16057,#16058);
#16056 = CARTESIAN_POINT('',(-1.7,-0.5,2.1));
#16057 = DIRECTION('',(-1.232236701975E-16,1.,0.));
#16058 = DIRECTION('',(1.,1.232236701975E-16,0.));
#16059 = ADVANCED_FACE('',(#16060),#16087,.F.);
#16060 = FACE_BOUND('',#16061,.F.);
#16061 = EDGE_LOOP('',(#16062,#16072,#16079,#16080));
#16062 = ORIENTED_EDGE('',*,*,#16063,.F.);
#16063 = EDGE_CURVE('',#16064,#16066,#16068,.T.);
#16064 = VERTEX_POINT('',#16065);
#16065 = CARTESIAN_POINT('',(-2.654306145349,-0.565859799245,2.1));
#16066 = VERTEX_POINT('',#16067);
#16067 = CARTESIAN_POINT('',(-2.654306145349,-0.565859799245,1.6));
#16068 = LINE('',#16069,#16070);
#16069 = CARTESIAN_POINT('',(-2.654306145349,-0.565859799245,2.1));
#16070 = VECTOR('',#16071,1.);
#16071 = DIRECTION('',(0.,-0.,-1.));
#16072 = ORIENTED_EDGE('',*,*,#16073,.F.);
#16073 = EDGE_CURVE('',#16042,#16064,#16074,.T.);
#16074 = CIRCLE('',#16075,7.5E-02);
#16075 = AXIS2_PLACEMENT_3D('',#16076,#16077,#16078);
#16076 = CARTESIAN_POINT('',(-2.579865183976,-0.575,2.1));
#16077 = DIRECTION('',(-0.,0.,1.));
#16078 = DIRECTION('',(1.,0.,0.));
#16079 = ORIENTED_EDGE('',*,*,#16049,.T.);
#16080 = ORIENTED_EDGE('',*,*,#16081,.T.);
#16081 = EDGE_CURVE('',#16033,#16066,#16082,.T.);
#16082 = CIRCLE('',#16083,7.5E-02);
#16083 = AXIS2_PLACEMENT_3D('',#16084,#16085,#16086);
#16084 = CARTESIAN_POINT('',(-2.579865183976,-0.575,1.6));
#16085 = DIRECTION('',(-0.,0.,1.));
#16086 = DIRECTION('',(1.,0.,0.));
#16087 = CYLINDRICAL_SURFACE('',#16088,7.5E-02);
#16088 = AXIS2_PLACEMENT_3D('',#16089,#16090,#16091);
#16089 = CARTESIAN_POINT('',(-2.579865183976,-0.575,2.1));
#16090 = DIRECTION('',(0.,-0.,-1.));
#16091 = DIRECTION('',(1.,0.,0.));
#16092 = ADVANCED_FACE('',(#16093),#16118,.F.);
#16093 = FACE_BOUND('',#16094,.T.);
#16094 = EDGE_LOOP('',(#16095,#16103,#16104,#16112));
#16095 = ORIENTED_EDGE('',*,*,#16096,.F.);
#16096 = EDGE_CURVE('',#16066,#16097,#16099,.T.);
#16097 = VERTEX_POINT('',#16098);
#16098 = CARTESIAN_POINT('',(-2.661490769672,-0.624373868681,1.6));
#16099 = LINE('',#16100,#16101);
#16100 = CARTESIAN_POINT('',(-2.654306145349,-0.565859799245,1.6));
#16101 = VECTOR('',#16102,1.);
#16102 = DIRECTION('',(-0.121869343405,-0.992546151641,0.));
#16103 = ORIENTED_EDGE('',*,*,#16063,.F.);
#16104 = ORIENTED_EDGE('',*,*,#16105,.T.);
#16105 = EDGE_CURVE('',#16064,#16106,#16108,.T.);
#16106 = VERTEX_POINT('',#16107);
#16107 = CARTESIAN_POINT('',(-2.661490769672,-0.624373868681,2.1));
#16108 = LINE('',#16109,#16110);
#16109 = CARTESIAN_POINT('',(-2.654306145349,-0.565859799245,2.1));
#16110 = VECTOR('',#16111,1.);
#16111 = DIRECTION('',(-0.121869343405,-0.992546151641,0.));
#16112 = ORIENTED_EDGE('',*,*,#16113,.T.);
#16113 = EDGE_CURVE('',#16106,#16097,#16114,.T.);
#16114 = LINE('',#16115,#16116);
#16115 = CARTESIAN_POINT('',(-2.661490769672,-0.624373868681,2.1));
#16116 = VECTOR('',#16117,1.);
#16117 = DIRECTION('',(0.,-0.,-1.));
#16118 = PLANE('',#16119);
#16119 = AXIS2_PLACEMENT_3D('',#16120,#16121,#16122);
#16120 = CARTESIAN_POINT('',(-2.654306145349,-0.565859799245,2.1));
#16121 = DIRECTION('',(-0.992546151641,0.121869343405,0.));
#16122 = DIRECTION('',(0.121869343405,0.992546151641,0.));
#16123 = ADVANCED_FACE('',(#16124),#16151,.T.);
#16124 = FACE_BOUND('',#16125,.T.);
#16125 = EDGE_LOOP('',(#16126,#16135,#16136,#16145));
#16126 = ORIENTED_EDGE('',*,*,#16127,.F.);
#16127 = EDGE_CURVE('',#16097,#16128,#16130,.T.);
#16128 = VERTEX_POINT('',#16129);
#16129 = CARTESIAN_POINT('',(-2.86,-0.8,1.6));
#16130 = CIRCLE('',#16131,0.2);
#16131 = AXIS2_PLACEMENT_3D('',#16132,#16133,#16134);
#16132 = CARTESIAN_POINT('',(-2.86,-0.6,1.6));
#16133 = DIRECTION('',(-0.,0.,-1.));
#16134 = DIRECTION('',(-1.,0.,0.));
#16135 = ORIENTED_EDGE('',*,*,#16113,.F.);
#16136 = ORIENTED_EDGE('',*,*,#16137,.T.);
#16137 = EDGE_CURVE('',#16106,#16138,#16140,.T.);
#16138 = VERTEX_POINT('',#16139);
#16139 = CARTESIAN_POINT('',(-2.86,-0.8,2.1));
#16140 = CIRCLE('',#16141,0.2);
#16141 = AXIS2_PLACEMENT_3D('',#16142,#16143,#16144);
#16142 = CARTESIAN_POINT('',(-2.86,-0.6,2.1));
#16143 = DIRECTION('',(-0.,0.,-1.));
#16144 = DIRECTION('',(-1.,0.,0.));
#16145 = ORIENTED_EDGE('',*,*,#16146,.T.);
#16146 = EDGE_CURVE('',#16138,#16128,#16147,.T.);
#16147 = LINE('',#16148,#16149);
#16148 = CARTESIAN_POINT('',(-2.86,-0.8,2.1));
#16149 = VECTOR('',#16150,1.);
#16150 = DIRECTION('',(0.,-0.,-1.));
#16151 = CYLINDRICAL_SURFACE('',#16152,0.2);
#16152 = AXIS2_PLACEMENT_3D('',#16153,#16154,#16155);
#16153 = CARTESIAN_POINT('',(-2.86,-0.6,2.1));
#16154 = DIRECTION('',(0.,-0.,-1.));
#16155 = DIRECTION('',(1.,0.,0.));
#16156 = ADVANCED_FACE('',(#16157),#16182,.F.);
#16157 = FACE_BOUND('',#16158,.T.);
#16158 = EDGE_LOOP('',(#16159,#16167,#16168,#16176));
#16159 = ORIENTED_EDGE('',*,*,#16160,.F.);
#16160 = EDGE_CURVE('',#16128,#16161,#16163,.T.);
#16161 = VERTEX_POINT('',#16162);
#16162 = CARTESIAN_POINT('',(-3.3,-0.8,1.6));
#16163 = LINE('',#16164,#16165);
#16164 = CARTESIAN_POINT('',(-2.86,-0.8,1.6));
#16165 = VECTOR('',#16166,1.);
#16166 = DIRECTION('',(-1.,0.,0.));
#16167 = ORIENTED_EDGE('',*,*,#16146,.F.);
#16168 = ORIENTED_EDGE('',*,*,#16169,.T.);
#16169 = EDGE_CURVE('',#16138,#16170,#16172,.T.);
#16170 = VERTEX_POINT('',#16171);
#16171 = CARTESIAN_POINT('',(-3.3,-0.8,2.1));
#16172 = LINE('',#16173,#16174);
#16173 = CARTESIAN_POINT('',(-2.86,-0.8,2.1));
#16174 = VECTOR('',#16175,1.);
#16175 = DIRECTION('',(-1.,0.,0.));
#16176 = ORIENTED_EDGE('',*,*,#16177,.T.);
#16177 = EDGE_CURVE('',#16170,#16161,#16178,.T.);
#16178 = LINE('',#16179,#16180);
#16179 = CARTESIAN_POINT('',(-3.3,-0.8,2.1));
#16180 = VECTOR('',#16181,1.);
#16181 = DIRECTION('',(0.,-0.,-1.));
#16182 = PLANE('',#16183);
#16183 = AXIS2_PLACEMENT_3D('',#16184,#16185,#16186);
#16184 = CARTESIAN_POINT('',(-2.86,-0.8,2.1));
#16185 = DIRECTION('',(0.,1.,0.));
#16186 = DIRECTION('',(0.,-0.,1.));
#16187 = ADVANCED_FACE('',(#16188),#16213,.F.);
#16188 = FACE_BOUND('',#16189,.T.);
#16189 = EDGE_LOOP('',(#16190,#16198,#16199,#16207));
#16190 = ORIENTED_EDGE('',*,*,#16191,.F.);
#16191 = EDGE_CURVE('',#16161,#16192,#16194,.T.);
#16192 = VERTEX_POINT('',#16193);
#16193 = CARTESIAN_POINT('',(-3.3,-0.67,1.6));
#16194 = LINE('',#16195,#16196);
#16195 = CARTESIAN_POINT('',(-3.3,-0.67,1.6));
#16196 = VECTOR('',#16197,1.);
#16197 = DIRECTION('',(0.,1.,0.));
#16198 = ORIENTED_EDGE('',*,*,#16177,.F.);
#16199 = ORIENTED_EDGE('',*,*,#16200,.T.);
#16200 = EDGE_CURVE('',#16170,#16201,#16203,.T.);
#16201 = VERTEX_POINT('',#16202);
#16202 = CARTESIAN_POINT('',(-3.3,-0.67,2.1));
#16203 = LINE('',#16204,#16205);
#16204 = CARTESIAN_POINT('',(-3.3,-0.67,2.1));
#16205 = VECTOR('',#16206,1.);
#16206 = DIRECTION('',(0.,1.,0.));
#16207 = ORIENTED_EDGE('',*,*,#16208,.T.);
#16208 = EDGE_CURVE('',#16201,#16192,#16209,.T.);
#16209 = LINE('',#16210,#16211);
#16210 = CARTESIAN_POINT('',(-3.3,-0.67,2.1));
#16211 = VECTOR('',#16212,1.);
#16212 = DIRECTION('',(0.,-0.,-1.));
#16213 = PLANE('',#16214);
#16214 = AXIS2_PLACEMENT_3D('',#16215,#16216,#16217);
#16215 = CARTESIAN_POINT('',(-3.3,-0.67,2.1));
#16216 = DIRECTION('',(1.,0.,-0.));
#16217 = DIRECTION('',(0.,0.,1.));
#16218 = ADVANCED_FACE('',(#16219),#16244,.F.);
#16219 = FACE_BOUND('',#16220,.T.);
#16220 = EDGE_LOOP('',(#16221,#16229,#16230,#16238));
#16221 = ORIENTED_EDGE('',*,*,#16222,.F.);
#16222 = EDGE_CURVE('',#16192,#16223,#16225,.T.);
#16223 = VERTEX_POINT('',#16224);
#16224 = CARTESIAN_POINT('',(-2.86,-0.67,1.6));
#16225 = LINE('',#16226,#16227);
#16226 = CARTESIAN_POINT('',(-2.86,-0.67,1.6));
#16227 = VECTOR('',#16228,1.);
#16228 = DIRECTION('',(1.,-2.464095846558E-16,-0.));
#16229 = ORIENTED_EDGE('',*,*,#16208,.F.);
#16230 = ORIENTED_EDGE('',*,*,#16231,.T.);
#16231 = EDGE_CURVE('',#16201,#16232,#16234,.T.);
#16232 = VERTEX_POINT('',#16233);
#16233 = CARTESIAN_POINT('',(-2.86,-0.67,2.1));
#16234 = LINE('',#16235,#16236);
#16235 = CARTESIAN_POINT('',(-2.86,-0.67,2.1));
#16236 = VECTOR('',#16237,1.);
#16237 = DIRECTION('',(1.,-2.464095846558E-16,-0.));
#16238 = ORIENTED_EDGE('',*,*,#16239,.T.);
#16239 = EDGE_CURVE('',#16232,#16223,#16240,.T.);
#16240 = LINE('',#16241,#16242);
#16241 = CARTESIAN_POINT('',(-2.86,-0.67,2.1));
#16242 = VECTOR('',#16243,1.);
#16243 = DIRECTION('',(0.,-0.,-1.));
#16244 = PLANE('',#16245);
#16245 = AXIS2_PLACEMENT_3D('',#16246,#16247,#16248);
#16246 = CARTESIAN_POINT('',(-2.86,-0.67,2.1));
#16247 = DIRECTION('',(-2.464095846558E-16,-1.,0.));
#16248 = DIRECTION('',(-1.,2.464095846558E-16,0.));
#16249 = ADVANCED_FACE('',(#16250),#16277,.F.);
#16250 = FACE_BOUND('',#16251,.F.);
#16251 = EDGE_LOOP('',(#16252,#16262,#16269,#16270));
#16252 = ORIENTED_EDGE('',*,*,#16253,.F.);
#16253 = EDGE_CURVE('',#16254,#16256,#16258,.T.);
#16254 = VERTEX_POINT('',#16255);
#16255 = CARTESIAN_POINT('',(-2.790521769385,-0.608530854038,2.1));
#16256 = VERTEX_POINT('',#16257);
#16257 = CARTESIAN_POINT('',(-2.790521769385,-0.608530854038,1.6));
#16258 = LINE('',#16259,#16260);
#16259 = CARTESIAN_POINT('',(-2.790521769385,-0.608530854038,2.1));
#16260 = VECTOR('',#16261,1.);
#16261 = DIRECTION('',(0.,-0.,-1.));
#16262 = ORIENTED_EDGE('',*,*,#16263,.F.);
#16263 = EDGE_CURVE('',#16232,#16254,#16264,.T.);
#16264 = CIRCLE('',#16265,7.E-02);
#16265 = AXIS2_PLACEMENT_3D('',#16266,#16267,#16268);
#16266 = CARTESIAN_POINT('',(-2.86,-0.6,2.1));
#16267 = DIRECTION('',(0.,0.,1.));
#16268 = DIRECTION('',(-1.,0.,-0.));
#16269 = ORIENTED_EDGE('',*,*,#16239,.T.);
#16270 = ORIENTED_EDGE('',*,*,#16271,.T.);
#16271 = EDGE_CURVE('',#16223,#16256,#16272,.T.);
#16272 = CIRCLE('',#16273,7.E-02);
#16273 = AXIS2_PLACEMENT_3D('',#16274,#16275,#16276);
#16274 = CARTESIAN_POINT('',(-2.86,-0.6,1.6));
#16275 = DIRECTION('',(0.,0.,1.));
#16276 = DIRECTION('',(-1.,0.,-0.));
#16277 = CYLINDRICAL_SURFACE('',#16278,7.E-02);
#16278 = AXIS2_PLACEMENT_3D('',#16279,#16280,#16281);
#16279 = CARTESIAN_POINT('',(-2.86,-0.6,2.1));
#16280 = DIRECTION('',(0.,-0.,-1.));
#16281 = DIRECTION('',(1.,0.,0.));
#16282 = ADVANCED_FACE('',(#16283),#16308,.F.);
#16283 = FACE_BOUND('',#16284,.T.);
#16284 = EDGE_LOOP('',(#16285,#16293,#16294,#16302));
#16285 = ORIENTED_EDGE('',*,*,#16286,.F.);
#16286 = EDGE_CURVE('',#16256,#16287,#16289,.T.);
#16287 = VERTEX_POINT('',#16288);
#16288 = CARTESIAN_POINT('',(-2.783337145063,-0.550016784602,1.6));
#16289 = LINE('',#16290,#16291);
#16290 = CARTESIAN_POINT('',(-2.783337145063,-0.550016784602,1.6));
#16291 = VECTOR('',#16292,1.);
#16292 = DIRECTION('',(0.121869343405,0.992546151641,0.));
#16293 = ORIENTED_EDGE('',*,*,#16253,.F.);
#16294 = ORIENTED_EDGE('',*,*,#16295,.T.);
#16295 = EDGE_CURVE('',#16254,#16296,#16298,.T.);
#16296 = VERTEX_POINT('',#16297);
#16297 = CARTESIAN_POINT('',(-2.783337145063,-0.550016784602,2.1));
#16298 = LINE('',#16299,#16300);
#16299 = CARTESIAN_POINT('',(-2.783337145063,-0.550016784602,2.1));
#16300 = VECTOR('',#16301,1.);
#16301 = DIRECTION('',(0.121869343405,0.992546151641,0.));
#16302 = ORIENTED_EDGE('',*,*,#16303,.T.);
#16303 = EDGE_CURVE('',#16296,#16287,#16304,.T.);
#16304 = LINE('',#16305,#16306);
#16305 = CARTESIAN_POINT('',(-2.783337145063,-0.550016784602,2.1));
#16306 = VECTOR('',#16307,1.);
#16307 = DIRECTION('',(0.,-0.,-1.));
#16308 = PLANE('',#16309);
#16309 = AXIS2_PLACEMENT_3D('',#16310,#16311,#16312);
#16310 = CARTESIAN_POINT('',(-2.783337145063,-0.550016784602,2.1));
#16311 = DIRECTION('',(0.992546151641,-0.121869343405,0.));
#16312 = DIRECTION('',(-0.121869343405,-0.992546151641,0.));
#16313 = ADVANCED_FACE('',(#16314),#16341,.T.);
#16314 = FACE_BOUND('',#16315,.T.);
#16315 = EDGE_LOOP('',(#16316,#16325,#16326,#16335));
#16316 = ORIENTED_EDGE('',*,*,#16317,.F.);
#16317 = EDGE_CURVE('',#16287,#16318,#16320,.T.);
#16318 = VERTEX_POINT('',#16319);
#16319 = CARTESIAN_POINT('',(-2.579865183976,-0.37,1.6));
#16320 = CIRCLE('',#16321,0.205);
#16321 = AXIS2_PLACEMENT_3D('',#16322,#16323,#16324);
#16322 = CARTESIAN_POINT('',(-2.579865183976,-0.575,1.6));
#16323 = DIRECTION('',(0.,0.,-1.));
#16324 = DIRECTION('',(1.,0.,0.));
#16325 = ORIENTED_EDGE('',*,*,#16303,.F.);
#16326 = ORIENTED_EDGE('',*,*,#16327,.T.);
#16327 = EDGE_CURVE('',#16296,#16328,#16330,.T.);
#16328 = VERTEX_POINT('',#16329);
#16329 = CARTESIAN_POINT('',(-2.579865183976,-0.37,2.1));
#16330 = CIRCLE('',#16331,0.205);
#16331 = AXIS2_PLACEMENT_3D('',#16332,#16333,#16334);
#16332 = CARTESIAN_POINT('',(-2.579865183976,-0.575,2.1));
#16333 = DIRECTION('',(0.,0.,-1.));
#16334 = DIRECTION('',(1.,0.,0.));
#16335 = ORIENTED_EDGE('',*,*,#16336,.T.);
#16336 = EDGE_CURVE('',#16328,#16318,#16337,.T.);
#16337 = LINE('',#16338,#16339);
#16338 = CARTESIAN_POINT('',(-2.579865183976,-0.37,2.1));
#16339 = VECTOR('',#16340,1.);
#16340 = DIRECTION('',(0.,-0.,-1.));
#16341 = CYLINDRICAL_SURFACE('',#16342,0.205);
#16342 = AXIS2_PLACEMENT_3D('',#16343,#16344,#16345);
#16343 = CARTESIAN_POINT('',(-2.579865183976,-0.575,2.1));
#16344 = DIRECTION('',(0.,-0.,-1.));
#16345 = DIRECTION('',(1.,0.,0.));
#16346 = ADVANCED_FACE('',(#16347),#16363,.F.);
#16347 = FACE_BOUND('',#16348,.T.);
#16348 = EDGE_LOOP('',(#16349,#16355,#16356,#16362));
#16349 = ORIENTED_EDGE('',*,*,#16350,.F.);
#16350 = EDGE_CURVE('',#16318,#15993,#16351,.T.);
#16351 = LINE('',#16352,#16353);
#16352 = CARTESIAN_POINT('',(-1.7,-0.37,1.6));
#16353 = VECTOR('',#16354,1.);
#16354 = DIRECTION('',(1.,-0.,-0.));
#16355 = ORIENTED_EDGE('',*,*,#16336,.F.);
#16356 = ORIENTED_EDGE('',*,*,#16357,.T.);
#16357 = EDGE_CURVE('',#16328,#16003,#16358,.T.);
#16358 = LINE('',#16359,#16360);
#16359 = CARTESIAN_POINT('',(-1.7,-0.37,2.1));
#16360 = VECTOR('',#16361,1.);
#16361 = DIRECTION('',(1.,-0.,-0.));
#16362 = ORIENTED_EDGE('',*,*,#16002,.T.);
#16363 = PLANE('',#16364);
#16364 = AXIS2_PLACEMENT_3D('',#16365,#16366,#16367);
#16365 = CARTESIAN_POINT('',(-1.7,-0.37,2.1));
#16366 = DIRECTION('',(0.,-1.,-0.));
#16367 = DIRECTION('',(-0.,0.,-1.));
#16368 = ADVANCED_FACE('',(#16369),#16383,.F.);
#16369 = FACE_BOUND('',#16370,.T.);
#16370 = EDGE_LOOP('',(#16371,#16372,#16373,#16374,#16375,#16376,#16377,
    #16378,#16379,#16380,#16381,#16382));
#16371 = ORIENTED_EDGE('',*,*,#16010,.F.);
#16372 = ORIENTED_EDGE('',*,*,#16357,.F.);
#16373 = ORIENTED_EDGE('',*,*,#16327,.F.);
#16374 = ORIENTED_EDGE('',*,*,#16295,.F.);
#16375 = ORIENTED_EDGE('',*,*,#16263,.F.);
#16376 = ORIENTED_EDGE('',*,*,#16231,.F.);
#16377 = ORIENTED_EDGE('',*,*,#16200,.F.);
#16378 = ORIENTED_EDGE('',*,*,#16169,.F.);
#16379 = ORIENTED_EDGE('',*,*,#16137,.F.);
#16380 = ORIENTED_EDGE('',*,*,#16105,.F.);
#16381 = ORIENTED_EDGE('',*,*,#16073,.F.);
#16382 = ORIENTED_EDGE('',*,*,#16041,.F.);
#16383 = PLANE('',#16384);
#16384 = AXIS2_PLACEMENT_3D('',#16385,#16386,#16387);
#16385 = CARTESIAN_POINT('',(-2.579865183976,-0.575,2.1));
#16386 = DIRECTION('',(0.,0.,-1.));
#16387 = DIRECTION('',(1.,0.,0.));
#16388 = ADVANCED_FACE('',(#16389),#16403,.T.);
#16389 = FACE_BOUND('',#16390,.T.);
#16390 = EDGE_LOOP('',(#16391,#16392,#16393,#16394,#16395,#16396,#16397,
    #16398,#16399,#16400,#16401,#16402));
#16391 = ORIENTED_EDGE('',*,*,#15992,.T.);
#16392 = ORIENTED_EDGE('',*,*,#16032,.T.);
#16393 = ORIENTED_EDGE('',*,*,#16081,.T.);
#16394 = ORIENTED_EDGE('',*,*,#16096,.T.);
#16395 = ORIENTED_EDGE('',*,*,#16127,.T.);
#16396 = ORIENTED_EDGE('',*,*,#16160,.T.);
#16397 = ORIENTED_EDGE('',*,*,#16191,.T.);
#16398 = ORIENTED_EDGE('',*,*,#16222,.T.);
#16399 = ORIENTED_EDGE('',*,*,#16271,.T.);
#16400 = ORIENTED_EDGE('',*,*,#16286,.T.);
#16401 = ORIENTED_EDGE('',*,*,#16317,.T.);
#16402 = ORIENTED_EDGE('',*,*,#16350,.T.);
#16403 = PLANE('',#16404);
#16404 = AXIS2_PLACEMENT_3D('',#16405,#16406,#16407);
#16405 = CARTESIAN_POINT('',(-2.579865183976,-0.575,1.6));
#16406 = DIRECTION('',(0.,0.,-1.));
#16407 = DIRECTION('',(1.,0.,0.));
#16408 = MANIFOLD_SOLID_BREP('',#16409);
#16409 = CLOSED_SHELL('',(#16410,#16450,#16481,#16514,#16545,#16578,
    #16609,#16640,#16671,#16704,#16735,#16768,#16790,#16810));
#16410 = ADVANCED_FACE('',(#16411),#16445,.F.);
#16411 = FACE_BOUND('',#16412,.T.);
#16412 = EDGE_LOOP('',(#16413,#16423,#16431,#16439));
#16413 = ORIENTED_EDGE('',*,*,#16414,.T.);
#16414 = EDGE_CURVE('',#16415,#16417,#16419,.T.);
#16415 = VERTEX_POINT('',#16416);
#16416 = CARTESIAN_POINT('',(-1.7,-0.37,-1.6));
#16417 = VERTEX_POINT('',#16418);
#16418 = CARTESIAN_POINT('',(-1.7,-0.5,-1.6));
#16419 = LINE('',#16420,#16421);
#16420 = CARTESIAN_POINT('',(-1.7,-0.37,-1.6));
#16421 = VECTOR('',#16422,1.);
#16422 = DIRECTION('',(0.,-1.,0.));
#16423 = ORIENTED_EDGE('',*,*,#16424,.F.);
#16424 = EDGE_CURVE('',#16425,#16417,#16427,.T.);
#16425 = VERTEX_POINT('',#16426);
#16426 = CARTESIAN_POINT('',(-1.7,-0.5,-2.1));
#16427 = LINE('',#16428,#16429);
#16428 = CARTESIAN_POINT('',(-1.7,-0.5,-2.1));
#16429 = VECTOR('',#16430,1.);
#16430 = DIRECTION('',(0.,0.,1.));
#16431 = ORIENTED_EDGE('',*,*,#16432,.F.);
#16432 = EDGE_CURVE('',#16433,#16425,#16435,.T.);
#16433 = VERTEX_POINT('',#16434);
#16434 = CARTESIAN_POINT('',(-1.7,-0.37,-2.1));
#16435 = LINE('',#16436,#16437);
#16436 = CARTESIAN_POINT('',(-1.7,-0.37,-2.1));
#16437 = VECTOR('',#16438,1.);
#16438 = DIRECTION('',(0.,-1.,0.));
#16439 = ORIENTED_EDGE('',*,*,#16440,.T.);
#16440 = EDGE_CURVE('',#16433,#16415,#16441,.T.);
#16441 = LINE('',#16442,#16443);
#16442 = CARTESIAN_POINT('',(-1.7,-0.37,-2.1));
#16443 = VECTOR('',#16444,1.);
#16444 = DIRECTION('',(0.,0.,1.));
#16445 = PLANE('',#16446);
#16446 = AXIS2_PLACEMENT_3D('',#16447,#16448,#16449);
#16447 = CARTESIAN_POINT('',(-1.7,-0.37,-2.1));
#16448 = DIRECTION('',(-1.,0.,0.));
#16449 = DIRECTION('',(0.,0.,1.));
#16450 = ADVANCED_FACE('',(#16451),#16476,.F.);
#16451 = FACE_BOUND('',#16452,.T.);
#16452 = EDGE_LOOP('',(#16453,#16461,#16469,#16475));
#16453 = ORIENTED_EDGE('',*,*,#16454,.T.);
#16454 = EDGE_CURVE('',#16417,#16455,#16457,.T.);
#16455 = VERTEX_POINT('',#16456);
#16456 = CARTESIAN_POINT('',(-2.579865183976,-0.5,-1.6));
#16457 = LINE('',#16458,#16459);
#16458 = CARTESIAN_POINT('',(-1.7,-0.5,-1.6));
#16459 = VECTOR('',#16460,1.);
#16460 = DIRECTION('',(-1.,-1.232236701975E-16,-0.));
#16461 = ORIENTED_EDGE('',*,*,#16462,.F.);
#16462 = EDGE_CURVE('',#16463,#16455,#16465,.T.);
#16463 = VERTEX_POINT('',#16464);
#16464 = CARTESIAN_POINT('',(-2.579865183976,-0.5,-2.1));
#16465 = LINE('',#16466,#16467);
#16466 = CARTESIAN_POINT('',(-2.579865183976,-0.5,-2.1));
#16467 = VECTOR('',#16468,1.);
#16468 = DIRECTION('',(0.,0.,1.));
#16469 = ORIENTED_EDGE('',*,*,#16470,.F.);
#16470 = EDGE_CURVE('',#16425,#16463,#16471,.T.);
#16471 = LINE('',#16472,#16473);
#16472 = CARTESIAN_POINT('',(-1.7,-0.5,-2.1));
#16473 = VECTOR('',#16474,1.);
#16474 = DIRECTION('',(-1.,-1.232236701975E-16,-0.));
#16475 = ORIENTED_EDGE('',*,*,#16424,.T.);
#16476 = PLANE('',#16477);
#16477 = AXIS2_PLACEMENT_3D('',#16478,#16479,#16480);
#16478 = CARTESIAN_POINT('',(-1.7,-0.5,-2.1));
#16479 = DIRECTION('',(-1.232236701975E-16,1.,0.));
#16480 = DIRECTION('',(1.,1.232236701975E-16,0.));
#16481 = ADVANCED_FACE('',(#16482),#16509,.F.);
#16482 = FACE_BOUND('',#16483,.F.);
#16483 = EDGE_LOOP('',(#16484,#16485,#16494,#16502));
#16484 = ORIENTED_EDGE('',*,*,#16462,.F.);
#16485 = ORIENTED_EDGE('',*,*,#16486,.T.);
#16486 = EDGE_CURVE('',#16463,#16487,#16489,.T.);
#16487 = VERTEX_POINT('',#16488);
#16488 = CARTESIAN_POINT('',(-2.654306145349,-0.565859799245,-2.1));
#16489 = CIRCLE('',#16490,7.5E-02);
#16490 = AXIS2_PLACEMENT_3D('',#16491,#16492,#16493);
#16491 = CARTESIAN_POINT('',(-2.579865183976,-0.575,-2.1));
#16492 = DIRECTION('',(0.,-0.,1.));
#16493 = DIRECTION('',(1.,0.,0.));
#16494 = ORIENTED_EDGE('',*,*,#16495,.T.);
#16495 = EDGE_CURVE('',#16487,#16496,#16498,.T.);
#16496 = VERTEX_POINT('',#16497);
#16497 = CARTESIAN_POINT('',(-2.654306145349,-0.565859799245,-1.6));
#16498 = LINE('',#16499,#16500);
#16499 = CARTESIAN_POINT('',(-2.654306145349,-0.565859799245,-2.1));
#16500 = VECTOR('',#16501,1.);
#16501 = DIRECTION('',(0.,0.,1.));
#16502 = ORIENTED_EDGE('',*,*,#16503,.F.);
#16503 = EDGE_CURVE('',#16455,#16496,#16504,.T.);
#16504 = CIRCLE('',#16505,7.5E-02);
#16505 = AXIS2_PLACEMENT_3D('',#16506,#16507,#16508);
#16506 = CARTESIAN_POINT('',(-2.579865183976,-0.575,-1.6));
#16507 = DIRECTION('',(0.,-0.,1.));
#16508 = DIRECTION('',(1.,0.,0.));
#16509 = CYLINDRICAL_SURFACE('',#16510,7.5E-02);
#16510 = AXIS2_PLACEMENT_3D('',#16511,#16512,#16513);
#16511 = CARTESIAN_POINT('',(-2.579865183976,-0.575,-2.1));
#16512 = DIRECTION('',(0.,0.,1.));
#16513 = DIRECTION('',(1.,0.,-0.));
#16514 = ADVANCED_FACE('',(#16515),#16540,.F.);
#16515 = FACE_BOUND('',#16516,.T.);
#16516 = EDGE_LOOP('',(#16517,#16525,#16533,#16539));
#16517 = ORIENTED_EDGE('',*,*,#16518,.T.);
#16518 = EDGE_CURVE('',#16496,#16519,#16521,.T.);
#16519 = VERTEX_POINT('',#16520);
#16520 = CARTESIAN_POINT('',(-2.661490769672,-0.624373868681,-1.6));
#16521 = LINE('',#16522,#16523);
#16522 = CARTESIAN_POINT('',(-2.654306145349,-0.565859799245,-1.6));
#16523 = VECTOR('',#16524,1.);
#16524 = DIRECTION('',(-0.121869343405,-0.992546151641,-0.));
#16525 = ORIENTED_EDGE('',*,*,#16526,.F.);
#16526 = EDGE_CURVE('',#16527,#16519,#16529,.T.);
#16527 = VERTEX_POINT('',#16528);
#16528 = CARTESIAN_POINT('',(-2.661490769672,-0.624373868681,-2.1));
#16529 = LINE('',#16530,#16531);
#16530 = CARTESIAN_POINT('',(-2.661490769672,-0.624373868681,-2.1));
#16531 = VECTOR('',#16532,1.);
#16532 = DIRECTION('',(0.,0.,1.));
#16533 = ORIENTED_EDGE('',*,*,#16534,.F.);
#16534 = EDGE_CURVE('',#16487,#16527,#16535,.T.);
#16535 = LINE('',#16536,#16537);
#16536 = CARTESIAN_POINT('',(-2.654306145349,-0.565859799245,-2.1));
#16537 = VECTOR('',#16538,1.);
#16538 = DIRECTION('',(-0.121869343405,-0.992546151641,-0.));
#16539 = ORIENTED_EDGE('',*,*,#16495,.T.);
#16540 = PLANE('',#16541);
#16541 = AXIS2_PLACEMENT_3D('',#16542,#16543,#16544);
#16542 = CARTESIAN_POINT('',(-2.654306145349,-0.565859799245,-2.1));
#16543 = DIRECTION('',(-0.992546151641,0.121869343405,0.));
#16544 = DIRECTION('',(0.121869343405,0.992546151641,0.));
#16545 = ADVANCED_FACE('',(#16546),#16573,.T.);
#16546 = FACE_BOUND('',#16547,.T.);
#16547 = EDGE_LOOP('',(#16548,#16557,#16565,#16572));
#16548 = ORIENTED_EDGE('',*,*,#16549,.T.);
#16549 = EDGE_CURVE('',#16519,#16550,#16552,.T.);
#16550 = VERTEX_POINT('',#16551);
#16551 = CARTESIAN_POINT('',(-2.86,-0.8,-1.6));
#16552 = CIRCLE('',#16553,0.2);
#16553 = AXIS2_PLACEMENT_3D('',#16554,#16555,#16556);
#16554 = CARTESIAN_POINT('',(-2.86,-0.6,-1.6));
#16555 = DIRECTION('',(0.,0.,-1.));
#16556 = DIRECTION('',(-1.,0.,0.));
#16557 = ORIENTED_EDGE('',*,*,#16558,.F.);
#16558 = EDGE_CURVE('',#16559,#16550,#16561,.T.);
#16559 = VERTEX_POINT('',#16560);
#16560 = CARTESIAN_POINT('',(-2.86,-0.8,-2.1));
#16561 = LINE('',#16562,#16563);
#16562 = CARTESIAN_POINT('',(-2.86,-0.8,-2.1));
#16563 = VECTOR('',#16564,1.);
#16564 = DIRECTION('',(0.,0.,1.));
#16565 = ORIENTED_EDGE('',*,*,#16566,.F.);
#16566 = EDGE_CURVE('',#16527,#16559,#16567,.T.);
#16567 = CIRCLE('',#16568,0.2);
#16568 = AXIS2_PLACEMENT_3D('',#16569,#16570,#16571);
#16569 = CARTESIAN_POINT('',(-2.86,-0.6,-2.1));
#16570 = DIRECTION('',(0.,0.,-1.));
#16571 = DIRECTION('',(-1.,0.,0.));
#16572 = ORIENTED_EDGE('',*,*,#16526,.T.);
#16573 = CYLINDRICAL_SURFACE('',#16574,0.2);
#16574 = AXIS2_PLACEMENT_3D('',#16575,#16576,#16577);
#16575 = CARTESIAN_POINT('',(-2.86,-0.6,-2.1));
#16576 = DIRECTION('',(0.,0.,1.));
#16577 = DIRECTION('',(1.,0.,-0.));
#16578 = ADVANCED_FACE('',(#16579),#16604,.F.);
#16579 = FACE_BOUND('',#16580,.T.);
#16580 = EDGE_LOOP('',(#16581,#16589,#16597,#16603));
#16581 = ORIENTED_EDGE('',*,*,#16582,.T.);
#16582 = EDGE_CURVE('',#16550,#16583,#16585,.T.);
#16583 = VERTEX_POINT('',#16584);
#16584 = CARTESIAN_POINT('',(-3.3,-0.8,-1.6));
#16585 = LINE('',#16586,#16587);
#16586 = CARTESIAN_POINT('',(-2.86,-0.8,-1.6));
#16587 = VECTOR('',#16588,1.);
#16588 = DIRECTION('',(-1.,0.,0.));
#16589 = ORIENTED_EDGE('',*,*,#16590,.F.);
#16590 = EDGE_CURVE('',#16591,#16583,#16593,.T.);
#16591 = VERTEX_POINT('',#16592);
#16592 = CARTESIAN_POINT('',(-3.3,-0.8,-2.1));
#16593 = LINE('',#16594,#16595);
#16594 = CARTESIAN_POINT('',(-3.3,-0.8,-2.1));
#16595 = VECTOR('',#16596,1.);
#16596 = DIRECTION('',(0.,0.,1.));
#16597 = ORIENTED_EDGE('',*,*,#16598,.F.);
#16598 = EDGE_CURVE('',#16559,#16591,#16599,.T.);
#16599 = LINE('',#16600,#16601);
#16600 = CARTESIAN_POINT('',(-2.86,-0.8,-2.1));
#16601 = VECTOR('',#16602,1.);
#16602 = DIRECTION('',(-1.,0.,0.));
#16603 = ORIENTED_EDGE('',*,*,#16558,.T.);
#16604 = PLANE('',#16605);
#16605 = AXIS2_PLACEMENT_3D('',#16606,#16607,#16608);
#16606 = CARTESIAN_POINT('',(-2.86,-0.8,-2.1));
#16607 = DIRECTION('',(0.,1.,0.));
#16608 = DIRECTION('',(0.,0.,-1.));
#16609 = ADVANCED_FACE('',(#16610),#16635,.F.);
#16610 = FACE_BOUND('',#16611,.T.);
#16611 = EDGE_LOOP('',(#16612,#16620,#16628,#16634));
#16612 = ORIENTED_EDGE('',*,*,#16613,.T.);
#16613 = EDGE_CURVE('',#16583,#16614,#16616,.T.);
#16614 = VERTEX_POINT('',#16615);
#16615 = CARTESIAN_POINT('',(-3.3,-0.67,-1.6));
#16616 = LINE('',#16617,#16618);
#16617 = CARTESIAN_POINT('',(-3.3,-0.67,-1.6));
#16618 = VECTOR('',#16619,1.);
#16619 = DIRECTION('',(0.,1.,0.));
#16620 = ORIENTED_EDGE('',*,*,#16621,.F.);
#16621 = EDGE_CURVE('',#16622,#16614,#16624,.T.);
#16622 = VERTEX_POINT('',#16623);
#16623 = CARTESIAN_POINT('',(-3.3,-0.67,-2.1));
#16624 = LINE('',#16625,#16626);
#16625 = CARTESIAN_POINT('',(-3.3,-0.67,-2.1));
#16626 = VECTOR('',#16627,1.);
#16627 = DIRECTION('',(0.,0.,1.));
#16628 = ORIENTED_EDGE('',*,*,#16629,.F.);
#16629 = EDGE_CURVE('',#16591,#16622,#16630,.T.);
#16630 = LINE('',#16631,#16632);
#16631 = CARTESIAN_POINT('',(-3.3,-0.67,-2.1));
#16632 = VECTOR('',#16633,1.);
#16633 = DIRECTION('',(0.,1.,0.));
#16634 = ORIENTED_EDGE('',*,*,#16590,.T.);
#16635 = PLANE('',#16636);
#16636 = AXIS2_PLACEMENT_3D('',#16637,#16638,#16639);
#16637 = CARTESIAN_POINT('',(-3.3,-0.67,-2.1));
#16638 = DIRECTION('',(1.,0.,0.));
#16639 = DIRECTION('',(0.,0.,-1.));
#16640 = ADVANCED_FACE('',(#16641),#16666,.F.);
#16641 = FACE_BOUND('',#16642,.T.);
#16642 = EDGE_LOOP('',(#16643,#16651,#16659,#16665));
#16643 = ORIENTED_EDGE('',*,*,#16644,.T.);
#16644 = EDGE_CURVE('',#16614,#16645,#16647,.T.);
#16645 = VERTEX_POINT('',#16646);
#16646 = CARTESIAN_POINT('',(-2.86,-0.67,-1.6));
#16647 = LINE('',#16648,#16649);
#16648 = CARTESIAN_POINT('',(-2.86,-0.67,-1.6));
#16649 = VECTOR('',#16650,1.);
#16650 = DIRECTION('',(1.,-2.464095846558E-16,0.));
#16651 = ORIENTED_EDGE('',*,*,#16652,.F.);
#16652 = EDGE_CURVE('',#16653,#16645,#16655,.T.);
#16653 = VERTEX_POINT('',#16654);
#16654 = CARTESIAN_POINT('',(-2.86,-0.67,-2.1));
#16655 = LINE('',#16656,#16657);
#16656 = CARTESIAN_POINT('',(-2.86,-0.67,-2.1));
#16657 = VECTOR('',#16658,1.);
#16658 = DIRECTION('',(0.,0.,1.));
#16659 = ORIENTED_EDGE('',*,*,#16660,.F.);
#16660 = EDGE_CURVE('',#16622,#16653,#16661,.T.);
#16661 = LINE('',#16662,#16663);
#16662 = CARTESIAN_POINT('',(-2.86,-0.67,-2.1));
#16663 = VECTOR('',#16664,1.);
#16664 = DIRECTION('',(1.,-2.464095846558E-16,0.));
#16665 = ORIENTED_EDGE('',*,*,#16621,.T.);
#16666 = PLANE('',#16667);
#16667 = AXIS2_PLACEMENT_3D('',#16668,#16669,#16670);
#16668 = CARTESIAN_POINT('',(-2.86,-0.67,-2.1));
#16669 = DIRECTION('',(-2.464095846558E-16,-1.,-0.));
#16670 = DIRECTION('',(-1.,2.464095846558E-16,0.));
#16671 = ADVANCED_FACE('',(#16672),#16699,.F.);
#16672 = FACE_BOUND('',#16673,.F.);
#16673 = EDGE_LOOP('',(#16674,#16675,#16684,#16692));
#16674 = ORIENTED_EDGE('',*,*,#16652,.F.);
#16675 = ORIENTED_EDGE('',*,*,#16676,.T.);
#16676 = EDGE_CURVE('',#16653,#16677,#16679,.T.);
#16677 = VERTEX_POINT('',#16678);
#16678 = CARTESIAN_POINT('',(-2.790521769385,-0.608530854038,-2.1));
#16679 = CIRCLE('',#16680,7.E-02);
#16680 = AXIS2_PLACEMENT_3D('',#16681,#16682,#16683);
#16681 = CARTESIAN_POINT('',(-2.86,-0.6,-2.1));
#16682 = DIRECTION('',(0.,-0.,1.));
#16683 = DIRECTION('',(-1.,0.,0.));
#16684 = ORIENTED_EDGE('',*,*,#16685,.T.);
#16685 = EDGE_CURVE('',#16677,#16686,#16688,.T.);
#16686 = VERTEX_POINT('',#16687);
#16687 = CARTESIAN_POINT('',(-2.790521769385,-0.608530854038,-1.6));
#16688 = LINE('',#16689,#16690);
#16689 = CARTESIAN_POINT('',(-2.790521769385,-0.608530854038,-2.1));
#16690 = VECTOR('',#16691,1.);
#16691 = DIRECTION('',(0.,0.,1.));
#16692 = ORIENTED_EDGE('',*,*,#16693,.F.);
#16693 = EDGE_CURVE('',#16645,#16686,#16694,.T.);
#16694 = CIRCLE('',#16695,7.E-02);
#16695 = AXIS2_PLACEMENT_3D('',#16696,#16697,#16698);
#16696 = CARTESIAN_POINT('',(-2.86,-0.6,-1.6));
#16697 = DIRECTION('',(0.,-0.,1.));
#16698 = DIRECTION('',(-1.,0.,0.));
#16699 = CYLINDRICAL_SURFACE('',#16700,7.E-02);
#16700 = AXIS2_PLACEMENT_3D('',#16701,#16702,#16703);
#16701 = CARTESIAN_POINT('',(-2.86,-0.6,-2.1));
#16702 = DIRECTION('',(0.,0.,1.));
#16703 = DIRECTION('',(1.,0.,-0.));
#16704 = ADVANCED_FACE('',(#16705),#16730,.F.);
#16705 = FACE_BOUND('',#16706,.T.);
#16706 = EDGE_LOOP('',(#16707,#16715,#16723,#16729));
#16707 = ORIENTED_EDGE('',*,*,#16708,.T.);
#16708 = EDGE_CURVE('',#16686,#16709,#16711,.T.);
#16709 = VERTEX_POINT('',#16710);
#16710 = CARTESIAN_POINT('',(-2.783337145063,-0.550016784602,-1.6));
#16711 = LINE('',#16712,#16713);
#16712 = CARTESIAN_POINT('',(-2.783337145063,-0.550016784602,-1.6));
#16713 = VECTOR('',#16714,1.);
#16714 = DIRECTION('',(0.121869343405,0.992546151641,0.));
#16715 = ORIENTED_EDGE('',*,*,#16716,.F.);
#16716 = EDGE_CURVE('',#16717,#16709,#16719,.T.);
#16717 = VERTEX_POINT('',#16718);
#16718 = CARTESIAN_POINT('',(-2.783337145063,-0.550016784602,-2.1));
#16719 = LINE('',#16720,#16721);
#16720 = CARTESIAN_POINT('',(-2.783337145063,-0.550016784602,-2.1));
#16721 = VECTOR('',#16722,1.);
#16722 = DIRECTION('',(0.,0.,1.));
#16723 = ORIENTED_EDGE('',*,*,#16724,.F.);
#16724 = EDGE_CURVE('',#16677,#16717,#16725,.T.);
#16725 = LINE('',#16726,#16727);
#16726 = CARTESIAN_POINT('',(-2.783337145063,-0.550016784602,-2.1));
#16727 = VECTOR('',#16728,1.);
#16728 = DIRECTION('',(0.121869343405,0.992546151641,0.));
#16729 = ORIENTED_EDGE('',*,*,#16685,.T.);
#16730 = PLANE('',#16731);
#16731 = AXIS2_PLACEMENT_3D('',#16732,#16733,#16734);
#16732 = CARTESIAN_POINT('',(-2.783337145063,-0.550016784602,-2.1));
#16733 = DIRECTION('',(0.992546151641,-0.121869343405,0.));
#16734 = DIRECTION('',(-0.121869343405,-0.992546151641,0.));
#16735 = ADVANCED_FACE('',(#16736),#16763,.T.);
#16736 = FACE_BOUND('',#16737,.T.);
#16737 = EDGE_LOOP('',(#16738,#16747,#16755,#16762));
#16738 = ORIENTED_EDGE('',*,*,#16739,.T.);
#16739 = EDGE_CURVE('',#16709,#16740,#16742,.T.);
#16740 = VERTEX_POINT('',#16741);
#16741 = CARTESIAN_POINT('',(-2.579865183976,-0.37,-1.6));
#16742 = CIRCLE('',#16743,0.205);
#16743 = AXIS2_PLACEMENT_3D('',#16744,#16745,#16746);
#16744 = CARTESIAN_POINT('',(-2.579865183976,-0.575,-1.6));
#16745 = DIRECTION('',(0.,0.,-1.));
#16746 = DIRECTION('',(1.,0.,0.));
#16747 = ORIENTED_EDGE('',*,*,#16748,.F.);
#16748 = EDGE_CURVE('',#16749,#16740,#16751,.T.);
#16749 = VERTEX_POINT('',#16750);
#16750 = CARTESIAN_POINT('',(-2.579865183976,-0.37,-2.1));
#16751 = LINE('',#16752,#16753);
#16752 = CARTESIAN_POINT('',(-2.579865183976,-0.37,-2.1));
#16753 = VECTOR('',#16754,1.);
#16754 = DIRECTION('',(0.,0.,1.));
#16755 = ORIENTED_EDGE('',*,*,#16756,.F.);
#16756 = EDGE_CURVE('',#16717,#16749,#16757,.T.);
#16757 = CIRCLE('',#16758,0.205);
#16758 = AXIS2_PLACEMENT_3D('',#16759,#16760,#16761);
#16759 = CARTESIAN_POINT('',(-2.579865183976,-0.575,-2.1));
#16760 = DIRECTION('',(0.,0.,-1.));
#16761 = DIRECTION('',(1.,0.,0.));
#16762 = ORIENTED_EDGE('',*,*,#16716,.T.);
#16763 = CYLINDRICAL_SURFACE('',#16764,0.205);
#16764 = AXIS2_PLACEMENT_3D('',#16765,#16766,#16767);
#16765 = CARTESIAN_POINT('',(-2.579865183976,-0.575,-2.1));
#16766 = DIRECTION('',(0.,0.,1.));
#16767 = DIRECTION('',(1.,0.,-0.));
#16768 = ADVANCED_FACE('',(#16769),#16785,.F.);
#16769 = FACE_BOUND('',#16770,.T.);
#16770 = EDGE_LOOP('',(#16771,#16777,#16778,#16784));
#16771 = ORIENTED_EDGE('',*,*,#16772,.T.);
#16772 = EDGE_CURVE('',#16740,#16415,#16773,.T.);
#16773 = LINE('',#16774,#16775);
#16774 = CARTESIAN_POINT('',(-1.7,-0.37,-1.6));
#16775 = VECTOR('',#16776,1.);
#16776 = DIRECTION('',(1.,0.,0.));
#16777 = ORIENTED_EDGE('',*,*,#16440,.F.);
#16778 = ORIENTED_EDGE('',*,*,#16779,.F.);
#16779 = EDGE_CURVE('',#16749,#16433,#16780,.T.);
#16780 = LINE('',#16781,#16782);
#16781 = CARTESIAN_POINT('',(-1.7,-0.37,-2.1));
#16782 = VECTOR('',#16783,1.);
#16783 = DIRECTION('',(1.,0.,0.));
#16784 = ORIENTED_EDGE('',*,*,#16748,.T.);
#16785 = PLANE('',#16786);
#16786 = AXIS2_PLACEMENT_3D('',#16787,#16788,#16789);
#16787 = CARTESIAN_POINT('',(-1.7,-0.37,-2.1));
#16788 = DIRECTION('',(0.,-1.,0.));
#16789 = DIRECTION('',(0.,0.,1.));
#16790 = ADVANCED_FACE('',(#16791),#16805,.F.);
#16791 = FACE_BOUND('',#16792,.T.);
#16792 = EDGE_LOOP('',(#16793,#16794,#16795,#16796,#16797,#16798,#16799,
    #16800,#16801,#16802,#16803,#16804));
#16793 = ORIENTED_EDGE('',*,*,#16432,.T.);
#16794 = ORIENTED_EDGE('',*,*,#16470,.T.);
#16795 = ORIENTED_EDGE('',*,*,#16486,.T.);
#16796 = ORIENTED_EDGE('',*,*,#16534,.T.);
#16797 = ORIENTED_EDGE('',*,*,#16566,.T.);
#16798 = ORIENTED_EDGE('',*,*,#16598,.T.);
#16799 = ORIENTED_EDGE('',*,*,#16629,.T.);
#16800 = ORIENTED_EDGE('',*,*,#16660,.T.);
#16801 = ORIENTED_EDGE('',*,*,#16676,.T.);
#16802 = ORIENTED_EDGE('',*,*,#16724,.T.);
#16803 = ORIENTED_EDGE('',*,*,#16756,.T.);
#16804 = ORIENTED_EDGE('',*,*,#16779,.T.);
#16805 = PLANE('',#16806);
#16806 = AXIS2_PLACEMENT_3D('',#16807,#16808,#16809);
#16807 = CARTESIAN_POINT('',(-2.579865183976,-0.575,-2.1));
#16808 = DIRECTION('',(0.,0.,1.));
#16809 = DIRECTION('',(1.,0.,-0.));
#16810 = ADVANCED_FACE('',(#16811),#16825,.T.);
#16811 = FACE_BOUND('',#16812,.T.);
#16812 = EDGE_LOOP('',(#16813,#16814,#16815,#16816,#16817,#16818,#16819,
    #16820,#16821,#16822,#16823,#16824));
#16813 = ORIENTED_EDGE('',*,*,#16414,.F.);
#16814 = ORIENTED_EDGE('',*,*,#16772,.F.);
#16815 = ORIENTED_EDGE('',*,*,#16739,.F.);
#16816 = ORIENTED_EDGE('',*,*,#16708,.F.);
#16817 = ORIENTED_EDGE('',*,*,#16693,.F.);
#16818 = ORIENTED_EDGE('',*,*,#16644,.F.);
#16819 = ORIENTED_EDGE('',*,*,#16613,.F.);
#16820 = ORIENTED_EDGE('',*,*,#16582,.F.);
#16821 = ORIENTED_EDGE('',*,*,#16549,.F.);
#16822 = ORIENTED_EDGE('',*,*,#16518,.F.);
#16823 = ORIENTED_EDGE('',*,*,#16503,.F.);
#16824 = ORIENTED_EDGE('',*,*,#16454,.F.);
#16825 = PLANE('',#16826);
#16826 = AXIS2_PLACEMENT_3D('',#16827,#16828,#16829);
#16827 = CARTESIAN_POINT('',(-2.579865183976,-0.575,-1.6));
#16828 = DIRECTION('',(0.,0.,1.));
#16829 = DIRECTION('',(1.,0.,-0.));
#16830 = MANIFOLD_SOLID_BREP('',#16831);
#16831 = CLOSED_SHELL('',(#16832,#16872,#16903,#16936,#16967,#17000,
    #17031,#17062,#17093,#17126,#17157,#17190,#17212,#17232));
#16832 = ADVANCED_FACE('',(#16833),#16867,.F.);
#16833 = FACE_BOUND('',#16834,.T.);
#16834 = EDGE_LOOP('',(#16835,#16845,#16853,#16861));
#16835 = ORIENTED_EDGE('',*,*,#16836,.F.);
#16836 = EDGE_CURVE('',#16837,#16839,#16841,.T.);
#16837 = VERTEX_POINT('',#16838);
#16838 = CARTESIAN_POINT('',(1.7,-0.37,-1.6));
#16839 = VERTEX_POINT('',#16840);
#16840 = CARTESIAN_POINT('',(1.7,-0.5,-1.6));
#16841 = LINE('',#16842,#16843);
#16842 = CARTESIAN_POINT('',(1.7,-0.37,-1.6));
#16843 = VECTOR('',#16844,1.);
#16844 = DIRECTION('',(0.,-1.,0.));
#16845 = ORIENTED_EDGE('',*,*,#16846,.F.);
#16846 = EDGE_CURVE('',#16847,#16837,#16849,.T.);
#16847 = VERTEX_POINT('',#16848);
#16848 = CARTESIAN_POINT('',(1.7,-0.37,-2.1));
#16849 = LINE('',#16850,#16851);
#16850 = CARTESIAN_POINT('',(1.7,-0.37,-2.1));
#16851 = VECTOR('',#16852,1.);
#16852 = DIRECTION('',(-0.,-0.,1.));
#16853 = ORIENTED_EDGE('',*,*,#16854,.T.);
#16854 = EDGE_CURVE('',#16847,#16855,#16857,.T.);
#16855 = VERTEX_POINT('',#16856);
#16856 = CARTESIAN_POINT('',(1.7,-0.5,-2.1));
#16857 = LINE('',#16858,#16859);
#16858 = CARTESIAN_POINT('',(1.7,-0.37,-2.1));
#16859 = VECTOR('',#16860,1.);
#16860 = DIRECTION('',(0.,-1.,0.));
#16861 = ORIENTED_EDGE('',*,*,#16862,.T.);
#16862 = EDGE_CURVE('',#16855,#16839,#16863,.T.);
#16863 = LINE('',#16864,#16865);
#16864 = CARTESIAN_POINT('',(1.7,-0.5,-2.1));
#16865 = VECTOR('',#16866,1.);
#16866 = DIRECTION('',(-0.,-0.,1.));
#16867 = PLANE('',#16868);
#16868 = AXIS2_PLACEMENT_3D('',#16869,#16870,#16871);
#16869 = CARTESIAN_POINT('',(1.7,-0.37,-2.1));
#16870 = DIRECTION('',(1.,0.,-0.));
#16871 = DIRECTION('',(0.,0.,1.));
#16872 = ADVANCED_FACE('',(#16873),#16898,.F.);
#16873 = FACE_BOUND('',#16874,.T.);
#16874 = EDGE_LOOP('',(#16875,#16883,#16884,#16892));
#16875 = ORIENTED_EDGE('',*,*,#16876,.F.);
#16876 = EDGE_CURVE('',#16839,#16877,#16879,.T.);
#16877 = VERTEX_POINT('',#16878);
#16878 = CARTESIAN_POINT('',(2.579865183976,-0.5,-1.6));
#16879 = LINE('',#16880,#16881);
#16880 = CARTESIAN_POINT('',(1.7,-0.5,-1.6));
#16881 = VECTOR('',#16882,1.);
#16882 = DIRECTION('',(1.,-1.232236701975E-16,0.));
#16883 = ORIENTED_EDGE('',*,*,#16862,.F.);
#16884 = ORIENTED_EDGE('',*,*,#16885,.T.);
#16885 = EDGE_CURVE('',#16855,#16886,#16888,.T.);
#16886 = VERTEX_POINT('',#16887);
#16887 = CARTESIAN_POINT('',(2.579865183976,-0.5,-2.1));
#16888 = LINE('',#16889,#16890);
#16889 = CARTESIAN_POINT('',(1.7,-0.5,-2.1));
#16890 = VECTOR('',#16891,1.);
#16891 = DIRECTION('',(1.,-1.232236701975E-16,0.));
#16892 = ORIENTED_EDGE('',*,*,#16893,.T.);
#16893 = EDGE_CURVE('',#16886,#16877,#16894,.T.);
#16894 = LINE('',#16895,#16896);
#16895 = CARTESIAN_POINT('',(2.579865183976,-0.5,-2.1));
#16896 = VECTOR('',#16897,1.);
#16897 = DIRECTION('',(-0.,-0.,1.));
#16898 = PLANE('',#16899);
#16899 = AXIS2_PLACEMENT_3D('',#16900,#16901,#16902);
#16900 = CARTESIAN_POINT('',(1.7,-0.5,-2.1));
#16901 = DIRECTION('',(1.232236701975E-16,1.,0.));
#16902 = DIRECTION('',(-1.,1.232236701975E-16,0.));
#16903 = ADVANCED_FACE('',(#16904),#16931,.F.);
#16904 = FACE_BOUND('',#16905,.F.);
#16905 = EDGE_LOOP('',(#16906,#16916,#16923,#16924));
#16906 = ORIENTED_EDGE('',*,*,#16907,.F.);
#16907 = EDGE_CURVE('',#16908,#16910,#16912,.T.);
#16908 = VERTEX_POINT('',#16909);
#16909 = CARTESIAN_POINT('',(2.654306145349,-0.565859799245,-2.1));
#16910 = VERTEX_POINT('',#16911);
#16911 = CARTESIAN_POINT('',(2.654306145349,-0.565859799245,-1.6));
#16912 = LINE('',#16913,#16914);
#16913 = CARTESIAN_POINT('',(2.654306145349,-0.565859799245,-2.1));
#16914 = VECTOR('',#16915,1.);
#16915 = DIRECTION('',(-0.,-0.,1.));
#16916 = ORIENTED_EDGE('',*,*,#16917,.F.);
#16917 = EDGE_CURVE('',#16886,#16908,#16918,.T.);
#16918 = CIRCLE('',#16919,7.5E-02);
#16919 = AXIS2_PLACEMENT_3D('',#16920,#16921,#16922);
#16920 = CARTESIAN_POINT('',(2.579865183976,-0.575,-2.1));
#16921 = DIRECTION('',(0.,0.,-1.));
#16922 = DIRECTION('',(-1.,0.,0.));
#16923 = ORIENTED_EDGE('',*,*,#16893,.T.);
#16924 = ORIENTED_EDGE('',*,*,#16925,.T.);
#16925 = EDGE_CURVE('',#16877,#16910,#16926,.T.);
#16926 = CIRCLE('',#16927,7.5E-02);
#16927 = AXIS2_PLACEMENT_3D('',#16928,#16929,#16930);
#16928 = CARTESIAN_POINT('',(2.579865183976,-0.575,-1.6));
#16929 = DIRECTION('',(0.,0.,-1.));
#16930 = DIRECTION('',(-1.,0.,0.));
#16931 = CYLINDRICAL_SURFACE('',#16932,7.5E-02);
#16932 = AXIS2_PLACEMENT_3D('',#16933,#16934,#16935);
#16933 = CARTESIAN_POINT('',(2.579865183976,-0.575,-2.1));
#16934 = DIRECTION('',(-0.,-0.,1.));
#16935 = DIRECTION('',(-1.,0.,0.));
#16936 = ADVANCED_FACE('',(#16937),#16962,.F.);
#16937 = FACE_BOUND('',#16938,.T.);
#16938 = EDGE_LOOP('',(#16939,#16947,#16948,#16956));
#16939 = ORIENTED_EDGE('',*,*,#16940,.F.);
#16940 = EDGE_CURVE('',#16910,#16941,#16943,.T.);
#16941 = VERTEX_POINT('',#16942);
#16942 = CARTESIAN_POINT('',(2.661490769672,-0.624373868681,-1.6));
#16943 = LINE('',#16944,#16945);
#16944 = CARTESIAN_POINT('',(2.654306145349,-0.565859799245,-1.6));
#16945 = VECTOR('',#16946,1.);
#16946 = DIRECTION('',(0.121869343405,-0.992546151641,0.));
#16947 = ORIENTED_EDGE('',*,*,#16907,.F.);
#16948 = ORIENTED_EDGE('',*,*,#16949,.T.);
#16949 = EDGE_CURVE('',#16908,#16950,#16952,.T.);
#16950 = VERTEX_POINT('',#16951);
#16951 = CARTESIAN_POINT('',(2.661490769672,-0.624373868681,-2.1));
#16952 = LINE('',#16953,#16954);
#16953 = CARTESIAN_POINT('',(2.654306145349,-0.565859799245,-2.1));
#16954 = VECTOR('',#16955,1.);
#16955 = DIRECTION('',(0.121869343405,-0.992546151641,0.));
#16956 = ORIENTED_EDGE('',*,*,#16957,.T.);
#16957 = EDGE_CURVE('',#16950,#16941,#16958,.T.);
#16958 = LINE('',#16959,#16960);
#16959 = CARTESIAN_POINT('',(2.661490769672,-0.624373868681,-2.1));
#16960 = VECTOR('',#16961,1.);
#16961 = DIRECTION('',(-0.,-0.,1.));
#16962 = PLANE('',#16963);
#16963 = AXIS2_PLACEMENT_3D('',#16964,#16965,#16966);
#16964 = CARTESIAN_POINT('',(2.654306145349,-0.565859799245,-2.1));
#16965 = DIRECTION('',(0.992546151641,0.121869343405,0.));
#16966 = DIRECTION('',(-0.121869343405,0.992546151641,0.));
#16967 = ADVANCED_FACE('',(#16968),#16995,.T.);
#16968 = FACE_BOUND('',#16969,.T.);
#16969 = EDGE_LOOP('',(#16970,#16979,#16980,#16989));
#16970 = ORIENTED_EDGE('',*,*,#16971,.F.);
#16971 = EDGE_CURVE('',#16941,#16972,#16974,.T.);
#16972 = VERTEX_POINT('',#16973);
#16973 = CARTESIAN_POINT('',(2.86,-0.8,-1.6));
#16974 = CIRCLE('',#16975,0.2);
#16975 = AXIS2_PLACEMENT_3D('',#16976,#16977,#16978);
#16976 = CARTESIAN_POINT('',(2.86,-0.6,-1.6));
#16977 = DIRECTION('',(0.,-0.,1.));
#16978 = DIRECTION('',(1.,0.,0.));
#16979 = ORIENTED_EDGE('',*,*,#16957,.F.);
#16980 = ORIENTED_EDGE('',*,*,#16981,.T.);
#16981 = EDGE_CURVE('',#16950,#16982,#16984,.T.);
#16982 = VERTEX_POINT('',#16983);
#16983 = CARTESIAN_POINT('',(2.86,-0.8,-2.1));
#16984 = CIRCLE('',#16985,0.2);
#16985 = AXIS2_PLACEMENT_3D('',#16986,#16987,#16988);
#16986 = CARTESIAN_POINT('',(2.86,-0.6,-2.1));
#16987 = DIRECTION('',(0.,-0.,1.));
#16988 = DIRECTION('',(1.,0.,0.));
#16989 = ORIENTED_EDGE('',*,*,#16990,.T.);
#16990 = EDGE_CURVE('',#16982,#16972,#16991,.T.);
#16991 = LINE('',#16992,#16993);
#16992 = CARTESIAN_POINT('',(2.86,-0.8,-2.1));
#16993 = VECTOR('',#16994,1.);
#16994 = DIRECTION('',(-0.,-0.,1.));
#16995 = CYLINDRICAL_SURFACE('',#16996,0.2);
#16996 = AXIS2_PLACEMENT_3D('',#16997,#16998,#16999);
#16997 = CARTESIAN_POINT('',(2.86,-0.6,-2.1));
#16998 = DIRECTION('',(-0.,-0.,1.));
#16999 = DIRECTION('',(-1.,0.,0.));
#17000 = ADVANCED_FACE('',(#17001),#17026,.F.);
#17001 = FACE_BOUND('',#17002,.T.);
#17002 = EDGE_LOOP('',(#17003,#17011,#17012,#17020));
#17003 = ORIENTED_EDGE('',*,*,#17004,.F.);
#17004 = EDGE_CURVE('',#16972,#17005,#17007,.T.);
#17005 = VERTEX_POINT('',#17006);
#17006 = CARTESIAN_POINT('',(3.3,-0.8,-1.6));
#17007 = LINE('',#17008,#17009);
#17008 = CARTESIAN_POINT('',(2.86,-0.8,-1.6));
#17009 = VECTOR('',#17010,1.);
#17010 = DIRECTION('',(1.,0.,0.));
#17011 = ORIENTED_EDGE('',*,*,#16990,.F.);
#17012 = ORIENTED_EDGE('',*,*,#17013,.T.);
#17013 = EDGE_CURVE('',#16982,#17014,#17016,.T.);
#17014 = VERTEX_POINT('',#17015);
#17015 = CARTESIAN_POINT('',(3.3,-0.8,-2.1));
#17016 = LINE('',#17017,#17018);
#17017 = CARTESIAN_POINT('',(2.86,-0.8,-2.1));
#17018 = VECTOR('',#17019,1.);
#17019 = DIRECTION('',(1.,0.,0.));
#17020 = ORIENTED_EDGE('',*,*,#17021,.T.);
#17021 = EDGE_CURVE('',#17014,#17005,#17022,.T.);
#17022 = LINE('',#17023,#17024);
#17023 = CARTESIAN_POINT('',(3.3,-0.8,-2.1));
#17024 = VECTOR('',#17025,1.);
#17025 = DIRECTION('',(-0.,-0.,1.));
#17026 = PLANE('',#17027);
#17027 = AXIS2_PLACEMENT_3D('',#17028,#17029,#17030);
#17028 = CARTESIAN_POINT('',(2.86,-0.8,-2.1));
#17029 = DIRECTION('',(0.,1.,0.));
#17030 = DIRECTION('',(0.,0.,-1.));
#17031 = ADVANCED_FACE('',(#17032),#17057,.F.);
#17032 = FACE_BOUND('',#17033,.T.);
#17033 = EDGE_LOOP('',(#17034,#17042,#17043,#17051));
#17034 = ORIENTED_EDGE('',*,*,#17035,.F.);
#17035 = EDGE_CURVE('',#17005,#17036,#17038,.T.);
#17036 = VERTEX_POINT('',#17037);
#17037 = CARTESIAN_POINT('',(3.3,-0.67,-1.6));
#17038 = LINE('',#17039,#17040);
#17039 = CARTESIAN_POINT('',(3.3,-0.67,-1.6));
#17040 = VECTOR('',#17041,1.);
#17041 = DIRECTION('',(0.,1.,0.));
#17042 = ORIENTED_EDGE('',*,*,#17021,.F.);
#17043 = ORIENTED_EDGE('',*,*,#17044,.T.);
#17044 = EDGE_CURVE('',#17014,#17045,#17047,.T.);
#17045 = VERTEX_POINT('',#17046);
#17046 = CARTESIAN_POINT('',(3.3,-0.67,-2.1));
#17047 = LINE('',#17048,#17049);
#17048 = CARTESIAN_POINT('',(3.3,-0.67,-2.1));
#17049 = VECTOR('',#17050,1.);
#17050 = DIRECTION('',(0.,1.,0.));
#17051 = ORIENTED_EDGE('',*,*,#17052,.T.);
#17052 = EDGE_CURVE('',#17045,#17036,#17053,.T.);
#17053 = LINE('',#17054,#17055);
#17054 = CARTESIAN_POINT('',(3.3,-0.67,-2.1));
#17055 = VECTOR('',#17056,1.);
#17056 = DIRECTION('',(-0.,-0.,1.));
#17057 = PLANE('',#17058);
#17058 = AXIS2_PLACEMENT_3D('',#17059,#17060,#17061);
#17059 = CARTESIAN_POINT('',(3.3,-0.67,-2.1));
#17060 = DIRECTION('',(-1.,0.,0.));
#17061 = DIRECTION('',(0.,0.,-1.));
#17062 = ADVANCED_FACE('',(#17063),#17088,.F.);
#17063 = FACE_BOUND('',#17064,.T.);
#17064 = EDGE_LOOP('',(#17065,#17073,#17074,#17082));
#17065 = ORIENTED_EDGE('',*,*,#17066,.F.);
#17066 = EDGE_CURVE('',#17036,#17067,#17069,.T.);
#17067 = VERTEX_POINT('',#17068);
#17068 = CARTESIAN_POINT('',(2.86,-0.67,-1.6));
#17069 = LINE('',#17070,#17071);
#17070 = CARTESIAN_POINT('',(2.86,-0.67,-1.6));
#17071 = VECTOR('',#17072,1.);
#17072 = DIRECTION('',(-1.,-2.464095846558E-16,0.));
#17073 = ORIENTED_EDGE('',*,*,#17052,.F.);
#17074 = ORIENTED_EDGE('',*,*,#17075,.T.);
#17075 = EDGE_CURVE('',#17045,#17076,#17078,.T.);
#17076 = VERTEX_POINT('',#17077);
#17077 = CARTESIAN_POINT('',(2.86,-0.67,-2.1));
#17078 = LINE('',#17079,#17080);
#17079 = CARTESIAN_POINT('',(2.86,-0.67,-2.1));
#17080 = VECTOR('',#17081,1.);
#17081 = DIRECTION('',(-1.,-2.464095846558E-16,0.));
#17082 = ORIENTED_EDGE('',*,*,#17083,.T.);
#17083 = EDGE_CURVE('',#17076,#17067,#17084,.T.);
#17084 = LINE('',#17085,#17086);
#17085 = CARTESIAN_POINT('',(2.86,-0.67,-2.1));
#17086 = VECTOR('',#17087,1.);
#17087 = DIRECTION('',(-0.,-0.,1.));
#17088 = PLANE('',#17089);
#17089 = AXIS2_PLACEMENT_3D('',#17090,#17091,#17092);
#17090 = CARTESIAN_POINT('',(2.86,-0.67,-2.1));
#17091 = DIRECTION('',(2.464095846558E-16,-1.,0.));
#17092 = DIRECTION('',(1.,2.464095846558E-16,0.));
#17093 = ADVANCED_FACE('',(#17094),#17121,.F.);
#17094 = FACE_BOUND('',#17095,.F.);
#17095 = EDGE_LOOP('',(#17096,#17106,#17113,#17114));
#17096 = ORIENTED_EDGE('',*,*,#17097,.F.);
#17097 = EDGE_CURVE('',#17098,#17100,#17102,.T.);
#17098 = VERTEX_POINT('',#17099);
#17099 = CARTESIAN_POINT('',(2.790521769385,-0.608530854038,-2.1));
#17100 = VERTEX_POINT('',#17101);
#17101 = CARTESIAN_POINT('',(2.790521769385,-0.608530854038,-1.6));
#17102 = LINE('',#17103,#17104);
#17103 = CARTESIAN_POINT('',(2.790521769385,-0.608530854038,-2.1));
#17104 = VECTOR('',#17105,1.);
#17105 = DIRECTION('',(-0.,-0.,1.));
#17106 = ORIENTED_EDGE('',*,*,#17107,.F.);
#17107 = EDGE_CURVE('',#17076,#17098,#17108,.T.);
#17108 = CIRCLE('',#17109,7.E-02);
#17109 = AXIS2_PLACEMENT_3D('',#17110,#17111,#17112);
#17110 = CARTESIAN_POINT('',(2.86,-0.6,-2.1));
#17111 = DIRECTION('',(0.,0.,-1.));
#17112 = DIRECTION('',(1.,0.,0.));
#17113 = ORIENTED_EDGE('',*,*,#17083,.T.);
#17114 = ORIENTED_EDGE('',*,*,#17115,.T.);
#17115 = EDGE_CURVE('',#17067,#17100,#17116,.T.);
#17116 = CIRCLE('',#17117,7.E-02);
#17117 = AXIS2_PLACEMENT_3D('',#17118,#17119,#17120);
#17118 = CARTESIAN_POINT('',(2.86,-0.6,-1.6));
#17119 = DIRECTION('',(0.,0.,-1.));
#17120 = DIRECTION('',(1.,0.,0.));
#17121 = CYLINDRICAL_SURFACE('',#17122,7.E-02);
#17122 = AXIS2_PLACEMENT_3D('',#17123,#17124,#17125);
#17123 = CARTESIAN_POINT('',(2.86,-0.6,-2.1));
#17124 = DIRECTION('',(-0.,-0.,1.));
#17125 = DIRECTION('',(-1.,0.,0.));
#17126 = ADVANCED_FACE('',(#17127),#17152,.F.);
#17127 = FACE_BOUND('',#17128,.T.);
#17128 = EDGE_LOOP('',(#17129,#17137,#17138,#17146));
#17129 = ORIENTED_EDGE('',*,*,#17130,.F.);
#17130 = EDGE_CURVE('',#17100,#17131,#17133,.T.);
#17131 = VERTEX_POINT('',#17132);
#17132 = CARTESIAN_POINT('',(2.783337145063,-0.550016784602,-1.6));
#17133 = LINE('',#17134,#17135);
#17134 = CARTESIAN_POINT('',(2.783337145063,-0.550016784602,-1.6));
#17135 = VECTOR('',#17136,1.);
#17136 = DIRECTION('',(-0.121869343405,0.992546151641,0.));
#17137 = ORIENTED_EDGE('',*,*,#17097,.F.);
#17138 = ORIENTED_EDGE('',*,*,#17139,.T.);
#17139 = EDGE_CURVE('',#17098,#17140,#17142,.T.);
#17140 = VERTEX_POINT('',#17141);
#17141 = CARTESIAN_POINT('',(2.783337145063,-0.550016784602,-2.1));
#17142 = LINE('',#17143,#17144);
#17143 = CARTESIAN_POINT('',(2.783337145063,-0.550016784602,-2.1));
#17144 = VECTOR('',#17145,1.);
#17145 = DIRECTION('',(-0.121869343405,0.992546151641,0.));
#17146 = ORIENTED_EDGE('',*,*,#17147,.T.);
#17147 = EDGE_CURVE('',#17140,#17131,#17148,.T.);
#17148 = LINE('',#17149,#17150);
#17149 = CARTESIAN_POINT('',(2.783337145063,-0.550016784602,-2.1));
#17150 = VECTOR('',#17151,1.);
#17151 = DIRECTION('',(-0.,-0.,1.));
#17152 = PLANE('',#17153);
#17153 = AXIS2_PLACEMENT_3D('',#17154,#17155,#17156);
#17154 = CARTESIAN_POINT('',(2.783337145063,-0.550016784602,-2.1));
#17155 = DIRECTION('',(-0.992546151641,-0.121869343405,0.));
#17156 = DIRECTION('',(0.121869343405,-0.992546151641,0.));
#17157 = ADVANCED_FACE('',(#17158),#17185,.T.);
#17158 = FACE_BOUND('',#17159,.T.);
#17159 = EDGE_LOOP('',(#17160,#17169,#17170,#17179));
#17160 = ORIENTED_EDGE('',*,*,#17161,.F.);
#17161 = EDGE_CURVE('',#17131,#17162,#17164,.T.);
#17162 = VERTEX_POINT('',#17163);
#17163 = CARTESIAN_POINT('',(2.579865183976,-0.37,-1.6));
#17164 = CIRCLE('',#17165,0.205);
#17165 = AXIS2_PLACEMENT_3D('',#17166,#17167,#17168);
#17166 = CARTESIAN_POINT('',(2.579865183976,-0.575,-1.6));
#17167 = DIRECTION('',(0.,-0.,1.));
#17168 = DIRECTION('',(-1.,0.,0.));
#17169 = ORIENTED_EDGE('',*,*,#17147,.F.);
#17170 = ORIENTED_EDGE('',*,*,#17171,.T.);
#17171 = EDGE_CURVE('',#17140,#17172,#17174,.T.);
#17172 = VERTEX_POINT('',#17173);
#17173 = CARTESIAN_POINT('',(2.579865183976,-0.37,-2.1));
#17174 = CIRCLE('',#17175,0.205);
#17175 = AXIS2_PLACEMENT_3D('',#17176,#17177,#17178);
#17176 = CARTESIAN_POINT('',(2.579865183976,-0.575,-2.1));
#17177 = DIRECTION('',(0.,-0.,1.));
#17178 = DIRECTION('',(-1.,0.,0.));
#17179 = ORIENTED_EDGE('',*,*,#17180,.T.);
#17180 = EDGE_CURVE('',#17172,#17162,#17181,.T.);
#17181 = LINE('',#17182,#17183);
#17182 = CARTESIAN_POINT('',(2.579865183976,-0.37,-2.1));
#17183 = VECTOR('',#17184,1.);
#17184 = DIRECTION('',(-0.,-0.,1.));
#17185 = CYLINDRICAL_SURFACE('',#17186,0.205);
#17186 = AXIS2_PLACEMENT_3D('',#17187,#17188,#17189);
#17187 = CARTESIAN_POINT('',(2.579865183976,-0.575,-2.1));
#17188 = DIRECTION('',(-0.,-0.,1.));
#17189 = DIRECTION('',(-1.,0.,0.));
#17190 = ADVANCED_FACE('',(#17191),#17207,.F.);
#17191 = FACE_BOUND('',#17192,.T.);
#17192 = EDGE_LOOP('',(#17193,#17199,#17200,#17206));
#17193 = ORIENTED_EDGE('',*,*,#17194,.F.);
#17194 = EDGE_CURVE('',#17162,#16837,#17195,.T.);
#17195 = LINE('',#17196,#17197);
#17196 = CARTESIAN_POINT('',(1.7,-0.37,-1.6));
#17197 = VECTOR('',#17198,1.);
#17198 = DIRECTION('',(-1.,-0.,0.));
#17199 = ORIENTED_EDGE('',*,*,#17180,.F.);
#17200 = ORIENTED_EDGE('',*,*,#17201,.T.);
#17201 = EDGE_CURVE('',#17172,#16847,#17202,.T.);
#17202 = LINE('',#17203,#17204);
#17203 = CARTESIAN_POINT('',(1.7,-0.37,-2.1));
#17204 = VECTOR('',#17205,1.);
#17205 = DIRECTION('',(-1.,-0.,0.));
#17206 = ORIENTED_EDGE('',*,*,#16846,.T.);
#17207 = PLANE('',#17208);
#17208 = AXIS2_PLACEMENT_3D('',#17209,#17210,#17211);
#17209 = CARTESIAN_POINT('',(1.7,-0.37,-2.1));
#17210 = DIRECTION('',(0.,-1.,0.));
#17211 = DIRECTION('',(0.,0.,1.));
#17212 = ADVANCED_FACE('',(#17213),#17227,.F.);
#17213 = FACE_BOUND('',#17214,.T.);
#17214 = EDGE_LOOP('',(#17215,#17216,#17217,#17218,#17219,#17220,#17221,
    #17222,#17223,#17224,#17225,#17226));
#17215 = ORIENTED_EDGE('',*,*,#16854,.F.);
#17216 = ORIENTED_EDGE('',*,*,#17201,.F.);
#17217 = ORIENTED_EDGE('',*,*,#17171,.F.);
#17218 = ORIENTED_EDGE('',*,*,#17139,.F.);
#17219 = ORIENTED_EDGE('',*,*,#17107,.F.);
#17220 = ORIENTED_EDGE('',*,*,#17075,.F.);
#17221 = ORIENTED_EDGE('',*,*,#17044,.F.);
#17222 = ORIENTED_EDGE('',*,*,#17013,.F.);
#17223 = ORIENTED_EDGE('',*,*,#16981,.F.);
#17224 = ORIENTED_EDGE('',*,*,#16949,.F.);
#17225 = ORIENTED_EDGE('',*,*,#16917,.F.);
#17226 = ORIENTED_EDGE('',*,*,#16885,.F.);
#17227 = PLANE('',#17228);
#17228 = AXIS2_PLACEMENT_3D('',#17229,#17230,#17231);
#17229 = CARTESIAN_POINT('',(2.579865183976,-0.575,-2.1));
#17230 = DIRECTION('',(0.,-0.,1.));
#17231 = DIRECTION('',(-1.,0.,0.));
#17232 = ADVANCED_FACE('',(#17233),#17247,.T.);
#17233 = FACE_BOUND('',#17234,.T.);
#17234 = EDGE_LOOP('',(#17235,#17236,#17237,#17238,#17239,#17240,#17241,
    #17242,#17243,#17244,#17245,#17246));
#17235 = ORIENTED_EDGE('',*,*,#16836,.T.);
#17236 = ORIENTED_EDGE('',*,*,#16876,.T.);
#17237 = ORIENTED_EDGE('',*,*,#16925,.T.);
#17238 = ORIENTED_EDGE('',*,*,#16940,.T.);
#17239 = ORIENTED_EDGE('',*,*,#16971,.T.);
#17240 = ORIENTED_EDGE('',*,*,#17004,.T.);
#17241 = ORIENTED_EDGE('',*,*,#17035,.T.);
#17242 = ORIENTED_EDGE('',*,*,#17066,.T.);
#17243 = ORIENTED_EDGE('',*,*,#17115,.T.);
#17244 = ORIENTED_EDGE('',*,*,#17130,.T.);
#17245 = ORIENTED_EDGE('',*,*,#17161,.T.);
#17246 = ORIENTED_EDGE('',*,*,#17194,.T.);
#17247 = PLANE('',#17248);
#17248 = AXIS2_PLACEMENT_3D('',#17249,#17250,#17251);
#17249 = CARTESIAN_POINT('',(2.579865183976,-0.575,-1.6));
#17250 = DIRECTION('',(0.,-0.,1.));
#17251 = DIRECTION('',(-1.,0.,0.));
#17252 = ( GEOMETRIC_REPRESENTATION_CONTEXT(3) 
GLOBAL_UNCERTAINTY_ASSIGNED_CONTEXT((#17256)) 
GLOBAL_UNIT_ASSIGNED_CONTEXT((#17253,#17254,#17255)) 
REPRESENTATION_CONTEXT('Context #1',
  '3D Context with UNIT and UNCERTAINTY') );
#17253 = ( LENGTH_UNIT() NAMED_UNIT(*) SI_UNIT(.MILLI.,.METRE.) );
#17254 = ( NAMED_UNIT(*) PLANE_ANGLE_UNIT() SI_UNIT($,.RADIAN.) );
#17255 = ( NAMED_UNIT(*) SI_UNIT($,.STERADIAN.) SOLID_ANGLE_UNIT() );
#17256 = UNCERTAINTY_MEASURE_WITH_UNIT(LENGTH_MEASURE(1.E-07),#17253,
  'distance_accuracy_value','confusion accuracy');
#17257 = CONTEXT_DEPENDENT_SHAPE_REPRESENTATION(#17258,#17260);
#17258 = ( REPRESENTATION_RELATIONSHIP('','',#12697,#10) 
REPRESENTATION_RELATIONSHIP_WITH_TRANSFORMATION(#17259) 
SHAPE_REPRESENTATION_RELATIONSHIP() );
#17259 = ITEM_DEFINED_TRANSFORMATION('','',#11,#71);
#17260 = PRODUCT_DEFINITION_SHAPE('Placement','Placement of an item',
  #17261);
#17261 = NEXT_ASSEMBLY_USAGE_OCCURRENCE('15','S1','',#5,#12692,$);
#17262 = PRODUCT_RELATED_PRODUCT_CATEGORY('part',$,(#12694));
#17263 = SHAPE_DEFINITION_REPRESENTATION(#17264,#17270);
#17264 = PRODUCT_DEFINITION_SHAPE('','',#17265);
#17265 = PRODUCT_DEFINITION('design','',#17266,#17269);
#17266 = PRODUCT_DEFINITION_FORMATION('','',#17267);
#17267 = PRODUCT('Brine_PCB','Brine_PCB','',(#17268));
#17268 = PRODUCT_CONTEXT('',#2,'mechanical');
#17269 = PRODUCT_DEFINITION_CONTEXT('part definition',#2,'design');
#17270 = ADVANCED_BREP_SHAPE_REPRESENTATION('',(#11,#17271),#18737);
#17271 = MANIFOLD_SOLID_BREP('',#17272);
#17272 = CLOSED_SHELL('',(#17273,#17315,#17346,#17377,#17745,#18113,
    #18130,#18147,#18164,#18181,#18198,#18215,#18232,#18249,#18266,
    #18283,#18300,#18317,#18334,#18351,#18368,#18385,#18402,#18419,
    #18431,#18448,#18465,#18482,#18499,#18516,#18533,#18550,#18567,
    #18584,#18601,#18618,#18635,#18652,#18669,#18686,#18703,#18720));
#17273 = ADVANCED_FACE('',(#17274),#17310,.T.);
#17274 = FACE_BOUND('',#17275,.T.);
#17275 = EDGE_LOOP('',(#17276,#17286,#17295,#17303));
#17276 = ORIENTED_EDGE('',*,*,#17277,.T.);
#17277 = EDGE_CURVE('',#17278,#17280,#17282,.T.);
#17278 = VERTEX_POINT('',#17279);
#17279 = CARTESIAN_POINT('',(144.78,-70.104,0.));
#17280 = VERTEX_POINT('',#17281);
#17281 = CARTESIAN_POINT('',(144.78,-70.104,1.51));
#17282 = LINE('',#17283,#17284);
#17283 = CARTESIAN_POINT('',(144.78,-70.104,0.));
#17284 = VECTOR('',#17285,1.);
#17285 = DIRECTION('',(0.,0.,1.));
#17286 = ORIENTED_EDGE('',*,*,#17287,.T.);
#17287 = EDGE_CURVE('',#17280,#17288,#17290,.T.);
#17288 = VERTEX_POINT('',#17289);
#17289 = CARTESIAN_POINT('',(145.796,-71.12,1.51));
#17290 = CIRCLE('',#17291,1.016001671896);
#17291 = AXIS2_PLACEMENT_3D('',#17292,#17293,#17294);
#17292 = CARTESIAN_POINT('',(144.7799983281,-71.12000167189,1.51));
#17293 = DIRECTION('',(0.,0.,-1.));
#17294 = DIRECTION('',(1.645562543983E-06,0.999999999999,0.));
#17295 = ORIENTED_EDGE('',*,*,#17296,.F.);
#17296 = EDGE_CURVE('',#17297,#17288,#17299,.T.);
#17297 = VERTEX_POINT('',#17298);
#17298 = CARTESIAN_POINT('',(145.796,-71.12,0.));
#17299 = LINE('',#17300,#17301);
#17300 = CARTESIAN_POINT('',(145.796,-71.12,0.));
#17301 = VECTOR('',#17302,1.);
#17302 = DIRECTION('',(0.,0.,1.));
#17303 = ORIENTED_EDGE('',*,*,#17304,.F.);
#17304 = EDGE_CURVE('',#17278,#17297,#17305,.T.);
#17305 = CIRCLE('',#17306,1.016001671896);
#17306 = AXIS2_PLACEMENT_3D('',#17307,#17308,#17309);
#17307 = CARTESIAN_POINT('',(144.7799983281,-71.12000167189,0.));
#17308 = DIRECTION('',(0.,0.,-1.));
#17309 = DIRECTION('',(1.645562543983E-06,0.999999999999,0.));
#17310 = CYLINDRICAL_SURFACE('',#17311,1.016001671896);
#17311 = AXIS2_PLACEMENT_3D('',#17312,#17313,#17314);
#17312 = CARTESIAN_POINT('',(144.7799983281,-71.12000167189,0.));
#17313 = DIRECTION('',(0.,0.,-1.));
#17314 = DIRECTION('',(1.645562543983E-06,0.999999999999,0.));
#17315 = ADVANCED_FACE('',(#17316),#17341,.T.);
#17316 = FACE_BOUND('',#17317,.T.);
#17317 = EDGE_LOOP('',(#17318,#17328,#17334,#17335));
#17318 = ORIENTED_EDGE('',*,*,#17319,.T.);
#17319 = EDGE_CURVE('',#17320,#17322,#17324,.T.);
#17320 = VERTEX_POINT('',#17321);
#17321 = CARTESIAN_POINT('',(142.623017,-70.102946,0.));
#17322 = VERTEX_POINT('',#17323);
#17323 = CARTESIAN_POINT('',(142.623017,-70.102946,1.51));
#17324 = LINE('',#17325,#17326);
#17325 = CARTESIAN_POINT('',(142.623017,-70.102946,0.));
#17326 = VECTOR('',#17327,1.);
#17327 = DIRECTION('',(0.,0.,1.));
#17328 = ORIENTED_EDGE('',*,*,#17329,.T.);
#17329 = EDGE_CURVE('',#17322,#17280,#17330,.T.);
#17330 = LINE('',#17331,#17332);
#17331 = CARTESIAN_POINT('',(142.623017,-70.102946,1.51));
#17332 = VECTOR('',#17333,1.);
#17333 = DIRECTION('',(0.999999880613,-4.886454247262E-04,0.));
#17334 = ORIENTED_EDGE('',*,*,#17277,.F.);
#17335 = ORIENTED_EDGE('',*,*,#17336,.F.);
#17336 = EDGE_CURVE('',#17320,#17278,#17337,.T.);
#17337 = LINE('',#17338,#17339);
#17338 = CARTESIAN_POINT('',(142.623017,-70.102946,0.));
#17339 = VECTOR('',#17340,1.);
#17340 = DIRECTION('',(0.999999880613,-4.886454247262E-04,0.));
#17341 = PLANE('',#17342);
#17342 = AXIS2_PLACEMENT_3D('',#17343,#17344,#17345);
#17343 = CARTESIAN_POINT('',(142.623017,-70.102946,0.));
#17344 = DIRECTION('',(4.886454247262E-04,0.999999880613,-0.));
#17345 = DIRECTION('',(0.999999880613,-4.886454247262E-04,0.));
#17346 = ADVANCED_FACE('',(#17347),#17372,.T.);
#17347 = FACE_BOUND('',#17348,.T.);
#17348 = EDGE_LOOP('',(#17349,#17350,#17358,#17366));
#17349 = ORIENTED_EDGE('',*,*,#17296,.T.);
#17350 = ORIENTED_EDGE('',*,*,#17351,.T.);
#17351 = EDGE_CURVE('',#17288,#17352,#17354,.T.);
#17352 = VERTEX_POINT('',#17353);
#17353 = CARTESIAN_POINT('',(145.796,-88.9,1.51));
#17354 = LINE('',#17355,#17356);
#17355 = CARTESIAN_POINT('',(145.796,-71.12,1.51));
#17356 = VECTOR('',#17357,1.);
#17357 = DIRECTION('',(0.,-1.,0.));
#17358 = ORIENTED_EDGE('',*,*,#17359,.F.);
#17359 = EDGE_CURVE('',#17360,#17352,#17362,.T.);
#17360 = VERTEX_POINT('',#17361);
#17361 = CARTESIAN_POINT('',(145.796,-88.9,0.));
#17362 = LINE('',#17363,#17364);
#17363 = CARTESIAN_POINT('',(145.796,-88.9,0.));
#17364 = VECTOR('',#17365,1.);
#17365 = DIRECTION('',(0.,0.,1.));
#17366 = ORIENTED_EDGE('',*,*,#17367,.F.);
#17367 = EDGE_CURVE('',#17297,#17360,#17368,.T.);
#17368 = LINE('',#17369,#17370);
#17369 = CARTESIAN_POINT('',(145.796,-71.12,0.));
#17370 = VECTOR('',#17371,1.);
#17371 = DIRECTION('',(0.,-1.,0.));
#17372 = PLANE('',#17373);
#17373 = AXIS2_PLACEMENT_3D('',#17374,#17375,#17376);
#17374 = CARTESIAN_POINT('',(145.796,-71.12,0.));
#17375 = DIRECTION('',(1.,0.,-0.));
#17376 = DIRECTION('',(0.,-1.,0.));
#17377 = ADVANCED_FACE('',(#17378,#17542,#17553,#17564,#17575,#17586,
    #17597,#17608,#17619,#17630,#17641,#17652,#17663,#17674,#17685,
    #17696,#17707,#17718,#17729),#17740,.F.);
#17378 = FACE_BOUND('',#17379,.F.);
#17379 = EDGE_LOOP('',(#17380,#17381,#17382,#17391,#17399,#17408,#17416,
    #17425,#17433,#17441,#17449,#17458,#17466,#17475,#17483,#17492,
    #17500,#17509,#17517,#17526,#17534,#17541));
#17380 = ORIENTED_EDGE('',*,*,#17304,.F.);
#17381 = ORIENTED_EDGE('',*,*,#17336,.F.);
#17382 = ORIENTED_EDGE('',*,*,#17383,.F.);
#17383 = EDGE_CURVE('',#17384,#17320,#17386,.T.);
#17384 = VERTEX_POINT('',#17385);
#17385 = CARTESIAN_POINT('',(141.923521,-70.794684,0.));
#17386 = CIRCLE('',#17387,0.693452549162);
#17387 = AXIS2_PLACEMENT_3D('',#17388,#17389,#17390);
#17388 = CARTESIAN_POINT('',(142.61697149421,-70.79637219636,0.));
#17389 = DIRECTION('',(0.,0.,-1.));
#17390 = DIRECTION('',(-0.999997036649,2.434479998113E-03,0.));
#17391 = ORIENTED_EDGE('',*,*,#17392,.F.);
#17392 = EDGE_CURVE('',#17393,#17384,#17395,.T.);
#17393 = VERTEX_POINT('',#17394);
#17394 = CARTESIAN_POINT('',(141.925317,-74.168,0.));
#17395 = LINE('',#17396,#17397);
#17396 = CARTESIAN_POINT('',(141.925317,-74.168,0.));
#17397 = VECTOR('',#17398,1.);
#17398 = DIRECTION('',(-5.324137274605E-04,0.999999858268,0.));
#17399 = ORIENTED_EDGE('',*,*,#17400,.F.);
#17400 = EDGE_CURVE('',#17401,#17393,#17403,.T.);
#17401 = VERTEX_POINT('',#17402);
#17402 = CARTESIAN_POINT('',(139.893317,-76.2,0.));
#17403 = CIRCLE('',#17404,2.031999929568);
#17404 = AXIS2_PLACEMENT_3D('',#17405,#17406,#17407);
#17405 = CARTESIAN_POINT('',(139.89331707043,-74.16800007043,0.));
#17406 = DIRECTION('',(0.,0.,1.));
#17407 = DIRECTION('',(-3.466121298491E-08,-1.,0.));
#17408 = ORIENTED_EDGE('',*,*,#17409,.F.);
#17409 = EDGE_CURVE('',#17410,#17401,#17412,.T.);
#17410 = VERTEX_POINT('',#17411);
#17411 = CARTESIAN_POINT('',(137.800623,-76.2,0.));
#17412 = LINE('',#17413,#17414);
#17413 = CARTESIAN_POINT('',(137.800623,-76.2,0.));
#17414 = VECTOR('',#17415,1.);
#17415 = DIRECTION('',(1.,0.,0.));
#17416 = ORIENTED_EDGE('',*,*,#17417,.F.);
#17417 = EDGE_CURVE('',#17418,#17410,#17420,.T.);
#17418 = VERTEX_POINT('',#17419);
#17419 = CARTESIAN_POINT('',(137.159977,-76.833285,0.));
#17420 = CIRCLE('',#17421,0.635023629113);
#17421 = AXIS2_PLACEMENT_3D('',#17422,#17423,#17424);
#17422 = CARTESIAN_POINT('',(137.79499831672,-76.83499871847,0.));
#17423 = DIRECTION('',(0.,0.,-1.));
#17424 = DIRECTION('',(-0.999996358587,2.698668837038E-03,0.));
#17425 = ORIENTED_EDGE('',*,*,#17426,.F.);
#17426 = EDGE_CURVE('',#17427,#17418,#17429,.T.);
#17427 = VERTEX_POINT('',#17428);
#17428 = CARTESIAN_POINT('',(137.16,-95.25,0.));
#17429 = LINE('',#17430,#17431);
#17430 = CARTESIAN_POINT('',(137.16,-95.25,0.));
#17431 = VECTOR('',#17432,1.);
#17432 = DIRECTION('',(-1.248865500647E-06,0.999999999999,0.));
#17433 = ORIENTED_EDGE('',*,*,#17434,.F.);
#17434 = EDGE_CURVE('',#17435,#17427,#17437,.T.);
#17435 = VERTEX_POINT('',#17436);
#17436 = CARTESIAN_POINT('',(137.16,-105.41,0.));
#17437 = LINE('',#17438,#17439);
#17438 = CARTESIAN_POINT('',(137.16,-105.41,0.));
#17439 = VECTOR('',#17440,1.);
#17440 = DIRECTION('',(0.,1.,0.));
#17441 = ORIENTED_EDGE('',*,*,#17442,.F.);
#17442 = EDGE_CURVE('',#17443,#17435,#17445,.T.);
#17443 = VERTEX_POINT('',#17444);
#17444 = CARTESIAN_POINT('',(137.16,-110.744,0.));
#17445 = LINE('',#17446,#17447);
#17446 = CARTESIAN_POINT('',(137.16,-110.744,0.));
#17447 = VECTOR('',#17448,1.);
#17448 = DIRECTION('',(0.,1.,0.));
#17449 = ORIENTED_EDGE('',*,*,#17450,.F.);
#17450 = EDGE_CURVE('',#17451,#17443,#17453,.T.);
#17451 = VERTEX_POINT('',#17452);
#17452 = CARTESIAN_POINT('',(139.192,-112.776,0.));
#17453 = CIRCLE('',#17454,2.031999929568);
#17454 = AXIS2_PLACEMENT_3D('',#17455,#17456,#17457);
#17455 = CARTESIAN_POINT('',(139.19199992956,-110.7440000704,0.));
#17456 = DIRECTION('',(0.,0.,-1.));
#17457 = DIRECTION('',(3.466122697198E-08,-1.,0.));
#17458 = ORIENTED_EDGE('',*,*,#17459,.F.);
#17459 = EDGE_CURVE('',#17460,#17451,#17462,.T.);
#17460 = VERTEX_POINT('',#17461);
#17461 = CARTESIAN_POINT('',(165.608,-112.776,0.));
#17462 = LINE('',#17463,#17464);
#17463 = CARTESIAN_POINT('',(165.608,-112.776,0.));
#17464 = VECTOR('',#17465,1.);
#17465 = DIRECTION('',(-1.,0.,0.));
#17466 = ORIENTED_EDGE('',*,*,#17467,.F.);
#17467 = EDGE_CURVE('',#17468,#17460,#17470,.T.);
#17468 = VERTEX_POINT('',#17469);
#17469 = CARTESIAN_POINT('',(167.64,-110.744,0.));
#17470 = CIRCLE('',#17471,2.031999929568);
#17471 = AXIS2_PLACEMENT_3D('',#17472,#17473,#17474);
#17472 = CARTESIAN_POINT('',(165.60800007043,-110.7440000704,0.));
#17473 = DIRECTION('',(0.,0.,-1.));
#17474 = DIRECTION('',(1.,3.466121997844E-08,0.));
#17475 = ORIENTED_EDGE('',*,*,#17476,.F.);
#17476 = EDGE_CURVE('',#17477,#17468,#17479,.T.);
#17477 = VERTEX_POINT('',#17478);
#17478 = CARTESIAN_POINT('',(167.64,-72.136,0.));
#17479 = LINE('',#17480,#17481);
#17480 = CARTESIAN_POINT('',(167.64,-72.136,0.));
#17481 = VECTOR('',#17482,1.);
#17482 = DIRECTION('',(0.,-1.,0.));
#17483 = ORIENTED_EDGE('',*,*,#17484,.F.);
#17484 = EDGE_CURVE('',#17485,#17477,#17487,.T.);
#17485 = VERTEX_POINT('',#17486);
#17486 = CARTESIAN_POINT('',(165.608,-70.104,0.));
#17487 = CIRCLE('',#17488,2.031999929568);
#17488 = AXIS2_PLACEMENT_3D('',#17489,#17490,#17491);
#17489 = CARTESIAN_POINT('',(165.60800007043,-72.13599992956,0.));
#17490 = DIRECTION('',(0.,0.,-1.));
#17491 = DIRECTION('',(-3.466121298491E-08,1.,0.));
#17492 = ORIENTED_EDGE('',*,*,#17493,.F.);
#17493 = EDGE_CURVE('',#17494,#17485,#17496,.T.);
#17494 = VERTEX_POINT('',#17495);
#17495 = CARTESIAN_POINT('',(160.02,-70.104,0.));
#17496 = LINE('',#17497,#17498);
#17497 = CARTESIAN_POINT('',(160.02,-70.104,0.));
#17498 = VECTOR('',#17499,1.);
#17499 = DIRECTION('',(1.,0.,0.));
#17500 = ORIENTED_EDGE('',*,*,#17501,.F.);
#17501 = EDGE_CURVE('',#17502,#17494,#17504,.T.);
#17502 = VERTEX_POINT('',#17503);
#17503 = CARTESIAN_POINT('',(158.999357,-71.096698,0.));
#17504 = CIRCLE('',#17505,1.012349346812);
#17505 = AXIS2_PLACEMENT_3D('',#17506,#17507,#17508);
#17506 = CARTESIAN_POINT('',(160.0115162861,-71.11631379847,0.));
#17507 = DIRECTION('',(0.,0.,-1.));
#17508 = DIRECTION('',(-0.999812257783,1.937651122148E-02,0.));
#17509 = ORIENTED_EDGE('',*,*,#17510,.F.);
#17510 = EDGE_CURVE('',#17511,#17502,#17513,.T.);
#17511 = VERTEX_POINT('',#17512);
#17512 = CARTESIAN_POINT('',(159.00373,-88.876597,0.));
#17513 = LINE('',#17514,#17515);
#17514 = CARTESIAN_POINT('',(159.00373,-88.876597,0.));
#17515 = VECTOR('',#17516,1.);
#17516 = DIRECTION('',(-2.459518958865E-04,0.999999969754,0.));
#17517 = ORIENTED_EDGE('',*,*,#17518,.F.);
#17518 = EDGE_CURVE('',#17519,#17511,#17521,.T.);
#17519 = VERTEX_POINT('',#17520);
#17520 = CARTESIAN_POINT('',(157.988,-89.916,0.));
#17521 = CIRCLE('',#17522,1.016000397278);
#17522 = AXIS2_PLACEMENT_3D('',#17523,#17524,#17525);
#17523 = CARTESIAN_POINT('',(157.98799916682,-88.89999960272,0.));
#17524 = DIRECTION('',(0.,0.,1.));
#17525 = DIRECTION('',(8.2005039434E-07,-1.,0.));
#17526 = ORIENTED_EDGE('',*,*,#17527,.F.);
#17527 = EDGE_CURVE('',#17528,#17519,#17530,.T.);
#17528 = VERTEX_POINT('',#17529);
#17529 = CARTESIAN_POINT('',(146.812,-89.916,0.));
#17530 = LINE('',#17531,#17532);
#17531 = CARTESIAN_POINT('',(146.812,-89.916,0.));
#17532 = VECTOR('',#17533,1.);
#17533 = DIRECTION('',(1.,0.,0.));
#17534 = ORIENTED_EDGE('',*,*,#17535,.F.);
#17535 = EDGE_CURVE('',#17360,#17528,#17536,.T.);
#17536 = CIRCLE('',#17537,1.016001671896);
#17537 = AXIS2_PLACEMENT_3D('',#17538,#17539,#17540);
#17538 = CARTESIAN_POINT('',(146.81200167189,-88.8999983281,0.));
#17539 = DIRECTION('',(0.,0.,1.));
#17540 = DIRECTION('',(-0.999999999999,-1.645562571957E-06,0.));
#17541 = ORIENTED_EDGE('',*,*,#17367,.F.);
#17542 = FACE_BOUND('',#17543,.F.);
#17543 = EDGE_LOOP('',(#17544));
#17544 = ORIENTED_EDGE('',*,*,#17545,.T.);
#17545 = EDGE_CURVE('',#17546,#17546,#17548,.T.);
#17546 = VERTEX_POINT('',#17547);
#17547 = CARTESIAN_POINT('',(141.4,-106.175,0.));
#17548 = CIRCLE('',#17549,0.375);
#17549 = AXIS2_PLACEMENT_3D('',#17550,#17551,#17552);
#17550 = CARTESIAN_POINT('',(141.4,-105.8,0.));
#17551 = DIRECTION('',(-0.,0.,-1.));
#17552 = DIRECTION('',(-0.,-1.,0.));
#17553 = FACE_BOUND('',#17554,.F.);
#17554 = EDGE_LOOP('',(#17555));
#17555 = ORIENTED_EDGE('',*,*,#17556,.T.);
#17556 = EDGE_CURVE('',#17557,#17557,#17559,.T.);
#17557 = VERTEX_POINT('',#17558);
#17558 = CARTESIAN_POINT('',(143.4,-106.175,0.));
#17559 = CIRCLE('',#17560,0.375);
#17560 = AXIS2_PLACEMENT_3D('',#17561,#17562,#17563);
#17561 = CARTESIAN_POINT('',(143.4,-105.8,0.));
#17562 = DIRECTION('',(-0.,0.,-1.));
#17563 = DIRECTION('',(-0.,-1.,0.));
#17564 = FACE_BOUND('',#17565,.F.);
#17565 = EDGE_LOOP('',(#17566));
#17566 = ORIENTED_EDGE('',*,*,#17567,.T.);
#17567 = EDGE_CURVE('',#17568,#17568,#17570,.T.);
#17568 = VERTEX_POINT('',#17569);
#17569 = CARTESIAN_POINT('',(139.7,-83.05,0.));
#17570 = CIRCLE('',#17571,0.5);
#17571 = AXIS2_PLACEMENT_3D('',#17572,#17573,#17574);
#17572 = CARTESIAN_POINT('',(139.7,-82.55,0.));
#17573 = DIRECTION('',(-0.,0.,-1.));
#17574 = DIRECTION('',(-0.,-1.,0.));
#17575 = FACE_BOUND('',#17576,.F.);
#17576 = EDGE_LOOP('',(#17577));
#17577 = ORIENTED_EDGE('',*,*,#17578,.T.);
#17578 = EDGE_CURVE('',#17579,#17579,#17581,.T.);
#17579 = VERTEX_POINT('',#17580);
#17580 = CARTESIAN_POINT('',(144.78,-88.8365,0.));
#17581 = CIRCLE('',#17582,0.4445);
#17582 = AXIS2_PLACEMENT_3D('',#17583,#17584,#17585);
#17583 = CARTESIAN_POINT('',(144.78,-88.392,0.));
#17584 = DIRECTION('',(-0.,0.,-1.));
#17585 = DIRECTION('',(-0.,-1.,0.));
#17586 = FACE_BOUND('',#17587,.F.);
#17587 = EDGE_LOOP('',(#17588));
#17588 = ORIENTED_EDGE('',*,*,#17589,.T.);
#17589 = EDGE_CURVE('',#17590,#17590,#17592,.T.);
#17590 = VERTEX_POINT('',#17591);
#17591 = CARTESIAN_POINT('',(144.78,-86.2965,0.));
#17592 = CIRCLE('',#17593,0.4445);
#17593 = AXIS2_PLACEMENT_3D('',#17594,#17595,#17596);
#17594 = CARTESIAN_POINT('',(144.78,-85.852,0.));
#17595 = DIRECTION('',(-0.,0.,-1.));
#17596 = DIRECTION('',(-0.,-1.,0.));
#17597 = FACE_BOUND('',#17598,.F.);
#17598 = EDGE_LOOP('',(#17599));
#17599 = ORIENTED_EDGE('',*,*,#17600,.T.);
#17600 = EDGE_CURVE('',#17601,#17601,#17603,.T.);
#17601 = VERTEX_POINT('',#17602);
#17602 = CARTESIAN_POINT('',(144.78,-83.7565,0.));
#17603 = CIRCLE('',#17604,0.4445);
#17604 = AXIS2_PLACEMENT_3D('',#17605,#17606,#17607);
#17605 = CARTESIAN_POINT('',(144.78,-83.312,0.));
#17606 = DIRECTION('',(-0.,0.,-1.));
#17607 = DIRECTION('',(-0.,-1.,0.));
#17608 = FACE_BOUND('',#17609,.F.);
#17609 = EDGE_LOOP('',(#17610));
#17610 = ORIENTED_EDGE('',*,*,#17611,.T.);
#17611 = EDGE_CURVE('',#17612,#17612,#17614,.T.);
#17612 = VERTEX_POINT('',#17613);
#17613 = CARTESIAN_POINT('',(139.7,-80.51,0.));
#17614 = CIRCLE('',#17615,0.5);
#17615 = AXIS2_PLACEMENT_3D('',#17616,#17617,#17618);
#17616 = CARTESIAN_POINT('',(139.7,-80.01,0.));
#17617 = DIRECTION('',(-0.,0.,-1.));
#17618 = DIRECTION('',(-0.,-1.,0.));
#17619 = FACE_BOUND('',#17620,.F.);
#17620 = EDGE_LOOP('',(#17621));
#17621 = ORIENTED_EDGE('',*,*,#17622,.T.);
#17622 = EDGE_CURVE('',#17623,#17623,#17625,.T.);
#17623 = VERTEX_POINT('',#17624);
#17624 = CARTESIAN_POINT('',(144.78,-81.2165,0.));
#17625 = CIRCLE('',#17626,0.4445);
#17626 = AXIS2_PLACEMENT_3D('',#17627,#17628,#17629);
#17627 = CARTESIAN_POINT('',(144.78,-80.772,0.));
#17628 = DIRECTION('',(-0.,0.,-1.));
#17629 = DIRECTION('',(-0.,-1.,0.));
#17630 = FACE_BOUND('',#17631,.F.);
#17631 = EDGE_LOOP('',(#17632));
#17632 = ORIENTED_EDGE('',*,*,#17633,.T.);
#17633 = EDGE_CURVE('',#17634,#17634,#17636,.T.);
#17634 = VERTEX_POINT('',#17635);
#17635 = CARTESIAN_POINT('',(144.78,-78.6765,0.));
#17636 = CIRCLE('',#17637,0.4445);
#17637 = AXIS2_PLACEMENT_3D('',#17638,#17639,#17640);
#17638 = CARTESIAN_POINT('',(144.78,-78.232,0.));
#17639 = DIRECTION('',(-0.,0.,-1.));
#17640 = DIRECTION('',(-0.,-1.,0.));
#17641 = FACE_BOUND('',#17642,.F.);
#17642 = EDGE_LOOP('',(#17643));
#17643 = ORIENTED_EDGE('',*,*,#17644,.T.);
#17644 = EDGE_CURVE('',#17645,#17645,#17647,.T.);
#17645 = VERTEX_POINT('',#17646);
#17646 = CARTESIAN_POINT('',(144.78,-76.1365,0.));
#17647 = CIRCLE('',#17648,0.4445);
#17648 = AXIS2_PLACEMENT_3D('',#17649,#17650,#17651);
#17649 = CARTESIAN_POINT('',(144.78,-75.692,0.));
#17650 = DIRECTION('',(-0.,0.,-1.));
#17651 = DIRECTION('',(-0.,-1.,0.));
#17652 = FACE_BOUND('',#17653,.F.);
#17653 = EDGE_LOOP('',(#17654));
#17654 = ORIENTED_EDGE('',*,*,#17655,.T.);
#17655 = EDGE_CURVE('',#17656,#17656,#17658,.T.);
#17656 = VERTEX_POINT('',#17657);
#17657 = CARTESIAN_POINT('',(144.78,-73.5965,0.));
#17658 = CIRCLE('',#17659,0.4445);
#17659 = AXIS2_PLACEMENT_3D('',#17660,#17661,#17662);
#17660 = CARTESIAN_POINT('',(144.78,-73.152,0.));
#17661 = DIRECTION('',(-0.,0.,-1.));
#17662 = DIRECTION('',(-0.,-1.,0.));
#17663 = FACE_BOUND('',#17664,.F.);
#17664 = EDGE_LOOP('',(#17665));
#17665 = ORIENTED_EDGE('',*,*,#17666,.T.);
#17666 = EDGE_CURVE('',#17667,#17667,#17669,.T.);
#17667 = VERTEX_POINT('',#17668);
#17668 = CARTESIAN_POINT('',(160.02,-88.8365,0.));
#17669 = CIRCLE('',#17670,0.4445);
#17670 = AXIS2_PLACEMENT_3D('',#17671,#17672,#17673);
#17671 = CARTESIAN_POINT('',(160.02,-88.392,0.));
#17672 = DIRECTION('',(-0.,0.,-1.));
#17673 = DIRECTION('',(6.39408536117E-14,-1.,-0.));
#17674 = FACE_BOUND('',#17675,.F.);
#17675 = EDGE_LOOP('',(#17676));
#17676 = ORIENTED_EDGE('',*,*,#17677,.T.);
#17677 = EDGE_CURVE('',#17678,#17678,#17680,.T.);
#17678 = VERTEX_POINT('',#17679);
#17679 = CARTESIAN_POINT('',(160.02,-86.2965,0.));
#17680 = CIRCLE('',#17681,0.4445);
#17681 = AXIS2_PLACEMENT_3D('',#17682,#17683,#17684);
#17682 = CARTESIAN_POINT('',(160.02,-85.852,0.));
#17683 = DIRECTION('',(-0.,0.,-1.));
#17684 = DIRECTION('',(6.394085361171E-14,-1.,-0.));
#17685 = FACE_BOUND('',#17686,.F.);
#17686 = EDGE_LOOP('',(#17687));
#17687 = ORIENTED_EDGE('',*,*,#17688,.T.);
#17688 = EDGE_CURVE('',#17689,#17689,#17691,.T.);
#17689 = VERTEX_POINT('',#17690);
#17690 = CARTESIAN_POINT('',(160.02,-83.7565,0.));
#17691 = CIRCLE('',#17692,0.4445);
#17692 = AXIS2_PLACEMENT_3D('',#17693,#17694,#17695);
#17693 = CARTESIAN_POINT('',(160.02,-83.312,0.));
#17694 = DIRECTION('',(-0.,0.,-1.));
#17695 = DIRECTION('',(6.39408536117E-14,-1.,-0.));
#17696 = FACE_BOUND('',#17697,.F.);
#17697 = EDGE_LOOP('',(#17698));
#17698 = ORIENTED_EDGE('',*,*,#17699,.T.);
#17699 = EDGE_CURVE('',#17700,#17700,#17702,.T.);
#17700 = VERTEX_POINT('',#17701);
#17701 = CARTESIAN_POINT('',(160.02,-81.2165,0.));
#17702 = CIRCLE('',#17703,0.4445);
#17703 = AXIS2_PLACEMENT_3D('',#17704,#17705,#17706);
#17704 = CARTESIAN_POINT('',(160.02,-80.772,0.));
#17705 = DIRECTION('',(-0.,0.,-1.));
#17706 = DIRECTION('',(6.39408536117E-14,-1.,-0.));
#17707 = FACE_BOUND('',#17708,.F.);
#17708 = EDGE_LOOP('',(#17709));
#17709 = ORIENTED_EDGE('',*,*,#17710,.T.);
#17710 = EDGE_CURVE('',#17711,#17711,#17713,.T.);
#17711 = VERTEX_POINT('',#17712);
#17712 = CARTESIAN_POINT('',(160.02,-78.6765,0.));
#17713 = CIRCLE('',#17714,0.4445);
#17714 = AXIS2_PLACEMENT_3D('',#17715,#17716,#17717);
#17715 = CARTESIAN_POINT('',(160.02,-78.232,0.));
#17716 = DIRECTION('',(-0.,0.,-1.));
#17717 = DIRECTION('',(6.39408536117E-14,-1.,-0.));
#17718 = FACE_BOUND('',#17719,.F.);
#17719 = EDGE_LOOP('',(#17720));
#17720 = ORIENTED_EDGE('',*,*,#17721,.T.);
#17721 = EDGE_CURVE('',#17722,#17722,#17724,.T.);
#17722 = VERTEX_POINT('',#17723);
#17723 = CARTESIAN_POINT('',(160.02,-76.1365,0.));
#17724 = CIRCLE('',#17725,0.4445);
#17725 = AXIS2_PLACEMENT_3D('',#17726,#17727,#17728);
#17726 = CARTESIAN_POINT('',(160.02,-75.692,0.));
#17727 = DIRECTION('',(-0.,0.,-1.));
#17728 = DIRECTION('',(6.39408536117E-14,-1.,-0.));
#17729 = FACE_BOUND('',#17730,.F.);
#17730 = EDGE_LOOP('',(#17731));
#17731 = ORIENTED_EDGE('',*,*,#17732,.T.);
#17732 = EDGE_CURVE('',#17733,#17733,#17735,.T.);
#17733 = VERTEX_POINT('',#17734);
#17734 = CARTESIAN_POINT('',(160.02,-73.5965,0.));
#17735 = CIRCLE('',#17736,0.4445);
#17736 = AXIS2_PLACEMENT_3D('',#17737,#17738,#17739);
#17737 = CARTESIAN_POINT('',(160.02,-73.152,0.));
#17738 = DIRECTION('',(-0.,0.,-1.));
#17739 = DIRECTION('',(6.39408536117E-14,-1.,-0.));
#17740 = PLANE('',#17741);
#17741 = AXIS2_PLACEMENT_3D('',#17742,#17743,#17744);
#17742 = CARTESIAN_POINT('',(0.,0.,0.));
#17743 = DIRECTION('',(0.,0.,1.));
#17744 = DIRECTION('',(1.,0.,-0.));
#17745 = ADVANCED_FACE('',(#17746,#17910,#17921,#17932,#17943,#17954,
    #17965,#17976,#17987,#17998,#18009,#18020,#18031,#18042,#18053,
    #18064,#18075,#18086,#18097),#18108,.T.);
#17746 = FACE_BOUND('',#17747,.T.);
#17747 = EDGE_LOOP('',(#17748,#17749,#17750,#17759,#17767,#17776,#17784,
    #17793,#17801,#17809,#17817,#17826,#17834,#17843,#17851,#17860,
    #17868,#17877,#17885,#17894,#17902,#17909));
#17748 = ORIENTED_EDGE('',*,*,#17287,.F.);
#17749 = ORIENTED_EDGE('',*,*,#17329,.F.);
#17750 = ORIENTED_EDGE('',*,*,#17751,.F.);
#17751 = EDGE_CURVE('',#17752,#17322,#17754,.T.);
#17752 = VERTEX_POINT('',#17753);
#17753 = CARTESIAN_POINT('',(141.923521,-70.794684,1.51));
#17754 = CIRCLE('',#17755,0.693452549162);
#17755 = AXIS2_PLACEMENT_3D('',#17756,#17757,#17758);
#17756 = CARTESIAN_POINT('',(142.61697149421,-70.79637219636,1.51));
#17757 = DIRECTION('',(0.,0.,-1.));
#17758 = DIRECTION('',(-0.999997036649,2.434479998113E-03,0.));
#17759 = ORIENTED_EDGE('',*,*,#17760,.F.);
#17760 = EDGE_CURVE('',#17761,#17752,#17763,.T.);
#17761 = VERTEX_POINT('',#17762);
#17762 = CARTESIAN_POINT('',(141.925317,-74.168,1.51));
#17763 = LINE('',#17764,#17765);
#17764 = CARTESIAN_POINT('',(141.925317,-74.168,1.51));
#17765 = VECTOR('',#17766,1.);
#17766 = DIRECTION('',(-5.324137274605E-04,0.999999858268,0.));
#17767 = ORIENTED_EDGE('',*,*,#17768,.F.);
#17768 = EDGE_CURVE('',#17769,#17761,#17771,.T.);
#17769 = VERTEX_POINT('',#17770);
#17770 = CARTESIAN_POINT('',(139.893317,-76.2,1.51));
#17771 = CIRCLE('',#17772,2.031999929568);
#17772 = AXIS2_PLACEMENT_3D('',#17773,#17774,#17775);
#17773 = CARTESIAN_POINT('',(139.89331707043,-74.16800007043,1.51));
#17774 = DIRECTION('',(0.,0.,1.));
#17775 = DIRECTION('',(-3.466121298491E-08,-1.,0.));
#17776 = ORIENTED_EDGE('',*,*,#17777,.F.);
#17777 = EDGE_CURVE('',#17778,#17769,#17780,.T.);
#17778 = VERTEX_POINT('',#17779);
#17779 = CARTESIAN_POINT('',(137.800623,-76.2,1.51));
#17780 = LINE('',#17781,#17782);
#17781 = CARTESIAN_POINT('',(137.800623,-76.2,1.51));
#17782 = VECTOR('',#17783,1.);
#17783 = DIRECTION('',(1.,0.,0.));
#17784 = ORIENTED_EDGE('',*,*,#17785,.F.);
#17785 = EDGE_CURVE('',#17786,#17778,#17788,.T.);
#17786 = VERTEX_POINT('',#17787);
#17787 = CARTESIAN_POINT('',(137.159977,-76.833285,1.51));
#17788 = CIRCLE('',#17789,0.635023629113);
#17789 = AXIS2_PLACEMENT_3D('',#17790,#17791,#17792);
#17790 = CARTESIAN_POINT('',(137.79499831672,-76.83499871847,1.51));
#17791 = DIRECTION('',(0.,0.,-1.));
#17792 = DIRECTION('',(-0.999996358587,2.698668837038E-03,0.));
#17793 = ORIENTED_EDGE('',*,*,#17794,.F.);
#17794 = EDGE_CURVE('',#17795,#17786,#17797,.T.);
#17795 = VERTEX_POINT('',#17796);
#17796 = CARTESIAN_POINT('',(137.16,-95.25,1.51));
#17797 = LINE('',#17798,#17799);
#17798 = CARTESIAN_POINT('',(137.16,-95.25,1.51));
#17799 = VECTOR('',#17800,1.);
#17800 = DIRECTION('',(-1.248865500647E-06,0.999999999999,0.));
#17801 = ORIENTED_EDGE('',*,*,#17802,.F.);
#17802 = EDGE_CURVE('',#17803,#17795,#17805,.T.);
#17803 = VERTEX_POINT('',#17804);
#17804 = CARTESIAN_POINT('',(137.16,-105.41,1.51));
#17805 = LINE('',#17806,#17807);
#17806 = CARTESIAN_POINT('',(137.16,-105.41,1.51));
#17807 = VECTOR('',#17808,1.);
#17808 = DIRECTION('',(0.,1.,0.));
#17809 = ORIENTED_EDGE('',*,*,#17810,.F.);
#17810 = EDGE_CURVE('',#17811,#17803,#17813,.T.);
#17811 = VERTEX_POINT('',#17812);
#17812 = CARTESIAN_POINT('',(137.16,-110.744,1.51));
#17813 = LINE('',#17814,#17815);
#17814 = CARTESIAN_POINT('',(137.16,-110.744,1.51));
#17815 = VECTOR('',#17816,1.);
#17816 = DIRECTION('',(0.,1.,0.));
#17817 = ORIENTED_EDGE('',*,*,#17818,.F.);
#17818 = EDGE_CURVE('',#17819,#17811,#17821,.T.);
#17819 = VERTEX_POINT('',#17820);
#17820 = CARTESIAN_POINT('',(139.192,-112.776,1.51));
#17821 = CIRCLE('',#17822,2.031999929568);
#17822 = AXIS2_PLACEMENT_3D('',#17823,#17824,#17825);
#17823 = CARTESIAN_POINT('',(139.19199992956,-110.7440000704,1.51));
#17824 = DIRECTION('',(0.,0.,-1.));
#17825 = DIRECTION('',(3.466122697198E-08,-1.,0.));
#17826 = ORIENTED_EDGE('',*,*,#17827,.F.);
#17827 = EDGE_CURVE('',#17828,#17819,#17830,.T.);
#17828 = VERTEX_POINT('',#17829);
#17829 = CARTESIAN_POINT('',(165.608,-112.776,1.51));
#17830 = LINE('',#17831,#17832);
#17831 = CARTESIAN_POINT('',(165.608,-112.776,1.51));
#17832 = VECTOR('',#17833,1.);
#17833 = DIRECTION('',(-1.,0.,0.));
#17834 = ORIENTED_EDGE('',*,*,#17835,.F.);
#17835 = EDGE_CURVE('',#17836,#17828,#17838,.T.);
#17836 = VERTEX_POINT('',#17837);
#17837 = CARTESIAN_POINT('',(167.64,-110.744,1.51));
#17838 = CIRCLE('',#17839,2.031999929568);
#17839 = AXIS2_PLACEMENT_3D('',#17840,#17841,#17842);
#17840 = CARTESIAN_POINT('',(165.60800007043,-110.7440000704,1.51));
#17841 = DIRECTION('',(0.,0.,-1.));
#17842 = DIRECTION('',(1.,3.466121997844E-08,0.));
#17843 = ORIENTED_EDGE('',*,*,#17844,.F.);
#17844 = EDGE_CURVE('',#17845,#17836,#17847,.T.);
#17845 = VERTEX_POINT('',#17846);
#17846 = CARTESIAN_POINT('',(167.64,-72.136,1.51));
#17847 = LINE('',#17848,#17849);
#17848 = CARTESIAN_POINT('',(167.64,-72.136,1.51));
#17849 = VECTOR('',#17850,1.);
#17850 = DIRECTION('',(0.,-1.,0.));
#17851 = ORIENTED_EDGE('',*,*,#17852,.F.);
#17852 = EDGE_CURVE('',#17853,#17845,#17855,.T.);
#17853 = VERTEX_POINT('',#17854);
#17854 = CARTESIAN_POINT('',(165.608,-70.104,1.51));
#17855 = CIRCLE('',#17856,2.031999929568);
#17856 = AXIS2_PLACEMENT_3D('',#17857,#17858,#17859);
#17857 = CARTESIAN_POINT('',(165.60800007043,-72.13599992956,1.51));
#17858 = DIRECTION('',(0.,0.,-1.));
#17859 = DIRECTION('',(-3.466121298491E-08,1.,0.));
#17860 = ORIENTED_EDGE('',*,*,#17861,.F.);
#17861 = EDGE_CURVE('',#17862,#17853,#17864,.T.);
#17862 = VERTEX_POINT('',#17863);
#17863 = CARTESIAN_POINT('',(160.02,-70.104,1.51));
#17864 = LINE('',#17865,#17866);
#17865 = CARTESIAN_POINT('',(160.02,-70.104,1.51));
#17866 = VECTOR('',#17867,1.);
#17867 = DIRECTION('',(1.,0.,0.));
#17868 = ORIENTED_EDGE('',*,*,#17869,.F.);
#17869 = EDGE_CURVE('',#17870,#17862,#17872,.T.);
#17870 = VERTEX_POINT('',#17871);
#17871 = CARTESIAN_POINT('',(158.999357,-71.096698,1.51));
#17872 = CIRCLE('',#17873,1.012349346812);
#17873 = AXIS2_PLACEMENT_3D('',#17874,#17875,#17876);
#17874 = CARTESIAN_POINT('',(160.0115162861,-71.11631379847,1.51));
#17875 = DIRECTION('',(0.,0.,-1.));
#17876 = DIRECTION('',(-0.999812257783,1.937651122148E-02,0.));
#17877 = ORIENTED_EDGE('',*,*,#17878,.F.);
#17878 = EDGE_CURVE('',#17879,#17870,#17881,.T.);
#17879 = VERTEX_POINT('',#17880);
#17880 = CARTESIAN_POINT('',(159.00373,-88.876597,1.51));
#17881 = LINE('',#17882,#17883);
#17882 = CARTESIAN_POINT('',(159.00373,-88.876597,1.51));
#17883 = VECTOR('',#17884,1.);
#17884 = DIRECTION('',(-2.459518958865E-04,0.999999969754,0.));
#17885 = ORIENTED_EDGE('',*,*,#17886,.F.);
#17886 = EDGE_CURVE('',#17887,#17879,#17889,.T.);
#17887 = VERTEX_POINT('',#17888);
#17888 = CARTESIAN_POINT('',(157.988,-89.916,1.51));
#17889 = CIRCLE('',#17890,1.016000397278);
#17890 = AXIS2_PLACEMENT_3D('',#17891,#17892,#17893);
#17891 = CARTESIAN_POINT('',(157.98799916682,-88.89999960272,1.51));
#17892 = DIRECTION('',(0.,0.,1.));
#17893 = DIRECTION('',(8.2005039434E-07,-1.,0.));
#17894 = ORIENTED_EDGE('',*,*,#17895,.F.);
#17895 = EDGE_CURVE('',#17896,#17887,#17898,.T.);
#17896 = VERTEX_POINT('',#17897);
#17897 = CARTESIAN_POINT('',(146.812,-89.916,1.51));
#17898 = LINE('',#17899,#17900);
#17899 = CARTESIAN_POINT('',(146.812,-89.916,1.51));
#17900 = VECTOR('',#17901,1.);
#17901 = DIRECTION('',(1.,0.,0.));
#17902 = ORIENTED_EDGE('',*,*,#17903,.F.);
#17903 = EDGE_CURVE('',#17352,#17896,#17904,.T.);
#17904 = CIRCLE('',#17905,1.016001671896);
#17905 = AXIS2_PLACEMENT_3D('',#17906,#17907,#17908);
#17906 = CARTESIAN_POINT('',(146.81200167189,-88.8999983281,1.51));
#17907 = DIRECTION('',(0.,0.,1.));
#17908 = DIRECTION('',(-0.999999999999,-1.645562571957E-06,0.));
#17909 = ORIENTED_EDGE('',*,*,#17351,.F.);
#17910 = FACE_BOUND('',#17911,.T.);
#17911 = EDGE_LOOP('',(#17912));
#17912 = ORIENTED_EDGE('',*,*,#17913,.T.);
#17913 = EDGE_CURVE('',#17914,#17914,#17916,.T.);
#17914 = VERTEX_POINT('',#17915);
#17915 = CARTESIAN_POINT('',(141.4,-106.175,1.51));
#17916 = CIRCLE('',#17917,0.375);
#17917 = AXIS2_PLACEMENT_3D('',#17918,#17919,#17920);
#17918 = CARTESIAN_POINT('',(141.4,-105.8,1.51));
#17919 = DIRECTION('',(-0.,0.,-1.));
#17920 = DIRECTION('',(-0.,-1.,0.));
#17921 = FACE_BOUND('',#17922,.T.);
#17922 = EDGE_LOOP('',(#17923));
#17923 = ORIENTED_EDGE('',*,*,#17924,.T.);
#17924 = EDGE_CURVE('',#17925,#17925,#17927,.T.);
#17925 = VERTEX_POINT('',#17926);
#17926 = CARTESIAN_POINT('',(143.4,-106.175,1.51));
#17927 = CIRCLE('',#17928,0.375);
#17928 = AXIS2_PLACEMENT_3D('',#17929,#17930,#17931);
#17929 = CARTESIAN_POINT('',(143.4,-105.8,1.51));
#17930 = DIRECTION('',(-0.,0.,-1.));
#17931 = DIRECTION('',(-0.,-1.,0.));
#17932 = FACE_BOUND('',#17933,.T.);
#17933 = EDGE_LOOP('',(#17934));
#17934 = ORIENTED_EDGE('',*,*,#17935,.T.);
#17935 = EDGE_CURVE('',#17936,#17936,#17938,.T.);
#17936 = VERTEX_POINT('',#17937);
#17937 = CARTESIAN_POINT('',(139.7,-83.05,1.51));
#17938 = CIRCLE('',#17939,0.5);
#17939 = AXIS2_PLACEMENT_3D('',#17940,#17941,#17942);
#17940 = CARTESIAN_POINT('',(139.7,-82.55,1.51));
#17941 = DIRECTION('',(-0.,0.,-1.));
#17942 = DIRECTION('',(-0.,-1.,0.));
#17943 = FACE_BOUND('',#17944,.T.);
#17944 = EDGE_LOOP('',(#17945));
#17945 = ORIENTED_EDGE('',*,*,#17946,.T.);
#17946 = EDGE_CURVE('',#17947,#17947,#17949,.T.);
#17947 = VERTEX_POINT('',#17948);
#17948 = CARTESIAN_POINT('',(144.78,-88.8365,1.51));
#17949 = CIRCLE('',#17950,0.4445);
#17950 = AXIS2_PLACEMENT_3D('',#17951,#17952,#17953);
#17951 = CARTESIAN_POINT('',(144.78,-88.392,1.51));
#17952 = DIRECTION('',(-0.,0.,-1.));
#17953 = DIRECTION('',(-0.,-1.,0.));
#17954 = FACE_BOUND('',#17955,.T.);
#17955 = EDGE_LOOP('',(#17956));
#17956 = ORIENTED_EDGE('',*,*,#17957,.T.);
#17957 = EDGE_CURVE('',#17958,#17958,#17960,.T.);
#17958 = VERTEX_POINT('',#17959);
#17959 = CARTESIAN_POINT('',(144.78,-86.2965,1.51));
#17960 = CIRCLE('',#17961,0.4445);
#17961 = AXIS2_PLACEMENT_3D('',#17962,#17963,#17964);
#17962 = CARTESIAN_POINT('',(144.78,-85.852,1.51));
#17963 = DIRECTION('',(-0.,0.,-1.));
#17964 = DIRECTION('',(-0.,-1.,0.));
#17965 = FACE_BOUND('',#17966,.T.);
#17966 = EDGE_LOOP('',(#17967));
#17967 = ORIENTED_EDGE('',*,*,#17968,.T.);
#17968 = EDGE_CURVE('',#17969,#17969,#17971,.T.);
#17969 = VERTEX_POINT('',#17970);
#17970 = CARTESIAN_POINT('',(144.78,-83.7565,1.51));
#17971 = CIRCLE('',#17972,0.4445);
#17972 = AXIS2_PLACEMENT_3D('',#17973,#17974,#17975);
#17973 = CARTESIAN_POINT('',(144.78,-83.312,1.51));
#17974 = DIRECTION('',(-0.,0.,-1.));
#17975 = DIRECTION('',(-0.,-1.,0.));
#17976 = FACE_BOUND('',#17977,.T.);
#17977 = EDGE_LOOP('',(#17978));
#17978 = ORIENTED_EDGE('',*,*,#17979,.T.);
#17979 = EDGE_CURVE('',#17980,#17980,#17982,.T.);
#17980 = VERTEX_POINT('',#17981);
#17981 = CARTESIAN_POINT('',(139.7,-80.51,1.51));
#17982 = CIRCLE('',#17983,0.5);
#17983 = AXIS2_PLACEMENT_3D('',#17984,#17985,#17986);
#17984 = CARTESIAN_POINT('',(139.7,-80.01,1.51));
#17985 = DIRECTION('',(-0.,0.,-1.));
#17986 = DIRECTION('',(-0.,-1.,0.));
#17987 = FACE_BOUND('',#17988,.T.);
#17988 = EDGE_LOOP('',(#17989));
#17989 = ORIENTED_EDGE('',*,*,#17990,.T.);
#17990 = EDGE_CURVE('',#17991,#17991,#17993,.T.);
#17991 = VERTEX_POINT('',#17992);
#17992 = CARTESIAN_POINT('',(144.78,-81.2165,1.51));
#17993 = CIRCLE('',#17994,0.4445);
#17994 = AXIS2_PLACEMENT_3D('',#17995,#17996,#17997);
#17995 = CARTESIAN_POINT('',(144.78,-80.772,1.51));
#17996 = DIRECTION('',(-0.,0.,-1.));
#17997 = DIRECTION('',(-0.,-1.,0.));
#17998 = FACE_BOUND('',#17999,.T.);
#17999 = EDGE_LOOP('',(#18000));
#18000 = ORIENTED_EDGE('',*,*,#18001,.T.);
#18001 = EDGE_CURVE('',#18002,#18002,#18004,.T.);
#18002 = VERTEX_POINT('',#18003);
#18003 = CARTESIAN_POINT('',(144.78,-78.6765,1.51));
#18004 = CIRCLE('',#18005,0.4445);
#18005 = AXIS2_PLACEMENT_3D('',#18006,#18007,#18008);
#18006 = CARTESIAN_POINT('',(144.78,-78.232,1.51));
#18007 = DIRECTION('',(-0.,0.,-1.));
#18008 = DIRECTION('',(-0.,-1.,0.));
#18009 = FACE_BOUND('',#18010,.T.);
#18010 = EDGE_LOOP('',(#18011));
#18011 = ORIENTED_EDGE('',*,*,#18012,.T.);
#18012 = EDGE_CURVE('',#18013,#18013,#18015,.T.);
#18013 = VERTEX_POINT('',#18014);
#18014 = CARTESIAN_POINT('',(144.78,-76.1365,1.51));
#18015 = CIRCLE('',#18016,0.4445);
#18016 = AXIS2_PLACEMENT_3D('',#18017,#18018,#18019);
#18017 = CARTESIAN_POINT('',(144.78,-75.692,1.51));
#18018 = DIRECTION('',(-0.,0.,-1.));
#18019 = DIRECTION('',(-0.,-1.,0.));
#18020 = FACE_BOUND('',#18021,.T.);
#18021 = EDGE_LOOP('',(#18022));
#18022 = ORIENTED_EDGE('',*,*,#18023,.T.);
#18023 = EDGE_CURVE('',#18024,#18024,#18026,.T.);
#18024 = VERTEX_POINT('',#18025);
#18025 = CARTESIAN_POINT('',(144.78,-73.5965,1.51));
#18026 = CIRCLE('',#18027,0.4445);
#18027 = AXIS2_PLACEMENT_3D('',#18028,#18029,#18030);
#18028 = CARTESIAN_POINT('',(144.78,-73.152,1.51));
#18029 = DIRECTION('',(-0.,0.,-1.));
#18030 = DIRECTION('',(-0.,-1.,0.));
#18031 = FACE_BOUND('',#18032,.T.);
#18032 = EDGE_LOOP('',(#18033));
#18033 = ORIENTED_EDGE('',*,*,#18034,.T.);
#18034 = EDGE_CURVE('',#18035,#18035,#18037,.T.);
#18035 = VERTEX_POINT('',#18036);
#18036 = CARTESIAN_POINT('',(160.02,-88.8365,1.51));
#18037 = CIRCLE('',#18038,0.4445);
#18038 = AXIS2_PLACEMENT_3D('',#18039,#18040,#18041);
#18039 = CARTESIAN_POINT('',(160.02,-88.392,1.51));
#18040 = DIRECTION('',(-0.,0.,-1.));
#18041 = DIRECTION('',(6.39408536117E-14,-1.,-0.));
#18042 = FACE_BOUND('',#18043,.T.);
#18043 = EDGE_LOOP('',(#18044));
#18044 = ORIENTED_EDGE('',*,*,#18045,.T.);
#18045 = EDGE_CURVE('',#18046,#18046,#18048,.T.);
#18046 = VERTEX_POINT('',#18047);
#18047 = CARTESIAN_POINT('',(160.02,-86.2965,1.51));
#18048 = CIRCLE('',#18049,0.4445);
#18049 = AXIS2_PLACEMENT_3D('',#18050,#18051,#18052);
#18050 = CARTESIAN_POINT('',(160.02,-85.852,1.51));
#18051 = DIRECTION('',(-0.,0.,-1.));
#18052 = DIRECTION('',(6.394085361171E-14,-1.,-0.));
#18053 = FACE_BOUND('',#18054,.T.);
#18054 = EDGE_LOOP('',(#18055));
#18055 = ORIENTED_EDGE('',*,*,#18056,.T.);
#18056 = EDGE_CURVE('',#18057,#18057,#18059,.T.);
#18057 = VERTEX_POINT('',#18058);
#18058 = CARTESIAN_POINT('',(160.02,-83.7565,1.51));
#18059 = CIRCLE('',#18060,0.4445);
#18060 = AXIS2_PLACEMENT_3D('',#18061,#18062,#18063);
#18061 = CARTESIAN_POINT('',(160.02,-83.312,1.51));
#18062 = DIRECTION('',(-0.,0.,-1.));
#18063 = DIRECTION('',(6.39408536117E-14,-1.,-0.));
#18064 = FACE_BOUND('',#18065,.T.);
#18065 = EDGE_LOOP('',(#18066));
#18066 = ORIENTED_EDGE('',*,*,#18067,.T.);
#18067 = EDGE_CURVE('',#18068,#18068,#18070,.T.);
#18068 = VERTEX_POINT('',#18069);
#18069 = CARTESIAN_POINT('',(160.02,-81.2165,1.51));
#18070 = CIRCLE('',#18071,0.4445);
#18071 = AXIS2_PLACEMENT_3D('',#18072,#18073,#18074);
#18072 = CARTESIAN_POINT('',(160.02,-80.772,1.51));
#18073 = DIRECTION('',(-0.,0.,-1.));
#18074 = DIRECTION('',(6.39408536117E-14,-1.,-0.));
#18075 = FACE_BOUND('',#18076,.T.);
#18076 = EDGE_LOOP('',(#18077));
#18077 = ORIENTED_EDGE('',*,*,#18078,.T.);
#18078 = EDGE_CURVE('',#18079,#18079,#18081,.T.);
#18079 = VERTEX_POINT('',#18080);
#18080 = CARTESIAN_POINT('',(160.02,-78.6765,1.51));
#18081 = CIRCLE('',#18082,0.4445);
#18082 = AXIS2_PLACEMENT_3D('',#18083,#18084,#18085);
#18083 = CARTESIAN_POINT('',(160.02,-78.232,1.51));
#18084 = DIRECTION('',(-0.,0.,-1.));
#18085 = DIRECTION('',(6.39408536117E-14,-1.,-0.));
#18086 = FACE_BOUND('',#18087,.T.);
#18087 = EDGE_LOOP('',(#18088));
#18088 = ORIENTED_EDGE('',*,*,#18089,.T.);
#18089 = EDGE_CURVE('',#18090,#18090,#18092,.T.);
#18090 = VERTEX_POINT('',#18091);
#18091 = CARTESIAN_POINT('',(160.02,-76.1365,1.51));
#18092 = CIRCLE('',#18093,0.4445);
#18093 = AXIS2_PLACEMENT_3D('',#18094,#18095,#18096);
#18094 = CARTESIAN_POINT('',(160.02,-75.692,1.51));
#18095 = DIRECTION('',(-0.,0.,-1.));
#18096 = DIRECTION('',(6.39408536117E-14,-1.,-0.));
#18097 = FACE_BOUND('',#18098,.T.);
#18098 = EDGE_LOOP('',(#18099));
#18099 = ORIENTED_EDGE('',*,*,#18100,.T.);
#18100 = EDGE_CURVE('',#18101,#18101,#18103,.T.);
#18101 = VERTEX_POINT('',#18102);
#18102 = CARTESIAN_POINT('',(160.02,-73.5965,1.51));
#18103 = CIRCLE('',#18104,0.4445);
#18104 = AXIS2_PLACEMENT_3D('',#18105,#18106,#18107);
#18105 = CARTESIAN_POINT('',(160.02,-73.152,1.51));
#18106 = DIRECTION('',(-0.,0.,-1.));
#18107 = DIRECTION('',(6.39408536117E-14,-1.,-0.));
#18108 = PLANE('',#18109);
#18109 = AXIS2_PLACEMENT_3D('',#18110,#18111,#18112);
#18110 = CARTESIAN_POINT('',(0.,0.,1.51));
#18111 = DIRECTION('',(0.,0.,1.));
#18112 = DIRECTION('',(1.,0.,-0.));
#18113 = ADVANCED_FACE('',(#18114),#18125,.T.);
#18114 = FACE_BOUND('',#18115,.T.);
#18115 = EDGE_LOOP('',(#18116,#18122,#18123,#18124));
#18116 = ORIENTED_EDGE('',*,*,#18117,.T.);
#18117 = EDGE_CURVE('',#17384,#17752,#18118,.T.);
#18118 = LINE('',#18119,#18120);
#18119 = CARTESIAN_POINT('',(141.923521,-70.794684,0.));
#18120 = VECTOR('',#18121,1.);
#18121 = DIRECTION('',(0.,0.,1.));
#18122 = ORIENTED_EDGE('',*,*,#17751,.T.);
#18123 = ORIENTED_EDGE('',*,*,#17319,.F.);
#18124 = ORIENTED_EDGE('',*,*,#17383,.F.);
#18125 = CYLINDRICAL_SURFACE('',#18126,0.693452549162);
#18126 = AXIS2_PLACEMENT_3D('',#18127,#18128,#18129);
#18127 = CARTESIAN_POINT('',(142.61697149421,-70.79637219636,0.));
#18128 = DIRECTION('',(0.,0.,-1.));
#18129 = DIRECTION('',(-0.999997036649,2.434479998113E-03,0.));
#18130 = ADVANCED_FACE('',(#18131),#18142,.F.);
#18131 = FACE_BOUND('',#18132,.T.);
#18132 = EDGE_LOOP('',(#18133,#18134,#18135,#18141));
#18133 = ORIENTED_EDGE('',*,*,#17359,.T.);
#18134 = ORIENTED_EDGE('',*,*,#17903,.T.);
#18135 = ORIENTED_EDGE('',*,*,#18136,.F.);
#18136 = EDGE_CURVE('',#17528,#17896,#18137,.T.);
#18137 = LINE('',#18138,#18139);
#18138 = CARTESIAN_POINT('',(146.812,-89.916,0.));
#18139 = VECTOR('',#18140,1.);
#18140 = DIRECTION('',(0.,0.,1.));
#18141 = ORIENTED_EDGE('',*,*,#17535,.F.);
#18142 = CYLINDRICAL_SURFACE('',#18143,1.016001671896);
#18143 = AXIS2_PLACEMENT_3D('',#18144,#18145,#18146);
#18144 = CARTESIAN_POINT('',(146.81200167189,-88.8999983281,0.));
#18145 = DIRECTION('',(-0.,-0.,-1.));
#18146 = DIRECTION('',(-0.999999999999,-1.645562571957E-06,0.));
#18147 = ADVANCED_FACE('',(#18148),#18159,.T.);
#18148 = FACE_BOUND('',#18149,.T.);
#18149 = EDGE_LOOP('',(#18150,#18156,#18157,#18158));
#18150 = ORIENTED_EDGE('',*,*,#18151,.T.);
#18151 = EDGE_CURVE('',#17393,#17761,#18152,.T.);
#18152 = LINE('',#18153,#18154);
#18153 = CARTESIAN_POINT('',(141.925317,-74.168,0.));
#18154 = VECTOR('',#18155,1.);
#18155 = DIRECTION('',(0.,0.,1.));
#18156 = ORIENTED_EDGE('',*,*,#17760,.T.);
#18157 = ORIENTED_EDGE('',*,*,#18117,.F.);
#18158 = ORIENTED_EDGE('',*,*,#17392,.F.);
#18159 = PLANE('',#18160);
#18160 = AXIS2_PLACEMENT_3D('',#18161,#18162,#18163);
#18161 = CARTESIAN_POINT('',(141.925317,-74.168,0.));
#18162 = DIRECTION('',(-0.999999858268,-5.324137274605E-04,0.));
#18163 = DIRECTION('',(-5.324137274605E-04,0.999999858268,0.));
#18164 = ADVANCED_FACE('',(#18165),#18176,.T.);
#18165 = FACE_BOUND('',#18166,.T.);
#18166 = EDGE_LOOP('',(#18167,#18168,#18169,#18175));
#18167 = ORIENTED_EDGE('',*,*,#18136,.T.);
#18168 = ORIENTED_EDGE('',*,*,#17895,.T.);
#18169 = ORIENTED_EDGE('',*,*,#18170,.F.);
#18170 = EDGE_CURVE('',#17519,#17887,#18171,.T.);
#18171 = LINE('',#18172,#18173);
#18172 = CARTESIAN_POINT('',(157.988,-89.916,0.));
#18173 = VECTOR('',#18174,1.);
#18174 = DIRECTION('',(0.,0.,1.));
#18175 = ORIENTED_EDGE('',*,*,#17527,.F.);
#18176 = PLANE('',#18177);
#18177 = AXIS2_PLACEMENT_3D('',#18178,#18179,#18180);
#18178 = CARTESIAN_POINT('',(146.812,-89.916,0.));
#18179 = DIRECTION('',(0.,1.,0.));
#18180 = DIRECTION('',(1.,0.,0.));
#18181 = ADVANCED_FACE('',(#18182),#18193,.F.);
#18182 = FACE_BOUND('',#18183,.T.);
#18183 = EDGE_LOOP('',(#18184,#18190,#18191,#18192));
#18184 = ORIENTED_EDGE('',*,*,#18185,.T.);
#18185 = EDGE_CURVE('',#17401,#17769,#18186,.T.);
#18186 = LINE('',#18187,#18188);
#18187 = CARTESIAN_POINT('',(139.893317,-76.2,0.));
#18188 = VECTOR('',#18189,1.);
#18189 = DIRECTION('',(0.,0.,1.));
#18190 = ORIENTED_EDGE('',*,*,#17768,.T.);
#18191 = ORIENTED_EDGE('',*,*,#18151,.F.);
#18192 = ORIENTED_EDGE('',*,*,#17400,.F.);
#18193 = CYLINDRICAL_SURFACE('',#18194,2.031999929568);
#18194 = AXIS2_PLACEMENT_3D('',#18195,#18196,#18197);
#18195 = CARTESIAN_POINT('',(139.89331707043,-74.16800007043,0.));
#18196 = DIRECTION('',(-0.,-0.,-1.));
#18197 = DIRECTION('',(-3.466121298491E-08,-1.,0.));
#18198 = ADVANCED_FACE('',(#18199),#18210,.F.);
#18199 = FACE_BOUND('',#18200,.T.);
#18200 = EDGE_LOOP('',(#18201,#18202,#18203,#18209));
#18201 = ORIENTED_EDGE('',*,*,#18170,.T.);
#18202 = ORIENTED_EDGE('',*,*,#17886,.T.);
#18203 = ORIENTED_EDGE('',*,*,#18204,.F.);
#18204 = EDGE_CURVE('',#17511,#17879,#18205,.T.);
#18205 = LINE('',#18206,#18207);
#18206 = CARTESIAN_POINT('',(159.00373,-88.876597,0.));
#18207 = VECTOR('',#18208,1.);
#18208 = DIRECTION('',(0.,0.,1.));
#18209 = ORIENTED_EDGE('',*,*,#17518,.F.);
#18210 = CYLINDRICAL_SURFACE('',#18211,1.016000397278);
#18211 = AXIS2_PLACEMENT_3D('',#18212,#18213,#18214);
#18212 = CARTESIAN_POINT('',(157.98799916682,-88.89999960272,0.));
#18213 = DIRECTION('',(-0.,-0.,-1.));
#18214 = DIRECTION('',(8.2005039434E-07,-1.,0.));
#18215 = ADVANCED_FACE('',(#18216),#18227,.T.);
#18216 = FACE_BOUND('',#18217,.T.);
#18217 = EDGE_LOOP('',(#18218,#18224,#18225,#18226));
#18218 = ORIENTED_EDGE('',*,*,#18219,.T.);
#18219 = EDGE_CURVE('',#17410,#17778,#18220,.T.);
#18220 = LINE('',#18221,#18222);
#18221 = CARTESIAN_POINT('',(137.800623,-76.2,0.));
#18222 = VECTOR('',#18223,1.);
#18223 = DIRECTION('',(0.,0.,1.));
#18224 = ORIENTED_EDGE('',*,*,#17777,.T.);
#18225 = ORIENTED_EDGE('',*,*,#18185,.F.);
#18226 = ORIENTED_EDGE('',*,*,#17409,.F.);
#18227 = PLANE('',#18228);
#18228 = AXIS2_PLACEMENT_3D('',#18229,#18230,#18231);
#18229 = CARTESIAN_POINT('',(137.800623,-76.2,0.));
#18230 = DIRECTION('',(0.,1.,0.));
#18231 = DIRECTION('',(1.,0.,0.));
#18232 = ADVANCED_FACE('',(#18233),#18244,.T.);
#18233 = FACE_BOUND('',#18234,.T.);
#18234 = EDGE_LOOP('',(#18235,#18236,#18237,#18243));
#18235 = ORIENTED_EDGE('',*,*,#18204,.T.);
#18236 = ORIENTED_EDGE('',*,*,#17878,.T.);
#18237 = ORIENTED_EDGE('',*,*,#18238,.F.);
#18238 = EDGE_CURVE('',#17502,#17870,#18239,.T.);
#18239 = LINE('',#18240,#18241);
#18240 = CARTESIAN_POINT('',(158.999357,-71.096698,0.));
#18241 = VECTOR('',#18242,1.);
#18242 = DIRECTION('',(0.,0.,1.));
#18243 = ORIENTED_EDGE('',*,*,#17510,.F.);
#18244 = PLANE('',#18245);
#18245 = AXIS2_PLACEMENT_3D('',#18246,#18247,#18248);
#18246 = CARTESIAN_POINT('',(159.00373,-88.876597,0.));
#18247 = DIRECTION('',(-0.999999969754,-2.459518958865E-04,0.));
#18248 = DIRECTION('',(-2.459518958865E-04,0.999999969754,0.));
#18249 = ADVANCED_FACE('',(#18250),#18261,.T.);
#18250 = FACE_BOUND('',#18251,.T.);
#18251 = EDGE_LOOP('',(#18252,#18258,#18259,#18260));
#18252 = ORIENTED_EDGE('',*,*,#18253,.T.);
#18253 = EDGE_CURVE('',#17418,#17786,#18254,.T.);
#18254 = LINE('',#18255,#18256);
#18255 = CARTESIAN_POINT('',(137.159977,-76.833285,0.));
#18256 = VECTOR('',#18257,1.);
#18257 = DIRECTION('',(0.,0.,1.));
#18258 = ORIENTED_EDGE('',*,*,#17785,.T.);
#18259 = ORIENTED_EDGE('',*,*,#18219,.F.);
#18260 = ORIENTED_EDGE('',*,*,#17417,.F.);
#18261 = CYLINDRICAL_SURFACE('',#18262,0.635023629113);
#18262 = AXIS2_PLACEMENT_3D('',#18263,#18264,#18265);
#18263 = CARTESIAN_POINT('',(137.79499831672,-76.83499871847,0.));
#18264 = DIRECTION('',(0.,0.,-1.));
#18265 = DIRECTION('',(-0.999996358587,2.698668837038E-03,0.));
#18266 = ADVANCED_FACE('',(#18267),#18278,.T.);
#18267 = FACE_BOUND('',#18268,.T.);
#18268 = EDGE_LOOP('',(#18269,#18270,#18271,#18277));
#18269 = ORIENTED_EDGE('',*,*,#18238,.T.);
#18270 = ORIENTED_EDGE('',*,*,#17869,.T.);
#18271 = ORIENTED_EDGE('',*,*,#18272,.F.);
#18272 = EDGE_CURVE('',#17494,#17862,#18273,.T.);
#18273 = LINE('',#18274,#18275);
#18274 = CARTESIAN_POINT('',(160.02,-70.104,0.));
#18275 = VECTOR('',#18276,1.);
#18276 = DIRECTION('',(0.,0.,1.));
#18277 = ORIENTED_EDGE('',*,*,#17501,.F.);
#18278 = CYLINDRICAL_SURFACE('',#18279,1.012349346812);
#18279 = AXIS2_PLACEMENT_3D('',#18280,#18281,#18282);
#18280 = CARTESIAN_POINT('',(160.0115162861,-71.11631379847,0.));
#18281 = DIRECTION('',(0.,0.,-1.));
#18282 = DIRECTION('',(-0.999812257783,1.937651122148E-02,0.));
#18283 = ADVANCED_FACE('',(#18284),#18295,.T.);
#18284 = FACE_BOUND('',#18285,.T.);
#18285 = EDGE_LOOP('',(#18286,#18292,#18293,#18294));
#18286 = ORIENTED_EDGE('',*,*,#18287,.T.);
#18287 = EDGE_CURVE('',#17427,#17795,#18288,.T.);
#18288 = LINE('',#18289,#18290);
#18289 = CARTESIAN_POINT('',(137.16,-95.25,0.));
#18290 = VECTOR('',#18291,1.);
#18291 = DIRECTION('',(0.,0.,1.));
#18292 = ORIENTED_EDGE('',*,*,#17794,.T.);
#18293 = ORIENTED_EDGE('',*,*,#18253,.F.);
#18294 = ORIENTED_EDGE('',*,*,#17426,.F.);
#18295 = PLANE('',#18296);
#18296 = AXIS2_PLACEMENT_3D('',#18297,#18298,#18299);
#18297 = CARTESIAN_POINT('',(137.16,-95.25,0.));
#18298 = DIRECTION('',(-0.999999999999,-1.248865500647E-06,0.));
#18299 = DIRECTION('',(-1.248865500647E-06,0.999999999999,0.));
#18300 = ADVANCED_FACE('',(#18301),#18312,.T.);
#18301 = FACE_BOUND('',#18302,.T.);
#18302 = EDGE_LOOP('',(#18303,#18304,#18305,#18311));
#18303 = ORIENTED_EDGE('',*,*,#18272,.T.);
#18304 = ORIENTED_EDGE('',*,*,#17861,.T.);
#18305 = ORIENTED_EDGE('',*,*,#18306,.F.);
#18306 = EDGE_CURVE('',#17485,#17853,#18307,.T.);
#18307 = LINE('',#18308,#18309);
#18308 = CARTESIAN_POINT('',(165.608,-70.104,0.));
#18309 = VECTOR('',#18310,1.);
#18310 = DIRECTION('',(0.,0.,1.));
#18311 = ORIENTED_EDGE('',*,*,#17493,.F.);
#18312 = PLANE('',#18313);
#18313 = AXIS2_PLACEMENT_3D('',#18314,#18315,#18316);
#18314 = CARTESIAN_POINT('',(160.02,-70.104,0.));
#18315 = DIRECTION('',(0.,1.,0.));
#18316 = DIRECTION('',(1.,0.,0.));
#18317 = ADVANCED_FACE('',(#18318),#18329,.T.);
#18318 = FACE_BOUND('',#18319,.T.);
#18319 = EDGE_LOOP('',(#18320,#18326,#18327,#18328));
#18320 = ORIENTED_EDGE('',*,*,#18321,.T.);
#18321 = EDGE_CURVE('',#17435,#17803,#18322,.T.);
#18322 = LINE('',#18323,#18324);
#18323 = CARTESIAN_POINT('',(137.16,-105.41,0.));
#18324 = VECTOR('',#18325,1.);
#18325 = DIRECTION('',(0.,0.,1.));
#18326 = ORIENTED_EDGE('',*,*,#17802,.T.);
#18327 = ORIENTED_EDGE('',*,*,#18287,.F.);
#18328 = ORIENTED_EDGE('',*,*,#17434,.F.);
#18329 = PLANE('',#18330);
#18330 = AXIS2_PLACEMENT_3D('',#18331,#18332,#18333);
#18331 = CARTESIAN_POINT('',(137.16,-105.41,0.));
#18332 = DIRECTION('',(-1.,0.,0.));
#18333 = DIRECTION('',(0.,1.,0.));
#18334 = ADVANCED_FACE('',(#18335),#18346,.T.);
#18335 = FACE_BOUND('',#18336,.T.);
#18336 = EDGE_LOOP('',(#18337,#18338,#18339,#18345));
#18337 = ORIENTED_EDGE('',*,*,#18306,.T.);
#18338 = ORIENTED_EDGE('',*,*,#17852,.T.);
#18339 = ORIENTED_EDGE('',*,*,#18340,.F.);
#18340 = EDGE_CURVE('',#17477,#17845,#18341,.T.);
#18341 = LINE('',#18342,#18343);
#18342 = CARTESIAN_POINT('',(167.64,-72.136,0.));
#18343 = VECTOR('',#18344,1.);
#18344 = DIRECTION('',(0.,0.,1.));
#18345 = ORIENTED_EDGE('',*,*,#17484,.F.);
#18346 = CYLINDRICAL_SURFACE('',#18347,2.031999929568);
#18347 = AXIS2_PLACEMENT_3D('',#18348,#18349,#18350);
#18348 = CARTESIAN_POINT('',(165.60800007043,-72.13599992956,0.));
#18349 = DIRECTION('',(0.,0.,-1.));
#18350 = DIRECTION('',(-3.466121298491E-08,1.,0.));
#18351 = ADVANCED_FACE('',(#18352),#18363,.T.);
#18352 = FACE_BOUND('',#18353,.T.);
#18353 = EDGE_LOOP('',(#18354,#18360,#18361,#18362));
#18354 = ORIENTED_EDGE('',*,*,#18355,.T.);
#18355 = EDGE_CURVE('',#17443,#17811,#18356,.T.);
#18356 = LINE('',#18357,#18358);
#18357 = CARTESIAN_POINT('',(137.16,-110.744,0.));
#18358 = VECTOR('',#18359,1.);
#18359 = DIRECTION('',(0.,0.,1.));
#18360 = ORIENTED_EDGE('',*,*,#17810,.T.);
#18361 = ORIENTED_EDGE('',*,*,#18321,.F.);
#18362 = ORIENTED_EDGE('',*,*,#17442,.F.);
#18363 = PLANE('',#18364);
#18364 = AXIS2_PLACEMENT_3D('',#18365,#18366,#18367);
#18365 = CARTESIAN_POINT('',(137.16,-110.744,0.));
#18366 = DIRECTION('',(-1.,0.,0.));
#18367 = DIRECTION('',(0.,1.,0.));
#18368 = ADVANCED_FACE('',(#18369),#18380,.T.);
#18369 = FACE_BOUND('',#18370,.T.);
#18370 = EDGE_LOOP('',(#18371,#18372,#18373,#18379));
#18371 = ORIENTED_EDGE('',*,*,#18340,.T.);
#18372 = ORIENTED_EDGE('',*,*,#17844,.T.);
#18373 = ORIENTED_EDGE('',*,*,#18374,.F.);
#18374 = EDGE_CURVE('',#17468,#17836,#18375,.T.);
#18375 = LINE('',#18376,#18377);
#18376 = CARTESIAN_POINT('',(167.64,-110.744,0.));
#18377 = VECTOR('',#18378,1.);
#18378 = DIRECTION('',(0.,0.,1.));
#18379 = ORIENTED_EDGE('',*,*,#17476,.F.);
#18380 = PLANE('',#18381);
#18381 = AXIS2_PLACEMENT_3D('',#18382,#18383,#18384);
#18382 = CARTESIAN_POINT('',(167.64,-72.136,0.));
#18383 = DIRECTION('',(1.,0.,-0.));
#18384 = DIRECTION('',(0.,-1.,0.));
#18385 = ADVANCED_FACE('',(#18386),#18397,.T.);
#18386 = FACE_BOUND('',#18387,.T.);
#18387 = EDGE_LOOP('',(#18388,#18394,#18395,#18396));
#18388 = ORIENTED_EDGE('',*,*,#18389,.T.);
#18389 = EDGE_CURVE('',#17451,#17819,#18390,.T.);
#18390 = LINE('',#18391,#18392);
#18391 = CARTESIAN_POINT('',(139.192,-112.776,0.));
#18392 = VECTOR('',#18393,1.);
#18393 = DIRECTION('',(0.,0.,1.));
#18394 = ORIENTED_EDGE('',*,*,#17818,.T.);
#18395 = ORIENTED_EDGE('',*,*,#18355,.F.);
#18396 = ORIENTED_EDGE('',*,*,#17450,.F.);
#18397 = CYLINDRICAL_SURFACE('',#18398,2.031999929568);
#18398 = AXIS2_PLACEMENT_3D('',#18399,#18400,#18401);
#18399 = CARTESIAN_POINT('',(139.19199992956,-110.7440000704,0.));
#18400 = DIRECTION('',(0.,0.,-1.));
#18401 = DIRECTION('',(3.466122697198E-08,-1.,0.));
#18402 = ADVANCED_FACE('',(#18403),#18414,.T.);
#18403 = FACE_BOUND('',#18404,.T.);
#18404 = EDGE_LOOP('',(#18405,#18406,#18407,#18413));
#18405 = ORIENTED_EDGE('',*,*,#18374,.T.);
#18406 = ORIENTED_EDGE('',*,*,#17835,.T.);
#18407 = ORIENTED_EDGE('',*,*,#18408,.F.);
#18408 = EDGE_CURVE('',#17460,#17828,#18409,.T.);
#18409 = LINE('',#18410,#18411);
#18410 = CARTESIAN_POINT('',(165.608,-112.776,0.));
#18411 = VECTOR('',#18412,1.);
#18412 = DIRECTION('',(0.,0.,1.));
#18413 = ORIENTED_EDGE('',*,*,#17467,.F.);
#18414 = CYLINDRICAL_SURFACE('',#18415,2.031999929568);
#18415 = AXIS2_PLACEMENT_3D('',#18416,#18417,#18418);
#18416 = CARTESIAN_POINT('',(165.60800007043,-110.7440000704,0.));
#18417 = DIRECTION('',(0.,0.,-1.));
#18418 = DIRECTION('',(1.,3.466121997844E-08,0.));
#18419 = ADVANCED_FACE('',(#18420),#18426,.T.);
#18420 = FACE_BOUND('',#18421,.T.);
#18421 = EDGE_LOOP('',(#18422,#18423,#18424,#18425));
#18422 = ORIENTED_EDGE('',*,*,#18408,.T.);
#18423 = ORIENTED_EDGE('',*,*,#17827,.T.);
#18424 = ORIENTED_EDGE('',*,*,#18389,.F.);
#18425 = ORIENTED_EDGE('',*,*,#17459,.F.);
#18426 = PLANE('',#18427);
#18427 = AXIS2_PLACEMENT_3D('',#18428,#18429,#18430);
#18428 = CARTESIAN_POINT('',(165.608,-112.776,0.));
#18429 = DIRECTION('',(0.,-1.,0.));
#18430 = DIRECTION('',(-1.,0.,0.));
#18431 = ADVANCED_FACE('',(#18432),#18443,.F.);
#18432 = FACE_BOUND('',#18433,.T.);
#18433 = EDGE_LOOP('',(#18434,#18435,#18441,#18442));
#18434 = ORIENTED_EDGE('',*,*,#17545,.T.);
#18435 = ORIENTED_EDGE('',*,*,#18436,.T.);
#18436 = EDGE_CURVE('',#17546,#17914,#18437,.T.);
#18437 = LINE('',#18438,#18439);
#18438 = CARTESIAN_POINT('',(141.4,-106.175,-4.6E-02));
#18439 = VECTOR('',#18440,1.);
#18440 = DIRECTION('',(0.,0.,1.));
#18441 = ORIENTED_EDGE('',*,*,#17913,.F.);
#18442 = ORIENTED_EDGE('',*,*,#18436,.F.);
#18443 = CYLINDRICAL_SURFACE('',#18444,0.375);
#18444 = AXIS2_PLACEMENT_3D('',#18445,#18446,#18447);
#18445 = CARTESIAN_POINT('',(141.4,-105.8,-4.6E-02));
#18446 = DIRECTION('',(-0.,-0.,-1.));
#18447 = DIRECTION('',(-0.,-1.,0.));
#18448 = ADVANCED_FACE('',(#18449),#18460,.F.);
#18449 = FACE_BOUND('',#18450,.T.);
#18450 = EDGE_LOOP('',(#18451,#18452,#18458,#18459));
#18451 = ORIENTED_EDGE('',*,*,#17556,.T.);
#18452 = ORIENTED_EDGE('',*,*,#18453,.T.);
#18453 = EDGE_CURVE('',#17557,#17925,#18454,.T.);
#18454 = LINE('',#18455,#18456);
#18455 = CARTESIAN_POINT('',(143.4,-106.175,-4.6E-02));
#18456 = VECTOR('',#18457,1.);
#18457 = DIRECTION('',(0.,0.,1.));
#18458 = ORIENTED_EDGE('',*,*,#17924,.F.);
#18459 = ORIENTED_EDGE('',*,*,#18453,.F.);
#18460 = CYLINDRICAL_SURFACE('',#18461,0.375);
#18461 = AXIS2_PLACEMENT_3D('',#18462,#18463,#18464);
#18462 = CARTESIAN_POINT('',(143.4,-105.8,-4.6E-02));
#18463 = DIRECTION('',(-0.,-0.,-1.));
#18464 = DIRECTION('',(-0.,-1.,0.));
#18465 = ADVANCED_FACE('',(#18466),#18477,.F.);
#18466 = FACE_BOUND('',#18467,.T.);
#18467 = EDGE_LOOP('',(#18468,#18469,#18475,#18476));
#18468 = ORIENTED_EDGE('',*,*,#17567,.T.);
#18469 = ORIENTED_EDGE('',*,*,#18470,.T.);
#18470 = EDGE_CURVE('',#17568,#17936,#18471,.T.);
#18471 = LINE('',#18472,#18473);
#18472 = CARTESIAN_POINT('',(139.7,-83.05,-4.6E-02));
#18473 = VECTOR('',#18474,1.);
#18474 = DIRECTION('',(0.,0.,1.));
#18475 = ORIENTED_EDGE('',*,*,#17935,.F.);
#18476 = ORIENTED_EDGE('',*,*,#18470,.F.);
#18477 = CYLINDRICAL_SURFACE('',#18478,0.5);
#18478 = AXIS2_PLACEMENT_3D('',#18479,#18480,#18481);
#18479 = CARTESIAN_POINT('',(139.7,-82.55,-4.6E-02));
#18480 = DIRECTION('',(-0.,-0.,-1.));
#18481 = DIRECTION('',(-0.,-1.,0.));
#18482 = ADVANCED_FACE('',(#18483),#18494,.F.);
#18483 = FACE_BOUND('',#18484,.T.);
#18484 = EDGE_LOOP('',(#18485,#18486,#18492,#18493));
#18485 = ORIENTED_EDGE('',*,*,#17578,.T.);
#18486 = ORIENTED_EDGE('',*,*,#18487,.T.);
#18487 = EDGE_CURVE('',#17579,#17947,#18488,.T.);
#18488 = LINE('',#18489,#18490);
#18489 = CARTESIAN_POINT('',(144.78,-88.8365,-4.6E-02));
#18490 = VECTOR('',#18491,1.);
#18491 = DIRECTION('',(0.,0.,1.));
#18492 = ORIENTED_EDGE('',*,*,#17946,.F.);
#18493 = ORIENTED_EDGE('',*,*,#18487,.F.);
#18494 = CYLINDRICAL_SURFACE('',#18495,0.4445);
#18495 = AXIS2_PLACEMENT_3D('',#18496,#18497,#18498);
#18496 = CARTESIAN_POINT('',(144.78,-88.392,-4.6E-02));
#18497 = DIRECTION('',(-0.,-0.,-1.));
#18498 = DIRECTION('',(-0.,-1.,0.));
#18499 = ADVANCED_FACE('',(#18500),#18511,.F.);
#18500 = FACE_BOUND('',#18501,.T.);
#18501 = EDGE_LOOP('',(#18502,#18503,#18509,#18510));
#18502 = ORIENTED_EDGE('',*,*,#17589,.T.);
#18503 = ORIENTED_EDGE('',*,*,#18504,.T.);
#18504 = EDGE_CURVE('',#17590,#17958,#18505,.T.);
#18505 = LINE('',#18506,#18507);
#18506 = CARTESIAN_POINT('',(144.78,-86.2965,-4.6E-02));
#18507 = VECTOR('',#18508,1.);
#18508 = DIRECTION('',(0.,0.,1.));
#18509 = ORIENTED_EDGE('',*,*,#17957,.F.);
#18510 = ORIENTED_EDGE('',*,*,#18504,.F.);
#18511 = CYLINDRICAL_SURFACE('',#18512,0.4445);
#18512 = AXIS2_PLACEMENT_3D('',#18513,#18514,#18515);
#18513 = CARTESIAN_POINT('',(144.78,-85.852,-4.6E-02));
#18514 = DIRECTION('',(-0.,-0.,-1.));
#18515 = DIRECTION('',(-0.,-1.,0.));
#18516 = ADVANCED_FACE('',(#18517),#18528,.F.);
#18517 = FACE_BOUND('',#18518,.T.);
#18518 = EDGE_LOOP('',(#18519,#18520,#18526,#18527));
#18519 = ORIENTED_EDGE('',*,*,#17600,.T.);
#18520 = ORIENTED_EDGE('',*,*,#18521,.T.);
#18521 = EDGE_CURVE('',#17601,#17969,#18522,.T.);
#18522 = LINE('',#18523,#18524);
#18523 = CARTESIAN_POINT('',(144.78,-83.7565,-4.6E-02));
#18524 = VECTOR('',#18525,1.);
#18525 = DIRECTION('',(0.,0.,1.));
#18526 = ORIENTED_EDGE('',*,*,#17968,.F.);
#18527 = ORIENTED_EDGE('',*,*,#18521,.F.);
#18528 = CYLINDRICAL_SURFACE('',#18529,0.4445);
#18529 = AXIS2_PLACEMENT_3D('',#18530,#18531,#18532);
#18530 = CARTESIAN_POINT('',(144.78,-83.312,-4.6E-02));
#18531 = DIRECTION('',(-0.,-0.,-1.));
#18532 = DIRECTION('',(-0.,-1.,0.));
#18533 = ADVANCED_FACE('',(#18534),#18545,.F.);
#18534 = FACE_BOUND('',#18535,.T.);
#18535 = EDGE_LOOP('',(#18536,#18537,#18543,#18544));
#18536 = ORIENTED_EDGE('',*,*,#17611,.T.);
#18537 = ORIENTED_EDGE('',*,*,#18538,.T.);
#18538 = EDGE_CURVE('',#17612,#17980,#18539,.T.);
#18539 = LINE('',#18540,#18541);
#18540 = CARTESIAN_POINT('',(139.7,-80.51,-4.6E-02));
#18541 = VECTOR('',#18542,1.);
#18542 = DIRECTION('',(0.,0.,1.));
#18543 = ORIENTED_EDGE('',*,*,#17979,.F.);
#18544 = ORIENTED_EDGE('',*,*,#18538,.F.);
#18545 = CYLINDRICAL_SURFACE('',#18546,0.5);
#18546 = AXIS2_PLACEMENT_3D('',#18547,#18548,#18549);
#18547 = CARTESIAN_POINT('',(139.7,-80.01,-4.6E-02));
#18548 = DIRECTION('',(-0.,-0.,-1.));
#18549 = DIRECTION('',(-0.,-1.,0.));
#18550 = ADVANCED_FACE('',(#18551),#18562,.F.);
#18551 = FACE_BOUND('',#18552,.T.);
#18552 = EDGE_LOOP('',(#18553,#18554,#18560,#18561));
#18553 = ORIENTED_EDGE('',*,*,#17622,.T.);
#18554 = ORIENTED_EDGE('',*,*,#18555,.T.);
#18555 = EDGE_CURVE('',#17623,#17991,#18556,.T.);
#18556 = LINE('',#18557,#18558);
#18557 = CARTESIAN_POINT('',(144.78,-81.2165,-4.6E-02));
#18558 = VECTOR('',#18559,1.);
#18559 = DIRECTION('',(0.,0.,1.));
#18560 = ORIENTED_EDGE('',*,*,#17990,.F.);
#18561 = ORIENTED_EDGE('',*,*,#18555,.F.);
#18562 = CYLINDRICAL_SURFACE('',#18563,0.4445);
#18563 = AXIS2_PLACEMENT_3D('',#18564,#18565,#18566);
#18564 = CARTESIAN_POINT('',(144.78,-80.772,-4.6E-02));
#18565 = DIRECTION('',(-0.,-0.,-1.));
#18566 = DIRECTION('',(-0.,-1.,0.));
#18567 = ADVANCED_FACE('',(#18568),#18579,.F.);
#18568 = FACE_BOUND('',#18569,.T.);
#18569 = EDGE_LOOP('',(#18570,#18571,#18577,#18578));
#18570 = ORIENTED_EDGE('',*,*,#17633,.T.);
#18571 = ORIENTED_EDGE('',*,*,#18572,.T.);
#18572 = EDGE_CURVE('',#17634,#18002,#18573,.T.);
#18573 = LINE('',#18574,#18575);
#18574 = CARTESIAN_POINT('',(144.78,-78.6765,-4.6E-02));
#18575 = VECTOR('',#18576,1.);
#18576 = DIRECTION('',(0.,0.,1.));
#18577 = ORIENTED_EDGE('',*,*,#18001,.F.);
#18578 = ORIENTED_EDGE('',*,*,#18572,.F.);
#18579 = CYLINDRICAL_SURFACE('',#18580,0.4445);
#18580 = AXIS2_PLACEMENT_3D('',#18581,#18582,#18583);
#18581 = CARTESIAN_POINT('',(144.78,-78.232,-4.6E-02));
#18582 = DIRECTION('',(-0.,-0.,-1.));
#18583 = DIRECTION('',(-0.,-1.,0.));
#18584 = ADVANCED_FACE('',(#18585),#18596,.F.);
#18585 = FACE_BOUND('',#18586,.T.);
#18586 = EDGE_LOOP('',(#18587,#18588,#18594,#18595));
#18587 = ORIENTED_EDGE('',*,*,#17644,.T.);
#18588 = ORIENTED_EDGE('',*,*,#18589,.T.);
#18589 = EDGE_CURVE('',#17645,#18013,#18590,.T.);
#18590 = LINE('',#18591,#18592);
#18591 = CARTESIAN_POINT('',(144.78,-76.1365,-4.6E-02));
#18592 = VECTOR('',#18593,1.);
#18593 = DIRECTION('',(0.,0.,1.));
#18594 = ORIENTED_EDGE('',*,*,#18012,.F.);
#18595 = ORIENTED_EDGE('',*,*,#18589,.F.);
#18596 = CYLINDRICAL_SURFACE('',#18597,0.4445);
#18597 = AXIS2_PLACEMENT_3D('',#18598,#18599,#18600);
#18598 = CARTESIAN_POINT('',(144.78,-75.692,-4.6E-02));
#18599 = DIRECTION('',(-0.,-0.,-1.));
#18600 = DIRECTION('',(-0.,-1.,0.));
#18601 = ADVANCED_FACE('',(#18602),#18613,.F.);
#18602 = FACE_BOUND('',#18603,.T.);
#18603 = EDGE_LOOP('',(#18604,#18605,#18611,#18612));
#18604 = ORIENTED_EDGE('',*,*,#17655,.T.);
#18605 = ORIENTED_EDGE('',*,*,#18606,.T.);
#18606 = EDGE_CURVE('',#17656,#18024,#18607,.T.);
#18607 = LINE('',#18608,#18609);
#18608 = CARTESIAN_POINT('',(144.78,-73.5965,-4.6E-02));
#18609 = VECTOR('',#18610,1.);
#18610 = DIRECTION('',(0.,0.,1.));
#18611 = ORIENTED_EDGE('',*,*,#18023,.F.);
#18612 = ORIENTED_EDGE('',*,*,#18606,.F.);
#18613 = CYLINDRICAL_SURFACE('',#18614,0.4445);
#18614 = AXIS2_PLACEMENT_3D('',#18615,#18616,#18617);
#18615 = CARTESIAN_POINT('',(144.78,-73.152,-4.6E-02));
#18616 = DIRECTION('',(-0.,-0.,-1.));
#18617 = DIRECTION('',(-0.,-1.,0.));
#18618 = ADVANCED_FACE('',(#18619),#18630,.F.);
#18619 = FACE_BOUND('',#18620,.T.);
#18620 = EDGE_LOOP('',(#18621,#18622,#18628,#18629));
#18621 = ORIENTED_EDGE('',*,*,#17666,.T.);
#18622 = ORIENTED_EDGE('',*,*,#18623,.T.);
#18623 = EDGE_CURVE('',#17667,#18035,#18624,.T.);
#18624 = LINE('',#18625,#18626);
#18625 = CARTESIAN_POINT('',(160.02,-88.8365,-4.6E-02));
#18626 = VECTOR('',#18627,1.);
#18627 = DIRECTION('',(0.,0.,1.));
#18628 = ORIENTED_EDGE('',*,*,#18034,.F.);
#18629 = ORIENTED_EDGE('',*,*,#18623,.F.);
#18630 = CYLINDRICAL_SURFACE('',#18631,0.4445);
#18631 = AXIS2_PLACEMENT_3D('',#18632,#18633,#18634);
#18632 = CARTESIAN_POINT('',(160.02,-88.392,-4.6E-02));
#18633 = DIRECTION('',(-0.,0.,-1.));
#18634 = DIRECTION('',(6.39408536117E-14,-1.,-0.));
#18635 = ADVANCED_FACE('',(#18636),#18647,.F.);
#18636 = FACE_BOUND('',#18637,.T.);
#18637 = EDGE_LOOP('',(#18638,#18639,#18645,#18646));
#18638 = ORIENTED_EDGE('',*,*,#17677,.T.);
#18639 = ORIENTED_EDGE('',*,*,#18640,.T.);
#18640 = EDGE_CURVE('',#17678,#18046,#18641,.T.);
#18641 = LINE('',#18642,#18643);
#18642 = CARTESIAN_POINT('',(160.02,-86.2965,-4.6E-02));
#18643 = VECTOR('',#18644,1.);
#18644 = DIRECTION('',(0.,0.,1.));
#18645 = ORIENTED_EDGE('',*,*,#18045,.F.);
#18646 = ORIENTED_EDGE('',*,*,#18640,.F.);
#18647 = CYLINDRICAL_SURFACE('',#18648,0.4445);
#18648 = AXIS2_PLACEMENT_3D('',#18649,#18650,#18651);
#18649 = CARTESIAN_POINT('',(160.02,-85.852,-4.6E-02));
#18650 = DIRECTION('',(-0.,0.,-1.));
#18651 = DIRECTION('',(6.394085361171E-14,-1.,-0.));
#18652 = ADVANCED_FACE('',(#18653),#18664,.F.);
#18653 = FACE_BOUND('',#18654,.T.);
#18654 = EDGE_LOOP('',(#18655,#18656,#18662,#18663));
#18655 = ORIENTED_EDGE('',*,*,#17688,.T.);
#18656 = ORIENTED_EDGE('',*,*,#18657,.T.);
#18657 = EDGE_CURVE('',#17689,#18057,#18658,.T.);
#18658 = LINE('',#18659,#18660);
#18659 = CARTESIAN_POINT('',(160.02,-83.7565,-4.6E-02));
#18660 = VECTOR('',#18661,1.);
#18661 = DIRECTION('',(0.,0.,1.));
#18662 = ORIENTED_EDGE('',*,*,#18056,.F.);
#18663 = ORIENTED_EDGE('',*,*,#18657,.F.);
#18664 = CYLINDRICAL_SURFACE('',#18665,0.4445);
#18665 = AXIS2_PLACEMENT_3D('',#18666,#18667,#18668);
#18666 = CARTESIAN_POINT('',(160.02,-83.312,-4.6E-02));
#18667 = DIRECTION('',(-0.,0.,-1.));
#18668 = DIRECTION('',(6.39408536117E-14,-1.,-0.));
#18669 = ADVANCED_FACE('',(#18670),#18681,.F.);
#18670 = FACE_BOUND('',#18671,.T.);
#18671 = EDGE_LOOP('',(#18672,#18673,#18679,#18680));
#18672 = ORIENTED_EDGE('',*,*,#17699,.T.);
#18673 = ORIENTED_EDGE('',*,*,#18674,.T.);
#18674 = EDGE_CURVE('',#17700,#18068,#18675,.T.);
#18675 = LINE('',#18676,#18677);
#18676 = CARTESIAN_POINT('',(160.02,-81.2165,-4.6E-02));
#18677 = VECTOR('',#18678,1.);
#18678 = DIRECTION('',(0.,0.,1.));
#18679 = ORIENTED_EDGE('',*,*,#18067,.F.);
#18680 = ORIENTED_EDGE('',*,*,#18674,.F.);
#18681 = CYLINDRICAL_SURFACE('',#18682,0.4445);
#18682 = AXIS2_PLACEMENT_3D('',#18683,#18684,#18685);
#18683 = CARTESIAN_POINT('',(160.02,-80.772,-4.6E-02));
#18684 = DIRECTION('',(-0.,0.,-1.));
#18685 = DIRECTION('',(6.39408536117E-14,-1.,-0.));
#18686 = ADVANCED_FACE('',(#18687),#18698,.F.);
#18687 = FACE_BOUND('',#18688,.T.);
#18688 = EDGE_LOOP('',(#18689,#18690,#18696,#18697));
#18689 = ORIENTED_EDGE('',*,*,#17710,.T.);
#18690 = ORIENTED_EDGE('',*,*,#18691,.T.);
#18691 = EDGE_CURVE('',#17711,#18079,#18692,.T.);
#18692 = LINE('',#18693,#18694);
#18693 = CARTESIAN_POINT('',(160.02,-78.6765,-4.6E-02));
#18694 = VECTOR('',#18695,1.);
#18695 = DIRECTION('',(0.,0.,1.));
#18696 = ORIENTED_EDGE('',*,*,#18078,.F.);
#18697 = ORIENTED_EDGE('',*,*,#18691,.F.);
#18698 = CYLINDRICAL_SURFACE('',#18699,0.4445);
#18699 = AXIS2_PLACEMENT_3D('',#18700,#18701,#18702);
#18700 = CARTESIAN_POINT('',(160.02,-78.232,-4.6E-02));
#18701 = DIRECTION('',(-0.,0.,-1.));
#18702 = DIRECTION('',(6.39408536117E-14,-1.,-0.));
#18703 = ADVANCED_FACE('',(#18704),#18715,.F.);
#18704 = FACE_BOUND('',#18705,.T.);
#18705 = EDGE_LOOP('',(#18706,#18707,#18713,#18714));
#18706 = ORIENTED_EDGE('',*,*,#17721,.T.);
#18707 = ORIENTED_EDGE('',*,*,#18708,.T.);
#18708 = EDGE_CURVE('',#17722,#18090,#18709,.T.);
#18709 = LINE('',#18710,#18711);
#18710 = CARTESIAN_POINT('',(160.02,-76.1365,-4.6E-02));
#18711 = VECTOR('',#18712,1.);
#18712 = DIRECTION('',(0.,0.,1.));
#18713 = ORIENTED_EDGE('',*,*,#18089,.F.);
#18714 = ORIENTED_EDGE('',*,*,#18708,.F.);
#18715 = CYLINDRICAL_SURFACE('',#18716,0.4445);
#18716 = AXIS2_PLACEMENT_3D('',#18717,#18718,#18719);
#18717 = CARTESIAN_POINT('',(160.02,-75.692,-4.6E-02));
#18718 = DIRECTION('',(-0.,0.,-1.));
#18719 = DIRECTION('',(6.39408536117E-14,-1.,-0.));
#18720 = ADVANCED_FACE('',(#18721),#18732,.F.);
#18721 = FACE_BOUND('',#18722,.T.);
#18722 = EDGE_LOOP('',(#18723,#18724,#18730,#18731));
#18723 = ORIENTED_EDGE('',*,*,#17732,.T.);
#18724 = ORIENTED_EDGE('',*,*,#18725,.T.);
#18725 = EDGE_CURVE('',#17733,#18101,#18726,.T.);
#18726 = LINE('',#18727,#18728);
#18727 = CARTESIAN_POINT('',(160.02,-73.5965,-4.6E-02));
#18728 = VECTOR('',#18729,1.);
#18729 = DIRECTION('',(0.,0.,1.));
#18730 = ORIENTED_EDGE('',*,*,#18100,.F.);
#18731 = ORIENTED_EDGE('',*,*,#18725,.F.);
#18732 = CYLINDRICAL_SURFACE('',#18733,0.4445);
#18733 = AXIS2_PLACEMENT_3D('',#18734,#18735,#18736);
#18734 = CARTESIAN_POINT('',(160.02,-73.152,-4.6E-02));
#18735 = DIRECTION('',(-0.,0.,-1.));
#18736 = DIRECTION('',(6.39408536117E-14,-1.,-0.));
#18737 = ( GEOMETRIC_REPRESENTATION_CONTEXT(3) 
GLOBAL_UNCERTAINTY_ASSIGNED_CONTEXT((#18741)) 
GLOBAL_UNIT_ASSIGNED_CONTEXT((#18738,#18739,#18740)) 
REPRESENTATION_CONTEXT('Context #1',
  '3D Context with UNIT and UNCERTAINTY') );
#18738 = ( LENGTH_UNIT() NAMED_UNIT(*) SI_UNIT(.MILLI.,.METRE.) );
#18739 = ( NAMED_UNIT(*) PLANE_ANGLE_UNIT() SI_UNIT($,.RADIAN.) );
#18740 = ( NAMED_UNIT(*) SI_UNIT($,.STERADIAN.) SOLID_ANGLE_UNIT() );
#18741 = UNCERTAINTY_MEASURE_WITH_UNIT(LENGTH_MEASURE(1.E-07),#18738,
  'distance_accuracy_value','confusion accuracy');
#18742 = CONTEXT_DEPENDENT_SHAPE_REPRESENTATION(#18743,#18745);
#18743 = ( REPRESENTATION_RELATIONSHIP('','',#17270,#10) 
REPRESENTATION_RELATIONSHIP_WITH_TRANSFORMATION(#18744) 
SHAPE_REPRESENTATION_RELATIONSHIP() );
#18744 = ITEM_DEFINED_TRANSFORMATION('','',#11,#75);
#18745 = PRODUCT_DEFINITION_SHAPE('Placement','Placement of an item',
  #18746);
#18746 = NEXT_ASSEMBLY_USAGE_OCCURRENCE('16','=>[0:1:1:10]','',#5,#17265
  ,$);
#18747 = PRODUCT_RELATED_PRODUCT_CATEGORY('part',$,(#17267));
#18748 = SHAPE_DEFINITION_REPRESENTATION(#18749,#18755);
#18749 = PRODUCT_DEFINITION_SHAPE('','',#18750);
#18750 = PRODUCT_DEFINITION('design','',#18751,#18754);
#18751 = PRODUCT_DEFINITION_FORMATION('','',#18752);
#18752 = PRODUCT('Brine 2','Brine 2','',(#18753));
#18753 = PRODUCT_CONTEXT('',#2,'mechanical');
#18754 = PRODUCT_DEFINITION_CONTEXT('part definition',#2,'design');
#18755 = SHAPE_REPRESENTATION('',(#11),#18756);
#18756 = ( GEOMETRIC_REPRESENTATION_CONTEXT(3) 
GLOBAL_UNCERTAINTY_ASSIGNED_CONTEXT((#18760)) 
GLOBAL_UNIT_ASSIGNED_CONTEXT((#18757,#18758,#18759)) 
REPRESENTATION_CONTEXT('Context #1',
  '3D Context with UNIT and UNCERTAINTY') );
#18757 = ( LENGTH_UNIT() NAMED_UNIT(*) SI_UNIT(.MILLI.,.METRE.) );
#18758 = ( NAMED_UNIT(*) PLANE_ANGLE_UNIT() SI_UNIT($,.RADIAN.) );
#18759 = ( NAMED_UNIT(*) SI_UNIT($,.STERADIAN.) SOLID_ANGLE_UNIT() );
#18760 = UNCERTAINTY_MEASURE_WITH_UNIT(LENGTH_MEASURE(1.E-07),#18757,
  'distance_accuracy_value','confusion accuracy');
#18761 = PRODUCT_RELATED_PRODUCT_CATEGORY('part',$,(#18752));
#18762 = MECHANICAL_DESIGN_GEOMETRIC_PRESENTATION_REPRESENTATION('',(
    #18763,#18774,#18782,#18789,#18796,#18803,#18810,#18817,#18826,
    #18834,#18841,#18848,#18855,#18862,#18869,#18876,#18883,#18890,
    #18897,#18904,#18911,#18918,#18925,#18932,#18939,#18946,#18953,
    #18960,#18967,#18974,#18981,#18988,#18995,#19002,#19009,#19016,
    #19023,#19030,#19037,#19044,#19051,#19058,#19065,#19072,#19079,
    #19086,#19093,#19100,#19107,#19116,#19126,#19135,#19144,#19153,
    #19162,#19171,#19180,#19188,#19195,#19204,#19211,#19218,#19227,
    #19236,#19245,#19254,#19263,#19272,#19281,#19290,#19298,#19305,
    #19312,#19319,#19326,#19333,#19340,#19347,#19356,#19363,#19370,
    #19377,#19384,#19391,#19398,#19407,#19414,#19421,#19428,#19435,
    #19442,#19449,#19458,#19465,#19472,#19479,#19486,#19493,#19500,
    #19509,#19516,#19523,#19530,#19537,#19544,#19551,#19560,#19567,
    #19574,#19581,#19588,#19595,#19602,#19611,#19618,#19625,#19632,
    #19639,#19646,#19653,#19662,#19669,#19676,#19683,#19690,#19697,
    #19704,#19713,#19720,#19727,#19734,#19741,#19748,#19755,#19764,
    #19771,#19778,#19785,#19792,#19799,#19806,#19815,#19822,#19829,
    #19836,#19843,#19850,#19857,#19866,#19873,#19880,#19887,#19894,
    #19901),#9151);
#18763 = STYLED_ITEM('color',(#18764),#5537);
#18764 = PRESENTATION_STYLE_ASSIGNMENT((#18765,#18771));
#18765 = SURFACE_STYLE_USAGE(.BOTH.,#18766);
#18766 = SURFACE_SIDE_STYLE('',(#18767));
#18767 = SURFACE_STYLE_FILL_AREA(#18768);
#18768 = FILL_AREA_STYLE('',(#18769));
#18769 = FILL_AREA_STYLE_COLOUR('',#18770);
#18770 = COLOUR_RGB('',0.800000010877,0.800000010877,0.800000010877);
#18771 = CURVE_STYLE('',#18772,POSITIVE_LENGTH_MEASURE(0.1),#18773);
#18772 = DRAUGHTING_PRE_DEFINED_CURVE_FONT('continuous');
#18773 = COLOUR_RGB('',9.803921802644E-02,9.803921802644E-02,
  9.803921802644E-02);
#18774 = OVER_RIDING_STYLED_ITEM('overriding color',(#18775),#5539,
  #18763);
#18775 = PRESENTATION_STYLE_ASSIGNMENT((#18776));
#18776 = SURFACE_STYLE_USAGE(.BOTH.,#18777);
#18777 = SURFACE_SIDE_STYLE('',(#18778));
#18778 = SURFACE_STYLE_FILL_AREA(#18779);
#18779 = FILL_AREA_STYLE('',(#18780));
#18780 = FILL_AREA_STYLE_COLOUR('',#18781);
#18781 = COLOUR_RGB('',7.000000150072E-02,0.300000011149,0.119999996332
  );
#18782 = OVER_RIDING_STYLED_ITEM('overriding color',(#18783),#5579,
  #18763);
#18783 = PRESENTATION_STYLE_ASSIGNMENT((#18784));
#18784 = SURFACE_STYLE_USAGE(.BOTH.,#18785);
#18785 = SURFACE_SIDE_STYLE('',(#18786));
#18786 = SURFACE_STYLE_FILL_AREA(#18787);
#18787 = FILL_AREA_STYLE('',(#18788));
#18788 = FILL_AREA_STYLE_COLOUR('',#18781);
#18789 = OVER_RIDING_STYLED_ITEM('overriding color',(#18790),#5610,
  #18763);
#18790 = PRESENTATION_STYLE_ASSIGNMENT((#18791));
#18791 = SURFACE_STYLE_USAGE(.BOTH.,#18792);
#18792 = SURFACE_SIDE_STYLE('',(#18793));
#18793 = SURFACE_STYLE_FILL_AREA(#18794);
#18794 = FILL_AREA_STYLE('',(#18795));
#18795 = FILL_AREA_STYLE_COLOUR('',#18781);
#18796 = OVER_RIDING_STYLED_ITEM('overriding color',(#18797),#5641,
  #18763);
#18797 = PRESENTATION_STYLE_ASSIGNMENT((#18798));
#18798 = SURFACE_STYLE_USAGE(.BOTH.,#18799);
#18799 = SURFACE_SIDE_STYLE('',(#18800));
#18800 = SURFACE_STYLE_FILL_AREA(#18801);
#18801 = FILL_AREA_STYLE('',(#18802));
#18802 = FILL_AREA_STYLE_COLOUR('',#18781);
#18803 = OVER_RIDING_STYLED_ITEM('overriding color',(#18804),#5663,
  #18763);
#18804 = PRESENTATION_STYLE_ASSIGNMENT((#18805));
#18805 = SURFACE_STYLE_USAGE(.BOTH.,#18806);
#18806 = SURFACE_SIDE_STYLE('',(#18807));
#18807 = SURFACE_STYLE_FILL_AREA(#18808);
#18808 = FILL_AREA_STYLE('',(#18809));
#18809 = FILL_AREA_STYLE_COLOUR('',#18781);
#18810 = OVER_RIDING_STYLED_ITEM('overriding color',(#18811),#5675,
  #18763);
#18811 = PRESENTATION_STYLE_ASSIGNMENT((#18812));
#18812 = SURFACE_STYLE_USAGE(.BOTH.,#18813);
#18813 = SURFACE_SIDE_STYLE('',(#18814));
#18814 = SURFACE_STYLE_FILL_AREA(#18815);
#18815 = FILL_AREA_STYLE('',(#18816));
#18816 = FILL_AREA_STYLE_COLOUR('',#18781);
#18817 = STYLED_ITEM('color',(#18818),#5687);
#18818 = PRESENTATION_STYLE_ASSIGNMENT((#18819,#18824));
#18819 = SURFACE_STYLE_USAGE(.BOTH.,#18820);
#18820 = SURFACE_SIDE_STYLE('',(#18821));
#18821 = SURFACE_STYLE_FILL_AREA(#18822);
#18822 = FILL_AREA_STYLE('',(#18823));
#18823 = FILL_AREA_STYLE_COLOUR('',#18770);
#18824 = CURVE_STYLE('',#18825,POSITIVE_LENGTH_MEASURE(0.1),#18773);
#18825 = DRAUGHTING_PRE_DEFINED_CURVE_FONT('continuous');
#18826 = OVER_RIDING_STYLED_ITEM('overriding color',(#18827),#5689,
  #18817);
#18827 = PRESENTATION_STYLE_ASSIGNMENT((#18828));
#18828 = SURFACE_STYLE_USAGE(.BOTH.,#18829);
#18829 = SURFACE_SIDE_STYLE('',(#18830));
#18830 = SURFACE_STYLE_FILL_AREA(#18831);
#18831 = FILL_AREA_STYLE('',(#18832));
#18832 = FILL_AREA_STYLE_COLOUR('',#18833);
#18833 = COLOUR_RGB('',0.147999998088,0.144999993226,0.144999993226);
#18834 = OVER_RIDING_STYLED_ITEM('overriding color',(#18835),#5731,
  #18817);
#18835 = PRESENTATION_STYLE_ASSIGNMENT((#18836));
#18836 = SURFACE_STYLE_USAGE(.BOTH.,#18837);
#18837 = SURFACE_SIDE_STYLE('',(#18838));
#18838 = SURFACE_STYLE_FILL_AREA(#18839);
#18839 = FILL_AREA_STYLE('',(#18840));
#18840 = FILL_AREA_STYLE_COLOUR('',#18833);
#18841 = OVER_RIDING_STYLED_ITEM('overriding color',(#18842),#5762,
  #18817);
#18842 = PRESENTATION_STYLE_ASSIGNMENT((#18843));
#18843 = SURFACE_STYLE_USAGE(.BOTH.,#18844);
#18844 = SURFACE_SIDE_STYLE('',(#18845));
#18845 = SURFACE_STYLE_FILL_AREA(#18846);
#18846 = FILL_AREA_STYLE('',(#18847));
#18847 = FILL_AREA_STYLE_COLOUR('',#18833);
#18848 = OVER_RIDING_STYLED_ITEM('overriding color',(#18849),#5793,
  #18817);
#18849 = PRESENTATION_STYLE_ASSIGNMENT((#18850));
#18850 = SURFACE_STYLE_USAGE(.BOTH.,#18851);
#18851 = SURFACE_SIDE_STYLE('',(#18852));
#18852 = SURFACE_STYLE_FILL_AREA(#18853);
#18853 = FILL_AREA_STYLE('',(#18854));
#18854 = FILL_AREA_STYLE_COLOUR('',#18833);
#18855 = OVER_RIDING_STYLED_ITEM('overriding color',(#18856),#5908,
  #18817);
#18856 = PRESENTATION_STYLE_ASSIGNMENT((#18857));
#18857 = SURFACE_STYLE_USAGE(.BOTH.,#18858);
#18858 = SURFACE_SIDE_STYLE('',(#18859));
#18859 = SURFACE_STYLE_FILL_AREA(#18860);
#18860 = FILL_AREA_STYLE('',(#18861));
#18861 = FILL_AREA_STYLE_COLOUR('',#18833);
#18862 = OVER_RIDING_STYLED_ITEM('overriding color',(#18863),#6156,
  #18817);
#18863 = PRESENTATION_STYLE_ASSIGNMENT((#18864));
#18864 = SURFACE_STYLE_USAGE(.BOTH.,#18865);
#18865 = SURFACE_SIDE_STYLE('',(#18866));
#18866 = SURFACE_STYLE_FILL_AREA(#18867);
#18867 = FILL_AREA_STYLE('',(#18868));
#18868 = FILL_AREA_STYLE_COLOUR('',#18833);
#18869 = OVER_RIDING_STYLED_ITEM('overriding color',(#18870),#6173,
  #18817);
#18870 = PRESENTATION_STYLE_ASSIGNMENT((#18871));
#18871 = SURFACE_STYLE_USAGE(.BOTH.,#18872);
#18872 = SURFACE_SIDE_STYLE('',(#18873));
#18873 = SURFACE_STYLE_FILL_AREA(#18874);
#18874 = FILL_AREA_STYLE('',(#18875));
#18875 = FILL_AREA_STYLE_COLOUR('',#18833);
#18876 = OVER_RIDING_STYLED_ITEM('overriding color',(#18877),#6190,
  #18817);
#18877 = PRESENTATION_STYLE_ASSIGNMENT((#18878));
#18878 = SURFACE_STYLE_USAGE(.BOTH.,#18879);
#18879 = SURFACE_SIDE_STYLE('',(#18880));
#18880 = SURFACE_STYLE_FILL_AREA(#18881);
#18881 = FILL_AREA_STYLE('',(#18882));
#18882 = FILL_AREA_STYLE_COLOUR('',#18833);
#18883 = OVER_RIDING_STYLED_ITEM('overriding color',(#18884),#6207,
  #18817);
#18884 = PRESENTATION_STYLE_ASSIGNMENT((#18885));
#18885 = SURFACE_STYLE_USAGE(.BOTH.,#18886);
#18886 = SURFACE_SIDE_STYLE('',(#18887));
#18887 = SURFACE_STYLE_FILL_AREA(#18888);
#18888 = FILL_AREA_STYLE('',(#18889));
#18889 = FILL_AREA_STYLE_COLOUR('',#18833);
#18890 = OVER_RIDING_STYLED_ITEM('overriding color',(#18891),#6224,
  #18817);
#18891 = PRESENTATION_STYLE_ASSIGNMENT((#18892));
#18892 = SURFACE_STYLE_USAGE(.BOTH.,#18893);
#18893 = SURFACE_SIDE_STYLE('',(#18894));
#18894 = SURFACE_STYLE_FILL_AREA(#18895);
#18895 = FILL_AREA_STYLE('',(#18896));
#18896 = FILL_AREA_STYLE_COLOUR('',#18833);
#18897 = OVER_RIDING_STYLED_ITEM('overriding color',(#18898),#6264,
  #18817);
#18898 = PRESENTATION_STYLE_ASSIGNMENT((#18899));
#18899 = SURFACE_STYLE_USAGE(.BOTH.,#18900);
#18900 = SURFACE_SIDE_STYLE('',(#18901));
#18901 = SURFACE_STYLE_FILL_AREA(#18902);
#18902 = FILL_AREA_STYLE('',(#18903));
#18903 = FILL_AREA_STYLE_COLOUR('',#18833);
#18904 = OVER_RIDING_STYLED_ITEM('overriding color',(#18905),#6281,
  #18817);
#18905 = PRESENTATION_STYLE_ASSIGNMENT((#18906));
#18906 = SURFACE_STYLE_USAGE(.BOTH.,#18907);
#18907 = SURFACE_SIDE_STYLE('',(#18908));
#18908 = SURFACE_STYLE_FILL_AREA(#18909);
#18909 = FILL_AREA_STYLE('',(#18910));
#18910 = FILL_AREA_STYLE_COLOUR('',#18833);
#18911 = OVER_RIDING_STYLED_ITEM('overriding color',(#18912),#6298,
  #18817);
#18912 = PRESENTATION_STYLE_ASSIGNMENT((#18913));
#18913 = SURFACE_STYLE_USAGE(.BOTH.,#18914);
#18914 = SURFACE_SIDE_STYLE('',(#18915));
#18915 = SURFACE_STYLE_FILL_AREA(#18916);
#18916 = FILL_AREA_STYLE('',(#18917));
#18917 = FILL_AREA_STYLE_COLOUR('',#18833);
#18918 = OVER_RIDING_STYLED_ITEM('overriding color',(#18919),#6315,
  #18817);
#18919 = PRESENTATION_STYLE_ASSIGNMENT((#18920));
#18920 = SURFACE_STYLE_USAGE(.BOTH.,#18921);
#18921 = SURFACE_SIDE_STYLE('',(#18922));
#18922 = SURFACE_STYLE_FILL_AREA(#18923);
#18923 = FILL_AREA_STYLE('',(#18924));
#18924 = FILL_AREA_STYLE_COLOUR('',#18833);
#18925 = OVER_RIDING_STYLED_ITEM('overriding color',(#18926),#6332,
  #18817);
#18926 = PRESENTATION_STYLE_ASSIGNMENT((#18927));
#18927 = SURFACE_STYLE_USAGE(.BOTH.,#18928);
#18928 = SURFACE_SIDE_STYLE('',(#18929));
#18929 = SURFACE_STYLE_FILL_AREA(#18930);
#18930 = FILL_AREA_STYLE('',(#18931));
#18931 = FILL_AREA_STYLE_COLOUR('',#18833);
#18932 = OVER_RIDING_STYLED_ITEM('overriding color',(#18933),#6349,
  #18817);
#18933 = PRESENTATION_STYLE_ASSIGNMENT((#18934));
#18934 = SURFACE_STYLE_USAGE(.BOTH.,#18935);
#18935 = SURFACE_SIDE_STYLE('',(#18936));
#18936 = SURFACE_STYLE_FILL_AREA(#18937);
#18937 = FILL_AREA_STYLE('',(#18938));
#18938 = FILL_AREA_STYLE_COLOUR('',#18833);
#18939 = OVER_RIDING_STYLED_ITEM('overriding color',(#18940),#6366,
  #18817);
#18940 = PRESENTATION_STYLE_ASSIGNMENT((#18941));
#18941 = SURFACE_STYLE_USAGE(.BOTH.,#18942);
#18942 = SURFACE_SIDE_STYLE('',(#18943));
#18943 = SURFACE_STYLE_FILL_AREA(#18944);
#18944 = FILL_AREA_STYLE('',(#18945));
#18945 = FILL_AREA_STYLE_COLOUR('',#18833);
#18946 = OVER_RIDING_STYLED_ITEM('overriding color',(#18947),#6383,
  #18817);
#18947 = PRESENTATION_STYLE_ASSIGNMENT((#18948));
#18948 = SURFACE_STYLE_USAGE(.BOTH.,#18949);
#18949 = SURFACE_SIDE_STYLE('',(#18950));
#18950 = SURFACE_STYLE_FILL_AREA(#18951);
#18951 = FILL_AREA_STYLE('',(#18952));
#18952 = FILL_AREA_STYLE_COLOUR('',#18833);
#18953 = OVER_RIDING_STYLED_ITEM('overriding color',(#18954),#6418,
  #18817);
#18954 = PRESENTATION_STYLE_ASSIGNMENT((#18955));
#18955 = SURFACE_STYLE_USAGE(.BOTH.,#18956);
#18956 = SURFACE_SIDE_STYLE('',(#18957));
#18957 = SURFACE_STYLE_FILL_AREA(#18958);
#18958 = FILL_AREA_STYLE('',(#18959));
#18959 = FILL_AREA_STYLE_COLOUR('',#18833);
#18960 = OVER_RIDING_STYLED_ITEM('overriding color',(#18961),#6442,
  #18817);
#18961 = PRESENTATION_STYLE_ASSIGNMENT((#18962));
#18962 = SURFACE_STYLE_USAGE(.BOTH.,#18963);
#18963 = SURFACE_SIDE_STYLE('',(#18964));
#18964 = SURFACE_STYLE_FILL_AREA(#18965);
#18965 = FILL_AREA_STYLE('',(#18966));
#18966 = FILL_AREA_STYLE_COLOUR('',#18833);
#18967 = OVER_RIDING_STYLED_ITEM('overriding color',(#18968),#6466,
  #18817);
#18968 = PRESENTATION_STYLE_ASSIGNMENT((#18969));
#18969 = SURFACE_STYLE_USAGE(.BOTH.,#18970);
#18970 = SURFACE_SIDE_STYLE('',(#18971));
#18971 = SURFACE_STYLE_FILL_AREA(#18972);
#18972 = FILL_AREA_STYLE('',(#18973));
#18973 = FILL_AREA_STYLE_COLOUR('',#18833);
#18974 = OVER_RIDING_STYLED_ITEM('overriding color',(#18975),#6490,
  #18817);
#18975 = PRESENTATION_STYLE_ASSIGNMENT((#18976));
#18976 = SURFACE_STYLE_USAGE(.BOTH.,#18977);
#18977 = SURFACE_SIDE_STYLE('',(#18978));
#18978 = SURFACE_STYLE_FILL_AREA(#18979);
#18979 = FILL_AREA_STYLE('',(#18980));
#18980 = FILL_AREA_STYLE_COLOUR('',#18833);
#18981 = OVER_RIDING_STYLED_ITEM('overriding color',(#18982),#6515,
  #18817);
#18982 = PRESENTATION_STYLE_ASSIGNMENT((#18983));
#18983 = SURFACE_STYLE_USAGE(.BOTH.,#18984);
#18984 = SURFACE_SIDE_STYLE('',(#18985));
#18985 = SURFACE_STYLE_FILL_AREA(#18986);
#18986 = FILL_AREA_STYLE('',(#18987));
#18987 = FILL_AREA_STYLE_COLOUR('',#18833);
#18988 = OVER_RIDING_STYLED_ITEM('overriding color',(#18989),#6532,
  #18817);
#18989 = PRESENTATION_STYLE_ASSIGNMENT((#18990));
#18990 = SURFACE_STYLE_USAGE(.BOTH.,#18991);
#18991 = SURFACE_SIDE_STYLE('',(#18992));
#18992 = SURFACE_STYLE_FILL_AREA(#18993);
#18993 = FILL_AREA_STYLE('',(#18994));
#18994 = FILL_AREA_STYLE_COLOUR('',#18833);
#18995 = OVER_RIDING_STYLED_ITEM('overriding color',(#18996),#6549,
  #18817);
#18996 = PRESENTATION_STYLE_ASSIGNMENT((#18997));
#18997 = SURFACE_STYLE_USAGE(.BOTH.,#18998);
#18998 = SURFACE_SIDE_STYLE('',(#18999));
#18999 = SURFACE_STYLE_FILL_AREA(#19000);
#19000 = FILL_AREA_STYLE('',(#19001));
#19001 = FILL_AREA_STYLE_COLOUR('',#18833);
#19002 = OVER_RIDING_STYLED_ITEM('overriding color',(#19003),#6580,
  #18817);
#19003 = PRESENTATION_STYLE_ASSIGNMENT((#19004));
#19004 = SURFACE_STYLE_USAGE(.BOTH.,#19005);
#19005 = SURFACE_SIDE_STYLE('',(#19006));
#19006 = SURFACE_STYLE_FILL_AREA(#19007);
#19007 = FILL_AREA_STYLE('',(#19008));
#19008 = FILL_AREA_STYLE_COLOUR('',#18833);
#19009 = OVER_RIDING_STYLED_ITEM('overriding color',(#19010),#6604,
  #18817);
#19010 = PRESENTATION_STYLE_ASSIGNMENT((#19011));
#19011 = SURFACE_STYLE_USAGE(.BOTH.,#19012);
#19012 = SURFACE_SIDE_STYLE('',(#19013));
#19013 = SURFACE_STYLE_FILL_AREA(#19014);
#19014 = FILL_AREA_STYLE('',(#19015));
#19015 = FILL_AREA_STYLE_COLOUR('',#18833);
#19016 = OVER_RIDING_STYLED_ITEM('overriding color',(#19017),#6628,
  #18817);
#19017 = PRESENTATION_STYLE_ASSIGNMENT((#19018));
#19018 = SURFACE_STYLE_USAGE(.BOTH.,#19019);
#19019 = SURFACE_SIDE_STYLE('',(#19020));
#19020 = SURFACE_STYLE_FILL_AREA(#19021);
#19021 = FILL_AREA_STYLE('',(#19022));
#19022 = FILL_AREA_STYLE_COLOUR('',#18833);
#19023 = OVER_RIDING_STYLED_ITEM('overriding color',(#19024),#6645,
  #18817);
#19024 = PRESENTATION_STYLE_ASSIGNMENT((#19025));
#19025 = SURFACE_STYLE_USAGE(.BOTH.,#19026);
#19026 = SURFACE_SIDE_STYLE('',(#19027));
#19027 = SURFACE_STYLE_FILL_AREA(#19028);
#19028 = FILL_AREA_STYLE('',(#19029));
#19029 = FILL_AREA_STYLE_COLOUR('',#18833);
#19030 = OVER_RIDING_STYLED_ITEM('overriding color',(#19031),#6676,
  #18817);
#19031 = PRESENTATION_STYLE_ASSIGNMENT((#19032));
#19032 = SURFACE_STYLE_USAGE(.BOTH.,#19033);
#19033 = SURFACE_SIDE_STYLE('',(#19034));
#19034 = SURFACE_STYLE_FILL_AREA(#19035);
#19035 = FILL_AREA_STYLE('',(#19036));
#19036 = FILL_AREA_STYLE_COLOUR('',#18833);
#19037 = OVER_RIDING_STYLED_ITEM('overriding color',(#19038),#6700,
  #18817);
#19038 = PRESENTATION_STYLE_ASSIGNMENT((#19039));
#19039 = SURFACE_STYLE_USAGE(.BOTH.,#19040);
#19040 = SURFACE_SIDE_STYLE('',(#19041));
#19041 = SURFACE_STYLE_FILL_AREA(#19042);
#19042 = FILL_AREA_STYLE('',(#19043));
#19043 = FILL_AREA_STYLE_COLOUR('',#18833);
#19044 = OVER_RIDING_STYLED_ITEM('overriding color',(#19045),#6724,
  #18817);
#19045 = PRESENTATION_STYLE_ASSIGNMENT((#19046));
#19046 = SURFACE_STYLE_USAGE(.BOTH.,#19047);
#19047 = SURFACE_SIDE_STYLE('',(#19048));
#19048 = SURFACE_STYLE_FILL_AREA(#19049);
#19049 = FILL_AREA_STYLE('',(#19050));
#19050 = FILL_AREA_STYLE_COLOUR('',#18833);
#19051 = OVER_RIDING_STYLED_ITEM('overriding color',(#19052),#6741,
  #18817);
#19052 = PRESENTATION_STYLE_ASSIGNMENT((#19053));
#19053 = SURFACE_STYLE_USAGE(.BOTH.,#19054);
#19054 = SURFACE_SIDE_STYLE('',(#19055));
#19055 = SURFACE_STYLE_FILL_AREA(#19056);
#19056 = FILL_AREA_STYLE('',(#19057));
#19057 = FILL_AREA_STYLE_COLOUR('',#18833);
#19058 = OVER_RIDING_STYLED_ITEM('overriding color',(#19059),#6764,
  #18817);
#19059 = PRESENTATION_STYLE_ASSIGNMENT((#19060));
#19060 = SURFACE_STYLE_USAGE(.BOTH.,#19061);
#19061 = SURFACE_SIDE_STYLE('',(#19062));
#19062 = SURFACE_STYLE_FILL_AREA(#19063);
#19063 = FILL_AREA_STYLE('',(#19064));
#19064 = FILL_AREA_STYLE_COLOUR('',#18833);
#19065 = OVER_RIDING_STYLED_ITEM('overriding color',(#19066),#6787,
  #18817);
#19066 = PRESENTATION_STYLE_ASSIGNMENT((#19067));
#19067 = SURFACE_STYLE_USAGE(.BOTH.,#19068);
#19068 = SURFACE_SIDE_STYLE('',(#19069));
#19069 = SURFACE_STYLE_FILL_AREA(#19070);
#19070 = FILL_AREA_STYLE('',(#19071));
#19071 = FILL_AREA_STYLE_COLOUR('',#18833);
#19072 = OVER_RIDING_STYLED_ITEM('overriding color',(#19073),#6799,
  #18817);
#19073 = PRESENTATION_STYLE_ASSIGNMENT((#19074));
#19074 = SURFACE_STYLE_USAGE(.BOTH.,#19075);
#19075 = SURFACE_SIDE_STYLE('',(#19076));
#19076 = SURFACE_STYLE_FILL_AREA(#19077);
#19077 = FILL_AREA_STYLE('',(#19078));
#19078 = FILL_AREA_STYLE_COLOUR('',#18833);
#19079 = OVER_RIDING_STYLED_ITEM('overriding color',(#19080),#6811,
  #18817);
#19080 = PRESENTATION_STYLE_ASSIGNMENT((#19081));
#19081 = SURFACE_STYLE_USAGE(.BOTH.,#19082);
#19082 = SURFACE_SIDE_STYLE('',(#19083));
#19083 = SURFACE_STYLE_FILL_AREA(#19084);
#19084 = FILL_AREA_STYLE('',(#19085));
#19085 = FILL_AREA_STYLE_COLOUR('',#18833);
#19086 = OVER_RIDING_STYLED_ITEM('overriding color',(#19087),#6836,
  #18817);
#19087 = PRESENTATION_STYLE_ASSIGNMENT((#19088));
#19088 = SURFACE_STYLE_USAGE(.BOTH.,#19089);
#19089 = SURFACE_SIDE_STYLE('',(#19090));
#19090 = SURFACE_STYLE_FILL_AREA(#19091);
#19091 = FILL_AREA_STYLE('',(#19092));
#19092 = FILL_AREA_STYLE_COLOUR('',#18833);
#19093 = OVER_RIDING_STYLED_ITEM('overriding color',(#19094),#6861,
  #18817);
#19094 = PRESENTATION_STYLE_ASSIGNMENT((#19095));
#19095 = SURFACE_STYLE_USAGE(.BOTH.,#19096);
#19096 = SURFACE_SIDE_STYLE('',(#19097));
#19097 = SURFACE_STYLE_FILL_AREA(#19098);
#19098 = FILL_AREA_STYLE('',(#19099));
#19099 = FILL_AREA_STYLE_COLOUR('',#18833);
#19100 = OVER_RIDING_STYLED_ITEM('overriding color',(#19101),#6870,
  #18817);
#19101 = PRESENTATION_STYLE_ASSIGNMENT((#19102));
#19102 = SURFACE_STYLE_USAGE(.BOTH.,#19103);
#19103 = SURFACE_SIDE_STYLE('',(#19104));
#19104 = SURFACE_STYLE_FILL_AREA(#19105);
#19105 = FILL_AREA_STYLE('',(#19106));
#19106 = FILL_AREA_STYLE_COLOUR('',#18833);
#19107 = STYLED_ITEM('color',(#19108),#6879);
#19108 = PRESENTATION_STYLE_ASSIGNMENT((#19109,#19114));
#19109 = SURFACE_STYLE_USAGE(.BOTH.,#19110);
#19110 = SURFACE_SIDE_STYLE('',(#19111));
#19111 = SURFACE_STYLE_FILL_AREA(#19112);
#19112 = FILL_AREA_STYLE('',(#19113));
#19113 = FILL_AREA_STYLE_COLOUR('',#18770);
#19114 = CURVE_STYLE('',#19115,POSITIVE_LENGTH_MEASURE(0.1),#18773);
#19115 = DRAUGHTING_PRE_DEFINED_CURVE_FONT('continuous');
#19116 = OVER_RIDING_STYLED_ITEM('overriding color',(#19117),#6881,
  #19107);
#19117 = PRESENTATION_STYLE_ASSIGNMENT((#19118));
#19118 = SURFACE_STYLE_USAGE(.BOTH.,#19119);
#19119 = SURFACE_SIDE_STYLE('',(#19120,#19124));
#19120 = SURFACE_STYLE_FILL_AREA(#19121);
#19121 = FILL_AREA_STYLE('',(#19122));
#19122 = FILL_AREA_STYLE_COLOUR('',#19123);
#19123 = COLOUR_RGB('',0.750000000934,0.439999992444,0.);
#19124 = SURFACE_STYLE_RENDERING_WITH_PROPERTIES(.NORMAL_SHADING.,#19123
  ,(#19125));
#19125 = SURFACE_STYLE_TRANSPARENT(0.389999985695);
#19126 = OVER_RIDING_STYLED_ITEM('overriding color',(#19127),#6921,
  #19107);
#19127 = PRESENTATION_STYLE_ASSIGNMENT((#19128));
#19128 = SURFACE_STYLE_USAGE(.BOTH.,#19129);
#19129 = SURFACE_SIDE_STYLE('',(#19130,#19133));
#19130 = SURFACE_STYLE_FILL_AREA(#19131);
#19131 = FILL_AREA_STYLE('',(#19132));
#19132 = FILL_AREA_STYLE_COLOUR('',#19123);
#19133 = SURFACE_STYLE_RENDERING_WITH_PROPERTIES(.NORMAL_SHADING.,#19123
  ,(#19134));
#19134 = SURFACE_STYLE_TRANSPARENT(0.389999985695);
#19135 = OVER_RIDING_STYLED_ITEM('overriding color',(#19136),#6952,
  #19107);
#19136 = PRESENTATION_STYLE_ASSIGNMENT((#19137));
#19137 = SURFACE_STYLE_USAGE(.BOTH.,#19138);
#19138 = SURFACE_SIDE_STYLE('',(#19139,#19142));
#19139 = SURFACE_STYLE_FILL_AREA(#19140);
#19140 = FILL_AREA_STYLE('',(#19141));
#19141 = FILL_AREA_STYLE_COLOUR('',#19123);
#19142 = SURFACE_STYLE_RENDERING_WITH_PROPERTIES(.NORMAL_SHADING.,#19123
  ,(#19143));
#19143 = SURFACE_STYLE_TRANSPARENT(0.389999985695);
#19144 = OVER_RIDING_STYLED_ITEM('overriding color',(#19145),#6983,
  #19107);
#19145 = PRESENTATION_STYLE_ASSIGNMENT((#19146));
#19146 = SURFACE_STYLE_USAGE(.BOTH.,#19147);
#19147 = SURFACE_SIDE_STYLE('',(#19148,#19151));
#19148 = SURFACE_STYLE_FILL_AREA(#19149);
#19149 = FILL_AREA_STYLE('',(#19150));
#19150 = FILL_AREA_STYLE_COLOUR('',#19123);
#19151 = SURFACE_STYLE_RENDERING_WITH_PROPERTIES(.NORMAL_SHADING.,#19123
  ,(#19152));
#19152 = SURFACE_STYLE_TRANSPARENT(0.389999985695);
#19153 = OVER_RIDING_STYLED_ITEM('overriding color',(#19154),#7005,
  #19107);
#19154 = PRESENTATION_STYLE_ASSIGNMENT((#19155));
#19155 = SURFACE_STYLE_USAGE(.BOTH.,#19156);
#19156 = SURFACE_SIDE_STYLE('',(#19157,#19160));
#19157 = SURFACE_STYLE_FILL_AREA(#19158);
#19158 = FILL_AREA_STYLE('',(#19159));
#19159 = FILL_AREA_STYLE_COLOUR('',#19123);
#19160 = SURFACE_STYLE_RENDERING_WITH_PROPERTIES(.NORMAL_SHADING.,#19123
  ,(#19161));
#19161 = SURFACE_STYLE_TRANSPARENT(0.389999985695);
#19162 = OVER_RIDING_STYLED_ITEM('overriding color',(#19163),#7017,
  #19107);
#19163 = PRESENTATION_STYLE_ASSIGNMENT((#19164));
#19164 = SURFACE_STYLE_USAGE(.BOTH.,#19165);
#19165 = SURFACE_SIDE_STYLE('',(#19166,#19169));
#19166 = SURFACE_STYLE_FILL_AREA(#19167);
#19167 = FILL_AREA_STYLE('',(#19168));
#19168 = FILL_AREA_STYLE_COLOUR('',#19123);
#19169 = SURFACE_STYLE_RENDERING_WITH_PROPERTIES(.NORMAL_SHADING.,#19123
  ,(#19170));
#19170 = SURFACE_STYLE_TRANSPARENT(0.389999985695);
#19171 = STYLED_ITEM('color',(#19172),#7029);
#19172 = PRESENTATION_STYLE_ASSIGNMENT((#19173,#19178));
#19173 = SURFACE_STYLE_USAGE(.BOTH.,#19174);
#19174 = SURFACE_SIDE_STYLE('',(#19175));
#19175 = SURFACE_STYLE_FILL_AREA(#19176);
#19176 = FILL_AREA_STYLE('',(#19177));
#19177 = FILL_AREA_STYLE_COLOUR('',#18770);
#19178 = CURVE_STYLE('',#19179,POSITIVE_LENGTH_MEASURE(0.1),#18773);
#19179 = DRAUGHTING_PRE_DEFINED_CURVE_FONT('continuous');
#19180 = OVER_RIDING_STYLED_ITEM('overriding color',(#19181),#7031,
  #19171);
#19181 = PRESENTATION_STYLE_ASSIGNMENT((#19182));
#19182 = SURFACE_STYLE_USAGE(.BOTH.,#19183);
#19183 = SURFACE_SIDE_STYLE('',(#19184));
#19184 = SURFACE_STYLE_FILL_AREA(#19185);
#19185 = FILL_AREA_STYLE('',(#19186));
#19186 = FILL_AREA_STYLE_COLOUR('',#19187);
#19187 = COLOUR_RGB('',0.809000013735,0.426000008053,0.147999998088);
#19188 = OVER_RIDING_STYLED_ITEM('overriding color',(#19189),#7064,
  #19171);
#19189 = PRESENTATION_STYLE_ASSIGNMENT((#19190));
#19190 = SURFACE_STYLE_USAGE(.BOTH.,#19191);
#19191 = SURFACE_SIDE_STYLE('',(#19192));
#19192 = SURFACE_STYLE_FILL_AREA(#19193);
#19193 = FILL_AREA_STYLE('',(#19194));
#19194 = FILL_AREA_STYLE_COLOUR('',#19187);
#19195 = STYLED_ITEM('color',(#19196),#7082);
#19196 = PRESENTATION_STYLE_ASSIGNMENT((#19197,#19202));
#19197 = SURFACE_STYLE_USAGE(.BOTH.,#19198);
#19198 = SURFACE_SIDE_STYLE('',(#19199));
#19199 = SURFACE_STYLE_FILL_AREA(#19200);
#19200 = FILL_AREA_STYLE('',(#19201));
#19201 = FILL_AREA_STYLE_COLOUR('',#18770);
#19202 = CURVE_STYLE('',#19203,POSITIVE_LENGTH_MEASURE(0.1),#18773);
#19203 = DRAUGHTING_PRE_DEFINED_CURVE_FONT('continuous');
#19204 = OVER_RIDING_STYLED_ITEM('overriding color',(#19205),#7084,
  #19195);
#19205 = PRESENTATION_STYLE_ASSIGNMENT((#19206));
#19206 = SURFACE_STYLE_USAGE(.BOTH.,#19207);
#19207 = SURFACE_SIDE_STYLE('',(#19208));
#19208 = SURFACE_STYLE_FILL_AREA(#19209);
#19209 = FILL_AREA_STYLE('',(#19210));
#19210 = FILL_AREA_STYLE_COLOUR('',#19187);
#19211 = OVER_RIDING_STYLED_ITEM('overriding color',(#19212),#7117,
  #19195);
#19212 = PRESENTATION_STYLE_ASSIGNMENT((#19213));
#19213 = SURFACE_STYLE_USAGE(.BOTH.,#19214);
#19214 = SURFACE_SIDE_STYLE('',(#19215));
#19215 = SURFACE_STYLE_FILL_AREA(#19216);
#19216 = FILL_AREA_STYLE('',(#19217));
#19217 = FILL_AREA_STYLE_COLOUR('',#19187);
#19218 = STYLED_ITEM('color',(#19219),#7135);
#19219 = PRESENTATION_STYLE_ASSIGNMENT((#19220,#19225));
#19220 = SURFACE_STYLE_USAGE(.BOTH.,#19221);
#19221 = SURFACE_SIDE_STYLE('',(#19222));
#19222 = SURFACE_STYLE_FILL_AREA(#19223);
#19223 = FILL_AREA_STYLE('',(#19224));
#19224 = FILL_AREA_STYLE_COLOUR('',#18770);
#19225 = CURVE_STYLE('',#19226,POSITIVE_LENGTH_MEASURE(0.1),#18773);
#19226 = DRAUGHTING_PRE_DEFINED_CURVE_FONT('continuous');
#19227 = OVER_RIDING_STYLED_ITEM('overriding color',(#19228),#7137,
  #19218);
#19228 = PRESENTATION_STYLE_ASSIGNMENT((#19229));
#19229 = SURFACE_STYLE_USAGE(.BOTH.,#19230);
#19230 = SURFACE_SIDE_STYLE('',(#19231,#19234));
#19231 = SURFACE_STYLE_FILL_AREA(#19232);
#19232 = FILL_AREA_STYLE('',(#19233));
#19233 = FILL_AREA_STYLE_COLOUR('',#19123);
#19234 = SURFACE_STYLE_RENDERING_WITH_PROPERTIES(.NORMAL_SHADING.,#19123
  ,(#19235));
#19235 = SURFACE_STYLE_TRANSPARENT(0.389999985695);
#19236 = OVER_RIDING_STYLED_ITEM('overriding color',(#19237),#7177,
  #19218);
#19237 = PRESENTATION_STYLE_ASSIGNMENT((#19238));
#19238 = SURFACE_STYLE_USAGE(.BOTH.,#19239);
#19239 = SURFACE_SIDE_STYLE('',(#19240,#19243));
#19240 = SURFACE_STYLE_FILL_AREA(#19241);
#19241 = FILL_AREA_STYLE('',(#19242));
#19242 = FILL_AREA_STYLE_COLOUR('',#19123);
#19243 = SURFACE_STYLE_RENDERING_WITH_PROPERTIES(.NORMAL_SHADING.,#19123
  ,(#19244));
#19244 = SURFACE_STYLE_TRANSPARENT(0.389999985695);
#19245 = OVER_RIDING_STYLED_ITEM('overriding color',(#19246),#7208,
  #19218);
#19246 = PRESENTATION_STYLE_ASSIGNMENT((#19247));
#19247 = SURFACE_STYLE_USAGE(.BOTH.,#19248);
#19248 = SURFACE_SIDE_STYLE('',(#19249,#19252));
#19249 = SURFACE_STYLE_FILL_AREA(#19250);
#19250 = FILL_AREA_STYLE('',(#19251));
#19251 = FILL_AREA_STYLE_COLOUR('',#19123);
#19252 = SURFACE_STYLE_RENDERING_WITH_PROPERTIES(.NORMAL_SHADING.,#19123
  ,(#19253));
#19253 = SURFACE_STYLE_TRANSPARENT(0.389999985695);
#19254 = OVER_RIDING_STYLED_ITEM('overriding color',(#19255),#7239,
  #19218);
#19255 = PRESENTATION_STYLE_ASSIGNMENT((#19256));
#19256 = SURFACE_STYLE_USAGE(.BOTH.,#19257);
#19257 = SURFACE_SIDE_STYLE('',(#19258,#19261));
#19258 = SURFACE_STYLE_FILL_AREA(#19259);
#19259 = FILL_AREA_STYLE('',(#19260));
#19260 = FILL_AREA_STYLE_COLOUR('',#19123);
#19261 = SURFACE_STYLE_RENDERING_WITH_PROPERTIES(.NORMAL_SHADING.,#19123
  ,(#19262));
#19262 = SURFACE_STYLE_TRANSPARENT(0.389999985695);
#19263 = OVER_RIDING_STYLED_ITEM('overriding color',(#19264),#7261,
  #19218);
#19264 = PRESENTATION_STYLE_ASSIGNMENT((#19265));
#19265 = SURFACE_STYLE_USAGE(.BOTH.,#19266);
#19266 = SURFACE_SIDE_STYLE('',(#19267,#19270));
#19267 = SURFACE_STYLE_FILL_AREA(#19268);
#19268 = FILL_AREA_STYLE('',(#19269));
#19269 = FILL_AREA_STYLE_COLOUR('',#19123);
#19270 = SURFACE_STYLE_RENDERING_WITH_PROPERTIES(.NORMAL_SHADING.,#19123
  ,(#19271));
#19271 = SURFACE_STYLE_TRANSPARENT(0.389999985695);
#19272 = OVER_RIDING_STYLED_ITEM('overriding color',(#19273),#7273,
  #19218);
#19273 = PRESENTATION_STYLE_ASSIGNMENT((#19274));
#19274 = SURFACE_STYLE_USAGE(.BOTH.,#19275);
#19275 = SURFACE_SIDE_STYLE('',(#19276,#19279));
#19276 = SURFACE_STYLE_FILL_AREA(#19277);
#19277 = FILL_AREA_STYLE('',(#19278));
#19278 = FILL_AREA_STYLE_COLOUR('',#19123);
#19279 = SURFACE_STYLE_RENDERING_WITH_PROPERTIES(.NORMAL_SHADING.,#19123
  ,(#19280));
#19280 = SURFACE_STYLE_TRANSPARENT(0.389999985695);
#19281 = STYLED_ITEM('color',(#19282),#7285);
#19282 = PRESENTATION_STYLE_ASSIGNMENT((#19283,#19288));
#19283 = SURFACE_STYLE_USAGE(.BOTH.,#19284);
#19284 = SURFACE_SIDE_STYLE('',(#19285));
#19285 = SURFACE_STYLE_FILL_AREA(#19286);
#19286 = FILL_AREA_STYLE('',(#19287));
#19287 = FILL_AREA_STYLE_COLOUR('',#18770);
#19288 = CURVE_STYLE('',#19289,POSITIVE_LENGTH_MEASURE(0.1),#18773);
#19289 = DRAUGHTING_PRE_DEFINED_CURVE_FONT('continuous');
#19290 = OVER_RIDING_STYLED_ITEM('overriding color',(#19291),#7287,
  #19281);
#19291 = PRESENTATION_STYLE_ASSIGNMENT((#19292));
#19292 = SURFACE_STYLE_USAGE(.BOTH.,#19293);
#19293 = SURFACE_SIDE_STYLE('',(#19294));
#19294 = SURFACE_STYLE_FILL_AREA(#19295);
#19295 = FILL_AREA_STYLE('',(#19296));
#19296 = FILL_AREA_STYLE_COLOUR('',#19297);
#19297 = COLOUR_RGB('',0.859000020776,0.737999965183,0.495999988746);
#19298 = OVER_RIDING_STYLED_ITEM('overriding color',(#19299),#7327,
  #19281);
#19299 = PRESENTATION_STYLE_ASSIGNMENT((#19300));
#19300 = SURFACE_STYLE_USAGE(.BOTH.,#19301);
#19301 = SURFACE_SIDE_STYLE('',(#19302));
#19302 = SURFACE_STYLE_FILL_AREA(#19303);
#19303 = FILL_AREA_STYLE('',(#19304));
#19304 = FILL_AREA_STYLE_COLOUR('',#19297);
#19305 = OVER_RIDING_STYLED_ITEM('overriding color',(#19306),#7358,
  #19281);
#19306 = PRESENTATION_STYLE_ASSIGNMENT((#19307));
#19307 = SURFACE_STYLE_USAGE(.BOTH.,#19308);
#19308 = SURFACE_SIDE_STYLE('',(#19309));
#19309 = SURFACE_STYLE_FILL_AREA(#19310);
#19310 = FILL_AREA_STYLE('',(#19311));
#19311 = FILL_AREA_STYLE_COLOUR('',#19297);
#19312 = OVER_RIDING_STYLED_ITEM('overriding color',(#19313),#7389,
  #19281);
#19313 = PRESENTATION_STYLE_ASSIGNMENT((#19314));
#19314 = SURFACE_STYLE_USAGE(.BOTH.,#19315);
#19315 = SURFACE_SIDE_STYLE('',(#19316));
#19316 = SURFACE_STYLE_FILL_AREA(#19317);
#19317 = FILL_AREA_STYLE('',(#19318));
#19318 = FILL_AREA_STYLE_COLOUR('',#19297);
#19319 = OVER_RIDING_STYLED_ITEM('overriding color',(#19320),#7420,
  #19281);
#19320 = PRESENTATION_STYLE_ASSIGNMENT((#19321));
#19321 = SURFACE_STYLE_USAGE(.BOTH.,#19322);
#19322 = SURFACE_SIDE_STYLE('',(#19323));
#19323 = SURFACE_STYLE_FILL_AREA(#19324);
#19324 = FILL_AREA_STYLE('',(#19325));
#19325 = FILL_AREA_STYLE_COLOUR('',#19297);
#19326 = OVER_RIDING_STYLED_ITEM('overriding color',(#19327),#7451,
  #19281);
#19327 = PRESENTATION_STYLE_ASSIGNMENT((#19328));
#19328 = SURFACE_STYLE_USAGE(.BOTH.,#19329);
#19329 = SURFACE_SIDE_STYLE('',(#19330));
#19330 = SURFACE_STYLE_FILL_AREA(#19331);
#19331 = FILL_AREA_STYLE('',(#19332));
#19332 = FILL_AREA_STYLE_COLOUR('',#19297);
#19333 = OVER_RIDING_STYLED_ITEM('overriding color',(#19334),#7473,
  #19281);
#19334 = PRESENTATION_STYLE_ASSIGNMENT((#19335));
#19335 = SURFACE_STYLE_USAGE(.BOTH.,#19336);
#19336 = SURFACE_SIDE_STYLE('',(#19337));
#19337 = SURFACE_STYLE_FILL_AREA(#19338);
#19338 = FILL_AREA_STYLE('',(#19339));
#19339 = FILL_AREA_STYLE_COLOUR('',#19297);
#19340 = OVER_RIDING_STYLED_ITEM('overriding color',(#19341),#7487,
  #19281);
#19341 = PRESENTATION_STYLE_ASSIGNMENT((#19342));
#19342 = SURFACE_STYLE_USAGE(.BOTH.,#19343);
#19343 = SURFACE_SIDE_STYLE('',(#19344));
#19344 = SURFACE_STYLE_FILL_AREA(#19345);
#19345 = FILL_AREA_STYLE('',(#19346));
#19346 = FILL_AREA_STYLE_COLOUR('',#19297);
#19347 = STYLED_ITEM('color',(#19348),#7501);
#19348 = PRESENTATION_STYLE_ASSIGNMENT((#19349,#19354));
#19349 = SURFACE_STYLE_USAGE(.BOTH.,#19350);
#19350 = SURFACE_SIDE_STYLE('',(#19351));
#19351 = SURFACE_STYLE_FILL_AREA(#19352);
#19352 = FILL_AREA_STYLE('',(#19353));
#19353 = FILL_AREA_STYLE_COLOUR('',#18770);
#19354 = CURVE_STYLE('',#19355,POSITIVE_LENGTH_MEASURE(0.1),#18773);
#19355 = DRAUGHTING_PRE_DEFINED_CURVE_FONT('continuous');
#19356 = OVER_RIDING_STYLED_ITEM('overriding color',(#19357),#7503,
  #19347);
#19357 = PRESENTATION_STYLE_ASSIGNMENT((#19358));
#19358 = SURFACE_STYLE_USAGE(.BOTH.,#19359);
#19359 = SURFACE_SIDE_STYLE('',(#19360));
#19360 = SURFACE_STYLE_FILL_AREA(#19361);
#19361 = FILL_AREA_STYLE('',(#19362));
#19362 = FILL_AREA_STYLE_COLOUR('',#19297);
#19363 = OVER_RIDING_STYLED_ITEM('overriding color',(#19364),#7543,
  #19347);
#19364 = PRESENTATION_STYLE_ASSIGNMENT((#19365));
#19365 = SURFACE_STYLE_USAGE(.BOTH.,#19366);
#19366 = SURFACE_SIDE_STYLE('',(#19367));
#19367 = SURFACE_STYLE_FILL_AREA(#19368);
#19368 = FILL_AREA_STYLE('',(#19369));
#19369 = FILL_AREA_STYLE_COLOUR('',#19297);
#19370 = OVER_RIDING_STYLED_ITEM('overriding color',(#19371),#7583,
  #19347);
#19371 = PRESENTATION_STYLE_ASSIGNMENT((#19372));
#19372 = SURFACE_STYLE_USAGE(.BOTH.,#19373);
#19373 = SURFACE_SIDE_STYLE('',(#19374));
#19374 = SURFACE_STYLE_FILL_AREA(#19375);
#19375 = FILL_AREA_STYLE('',(#19376));
#19376 = FILL_AREA_STYLE_COLOUR('',#19297);
#19377 = OVER_RIDING_STYLED_ITEM('overriding color',(#19378),#7605,
  #19347);
#19378 = PRESENTATION_STYLE_ASSIGNMENT((#19379));
#19379 = SURFACE_STYLE_USAGE(.BOTH.,#19380);
#19380 = SURFACE_SIDE_STYLE('',(#19381));
#19381 = SURFACE_STYLE_FILL_AREA(#19382);
#19382 = FILL_AREA_STYLE('',(#19383));
#19383 = FILL_AREA_STYLE_COLOUR('',#19297);
#19384 = OVER_RIDING_STYLED_ITEM('overriding color',(#19385),#7627,
  #19347);
#19385 = PRESENTATION_STYLE_ASSIGNMENT((#19386));
#19386 = SURFACE_STYLE_USAGE(.BOTH.,#19387);
#19387 = SURFACE_SIDE_STYLE('',(#19388));
#19388 = SURFACE_STYLE_FILL_AREA(#19389);
#19389 = FILL_AREA_STYLE('',(#19390));
#19390 = FILL_AREA_STYLE_COLOUR('',#19297);
#19391 = OVER_RIDING_STYLED_ITEM('overriding color',(#19392),#7639,
  #19347);
#19392 = PRESENTATION_STYLE_ASSIGNMENT((#19393));
#19393 = SURFACE_STYLE_USAGE(.BOTH.,#19394);
#19394 = SURFACE_SIDE_STYLE('',(#19395));
#19395 = SURFACE_STYLE_FILL_AREA(#19396);
#19396 = FILL_AREA_STYLE('',(#19397));
#19397 = FILL_AREA_STYLE_COLOUR('',#19297);
#19398 = STYLED_ITEM('color',(#19399),#7651);
#19399 = PRESENTATION_STYLE_ASSIGNMENT((#19400,#19405));
#19400 = SURFACE_STYLE_USAGE(.BOTH.,#19401);
#19401 = SURFACE_SIDE_STYLE('',(#19402));
#19402 = SURFACE_STYLE_FILL_AREA(#19403);
#19403 = FILL_AREA_STYLE('',(#19404));
#19404 = FILL_AREA_STYLE_COLOUR('',#18770);
#19405 = CURVE_STYLE('',#19406,POSITIVE_LENGTH_MEASURE(0.1),#18773);
#19406 = DRAUGHTING_PRE_DEFINED_CURVE_FONT('continuous');
#19407 = OVER_RIDING_STYLED_ITEM('overriding color',(#19408),#7653,
  #19398);
#19408 = PRESENTATION_STYLE_ASSIGNMENT((#19409));
#19409 = SURFACE_STYLE_USAGE(.BOTH.,#19410);
#19410 = SURFACE_SIDE_STYLE('',(#19411));
#19411 = SURFACE_STYLE_FILL_AREA(#19412);
#19412 = FILL_AREA_STYLE('',(#19413));
#19413 = FILL_AREA_STYLE_COLOUR('',#19297);
#19414 = OVER_RIDING_STYLED_ITEM('overriding color',(#19415),#7693,
  #19398);
#19415 = PRESENTATION_STYLE_ASSIGNMENT((#19416));
#19416 = SURFACE_STYLE_USAGE(.BOTH.,#19417);
#19417 = SURFACE_SIDE_STYLE('',(#19418));
#19418 = SURFACE_STYLE_FILL_AREA(#19419);
#19419 = FILL_AREA_STYLE('',(#19420));
#19420 = FILL_AREA_STYLE_COLOUR('',#19297);
#19421 = OVER_RIDING_STYLED_ITEM('overriding color',(#19422),#7733,
  #19398);
#19422 = PRESENTATION_STYLE_ASSIGNMENT((#19423));
#19423 = SURFACE_STYLE_USAGE(.BOTH.,#19424);
#19424 = SURFACE_SIDE_STYLE('',(#19425));
#19425 = SURFACE_STYLE_FILL_AREA(#19426);
#19426 = FILL_AREA_STYLE('',(#19427));
#19427 = FILL_AREA_STYLE_COLOUR('',#19297);
#19428 = OVER_RIDING_STYLED_ITEM('overriding color',(#19429),#7755,
  #19398);
#19429 = PRESENTATION_STYLE_ASSIGNMENT((#19430));
#19430 = SURFACE_STYLE_USAGE(.BOTH.,#19431);
#19431 = SURFACE_SIDE_STYLE('',(#19432));
#19432 = SURFACE_STYLE_FILL_AREA(#19433);
#19433 = FILL_AREA_STYLE('',(#19434));
#19434 = FILL_AREA_STYLE_COLOUR('',#19297);
#19435 = OVER_RIDING_STYLED_ITEM('overriding color',(#19436),#7777,
  #19398);
#19436 = PRESENTATION_STYLE_ASSIGNMENT((#19437));
#19437 = SURFACE_STYLE_USAGE(.BOTH.,#19438);
#19438 = SURFACE_SIDE_STYLE('',(#19439));
#19439 = SURFACE_STYLE_FILL_AREA(#19440);
#19440 = FILL_AREA_STYLE('',(#19441));
#19441 = FILL_AREA_STYLE_COLOUR('',#19297);
#19442 = OVER_RIDING_STYLED_ITEM('overriding color',(#19443),#7789,
  #19398);
#19443 = PRESENTATION_STYLE_ASSIGNMENT((#19444));
#19444 = SURFACE_STYLE_USAGE(.BOTH.,#19445);
#19445 = SURFACE_SIDE_STYLE('',(#19446));
#19446 = SURFACE_STYLE_FILL_AREA(#19447);
#19447 = FILL_AREA_STYLE('',(#19448));
#19448 = FILL_AREA_STYLE_COLOUR('',#19297);
#19449 = STYLED_ITEM('color',(#19450),#7801);
#19450 = PRESENTATION_STYLE_ASSIGNMENT((#19451,#19456));
#19451 = SURFACE_STYLE_USAGE(.BOTH.,#19452);
#19452 = SURFACE_SIDE_STYLE('',(#19453));
#19453 = SURFACE_STYLE_FILL_AREA(#19454);
#19454 = FILL_AREA_STYLE('',(#19455));
#19455 = FILL_AREA_STYLE_COLOUR('',#18770);
#19456 = CURVE_STYLE('',#19457,POSITIVE_LENGTH_MEASURE(0.1),#18773);
#19457 = DRAUGHTING_PRE_DEFINED_CURVE_FONT('continuous');
#19458 = OVER_RIDING_STYLED_ITEM('overriding color',(#19459),#7803,
  #19449);
#19459 = PRESENTATION_STYLE_ASSIGNMENT((#19460));
#19460 = SURFACE_STYLE_USAGE(.BOTH.,#19461);
#19461 = SURFACE_SIDE_STYLE('',(#19462));
#19462 = SURFACE_STYLE_FILL_AREA(#19463);
#19463 = FILL_AREA_STYLE('',(#19464));
#19464 = FILL_AREA_STYLE_COLOUR('',#19297);
#19465 = OVER_RIDING_STYLED_ITEM('overriding color',(#19466),#7843,
  #19449);
#19466 = PRESENTATION_STYLE_ASSIGNMENT((#19467));
#19467 = SURFACE_STYLE_USAGE(.BOTH.,#19468);
#19468 = SURFACE_SIDE_STYLE('',(#19469));
#19469 = SURFACE_STYLE_FILL_AREA(#19470);
#19470 = FILL_AREA_STYLE('',(#19471));
#19471 = FILL_AREA_STYLE_COLOUR('',#19297);
#19472 = OVER_RIDING_STYLED_ITEM('overriding color',(#19473),#7883,
  #19449);
#19473 = PRESENTATION_STYLE_ASSIGNMENT((#19474));
#19474 = SURFACE_STYLE_USAGE(.BOTH.,#19475);
#19475 = SURFACE_SIDE_STYLE('',(#19476));
#19476 = SURFACE_STYLE_FILL_AREA(#19477);
#19477 = FILL_AREA_STYLE('',(#19478));
#19478 = FILL_AREA_STYLE_COLOUR('',#19297);
#19479 = OVER_RIDING_STYLED_ITEM('overriding color',(#19480),#7905,
  #19449);
#19480 = PRESENTATION_STYLE_ASSIGNMENT((#19481));
#19481 = SURFACE_STYLE_USAGE(.BOTH.,#19482);
#19482 = SURFACE_SIDE_STYLE('',(#19483));
#19483 = SURFACE_STYLE_FILL_AREA(#19484);
#19484 = FILL_AREA_STYLE('',(#19485));
#19485 = FILL_AREA_STYLE_COLOUR('',#19297);
#19486 = OVER_RIDING_STYLED_ITEM('overriding color',(#19487),#7927,
  #19449);
#19487 = PRESENTATION_STYLE_ASSIGNMENT((#19488));
#19488 = SURFACE_STYLE_USAGE(.BOTH.,#19489);
#19489 = SURFACE_SIDE_STYLE('',(#19490));
#19490 = SURFACE_STYLE_FILL_AREA(#19491);
#19491 = FILL_AREA_STYLE('',(#19492));
#19492 = FILL_AREA_STYLE_COLOUR('',#19297);
#19493 = OVER_RIDING_STYLED_ITEM('overriding color',(#19494),#7939,
  #19449);
#19494 = PRESENTATION_STYLE_ASSIGNMENT((#19495));
#19495 = SURFACE_STYLE_USAGE(.BOTH.,#19496);
#19496 = SURFACE_SIDE_STYLE('',(#19497));
#19497 = SURFACE_STYLE_FILL_AREA(#19498);
#19498 = FILL_AREA_STYLE('',(#19499));
#19499 = FILL_AREA_STYLE_COLOUR('',#19297);
#19500 = STYLED_ITEM('color',(#19501),#7951);
#19501 = PRESENTATION_STYLE_ASSIGNMENT((#19502,#19507));
#19502 = SURFACE_STYLE_USAGE(.BOTH.,#19503);
#19503 = SURFACE_SIDE_STYLE('',(#19504));
#19504 = SURFACE_STYLE_FILL_AREA(#19505);
#19505 = FILL_AREA_STYLE('',(#19506));
#19506 = FILL_AREA_STYLE_COLOUR('',#18770);
#19507 = CURVE_STYLE('',#19508,POSITIVE_LENGTH_MEASURE(0.1),#18773);
#19508 = DRAUGHTING_PRE_DEFINED_CURVE_FONT('continuous');
#19509 = OVER_RIDING_STYLED_ITEM('overriding color',(#19510),#7953,
  #19500);
#19510 = PRESENTATION_STYLE_ASSIGNMENT((#19511));
#19511 = SURFACE_STYLE_USAGE(.BOTH.,#19512);
#19512 = SURFACE_SIDE_STYLE('',(#19513));
#19513 = SURFACE_STYLE_FILL_AREA(#19514);
#19514 = FILL_AREA_STYLE('',(#19515));
#19515 = FILL_AREA_STYLE_COLOUR('',#19297);
#19516 = OVER_RIDING_STYLED_ITEM('overriding color',(#19517),#7993,
  #19500);
#19517 = PRESENTATION_STYLE_ASSIGNMENT((#19518));
#19518 = SURFACE_STYLE_USAGE(.BOTH.,#19519);
#19519 = SURFACE_SIDE_STYLE('',(#19520));
#19520 = SURFACE_STYLE_FILL_AREA(#19521);
#19521 = FILL_AREA_STYLE('',(#19522));
#19522 = FILL_AREA_STYLE_COLOUR('',#19297);
#19523 = OVER_RIDING_STYLED_ITEM('overriding color',(#19524),#8033,
  #19500);
#19524 = PRESENTATION_STYLE_ASSIGNMENT((#19525));
#19525 = SURFACE_STYLE_USAGE(.BOTH.,#19526);
#19526 = SURFACE_SIDE_STYLE('',(#19527));
#19527 = SURFACE_STYLE_FILL_AREA(#19528);
#19528 = FILL_AREA_STYLE('',(#19529));
#19529 = FILL_AREA_STYLE_COLOUR('',#19297);
#19530 = OVER_RIDING_STYLED_ITEM('overriding color',(#19531),#8055,
  #19500);
#19531 = PRESENTATION_STYLE_ASSIGNMENT((#19532));
#19532 = SURFACE_STYLE_USAGE(.BOTH.,#19533);
#19533 = SURFACE_SIDE_STYLE('',(#19534));
#19534 = SURFACE_STYLE_FILL_AREA(#19535);
#19535 = FILL_AREA_STYLE('',(#19536));
#19536 = FILL_AREA_STYLE_COLOUR('',#19297);
#19537 = OVER_RIDING_STYLED_ITEM('overriding color',(#19538),#8077,
  #19500);
#19538 = PRESENTATION_STYLE_ASSIGNMENT((#19539));
#19539 = SURFACE_STYLE_USAGE(.BOTH.,#19540);
#19540 = SURFACE_SIDE_STYLE('',(#19541));
#19541 = SURFACE_STYLE_FILL_AREA(#19542);
#19542 = FILL_AREA_STYLE('',(#19543));
#19543 = FILL_AREA_STYLE_COLOUR('',#19297);
#19544 = OVER_RIDING_STYLED_ITEM('overriding color',(#19545),#8089,
  #19500);
#19545 = PRESENTATION_STYLE_ASSIGNMENT((#19546));
#19546 = SURFACE_STYLE_USAGE(.BOTH.,#19547);
#19547 = SURFACE_SIDE_STYLE('',(#19548));
#19548 = SURFACE_STYLE_FILL_AREA(#19549);
#19549 = FILL_AREA_STYLE('',(#19550));
#19550 = FILL_AREA_STYLE_COLOUR('',#19297);
#19551 = STYLED_ITEM('color',(#19552),#8101);
#19552 = PRESENTATION_STYLE_ASSIGNMENT((#19553,#19558));
#19553 = SURFACE_STYLE_USAGE(.BOTH.,#19554);
#19554 = SURFACE_SIDE_STYLE('',(#19555));
#19555 = SURFACE_STYLE_FILL_AREA(#19556);
#19556 = FILL_AREA_STYLE('',(#19557));
#19557 = FILL_AREA_STYLE_COLOUR('',#18770);
#19558 = CURVE_STYLE('',#19559,POSITIVE_LENGTH_MEASURE(0.1),#18773);
#19559 = DRAUGHTING_PRE_DEFINED_CURVE_FONT('continuous');
#19560 = OVER_RIDING_STYLED_ITEM('overriding color',(#19561),#8103,
  #19551);
#19561 = PRESENTATION_STYLE_ASSIGNMENT((#19562));
#19562 = SURFACE_STYLE_USAGE(.BOTH.,#19563);
#19563 = SURFACE_SIDE_STYLE('',(#19564));
#19564 = SURFACE_STYLE_FILL_AREA(#19565);
#19565 = FILL_AREA_STYLE('',(#19566));
#19566 = FILL_AREA_STYLE_COLOUR('',#19297);
#19567 = OVER_RIDING_STYLED_ITEM('overriding color',(#19568),#8143,
  #19551);
#19568 = PRESENTATION_STYLE_ASSIGNMENT((#19569));
#19569 = SURFACE_STYLE_USAGE(.BOTH.,#19570);
#19570 = SURFACE_SIDE_STYLE('',(#19571));
#19571 = SURFACE_STYLE_FILL_AREA(#19572);
#19572 = FILL_AREA_STYLE('',(#19573));
#19573 = FILL_AREA_STYLE_COLOUR('',#19297);
#19574 = OVER_RIDING_STYLED_ITEM('overriding color',(#19575),#8183,
  #19551);
#19575 = PRESENTATION_STYLE_ASSIGNMENT((#19576));
#19576 = SURFACE_STYLE_USAGE(.BOTH.,#19577);
#19577 = SURFACE_SIDE_STYLE('',(#19578));
#19578 = SURFACE_STYLE_FILL_AREA(#19579);
#19579 = FILL_AREA_STYLE('',(#19580));
#19580 = FILL_AREA_STYLE_COLOUR('',#19297);
#19581 = OVER_RIDING_STYLED_ITEM('overriding color',(#19582),#8205,
  #19551);
#19582 = PRESENTATION_STYLE_ASSIGNMENT((#19583));
#19583 = SURFACE_STYLE_USAGE(.BOTH.,#19584);
#19584 = SURFACE_SIDE_STYLE('',(#19585));
#19585 = SURFACE_STYLE_FILL_AREA(#19586);
#19586 = FILL_AREA_STYLE('',(#19587));
#19587 = FILL_AREA_STYLE_COLOUR('',#19297);
#19588 = OVER_RIDING_STYLED_ITEM('overriding color',(#19589),#8227,
  #19551);
#19589 = PRESENTATION_STYLE_ASSIGNMENT((#19590));
#19590 = SURFACE_STYLE_USAGE(.BOTH.,#19591);
#19591 = SURFACE_SIDE_STYLE('',(#19592));
#19592 = SURFACE_STYLE_FILL_AREA(#19593);
#19593 = FILL_AREA_STYLE('',(#19594));
#19594 = FILL_AREA_STYLE_COLOUR('',#19297);
#19595 = OVER_RIDING_STYLED_ITEM('overriding color',(#19596),#8239,
  #19551);
#19596 = PRESENTATION_STYLE_ASSIGNMENT((#19597));
#19597 = SURFACE_STYLE_USAGE(.BOTH.,#19598);
#19598 = SURFACE_SIDE_STYLE('',(#19599));
#19599 = SURFACE_STYLE_FILL_AREA(#19600);
#19600 = FILL_AREA_STYLE('',(#19601));
#19601 = FILL_AREA_STYLE_COLOUR('',#19297);
#19602 = STYLED_ITEM('color',(#19603),#8251);
#19603 = PRESENTATION_STYLE_ASSIGNMENT((#19604,#19609));
#19604 = SURFACE_STYLE_USAGE(.BOTH.,#19605);
#19605 = SURFACE_SIDE_STYLE('',(#19606));
#19606 = SURFACE_STYLE_FILL_AREA(#19607);
#19607 = FILL_AREA_STYLE('',(#19608));
#19608 = FILL_AREA_STYLE_COLOUR('',#18770);
#19609 = CURVE_STYLE('',#19610,POSITIVE_LENGTH_MEASURE(0.1),#18773);
#19610 = DRAUGHTING_PRE_DEFINED_CURVE_FONT('continuous');
#19611 = OVER_RIDING_STYLED_ITEM('overriding color',(#19612),#8253,
  #19602);
#19612 = PRESENTATION_STYLE_ASSIGNMENT((#19613));
#19613 = SURFACE_STYLE_USAGE(.BOTH.,#19614);
#19614 = SURFACE_SIDE_STYLE('',(#19615));
#19615 = SURFACE_STYLE_FILL_AREA(#19616);
#19616 = FILL_AREA_STYLE('',(#19617));
#19617 = FILL_AREA_STYLE_COLOUR('',#19297);
#19618 = OVER_RIDING_STYLED_ITEM('overriding color',(#19619),#8293,
  #19602);
#19619 = PRESENTATION_STYLE_ASSIGNMENT((#19620));
#19620 = SURFACE_STYLE_USAGE(.BOTH.,#19621);
#19621 = SURFACE_SIDE_STYLE('',(#19622));
#19622 = SURFACE_STYLE_FILL_AREA(#19623);
#19623 = FILL_AREA_STYLE('',(#19624));
#19624 = FILL_AREA_STYLE_COLOUR('',#19297);
#19625 = OVER_RIDING_STYLED_ITEM('overriding color',(#19626),#8333,
  #19602);
#19626 = PRESENTATION_STYLE_ASSIGNMENT((#19627));
#19627 = SURFACE_STYLE_USAGE(.BOTH.,#19628);
#19628 = SURFACE_SIDE_STYLE('',(#19629));
#19629 = SURFACE_STYLE_FILL_AREA(#19630);
#19630 = FILL_AREA_STYLE('',(#19631));
#19631 = FILL_AREA_STYLE_COLOUR('',#19297);
#19632 = OVER_RIDING_STYLED_ITEM('overriding color',(#19633),#8355,
  #19602);
#19633 = PRESENTATION_STYLE_ASSIGNMENT((#19634));
#19634 = SURFACE_STYLE_USAGE(.BOTH.,#19635);
#19635 = SURFACE_SIDE_STYLE('',(#19636));
#19636 = SURFACE_STYLE_FILL_AREA(#19637);
#19637 = FILL_AREA_STYLE('',(#19638));
#19638 = FILL_AREA_STYLE_COLOUR('',#19297);
#19639 = OVER_RIDING_STYLED_ITEM('overriding color',(#19640),#8377,
  #19602);
#19640 = PRESENTATION_STYLE_ASSIGNMENT((#19641));
#19641 = SURFACE_STYLE_USAGE(.BOTH.,#19642);
#19642 = SURFACE_SIDE_STYLE('',(#19643));
#19643 = SURFACE_STYLE_FILL_AREA(#19644);
#19644 = FILL_AREA_STYLE('',(#19645));
#19645 = FILL_AREA_STYLE_COLOUR('',#19297);
#19646 = OVER_RIDING_STYLED_ITEM('overriding color',(#19647),#8389,
  #19602);
#19647 = PRESENTATION_STYLE_ASSIGNMENT((#19648));
#19648 = SURFACE_STYLE_USAGE(.BOTH.,#19649);
#19649 = SURFACE_SIDE_STYLE('',(#19650));
#19650 = SURFACE_STYLE_FILL_AREA(#19651);
#19651 = FILL_AREA_STYLE('',(#19652));
#19652 = FILL_AREA_STYLE_COLOUR('',#19297);
#19653 = STYLED_ITEM('color',(#19654),#8401);
#19654 = PRESENTATION_STYLE_ASSIGNMENT((#19655,#19660));
#19655 = SURFACE_STYLE_USAGE(.BOTH.,#19656);
#19656 = SURFACE_SIDE_STYLE('',(#19657));
#19657 = SURFACE_STYLE_FILL_AREA(#19658);
#19658 = FILL_AREA_STYLE('',(#19659));
#19659 = FILL_AREA_STYLE_COLOUR('',#18770);
#19660 = CURVE_STYLE('',#19661,POSITIVE_LENGTH_MEASURE(0.1),#18773);
#19661 = DRAUGHTING_PRE_DEFINED_CURVE_FONT('continuous');
#19662 = OVER_RIDING_STYLED_ITEM('overriding color',(#19663),#8403,
  #19653);
#19663 = PRESENTATION_STYLE_ASSIGNMENT((#19664));
#19664 = SURFACE_STYLE_USAGE(.BOTH.,#19665);
#19665 = SURFACE_SIDE_STYLE('',(#19666));
#19666 = SURFACE_STYLE_FILL_AREA(#19667);
#19667 = FILL_AREA_STYLE('',(#19668));
#19668 = FILL_AREA_STYLE_COLOUR('',#19297);
#19669 = OVER_RIDING_STYLED_ITEM('overriding color',(#19670),#8443,
  #19653);
#19670 = PRESENTATION_STYLE_ASSIGNMENT((#19671));
#19671 = SURFACE_STYLE_USAGE(.BOTH.,#19672);
#19672 = SURFACE_SIDE_STYLE('',(#19673));
#19673 = SURFACE_STYLE_FILL_AREA(#19674);
#19674 = FILL_AREA_STYLE('',(#19675));
#19675 = FILL_AREA_STYLE_COLOUR('',#19297);
#19676 = OVER_RIDING_STYLED_ITEM('overriding color',(#19677),#8483,
  #19653);
#19677 = PRESENTATION_STYLE_ASSIGNMENT((#19678));
#19678 = SURFACE_STYLE_USAGE(.BOTH.,#19679);
#19679 = SURFACE_SIDE_STYLE('',(#19680));
#19680 = SURFACE_STYLE_FILL_AREA(#19681);
#19681 = FILL_AREA_STYLE('',(#19682));
#19682 = FILL_AREA_STYLE_COLOUR('',#19297);
#19683 = OVER_RIDING_STYLED_ITEM('overriding color',(#19684),#8505,
  #19653);
#19684 = PRESENTATION_STYLE_ASSIGNMENT((#19685));
#19685 = SURFACE_STYLE_USAGE(.BOTH.,#19686);
#19686 = SURFACE_SIDE_STYLE('',(#19687));
#19687 = SURFACE_STYLE_FILL_AREA(#19688);
#19688 = FILL_AREA_STYLE('',(#19689));
#19689 = FILL_AREA_STYLE_COLOUR('',#19297);
#19690 = OVER_RIDING_STYLED_ITEM('overriding color',(#19691),#8527,
  #19653);
#19691 = PRESENTATION_STYLE_ASSIGNMENT((#19692));
#19692 = SURFACE_STYLE_USAGE(.BOTH.,#19693);
#19693 = SURFACE_SIDE_STYLE('',(#19694));
#19694 = SURFACE_STYLE_FILL_AREA(#19695);
#19695 = FILL_AREA_STYLE('',(#19696));
#19696 = FILL_AREA_STYLE_COLOUR('',#19297);
#19697 = OVER_RIDING_STYLED_ITEM('overriding color',(#19698),#8539,
  #19653);
#19698 = PRESENTATION_STYLE_ASSIGNMENT((#19699));
#19699 = SURFACE_STYLE_USAGE(.BOTH.,#19700);
#19700 = SURFACE_SIDE_STYLE('',(#19701));
#19701 = SURFACE_STYLE_FILL_AREA(#19702);
#19702 = FILL_AREA_STYLE('',(#19703));
#19703 = FILL_AREA_STYLE_COLOUR('',#19297);
#19704 = STYLED_ITEM('color',(#19705),#8551);
#19705 = PRESENTATION_STYLE_ASSIGNMENT((#19706,#19711));
#19706 = SURFACE_STYLE_USAGE(.BOTH.,#19707);
#19707 = SURFACE_SIDE_STYLE('',(#19708));
#19708 = SURFACE_STYLE_FILL_AREA(#19709);
#19709 = FILL_AREA_STYLE('',(#19710));
#19710 = FILL_AREA_STYLE_COLOUR('',#18770);
#19711 = CURVE_STYLE('',#19712,POSITIVE_LENGTH_MEASURE(0.1),#18773);
#19712 = DRAUGHTING_PRE_DEFINED_CURVE_FONT('continuous');
#19713 = OVER_RIDING_STYLED_ITEM('overriding color',(#19714),#8553,
  #19704);
#19714 = PRESENTATION_STYLE_ASSIGNMENT((#19715));
#19715 = SURFACE_STYLE_USAGE(.BOTH.,#19716);
#19716 = SURFACE_SIDE_STYLE('',(#19717));
#19717 = SURFACE_STYLE_FILL_AREA(#19718);
#19718 = FILL_AREA_STYLE('',(#19719));
#19719 = FILL_AREA_STYLE_COLOUR('',#19297);
#19720 = OVER_RIDING_STYLED_ITEM('overriding color',(#19721),#8593,
  #19704);
#19721 = PRESENTATION_STYLE_ASSIGNMENT((#19722));
#19722 = SURFACE_STYLE_USAGE(.BOTH.,#19723);
#19723 = SURFACE_SIDE_STYLE('',(#19724));
#19724 = SURFACE_STYLE_FILL_AREA(#19725);
#19725 = FILL_AREA_STYLE('',(#19726));
#19726 = FILL_AREA_STYLE_COLOUR('',#19297);
#19727 = OVER_RIDING_STYLED_ITEM('overriding color',(#19728),#8633,
  #19704);
#19728 = PRESENTATION_STYLE_ASSIGNMENT((#19729));
#19729 = SURFACE_STYLE_USAGE(.BOTH.,#19730);
#19730 = SURFACE_SIDE_STYLE('',(#19731));
#19731 = SURFACE_STYLE_FILL_AREA(#19732);
#19732 = FILL_AREA_STYLE('',(#19733));
#19733 = FILL_AREA_STYLE_COLOUR('',#19297);
#19734 = OVER_RIDING_STYLED_ITEM('overriding color',(#19735),#8655,
  #19704);
#19735 = PRESENTATION_STYLE_ASSIGNMENT((#19736));
#19736 = SURFACE_STYLE_USAGE(.BOTH.,#19737);
#19737 = SURFACE_SIDE_STYLE('',(#19738));
#19738 = SURFACE_STYLE_FILL_AREA(#19739);
#19739 = FILL_AREA_STYLE('',(#19740));
#19740 = FILL_AREA_STYLE_COLOUR('',#19297);
#19741 = OVER_RIDING_STYLED_ITEM('overriding color',(#19742),#8677,
  #19704);
#19742 = PRESENTATION_STYLE_ASSIGNMENT((#19743));
#19743 = SURFACE_STYLE_USAGE(.BOTH.,#19744);
#19744 = SURFACE_SIDE_STYLE('',(#19745));
#19745 = SURFACE_STYLE_FILL_AREA(#19746);
#19746 = FILL_AREA_STYLE('',(#19747));
#19747 = FILL_AREA_STYLE_COLOUR('',#19297);
#19748 = OVER_RIDING_STYLED_ITEM('overriding color',(#19749),#8689,
  #19704);
#19749 = PRESENTATION_STYLE_ASSIGNMENT((#19750));
#19750 = SURFACE_STYLE_USAGE(.BOTH.,#19751);
#19751 = SURFACE_SIDE_STYLE('',(#19752));
#19752 = SURFACE_STYLE_FILL_AREA(#19753);
#19753 = FILL_AREA_STYLE('',(#19754));
#19754 = FILL_AREA_STYLE_COLOUR('',#19297);
#19755 = STYLED_ITEM('color',(#19756),#8701);
#19756 = PRESENTATION_STYLE_ASSIGNMENT((#19757,#19762));
#19757 = SURFACE_STYLE_USAGE(.BOTH.,#19758);
#19758 = SURFACE_SIDE_STYLE('',(#19759));
#19759 = SURFACE_STYLE_FILL_AREA(#19760);
#19760 = FILL_AREA_STYLE('',(#19761));
#19761 = FILL_AREA_STYLE_COLOUR('',#18770);
#19762 = CURVE_STYLE('',#19763,POSITIVE_LENGTH_MEASURE(0.1),#18773);
#19763 = DRAUGHTING_PRE_DEFINED_CURVE_FONT('continuous');
#19764 = OVER_RIDING_STYLED_ITEM('overriding color',(#19765),#8703,
  #19755);
#19765 = PRESENTATION_STYLE_ASSIGNMENT((#19766));
#19766 = SURFACE_STYLE_USAGE(.BOTH.,#19767);
#19767 = SURFACE_SIDE_STYLE('',(#19768));
#19768 = SURFACE_STYLE_FILL_AREA(#19769);
#19769 = FILL_AREA_STYLE('',(#19770));
#19770 = FILL_AREA_STYLE_COLOUR('',#19297);
#19771 = OVER_RIDING_STYLED_ITEM('overriding color',(#19772),#8743,
  #19755);
#19772 = PRESENTATION_STYLE_ASSIGNMENT((#19773));
#19773 = SURFACE_STYLE_USAGE(.BOTH.,#19774);
#19774 = SURFACE_SIDE_STYLE('',(#19775));
#19775 = SURFACE_STYLE_FILL_AREA(#19776);
#19776 = FILL_AREA_STYLE('',(#19777));
#19777 = FILL_AREA_STYLE_COLOUR('',#19297);
#19778 = OVER_RIDING_STYLED_ITEM('overriding color',(#19779),#8783,
  #19755);
#19779 = PRESENTATION_STYLE_ASSIGNMENT((#19780));
#19780 = SURFACE_STYLE_USAGE(.BOTH.,#19781);
#19781 = SURFACE_SIDE_STYLE('',(#19782));
#19782 = SURFACE_STYLE_FILL_AREA(#19783);
#19783 = FILL_AREA_STYLE('',(#19784));
#19784 = FILL_AREA_STYLE_COLOUR('',#19297);
#19785 = OVER_RIDING_STYLED_ITEM('overriding color',(#19786),#8805,
  #19755);
#19786 = PRESENTATION_STYLE_ASSIGNMENT((#19787));
#19787 = SURFACE_STYLE_USAGE(.BOTH.,#19788);
#19788 = SURFACE_SIDE_STYLE('',(#19789));
#19789 = SURFACE_STYLE_FILL_AREA(#19790);
#19790 = FILL_AREA_STYLE('',(#19791));
#19791 = FILL_AREA_STYLE_COLOUR('',#19297);
#19792 = OVER_RIDING_STYLED_ITEM('overriding color',(#19793),#8827,
  #19755);
#19793 = PRESENTATION_STYLE_ASSIGNMENT((#19794));
#19794 = SURFACE_STYLE_USAGE(.BOTH.,#19795);
#19795 = SURFACE_SIDE_STYLE('',(#19796));
#19796 = SURFACE_STYLE_FILL_AREA(#19797);
#19797 = FILL_AREA_STYLE('',(#19798));
#19798 = FILL_AREA_STYLE_COLOUR('',#19297);
#19799 = OVER_RIDING_STYLED_ITEM('overriding color',(#19800),#8839,
  #19755);
#19800 = PRESENTATION_STYLE_ASSIGNMENT((#19801));
#19801 = SURFACE_STYLE_USAGE(.BOTH.,#19802);
#19802 = SURFACE_SIDE_STYLE('',(#19803));
#19803 = SURFACE_STYLE_FILL_AREA(#19804);
#19804 = FILL_AREA_STYLE('',(#19805));
#19805 = FILL_AREA_STYLE_COLOUR('',#19297);
#19806 = STYLED_ITEM('color',(#19807),#8851);
#19807 = PRESENTATION_STYLE_ASSIGNMENT((#19808,#19813));
#19808 = SURFACE_STYLE_USAGE(.BOTH.,#19809);
#19809 = SURFACE_SIDE_STYLE('',(#19810));
#19810 = SURFACE_STYLE_FILL_AREA(#19811);
#19811 = FILL_AREA_STYLE('',(#19812));
#19812 = FILL_AREA_STYLE_COLOUR('',#18770);
#19813 = CURVE_STYLE('',#19814,POSITIVE_LENGTH_MEASURE(0.1),#18773);
#19814 = DRAUGHTING_PRE_DEFINED_CURVE_FONT('continuous');
#19815 = OVER_RIDING_STYLED_ITEM('overriding color',(#19816),#8853,
  #19806);
#19816 = PRESENTATION_STYLE_ASSIGNMENT((#19817));
#19817 = SURFACE_STYLE_USAGE(.BOTH.,#19818);
#19818 = SURFACE_SIDE_STYLE('',(#19819));
#19819 = SURFACE_STYLE_FILL_AREA(#19820);
#19820 = FILL_AREA_STYLE('',(#19821));
#19821 = FILL_AREA_STYLE_COLOUR('',#19297);
#19822 = OVER_RIDING_STYLED_ITEM('overriding color',(#19823),#8893,
  #19806);
#19823 = PRESENTATION_STYLE_ASSIGNMENT((#19824));
#19824 = SURFACE_STYLE_USAGE(.BOTH.,#19825);
#19825 = SURFACE_SIDE_STYLE('',(#19826));
#19826 = SURFACE_STYLE_FILL_AREA(#19827);
#19827 = FILL_AREA_STYLE('',(#19828));
#19828 = FILL_AREA_STYLE_COLOUR('',#19297);
#19829 = OVER_RIDING_STYLED_ITEM('overriding color',(#19830),#8933,
  #19806);
#19830 = PRESENTATION_STYLE_ASSIGNMENT((#19831));
#19831 = SURFACE_STYLE_USAGE(.BOTH.,#19832);
#19832 = SURFACE_SIDE_STYLE('',(#19833));
#19833 = SURFACE_STYLE_FILL_AREA(#19834);
#19834 = FILL_AREA_STYLE('',(#19835));
#19835 = FILL_AREA_STYLE_COLOUR('',#19297);
#19836 = OVER_RIDING_STYLED_ITEM('overriding color',(#19837),#8955,
  #19806);
#19837 = PRESENTATION_STYLE_ASSIGNMENT((#19838));
#19838 = SURFACE_STYLE_USAGE(.BOTH.,#19839);
#19839 = SURFACE_SIDE_STYLE('',(#19840));
#19840 = SURFACE_STYLE_FILL_AREA(#19841);
#19841 = FILL_AREA_STYLE('',(#19842));
#19842 = FILL_AREA_STYLE_COLOUR('',#19297);
#19843 = OVER_RIDING_STYLED_ITEM('overriding color',(#19844),#8977,
  #19806);
#19844 = PRESENTATION_STYLE_ASSIGNMENT((#19845));
#19845 = SURFACE_STYLE_USAGE(.BOTH.,#19846);
#19846 = SURFACE_SIDE_STYLE('',(#19847));
#19847 = SURFACE_STYLE_FILL_AREA(#19848);
#19848 = FILL_AREA_STYLE('',(#19849));
#19849 = FILL_AREA_STYLE_COLOUR('',#19297);
#19850 = OVER_RIDING_STYLED_ITEM('overriding color',(#19851),#8989,
  #19806);
#19851 = PRESENTATION_STYLE_ASSIGNMENT((#19852));
#19852 = SURFACE_STYLE_USAGE(.BOTH.,#19853);
#19853 = SURFACE_SIDE_STYLE('',(#19854));
#19854 = SURFACE_STYLE_FILL_AREA(#19855);
#19855 = FILL_AREA_STYLE('',(#19856));
#19856 = FILL_AREA_STYLE_COLOUR('',#19297);
#19857 = STYLED_ITEM('color',(#19858),#9001);
#19858 = PRESENTATION_STYLE_ASSIGNMENT((#19859,#19864));
#19859 = SURFACE_STYLE_USAGE(.BOTH.,#19860);
#19860 = SURFACE_SIDE_STYLE('',(#19861));
#19861 = SURFACE_STYLE_FILL_AREA(#19862);
#19862 = FILL_AREA_STYLE('',(#19863));
#19863 = FILL_AREA_STYLE_COLOUR('',#18770);
#19864 = CURVE_STYLE('',#19865,POSITIVE_LENGTH_MEASURE(0.1),#18773);
#19865 = DRAUGHTING_PRE_DEFINED_CURVE_FONT('continuous');
#19866 = OVER_RIDING_STYLED_ITEM('overriding color',(#19867),#9003,
  #19857);
#19867 = PRESENTATION_STYLE_ASSIGNMENT((#19868));
#19868 = SURFACE_STYLE_USAGE(.BOTH.,#19869);
#19869 = SURFACE_SIDE_STYLE('',(#19870));
#19870 = SURFACE_STYLE_FILL_AREA(#19871);
#19871 = FILL_AREA_STYLE('',(#19872));
#19872 = FILL_AREA_STYLE_COLOUR('',#19297);
#19873 = OVER_RIDING_STYLED_ITEM('overriding color',(#19874),#9043,
  #19857);
#19874 = PRESENTATION_STYLE_ASSIGNMENT((#19875));
#19875 = SURFACE_STYLE_USAGE(.BOTH.,#19876);
#19876 = SURFACE_SIDE_STYLE('',(#19877));
#19877 = SURFACE_STYLE_FILL_AREA(#19878);
#19878 = FILL_AREA_STYLE('',(#19879));
#19879 = FILL_AREA_STYLE_COLOUR('',#19297);
#19880 = OVER_RIDING_STYLED_ITEM('overriding color',(#19881),#9083,
  #19857);
#19881 = PRESENTATION_STYLE_ASSIGNMENT((#19882));
#19882 = SURFACE_STYLE_USAGE(.BOTH.,#19883);
#19883 = SURFACE_SIDE_STYLE('',(#19884));
#19884 = SURFACE_STYLE_FILL_AREA(#19885);
#19885 = FILL_AREA_STYLE('',(#19886));
#19886 = FILL_AREA_STYLE_COLOUR('',#19297);
#19887 = OVER_RIDING_STYLED_ITEM('overriding color',(#19888),#9105,
  #19857);
#19888 = PRESENTATION_STYLE_ASSIGNMENT((#19889));
#19889 = SURFACE_STYLE_USAGE(.BOTH.,#19890);
#19890 = SURFACE_SIDE_STYLE('',(#19891));
#19891 = SURFACE_STYLE_FILL_AREA(#19892);
#19892 = FILL_AREA_STYLE('',(#19893));
#19893 = FILL_AREA_STYLE_COLOUR('',#19297);
#19894 = OVER_RIDING_STYLED_ITEM('overriding color',(#19895),#9127,
  #19857);
#19895 = PRESENTATION_STYLE_ASSIGNMENT((#19896));
#19896 = SURFACE_STYLE_USAGE(.BOTH.,#19897);
#19897 = SURFACE_SIDE_STYLE('',(#19898));
#19898 = SURFACE_STYLE_FILL_AREA(#19899);
#19899 = FILL_AREA_STYLE('',(#19900));
#19900 = FILL_AREA_STYLE_COLOUR('',#19297);
#19901 = OVER_RIDING_STYLED_ITEM('overriding color',(#19902),#9139,
  #19857);
#19902 = PRESENTATION_STYLE_ASSIGNMENT((#19903));
#19903 = SURFACE_STYLE_USAGE(.BOTH.,#19904);
#19904 = SURFACE_SIDE_STYLE('',(#19905));
#19905 = SURFACE_STYLE_FILL_AREA(#19906);
#19906 = FILL_AREA_STYLE('',(#19907));
#19907 = FILL_AREA_STYLE_COLOUR('',#19297);
#19908 = MECHANICAL_DESIGN_GEOMETRIC_PRESENTATION_REPRESENTATION('',(
    #19909,#19917,#19924,#19931,#19938,#19945,#19952,#19959,#19967,
    #19974,#19981,#19988,#19995,#20002,#20010,#20017,#20024,#20031,
    #20038,#20045,#20052,#20059,#20066,#20073,#20080,#20087),#883);
#19909 = STYLED_ITEM('color',(#19910),#95);
#19910 = PRESENTATION_STYLE_ASSIGNMENT((#19911));
#19911 = SURFACE_STYLE_USAGE(.BOTH.,#19912);
#19912 = SURFACE_SIDE_STYLE('',(#19913));
#19913 = SURFACE_STYLE_FILL_AREA(#19914);
#19914 = FILL_AREA_STYLE('',(#19915));
#19915 = FILL_AREA_STYLE_COLOUR('',#19916);
#19916 = COLOUR_RGB('',0.823999987314,0.819999987296,0.781000009244);
#19917 = STYLED_ITEM('color',(#19918),#135);
#19918 = PRESENTATION_STYLE_ASSIGNMENT((#19919));
#19919 = SURFACE_STYLE_USAGE(.BOTH.,#19920);
#19920 = SURFACE_SIDE_STYLE('',(#19921));
#19921 = SURFACE_STYLE_FILL_AREA(#19922);
#19922 = FILL_AREA_STYLE('',(#19923));
#19923 = FILL_AREA_STYLE_COLOUR('',#19916);
#19924 = STYLED_ITEM('color',(#19925),#218);
#19925 = PRESENTATION_STYLE_ASSIGNMENT((#19926));
#19926 = SURFACE_STYLE_USAGE(.BOTH.,#19927);
#19927 = SURFACE_SIDE_STYLE('',(#19928));
#19928 = SURFACE_STYLE_FILL_AREA(#19929);
#19929 = FILL_AREA_STYLE('',(#19930));
#19930 = FILL_AREA_STYLE_COLOUR('',#19916);
#19931 = STYLED_ITEM('color',(#19932),#243);
#19932 = PRESENTATION_STYLE_ASSIGNMENT((#19933));
#19933 = SURFACE_STYLE_USAGE(.BOTH.,#19934);
#19934 = SURFACE_SIDE_STYLE('',(#19935));
#19935 = SURFACE_STYLE_FILL_AREA(#19936);
#19936 = FILL_AREA_STYLE('',(#19937));
#19937 = FILL_AREA_STYLE_COLOUR('',#19916);
#19938 = STYLED_ITEM('color',(#19939),#268);
#19939 = PRESENTATION_STYLE_ASSIGNMENT((#19940));
#19940 = SURFACE_STYLE_USAGE(.BOTH.,#19941);
#19941 = SURFACE_SIDE_STYLE('',(#19942));
#19942 = SURFACE_STYLE_FILL_AREA(#19943);
#19943 = FILL_AREA_STYLE('',(#19944));
#19944 = FILL_AREA_STYLE_COLOUR('',#19916);
#19945 = STYLED_ITEM('color',(#19946),#335);
#19946 = PRESENTATION_STYLE_ASSIGNMENT((#19947));
#19947 = SURFACE_STYLE_USAGE(.BOTH.,#19948);
#19948 = SURFACE_SIDE_STYLE('',(#19949));
#19949 = SURFACE_STYLE_FILL_AREA(#19950);
#19950 = FILL_AREA_STYLE('',(#19951));
#19951 = FILL_AREA_STYLE_COLOUR('',#19916);
#19952 = STYLED_ITEM('color',(#19953),#352);
#19953 = PRESENTATION_STYLE_ASSIGNMENT((#19954));
#19954 = SURFACE_STYLE_USAGE(.BOTH.,#19955);
#19955 = SURFACE_SIDE_STYLE('',(#19956));
#19956 = SURFACE_STYLE_FILL_AREA(#19957);
#19957 = FILL_AREA_STYLE('',(#19958));
#19958 = FILL_AREA_STYLE_COLOUR('',#19916);
#19959 = STYLED_ITEM('color',(#19960),#369);
#19960 = PRESENTATION_STYLE_ASSIGNMENT((#19961));
#19961 = SURFACE_STYLE_USAGE(.BOTH.,#19962);
#19962 = SURFACE_SIDE_STYLE('',(#19963));
#19963 = SURFACE_STYLE_FILL_AREA(#19964);
#19964 = FILL_AREA_STYLE('',(#19965));
#19965 = FILL_AREA_STYLE_COLOUR('',#19966);
#19966 = COLOUR_RGB('',0.894999966383,0.890999961016,0.813000030345);
#19967 = STYLED_ITEM('color',(#19968),#418);
#19968 = PRESENTATION_STYLE_ASSIGNMENT((#19969));
#19969 = SURFACE_STYLE_USAGE(.BOTH.,#19970);
#19970 = SURFACE_SIDE_STYLE('',(#19971));
#19971 = SURFACE_STYLE_FILL_AREA(#19972);
#19972 = FILL_AREA_STYLE('',(#19973));
#19973 = FILL_AREA_STYLE_COLOUR('',#19916);
#19974 = STYLED_ITEM('color',(#19975),#435);
#19975 = PRESENTATION_STYLE_ASSIGNMENT((#19976));
#19976 = SURFACE_STYLE_USAGE(.BOTH.,#19977);
#19977 = SURFACE_SIDE_STYLE('',(#19978));
#19978 = SURFACE_STYLE_FILL_AREA(#19979);
#19979 = FILL_AREA_STYLE('',(#19980));
#19980 = FILL_AREA_STYLE_COLOUR('',#19916);
#19981 = STYLED_ITEM('color',(#19982),#452);
#19982 = PRESENTATION_STYLE_ASSIGNMENT((#19983));
#19983 = SURFACE_STYLE_USAGE(.BOTH.,#19984);
#19984 = SURFACE_SIDE_STYLE('',(#19985));
#19985 = SURFACE_STYLE_FILL_AREA(#19986);
#19986 = FILL_AREA_STYLE('',(#19987));
#19987 = FILL_AREA_STYLE_COLOUR('',#19966);
#19988 = STYLED_ITEM('color',(#19989),#501);
#19989 = PRESENTATION_STYLE_ASSIGNMENT((#19990));
#19990 = SURFACE_STYLE_USAGE(.BOTH.,#19991);
#19991 = SURFACE_SIDE_STYLE('',(#19992));
#19992 = SURFACE_STYLE_FILL_AREA(#19993);
#19993 = FILL_AREA_STYLE('',(#19994));
#19994 = FILL_AREA_STYLE_COLOUR('',#19966);
#19995 = STYLED_ITEM('color',(#19996),#518);
#19996 = PRESENTATION_STYLE_ASSIGNMENT((#19997));
#19997 = SURFACE_STYLE_USAGE(.BOTH.,#19998);
#19998 = SURFACE_SIDE_STYLE('',(#19999));
#19999 = SURFACE_STYLE_FILL_AREA(#20000);
#20000 = FILL_AREA_STYLE('',(#20001));
#20001 = FILL_AREA_STYLE_COLOUR('',#19916);
#20002 = STYLED_ITEM('color',(#20003),#587);
#20003 = PRESENTATION_STYLE_ASSIGNMENT((#20004));
#20004 = SURFACE_STYLE_USAGE(.BOTH.,#20005);
#20005 = SURFACE_SIDE_STYLE('',(#20006));
#20006 = SURFACE_STYLE_FILL_AREA(#20007);
#20007 = FILL_AREA_STYLE('',(#20008));
#20008 = FILL_AREA_STYLE_COLOUR('',#20009);
#20009 = COLOUR_RGB('',8.200000279077E-02,8.600000121357E-02,
  9.399999706163E-02);
#20010 = STYLED_ITEM('color',(#20011),#618);
#20011 = PRESENTATION_STYLE_ASSIGNMENT((#20012));
#20012 = SURFACE_STYLE_USAGE(.BOTH.,#20013);
#20013 = SURFACE_SIDE_STYLE('',(#20014));
#20014 = SURFACE_STYLE_FILL_AREA(#20015);
#20015 = FILL_AREA_STYLE('',(#20016));
#20016 = FILL_AREA_STYLE_COLOUR('',#20009);
#20017 = STYLED_ITEM('color',(#20018),#642);
#20018 = PRESENTATION_STYLE_ASSIGNMENT((#20019));
#20019 = SURFACE_STYLE_USAGE(.BOTH.,#20020);
#20020 = SURFACE_SIDE_STYLE('',(#20021));
#20021 = SURFACE_STYLE_FILL_AREA(#20022);
#20022 = FILL_AREA_STYLE('',(#20023));
#20023 = FILL_AREA_STYLE_COLOUR('',#19916);
#20024 = STYLED_ITEM('color',(#20025),#711);
#20025 = PRESENTATION_STYLE_ASSIGNMENT((#20026));
#20026 = SURFACE_STYLE_USAGE(.BOTH.,#20027);
#20027 = SURFACE_SIDE_STYLE('',(#20028));
#20028 = SURFACE_STYLE_FILL_AREA(#20029);
#20029 = FILL_AREA_STYLE('',(#20030));
#20030 = FILL_AREA_STYLE_COLOUR('',#20009);
#20031 = STYLED_ITEM('color',(#20032),#735);
#20032 = PRESENTATION_STYLE_ASSIGNMENT((#20033));
#20033 = SURFACE_STYLE_USAGE(.BOTH.,#20034);
#20034 = SURFACE_SIDE_STYLE('',(#20035));
#20035 = SURFACE_STYLE_FILL_AREA(#20036);
#20036 = FILL_AREA_STYLE('',(#20037));
#20037 = FILL_AREA_STYLE_COLOUR('',#19916);
#20038 = STYLED_ITEM('color',(#20039),#752);
#20039 = PRESENTATION_STYLE_ASSIGNMENT((#20040));
#20040 = SURFACE_STYLE_USAGE(.BOTH.,#20041);
#20041 = SURFACE_SIDE_STYLE('',(#20042));
#20042 = SURFACE_STYLE_FILL_AREA(#20043);
#20043 = FILL_AREA_STYLE('',(#20044));
#20044 = FILL_AREA_STYLE_COLOUR('',#19916);
#20045 = STYLED_ITEM('color',(#20046),#769);
#20046 = PRESENTATION_STYLE_ASSIGNMENT((#20047));
#20047 = SURFACE_STYLE_USAGE(.BOTH.,#20048);
#20048 = SURFACE_SIDE_STYLE('',(#20049));
#20049 = SURFACE_STYLE_FILL_AREA(#20050);
#20050 = FILL_AREA_STYLE('',(#20051));
#20051 = FILL_AREA_STYLE_COLOUR('',#19916);
#20052 = STYLED_ITEM('color',(#20053),#786);
#20053 = PRESENTATION_STYLE_ASSIGNMENT((#20054));
#20054 = SURFACE_STYLE_USAGE(.BOTH.,#20055);
#20055 = SURFACE_SIDE_STYLE('',(#20056));
#20056 = SURFACE_STYLE_FILL_AREA(#20057);
#20057 = FILL_AREA_STYLE('',(#20058));
#20058 = FILL_AREA_STYLE_COLOUR('',#19916);
#20059 = STYLED_ITEM('color',(#20060),#803);
#20060 = PRESENTATION_STYLE_ASSIGNMENT((#20061));
#20061 = SURFACE_STYLE_USAGE(.BOTH.,#20062);
#20062 = SURFACE_SIDE_STYLE('',(#20063));
#20063 = SURFACE_STYLE_FILL_AREA(#20064);
#20064 = FILL_AREA_STYLE('',(#20065));
#20065 = FILL_AREA_STYLE_COLOUR('',#19916);
#20066 = STYLED_ITEM('color',(#20067),#820);
#20067 = PRESENTATION_STYLE_ASSIGNMENT((#20068));
#20068 = SURFACE_STYLE_USAGE(.BOTH.,#20069);
#20069 = SURFACE_SIDE_STYLE('',(#20070));
#20070 = SURFACE_STYLE_FILL_AREA(#20071);
#20071 = FILL_AREA_STYLE('',(#20072));
#20072 = FILL_AREA_STYLE_COLOUR('',#19916);
#20073 = STYLED_ITEM('color',(#20074),#837);
#20074 = PRESENTATION_STYLE_ASSIGNMENT((#20075));
#20075 = SURFACE_STYLE_USAGE(.BOTH.,#20076);
#20076 = SURFACE_SIDE_STYLE('',(#20077));
#20077 = SURFACE_STYLE_FILL_AREA(#20078);
#20078 = FILL_AREA_STYLE('',(#20079));
#20079 = FILL_AREA_STYLE_COLOUR('',#19916);
#20080 = STYLED_ITEM('color',(#20081),#854);
#20081 = PRESENTATION_STYLE_ASSIGNMENT((#20082));
#20082 = SURFACE_STYLE_USAGE(.BOTH.,#20083);
#20083 = SURFACE_SIDE_STYLE('',(#20084));
#20084 = SURFACE_STYLE_FILL_AREA(#20085);
#20085 = FILL_AREA_STYLE('',(#20086));
#20086 = FILL_AREA_STYLE_COLOUR('',#20009);
#20087 = STYLED_ITEM('color',(#20088),#871);
#20088 = PRESENTATION_STYLE_ASSIGNMENT((#20089));
#20089 = SURFACE_STYLE_USAGE(.BOTH.,#20090);
#20090 = SURFACE_SIDE_STYLE('',(#20091));
#20091 = SURFACE_STYLE_FILL_AREA(#20092);
#20092 = FILL_AREA_STYLE('',(#20093));
#20093 = FILL_AREA_STYLE_COLOUR('',#20009);
#20094 = MECHANICAL_DESIGN_GEOMETRIC_PRESENTATION_REPRESENTATION('',(
    #20095),#18737);
#20095 = STYLED_ITEM('color',(#20096),#17271);
#20096 = PRESENTATION_STYLE_ASSIGNMENT((#20097));
#20097 = SURFACE_STYLE_USAGE(.BOTH.,#20098);
#20098 = SURFACE_SIDE_STYLE('',(#20099));
#20099 = SURFACE_STYLE_FILL_AREA(#20100);
#20100 = FILL_AREA_STYLE('',(#20101));
#20101 = FILL_AREA_STYLE_COLOUR('',#20102);
#20102 = COLOUR_RGB('',0.313304153717,0.484529207832,0.410020903123);
#20103 = MECHANICAL_DESIGN_GEOMETRIC_PRESENTATION_REPRESENTATION('',(
    #20104,#20112,#20119,#20126,#20133,#20140,#20147,#20154,#20161,
    #20168,#20175,#20182,#20189,#20196,#20204,#20211,#20218,#20225,
    #20232,#20239,#20246,#20253,#20260,#20267,#20274,#20281,#20288,
    #20295,#20302,#20309,#20316,#20323,#20330,#20337,#20344,#20351,
    #20358,#20365,#20372,#20379,#20386,#20393,#20400,#20407,#20414,
    #20421,#20428,#20435,#20442,#20449,#20456,#20463,#20470,#20477,
    #20484,#20491,#20498,#20505,#20512,#20519,#20526,#20533,#20540,
    #20547,#20554,#20561,#20568,#20575),#5518);
#20104 = STYLED_ITEM('color',(#20105),#3253);
#20105 = PRESENTATION_STYLE_ASSIGNMENT((#20106));
#20106 = SURFACE_STYLE_USAGE(.BOTH.,#20107);
#20107 = SURFACE_SIDE_STYLE('',(#20108));
#20108 = SURFACE_STYLE_FILL_AREA(#20109);
#20109 = FILL_AREA_STYLE('',(#20110));
#20110 = FILL_AREA_STYLE_COLOUR('',#20111);
#20111 = COLOUR_RGB('',0.893999996942,0.890999961016,0.813000030345);
#20112 = STYLED_ITEM('color',(#20113),#3312);
#20113 = PRESENTATION_STYLE_ASSIGNMENT((#20114));
#20114 = SURFACE_STYLE_USAGE(.BOTH.,#20115);
#20115 = SURFACE_SIDE_STYLE('',(#20116));
#20116 = SURFACE_STYLE_FILL_AREA(#20117);
#20117 = FILL_AREA_STYLE('',(#20118));
#20118 = FILL_AREA_STYLE_COLOUR('',#20111);
#20119 = STYLED_ITEM('color',(#20120),#3337);
#20120 = PRESENTATION_STYLE_ASSIGNMENT((#20121));
#20121 = SURFACE_STYLE_USAGE(.BOTH.,#20122);
#20122 = SURFACE_SIDE_STYLE('',(#20123));
#20123 = SURFACE_STYLE_FILL_AREA(#20124);
#20124 = FILL_AREA_STYLE('',(#20125));
#20125 = FILL_AREA_STYLE_COLOUR('',#20111);
#20126 = STYLED_ITEM('color',(#20127),#3370);
#20127 = PRESENTATION_STYLE_ASSIGNMENT((#20128));
#20128 = SURFACE_STYLE_USAGE(.BOTH.,#20129);
#20129 = SURFACE_SIDE_STYLE('',(#20130));
#20130 = SURFACE_STYLE_FILL_AREA(#20131);
#20131 = FILL_AREA_STYLE('',(#20132));
#20132 = FILL_AREA_STYLE_COLOUR('',#20111);
#20133 = STYLED_ITEM('color',(#20134),#3395);
#20134 = PRESENTATION_STYLE_ASSIGNMENT((#20135));
#20135 = SURFACE_STYLE_USAGE(.BOTH.,#20136);
#20136 = SURFACE_SIDE_STYLE('',(#20137));
#20137 = SURFACE_STYLE_FILL_AREA(#20138);
#20138 = FILL_AREA_STYLE('',(#20139));
#20139 = FILL_AREA_STYLE_COLOUR('',#20111);
#20140 = STYLED_ITEM('color',(#20141),#3420);
#20141 = PRESENTATION_STYLE_ASSIGNMENT((#20142));
#20142 = SURFACE_STYLE_USAGE(.BOTH.,#20143);
#20143 = SURFACE_SIDE_STYLE('',(#20144));
#20144 = SURFACE_STYLE_FILL_AREA(#20145);
#20145 = FILL_AREA_STYLE('',(#20146));
#20146 = FILL_AREA_STYLE_COLOUR('',#20111);
#20147 = STYLED_ITEM('color',(#20148),#3445);
#20148 = PRESENTATION_STYLE_ASSIGNMENT((#20149));
#20149 = SURFACE_STYLE_USAGE(.BOTH.,#20150);
#20150 = SURFACE_SIDE_STYLE('',(#20151));
#20151 = SURFACE_STYLE_FILL_AREA(#20152);
#20152 = FILL_AREA_STYLE('',(#20153));
#20153 = FILL_AREA_STYLE_COLOUR('',#20111);
#20154 = STYLED_ITEM('color',(#20155),#3462);
#20155 = PRESENTATION_STYLE_ASSIGNMENT((#20156));
#20156 = SURFACE_STYLE_USAGE(.BOTH.,#20157);
#20157 = SURFACE_SIDE_STYLE('',(#20158));
#20158 = SURFACE_STYLE_FILL_AREA(#20159);
#20159 = FILL_AREA_STYLE('',(#20160));
#20160 = FILL_AREA_STYLE_COLOUR('',#20111);
#20161 = STYLED_ITEM('color',(#20162),#3487);
#20162 = PRESENTATION_STYLE_ASSIGNMENT((#20163));
#20163 = SURFACE_STYLE_USAGE(.BOTH.,#20164);
#20164 = SURFACE_SIDE_STYLE('',(#20165));
#20165 = SURFACE_STYLE_FILL_AREA(#20166);
#20166 = FILL_AREA_STYLE('',(#20167));
#20167 = FILL_AREA_STYLE_COLOUR('',#20111);
#20168 = STYLED_ITEM('color',(#20169),#3518);
#20169 = PRESENTATION_STYLE_ASSIGNMENT((#20170));
#20170 = SURFACE_STYLE_USAGE(.BOTH.,#20171);
#20171 = SURFACE_SIDE_STYLE('',(#20172));
#20172 = SURFACE_STYLE_FILL_AREA(#20173);
#20173 = FILL_AREA_STYLE('',(#20174));
#20174 = FILL_AREA_STYLE_COLOUR('',#20111);
#20175 = STYLED_ITEM('color',(#20176),#3558);
#20176 = PRESENTATION_STYLE_ASSIGNMENT((#20177));
#20177 = SURFACE_STYLE_USAGE(.BOTH.,#20178);
#20178 = SURFACE_SIDE_STYLE('',(#20179));
#20179 = SURFACE_STYLE_FILL_AREA(#20180);
#20180 = FILL_AREA_STYLE('',(#20181));
#20181 = FILL_AREA_STYLE_COLOUR('',#20111);
#20182 = STYLED_ITEM('color',(#20183),#3689);
#20183 = PRESENTATION_STYLE_ASSIGNMENT((#20184));
#20184 = SURFACE_STYLE_USAGE(.BOTH.,#20185);
#20185 = SURFACE_SIDE_STYLE('',(#20186));
#20186 = SURFACE_STYLE_FILL_AREA(#20187);
#20187 = FILL_AREA_STYLE('',(#20188));
#20188 = FILL_AREA_STYLE_COLOUR('',#20111);
#20189 = STYLED_ITEM('color',(#20190),#3813);
#20190 = PRESENTATION_STYLE_ASSIGNMENT((#20191));
#20191 = SURFACE_STYLE_USAGE(.BOTH.,#20192);
#20192 = SURFACE_SIDE_STYLE('',(#20193));
#20193 = SURFACE_STYLE_FILL_AREA(#20194);
#20194 = FILL_AREA_STYLE('',(#20195));
#20195 = FILL_AREA_STYLE_COLOUR('',#20111);
#20196 = STYLED_ITEM('color',(#20197),#3830);
#20197 = PRESENTATION_STYLE_ASSIGNMENT((#20198));
#20198 = SURFACE_STYLE_USAGE(.BOTH.,#20199);
#20199 = SURFACE_SIDE_STYLE('',(#20200));
#20200 = SURFACE_STYLE_FILL_AREA(#20201);
#20201 = FILL_AREA_STYLE('',(#20202));
#20202 = FILL_AREA_STYLE_COLOUR('',#20203);
#20203 = COLOUR_RGB('',0.136999991899,0.40200001271,0.726999997272);
#20204 = STYLED_ITEM('color',(#20205),#3839);
#20205 = PRESENTATION_STYLE_ASSIGNMENT((#20206));
#20206 = SURFACE_STYLE_USAGE(.BOTH.,#20207);
#20207 = SURFACE_SIDE_STYLE('',(#20208));
#20208 = SURFACE_STYLE_FILL_AREA(#20209);
#20209 = FILL_AREA_STYLE('',(#20210));
#20210 = FILL_AREA_STYLE_COLOUR('',#20111);
#20211 = STYLED_ITEM('color',(#20212),#3850);
#20212 = PRESENTATION_STYLE_ASSIGNMENT((#20213));
#20213 = SURFACE_STYLE_USAGE(.BOTH.,#20214);
#20214 = SURFACE_SIDE_STYLE('',(#20215));
#20215 = SURFACE_STYLE_FILL_AREA(#20216);
#20216 = FILL_AREA_STYLE('',(#20217));
#20217 = FILL_AREA_STYLE_COLOUR('',#20111);
#20218 = STYLED_ITEM('color',(#20219),#4018);
#20219 = PRESENTATION_STYLE_ASSIGNMENT((#20220));
#20220 = SURFACE_STYLE_USAGE(.BOTH.,#20221);
#20221 = SURFACE_SIDE_STYLE('',(#20222));
#20222 = SURFACE_STYLE_FILL_AREA(#20223);
#20223 = FILL_AREA_STYLE('',(#20224));
#20224 = FILL_AREA_STYLE_COLOUR('',#19916);
#20225 = STYLED_ITEM('color',(#20226),#4049);
#20226 = PRESENTATION_STYLE_ASSIGNMENT((#20227));
#20227 = SURFACE_STYLE_USAGE(.BOTH.,#20228);
#20228 = SURFACE_SIDE_STYLE('',(#20229));
#20229 = SURFACE_STYLE_FILL_AREA(#20230);
#20230 = FILL_AREA_STYLE('',(#20231));
#20231 = FILL_AREA_STYLE_COLOUR('',#19916);
#20232 = STYLED_ITEM('color',(#20233),#4080);
#20233 = PRESENTATION_STYLE_ASSIGNMENT((#20234));
#20234 = SURFACE_STYLE_USAGE(.BOTH.,#20235);
#20235 = SURFACE_SIDE_STYLE('',(#20236));
#20236 = SURFACE_STYLE_FILL_AREA(#20237);
#20237 = FILL_AREA_STYLE('',(#20238));
#20238 = FILL_AREA_STYLE_COLOUR('',#19916);
#20239 = STYLED_ITEM('color',(#20240),#4111);
#20240 = PRESENTATION_STYLE_ASSIGNMENT((#20241));
#20241 = SURFACE_STYLE_USAGE(.BOTH.,#20242);
#20242 = SURFACE_SIDE_STYLE('',(#20243));
#20243 = SURFACE_STYLE_FILL_AREA(#20244);
#20244 = FILL_AREA_STYLE('',(#20245));
#20245 = FILL_AREA_STYLE_COLOUR('',#19916);
#20246 = STYLED_ITEM('color',(#20247),#4196);
#20247 = PRESENTATION_STYLE_ASSIGNMENT((#20248));
#20248 = SURFACE_STYLE_USAGE(.BOTH.,#20249);
#20249 = SURFACE_SIDE_STYLE('',(#20250));
#20250 = SURFACE_STYLE_FILL_AREA(#20251);
#20251 = FILL_AREA_STYLE('',(#20252));
#20252 = FILL_AREA_STYLE_COLOUR('',#19916);
#20253 = STYLED_ITEM('color',(#20254),#4220);
#20254 = PRESENTATION_STYLE_ASSIGNMENT((#20255));
#20255 = SURFACE_STYLE_USAGE(.BOTH.,#20256);
#20256 = SURFACE_SIDE_STYLE('',(#20257));
#20257 = SURFACE_STYLE_FILL_AREA(#20258);
#20258 = FILL_AREA_STYLE('',(#20259));
#20259 = FILL_AREA_STYLE_COLOUR('',#19916);
#20260 = STYLED_ITEM('color',(#20261),#4298);
#20261 = PRESENTATION_STYLE_ASSIGNMENT((#20262));
#20262 = SURFACE_STYLE_USAGE(.BOTH.,#20263);
#20263 = SURFACE_SIDE_STYLE('',(#20264));
#20264 = SURFACE_STYLE_FILL_AREA(#20265);
#20265 = FILL_AREA_STYLE('',(#20266));
#20266 = FILL_AREA_STYLE_COLOUR('',#19916);
#20267 = STYLED_ITEM('color',(#20268),#4329);
#20268 = PRESENTATION_STYLE_ASSIGNMENT((#20269));
#20269 = SURFACE_STYLE_USAGE(.BOTH.,#20270);
#20270 = SURFACE_SIDE_STYLE('',(#20271));
#20271 = SURFACE_STYLE_FILL_AREA(#20272);
#20272 = FILL_AREA_STYLE('',(#20273));
#20273 = FILL_AREA_STYLE_COLOUR('',#19916);
#20274 = STYLED_ITEM('color',(#20275),#4414);
#20275 = PRESENTATION_STYLE_ASSIGNMENT((#20276));
#20276 = SURFACE_STYLE_USAGE(.BOTH.,#20277);
#20277 = SURFACE_SIDE_STYLE('',(#20278));
#20278 = SURFACE_STYLE_FILL_AREA(#20279);
#20279 = FILL_AREA_STYLE('',(#20280));
#20280 = FILL_AREA_STYLE_COLOUR('',#19916);
#20281 = STYLED_ITEM('color',(#20282),#4438);
#20282 = PRESENTATION_STYLE_ASSIGNMENT((#20283));
#20283 = SURFACE_STYLE_USAGE(.BOTH.,#20284);
#20284 = SURFACE_SIDE_STYLE('',(#20285));
#20285 = SURFACE_STYLE_FILL_AREA(#20286);
#20286 = FILL_AREA_STYLE('',(#20287));
#20287 = FILL_AREA_STYLE_COLOUR('',#19916);
#20288 = STYLED_ITEM('color',(#20289),#4516);
#20289 = PRESENTATION_STYLE_ASSIGNMENT((#20290));
#20290 = SURFACE_STYLE_USAGE(.BOTH.,#20291);
#20291 = SURFACE_SIDE_STYLE('',(#20292));
#20292 = SURFACE_STYLE_FILL_AREA(#20293);
#20293 = FILL_AREA_STYLE('',(#20294));
#20294 = FILL_AREA_STYLE_COLOUR('',#19916);
#20295 = STYLED_ITEM('color',(#20296),#4547);
#20296 = PRESENTATION_STYLE_ASSIGNMENT((#20297));
#20297 = SURFACE_STYLE_USAGE(.BOTH.,#20298);
#20298 = SURFACE_SIDE_STYLE('',(#20299));
#20299 = SURFACE_STYLE_FILL_AREA(#20300);
#20300 = FILL_AREA_STYLE('',(#20301));
#20301 = FILL_AREA_STYLE_COLOUR('',#19916);
#20302 = STYLED_ITEM('color',(#20303),#4578);
#20303 = PRESENTATION_STYLE_ASSIGNMENT((#20304));
#20304 = SURFACE_STYLE_USAGE(.BOTH.,#20305);
#20305 = SURFACE_SIDE_STYLE('',(#20306));
#20306 = SURFACE_STYLE_FILL_AREA(#20307);
#20307 = FILL_AREA_STYLE('',(#20308));
#20308 = FILL_AREA_STYLE_COLOUR('',#19916);
#20309 = STYLED_ITEM('color',(#20310),#4609);
#20310 = PRESENTATION_STYLE_ASSIGNMENT((#20311));
#20311 = SURFACE_STYLE_USAGE(.BOTH.,#20312);
#20312 = SURFACE_SIDE_STYLE('',(#20313));
#20313 = SURFACE_STYLE_FILL_AREA(#20314);
#20314 = FILL_AREA_STYLE('',(#20315));
#20315 = FILL_AREA_STYLE_COLOUR('',#19916);
#20316 = STYLED_ITEM('color',(#20317),#4694);
#20317 = PRESENTATION_STYLE_ASSIGNMENT((#20318));
#20318 = SURFACE_STYLE_USAGE(.BOTH.,#20319);
#20319 = SURFACE_SIDE_STYLE('',(#20320));
#20320 = SURFACE_STYLE_FILL_AREA(#20321);
#20321 = FILL_AREA_STYLE('',(#20322));
#20322 = FILL_AREA_STYLE_COLOUR('',#19916);
#20323 = STYLED_ITEM('color',(#20324),#4718);
#20324 = PRESENTATION_STYLE_ASSIGNMENT((#20325));
#20325 = SURFACE_STYLE_USAGE(.BOTH.,#20326);
#20326 = SURFACE_SIDE_STYLE('',(#20327));
#20327 = SURFACE_STYLE_FILL_AREA(#20328);
#20328 = FILL_AREA_STYLE('',(#20329));
#20329 = FILL_AREA_STYLE_COLOUR('',#19916);
#20330 = STYLED_ITEM('color',(#20331),#4796);
#20331 = PRESENTATION_STYLE_ASSIGNMENT((#20332));
#20332 = SURFACE_STYLE_USAGE(.BOTH.,#20333);
#20333 = SURFACE_SIDE_STYLE('',(#20334));
#20334 = SURFACE_STYLE_FILL_AREA(#20335);
#20335 = FILL_AREA_STYLE('',(#20336));
#20336 = FILL_AREA_STYLE_COLOUR('',#19916);
#20337 = STYLED_ITEM('color',(#20338),#4827);
#20338 = PRESENTATION_STYLE_ASSIGNMENT((#20339));
#20339 = SURFACE_STYLE_USAGE(.BOTH.,#20340);
#20340 = SURFACE_SIDE_STYLE('',(#20341));
#20341 = SURFACE_STYLE_FILL_AREA(#20342);
#20342 = FILL_AREA_STYLE('',(#20343));
#20343 = FILL_AREA_STYLE_COLOUR('',#19916);
#20344 = STYLED_ITEM('color',(#20345),#4912);
#20345 = PRESENTATION_STYLE_ASSIGNMENT((#20346));
#20346 = SURFACE_STYLE_USAGE(.BOTH.,#20347);
#20347 = SURFACE_SIDE_STYLE('',(#20348));
#20348 = SURFACE_STYLE_FILL_AREA(#20349);
#20349 = FILL_AREA_STYLE('',(#20350));
#20350 = FILL_AREA_STYLE_COLOUR('',#19916);
#20351 = STYLED_ITEM('color',(#20352),#4936);
#20352 = PRESENTATION_STYLE_ASSIGNMENT((#20353));
#20353 = SURFACE_STYLE_USAGE(.BOTH.,#20354);
#20354 = SURFACE_SIDE_STYLE('',(#20355));
#20355 = SURFACE_STYLE_FILL_AREA(#20356);
#20356 = FILL_AREA_STYLE('',(#20357));
#20357 = FILL_AREA_STYLE_COLOUR('',#19916);
#20358 = STYLED_ITEM('color',(#20359),#5014);
#20359 = PRESENTATION_STYLE_ASSIGNMENT((#20360));
#20360 = SURFACE_STYLE_USAGE(.BOTH.,#20361);
#20361 = SURFACE_SIDE_STYLE('',(#20362));
#20362 = SURFACE_STYLE_FILL_AREA(#20363);
#20363 = FILL_AREA_STYLE('',(#20364));
#20364 = FILL_AREA_STYLE_COLOUR('',#19916);
#20365 = STYLED_ITEM('color',(#20366),#5031);
#20366 = PRESENTATION_STYLE_ASSIGNMENT((#20367));
#20367 = SURFACE_STYLE_USAGE(.BOTH.,#20368);
#20368 = SURFACE_SIDE_STYLE('',(#20369));
#20369 = SURFACE_STYLE_FILL_AREA(#20370);
#20370 = FILL_AREA_STYLE('',(#20371));
#20371 = FILL_AREA_STYLE_COLOUR('',#19916);
#20372 = STYLED_ITEM('color',(#20373),#5048);
#20373 = PRESENTATION_STYLE_ASSIGNMENT((#20374));
#20374 = SURFACE_STYLE_USAGE(.BOTH.,#20375);
#20375 = SURFACE_SIDE_STYLE('',(#20376));
#20376 = SURFACE_STYLE_FILL_AREA(#20377);
#20377 = FILL_AREA_STYLE('',(#20378));
#20378 = FILL_AREA_STYLE_COLOUR('',#19916);
#20379 = STYLED_ITEM('color',(#20380),#5065);
#20380 = PRESENTATION_STYLE_ASSIGNMENT((#20381));
#20381 = SURFACE_STYLE_USAGE(.BOTH.,#20382);
#20382 = SURFACE_SIDE_STYLE('',(#20383));
#20383 = SURFACE_STYLE_FILL_AREA(#20384);
#20384 = FILL_AREA_STYLE('',(#20385));
#20385 = FILL_AREA_STYLE_COLOUR('',#19916);
#20386 = STYLED_ITEM('color',(#20387),#5082);
#20387 = PRESENTATION_STYLE_ASSIGNMENT((#20388));
#20388 = SURFACE_STYLE_USAGE(.BOTH.,#20389);
#20389 = SURFACE_SIDE_STYLE('',(#20390));
#20390 = SURFACE_STYLE_FILL_AREA(#20391);
#20391 = FILL_AREA_STYLE('',(#20392));
#20392 = FILL_AREA_STYLE_COLOUR('',#19916);
#20393 = STYLED_ITEM('color',(#20394),#5099);
#20394 = PRESENTATION_STYLE_ASSIGNMENT((#20395));
#20395 = SURFACE_STYLE_USAGE(.BOTH.,#20396);
#20396 = SURFACE_SIDE_STYLE('',(#20397));
#20397 = SURFACE_STYLE_FILL_AREA(#20398);
#20398 = FILL_AREA_STYLE('',(#20399));
#20399 = FILL_AREA_STYLE_COLOUR('',#19916);
#20400 = STYLED_ITEM('color',(#20401),#5116);
#20401 = PRESENTATION_STYLE_ASSIGNMENT((#20402));
#20402 = SURFACE_STYLE_USAGE(.BOTH.,#20403);
#20403 = SURFACE_SIDE_STYLE('',(#20404));
#20404 = SURFACE_STYLE_FILL_AREA(#20405);
#20405 = FILL_AREA_STYLE('',(#20406));
#20406 = FILL_AREA_STYLE_COLOUR('',#19916);
#20407 = STYLED_ITEM('color',(#20408),#5133);
#20408 = PRESENTATION_STYLE_ASSIGNMENT((#20409));
#20409 = SURFACE_STYLE_USAGE(.BOTH.,#20410);
#20410 = SURFACE_SIDE_STYLE('',(#20411));
#20411 = SURFACE_STYLE_FILL_AREA(#20412);
#20412 = FILL_AREA_STYLE('',(#20413));
#20413 = FILL_AREA_STYLE_COLOUR('',#19916);
#20414 = STYLED_ITEM('color',(#20415),#5155);
#20415 = PRESENTATION_STYLE_ASSIGNMENT((#20416));
#20416 = SURFACE_STYLE_USAGE(.BOTH.,#20417);
#20417 = SURFACE_SIDE_STYLE('',(#20418));
#20418 = SURFACE_STYLE_FILL_AREA(#20419);
#20419 = FILL_AREA_STYLE('',(#20420));
#20420 = FILL_AREA_STYLE_COLOUR('',#19916);
#20421 = STYLED_ITEM('color',(#20422),#5167);
#20422 = PRESENTATION_STYLE_ASSIGNMENT((#20423));
#20423 = SURFACE_STYLE_USAGE(.BOTH.,#20424);
#20424 = SURFACE_SIDE_STYLE('',(#20425));
#20425 = SURFACE_STYLE_FILL_AREA(#20426);
#20426 = FILL_AREA_STYLE('',(#20427));
#20427 = FILL_AREA_STYLE_COLOUR('',#19916);
#20428 = STYLED_ITEM('color',(#20429),#5179);
#20429 = PRESENTATION_STYLE_ASSIGNMENT((#20430));
#20430 = SURFACE_STYLE_USAGE(.BOTH.,#20431);
#20431 = SURFACE_SIDE_STYLE('',(#20432));
#20432 = SURFACE_STYLE_FILL_AREA(#20433);
#20433 = FILL_AREA_STYLE('',(#20434));
#20434 = FILL_AREA_STYLE_COLOUR('',#19916);
#20435 = STYLED_ITEM('color',(#20436),#5196);
#20436 = PRESENTATION_STYLE_ASSIGNMENT((#20437));
#20437 = SURFACE_STYLE_USAGE(.BOTH.,#20438);
#20438 = SURFACE_SIDE_STYLE('',(#20439));
#20439 = SURFACE_STYLE_FILL_AREA(#20440);
#20440 = FILL_AREA_STYLE('',(#20441));
#20441 = FILL_AREA_STYLE_COLOUR('',#19916);
#20442 = STYLED_ITEM('color',(#20443),#5208);
#20443 = PRESENTATION_STYLE_ASSIGNMENT((#20444));
#20444 = SURFACE_STYLE_USAGE(.BOTH.,#20445);
#20445 = SURFACE_SIDE_STYLE('',(#20446));
#20446 = SURFACE_STYLE_FILL_AREA(#20447);
#20447 = FILL_AREA_STYLE('',(#20448));
#20448 = FILL_AREA_STYLE_COLOUR('',#19916);
#20449 = STYLED_ITEM('color',(#20450),#5225);
#20450 = PRESENTATION_STYLE_ASSIGNMENT((#20451));
#20451 = SURFACE_STYLE_USAGE(.BOTH.,#20452);
#20452 = SURFACE_SIDE_STYLE('',(#20453));
#20453 = SURFACE_STYLE_FILL_AREA(#20454);
#20454 = FILL_AREA_STYLE('',(#20455));
#20455 = FILL_AREA_STYLE_COLOUR('',#19916);
#20456 = STYLED_ITEM('color',(#20457),#5247);
#20457 = PRESENTATION_STYLE_ASSIGNMENT((#20458));
#20458 = SURFACE_STYLE_USAGE(.BOTH.,#20459);
#20459 = SURFACE_SIDE_STYLE('',(#20460));
#20460 = SURFACE_STYLE_FILL_AREA(#20461);
#20461 = FILL_AREA_STYLE('',(#20462));
#20462 = FILL_AREA_STYLE_COLOUR('',#19916);
#20463 = STYLED_ITEM('color',(#20464),#5259);
#20464 = PRESENTATION_STYLE_ASSIGNMENT((#20465));
#20465 = SURFACE_STYLE_USAGE(.BOTH.,#20466);
#20466 = SURFACE_SIDE_STYLE('',(#20467));
#20467 = SURFACE_STYLE_FILL_AREA(#20468);
#20468 = FILL_AREA_STYLE('',(#20469));
#20469 = FILL_AREA_STYLE_COLOUR('',#19916);
#20470 = STYLED_ITEM('color',(#20471),#5276);
#20471 = PRESENTATION_STYLE_ASSIGNMENT((#20472));
#20472 = SURFACE_STYLE_USAGE(.BOTH.,#20473);
#20473 = SURFACE_SIDE_STYLE('',(#20474));
#20474 = SURFACE_STYLE_FILL_AREA(#20475);
#20475 = FILL_AREA_STYLE('',(#20476));
#20476 = FILL_AREA_STYLE_COLOUR('',#19916);
#20477 = STYLED_ITEM('color',(#20478),#5288);
#20478 = PRESENTATION_STYLE_ASSIGNMENT((#20479));
#20479 = SURFACE_STYLE_USAGE(.BOTH.,#20480);
#20480 = SURFACE_SIDE_STYLE('',(#20481));
#20481 = SURFACE_STYLE_FILL_AREA(#20482);
#20482 = FILL_AREA_STYLE('',(#20483));
#20483 = FILL_AREA_STYLE_COLOUR('',#19916);
#20484 = STYLED_ITEM('color',(#20485),#5300);
#20485 = PRESENTATION_STYLE_ASSIGNMENT((#20486));
#20486 = SURFACE_STYLE_USAGE(.BOTH.,#20487);
#20487 = SURFACE_SIDE_STYLE('',(#20488));
#20488 = SURFACE_STYLE_FILL_AREA(#20489);
#20489 = FILL_AREA_STYLE('',(#20490));
#20490 = FILL_AREA_STYLE_COLOUR('',#19916);
#20491 = STYLED_ITEM('color',(#20492),#5317);
#20492 = PRESENTATION_STYLE_ASSIGNMENT((#20493));
#20493 = SURFACE_STYLE_USAGE(.BOTH.,#20494);
#20494 = SURFACE_SIDE_STYLE('',(#20495));
#20495 = SURFACE_STYLE_FILL_AREA(#20496);
#20496 = FILL_AREA_STYLE('',(#20497));
#20497 = FILL_AREA_STYLE_COLOUR('',#19916);
#20498 = STYLED_ITEM('color',(#20499),#5334);
#20499 = PRESENTATION_STYLE_ASSIGNMENT((#20500));
#20500 = SURFACE_STYLE_USAGE(.BOTH.,#20501);
#20501 = SURFACE_SIDE_STYLE('',(#20502));
#20502 = SURFACE_STYLE_FILL_AREA(#20503);
#20503 = FILL_AREA_STYLE('',(#20504));
#20504 = FILL_AREA_STYLE_COLOUR('',#19916);
#20505 = STYLED_ITEM('color',(#20506),#5351);
#20506 = PRESENTATION_STYLE_ASSIGNMENT((#20507));
#20507 = SURFACE_STYLE_USAGE(.BOTH.,#20508);
#20508 = SURFACE_SIDE_STYLE('',(#20509));
#20509 = SURFACE_STYLE_FILL_AREA(#20510);
#20510 = FILL_AREA_STYLE('',(#20511));
#20511 = FILL_AREA_STYLE_COLOUR('',#19916);
#20512 = STYLED_ITEM('color',(#20513),#5373);
#20513 = PRESENTATION_STYLE_ASSIGNMENT((#20514));
#20514 = SURFACE_STYLE_USAGE(.BOTH.,#20515);
#20515 = SURFACE_SIDE_STYLE('',(#20516));
#20516 = SURFACE_STYLE_FILL_AREA(#20517);
#20517 = FILL_AREA_STYLE('',(#20518));
#20518 = FILL_AREA_STYLE_COLOUR('',#19916);
#20519 = STYLED_ITEM('color',(#20520),#5385);
#20520 = PRESENTATION_STYLE_ASSIGNMENT((#20521));
#20521 = SURFACE_STYLE_USAGE(.BOTH.,#20522);
#20522 = SURFACE_SIDE_STYLE('',(#20523));
#20523 = SURFACE_STYLE_FILL_AREA(#20524);
#20524 = FILL_AREA_STYLE('',(#20525));
#20525 = FILL_AREA_STYLE_COLOUR('',#19916);
#20526 = STYLED_ITEM('color',(#20527),#5402);
#20527 = PRESENTATION_STYLE_ASSIGNMENT((#20528));
#20528 = SURFACE_STYLE_USAGE(.BOTH.,#20529);
#20529 = SURFACE_SIDE_STYLE('',(#20530));
#20530 = SURFACE_STYLE_FILL_AREA(#20531);
#20531 = FILL_AREA_STYLE('',(#20532));
#20532 = FILL_AREA_STYLE_COLOUR('',#19916);
#20533 = STYLED_ITEM('color',(#20534),#5414);
#20534 = PRESENTATION_STYLE_ASSIGNMENT((#20535));
#20535 = SURFACE_STYLE_USAGE(.BOTH.,#20536);
#20536 = SURFACE_SIDE_STYLE('',(#20537));
#20537 = SURFACE_STYLE_FILL_AREA(#20538);
#20538 = FILL_AREA_STYLE('',(#20539));
#20539 = FILL_AREA_STYLE_COLOUR('',#19916);
#20540 = STYLED_ITEM('color',(#20541),#5426);
#20541 = PRESENTATION_STYLE_ASSIGNMENT((#20542));
#20542 = SURFACE_STYLE_USAGE(.BOTH.,#20543);
#20543 = SURFACE_SIDE_STYLE('',(#20544));
#20544 = SURFACE_STYLE_FILL_AREA(#20545);
#20545 = FILL_AREA_STYLE('',(#20546));
#20546 = FILL_AREA_STYLE_COLOUR('',#19916);
#20547 = STYLED_ITEM('color',(#20548),#5443);
#20548 = PRESENTATION_STYLE_ASSIGNMENT((#20549));
#20549 = SURFACE_STYLE_USAGE(.BOTH.,#20550);
#20550 = SURFACE_SIDE_STYLE('',(#20551));
#20551 = SURFACE_STYLE_FILL_AREA(#20552);
#20552 = FILL_AREA_STYLE('',(#20553));
#20553 = FILL_AREA_STYLE_COLOUR('',#19916);
#20554 = STYLED_ITEM('color',(#20555),#5465);
#20555 = PRESENTATION_STYLE_ASSIGNMENT((#20556));
#20556 = SURFACE_STYLE_USAGE(.BOTH.,#20557);
#20557 = SURFACE_SIDE_STYLE('',(#20558));
#20558 = SURFACE_STYLE_FILL_AREA(#20559);
#20559 = FILL_AREA_STYLE('',(#20560));
#20560 = FILL_AREA_STYLE_COLOUR('',#19916);
#20561 = STYLED_ITEM('color',(#20562),#5477);
#20562 = PRESENTATION_STYLE_ASSIGNMENT((#20563));
#20563 = SURFACE_STYLE_USAGE(.BOTH.,#20564);
#20564 = SURFACE_SIDE_STYLE('',(#20565));
#20565 = SURFACE_STYLE_FILL_AREA(#20566);
#20566 = FILL_AREA_STYLE('',(#20567));
#20567 = FILL_AREA_STYLE_COLOUR('',#19916);
#20568 = STYLED_ITEM('color',(#20569),#5494);
#20569 = PRESENTATION_STYLE_ASSIGNMENT((#20570));
#20570 = SURFACE_STYLE_USAGE(.BOTH.,#20571);
#20571 = SURFACE_SIDE_STYLE('',(#20572));
#20572 = SURFACE_STYLE_FILL_AREA(#20573);
#20573 = FILL_AREA_STYLE('',(#20574));
#20574 = FILL_AREA_STYLE_COLOUR('',#19916);
#20575 = STYLED_ITEM('color',(#20576),#5506);
#20576 = PRESENTATION_STYLE_ASSIGNMENT((#20577));
#20577 = SURFACE_STYLE_USAGE(.BOTH.,#20578);
#20578 = SURFACE_SIDE_STYLE('',(#20579));
#20579 = SURFACE_STYLE_FILL_AREA(#20580);
#20580 = FILL_AREA_STYLE('',(#20581));
#20581 = FILL_AREA_STYLE_COLOUR('',#19916);
#20582 = MECHANICAL_DESIGN_GEOMETRIC_PRESENTATION_REPRESENTATION('',(
    #20583,#20590,#20597,#20604,#20611,#20618,#20625,#20632,#20639,
    #20646,#20653,#20660,#20667,#20674,#20681,#20688,#20695,#20702,
    #20709,#20716,#20723,#20730,#20737,#20744,#20751,#20758,#20765,
    #20772,#20779,#20786,#20793,#20800,#20807,#20814,#20821,#20828,
    #20835,#20842,#20849,#20856,#20863,#20870,#20877,#20884,#20891,
    #20898,#20905,#20912,#20919,#20926,#20933,#20940),#2349);
#20583 = STYLED_ITEM('color',(#20584),#919);
#20584 = PRESENTATION_STYLE_ASSIGNMENT((#20585));
#20585 = SURFACE_STYLE_USAGE(.BOTH.,#20586);
#20586 = SURFACE_SIDE_STYLE('',(#20587));
#20587 = SURFACE_STYLE_FILL_AREA(#20588);
#20588 = FILL_AREA_STYLE('',(#20589));
#20589 = FILL_AREA_STYLE_COLOUR('',#18833);
#20590 = STYLED_ITEM('color',(#20591),#959);
#20591 = PRESENTATION_STYLE_ASSIGNMENT((#20592));
#20592 = SURFACE_STYLE_USAGE(.BOTH.,#20593);
#20593 = SURFACE_SIDE_STYLE('',(#20594));
#20594 = SURFACE_STYLE_FILL_AREA(#20595);
#20595 = FILL_AREA_STYLE('',(#20596));
#20596 = FILL_AREA_STYLE_COLOUR('',#18833);
#20597 = STYLED_ITEM('color',(#20598),#990);
#20598 = PRESENTATION_STYLE_ASSIGNMENT((#20599));
#20599 = SURFACE_STYLE_USAGE(.BOTH.,#20600);
#20600 = SURFACE_SIDE_STYLE('',(#20601));
#20601 = SURFACE_STYLE_FILL_AREA(#20602);
#20602 = FILL_AREA_STYLE('',(#20603));
#20603 = FILL_AREA_STYLE_COLOUR('',#18833);
#20604 = STYLED_ITEM('color',(#20605),#1021);
#20605 = PRESENTATION_STYLE_ASSIGNMENT((#20606));
#20606 = SURFACE_STYLE_USAGE(.BOTH.,#20607);
#20607 = SURFACE_SIDE_STYLE('',(#20608));
#20608 = SURFACE_STYLE_FILL_AREA(#20609);
#20609 = FILL_AREA_STYLE('',(#20610));
#20610 = FILL_AREA_STYLE_COLOUR('',#18833);
#20611 = STYLED_ITEM('color',(#20612),#1186);
#20612 = PRESENTATION_STYLE_ASSIGNMENT((#20613));
#20613 = SURFACE_STYLE_USAGE(.BOTH.,#20614);
#20614 = SURFACE_SIDE_STYLE('',(#20615));
#20615 = SURFACE_STYLE_FILL_AREA(#20616);
#20616 = FILL_AREA_STYLE('',(#20617));
#20617 = FILL_AREA_STYLE_COLOUR('',#18833);
#20618 = STYLED_ITEM('color',(#20619),#1351);
#20619 = PRESENTATION_STYLE_ASSIGNMENT((#20620));
#20620 = SURFACE_STYLE_USAGE(.BOTH.,#20621);
#20621 = SURFACE_SIDE_STYLE('',(#20622));
#20622 = SURFACE_STYLE_FILL_AREA(#20623);
#20623 = FILL_AREA_STYLE('',(#20624));
#20624 = FILL_AREA_STYLE_COLOUR('',#18833);
#20625 = STYLED_ITEM('color',(#20626),#1368);
#20626 = PRESENTATION_STYLE_ASSIGNMENT((#20627));
#20627 = SURFACE_STYLE_USAGE(.BOTH.,#20628);
#20628 = SURFACE_SIDE_STYLE('',(#20629));
#20629 = SURFACE_STYLE_FILL_AREA(#20630);
#20630 = FILL_AREA_STYLE('',(#20631));
#20631 = FILL_AREA_STYLE_COLOUR('',#18833);
#20632 = STYLED_ITEM('color',(#20633),#1385);
#20633 = PRESENTATION_STYLE_ASSIGNMENT((#20634));
#20634 = SURFACE_STYLE_USAGE(.BOTH.,#20635);
#20635 = SURFACE_SIDE_STYLE('',(#20636));
#20636 = SURFACE_STYLE_FILL_AREA(#20637);
#20637 = FILL_AREA_STYLE('',(#20638));
#20638 = FILL_AREA_STYLE_COLOUR('',#18833);
#20639 = STYLED_ITEM('color',(#20640),#1402);
#20640 = PRESENTATION_STYLE_ASSIGNMENT((#20641));
#20641 = SURFACE_STYLE_USAGE(.BOTH.,#20642);
#20642 = SURFACE_SIDE_STYLE('',(#20643));
#20643 = SURFACE_STYLE_FILL_AREA(#20644);
#20644 = FILL_AREA_STYLE('',(#20645));
#20645 = FILL_AREA_STYLE_COLOUR('',#18833);
#20646 = STYLED_ITEM('color',(#20647),#1419);
#20647 = PRESENTATION_STYLE_ASSIGNMENT((#20648));
#20648 = SURFACE_STYLE_USAGE(.BOTH.,#20649);
#20649 = SURFACE_SIDE_STYLE('',(#20650));
#20650 = SURFACE_STYLE_FILL_AREA(#20651);
#20651 = FILL_AREA_STYLE('',(#20652));
#20652 = FILL_AREA_STYLE_COLOUR('',#18833);
#20653 = STYLED_ITEM('color',(#20654),#1436);
#20654 = PRESENTATION_STYLE_ASSIGNMENT((#20655));
#20655 = SURFACE_STYLE_USAGE(.BOTH.,#20656);
#20656 = SURFACE_SIDE_STYLE('',(#20657));
#20657 = SURFACE_STYLE_FILL_AREA(#20658);
#20658 = FILL_AREA_STYLE('',(#20659));
#20659 = FILL_AREA_STYLE_COLOUR('',#18833);
#20660 = STYLED_ITEM('color',(#20661),#1453);
#20661 = PRESENTATION_STYLE_ASSIGNMENT((#20662));
#20662 = SURFACE_STYLE_USAGE(.BOTH.,#20663);
#20663 = SURFACE_SIDE_STYLE('',(#20664));
#20664 = SURFACE_STYLE_FILL_AREA(#20665);
#20665 = FILL_AREA_STYLE('',(#20666));
#20666 = FILL_AREA_STYLE_COLOUR('',#18833);
#20667 = STYLED_ITEM('color',(#20668),#1470);
#20668 = PRESENTATION_STYLE_ASSIGNMENT((#20669));
#20669 = SURFACE_STYLE_USAGE(.BOTH.,#20670);
#20670 = SURFACE_SIDE_STYLE('',(#20671));
#20671 = SURFACE_STYLE_FILL_AREA(#20672);
#20672 = FILL_AREA_STYLE('',(#20673));
#20673 = FILL_AREA_STYLE_COLOUR('',#18833);
#20674 = STYLED_ITEM('color',(#20675),#1487);
#20675 = PRESENTATION_STYLE_ASSIGNMENT((#20676));
#20676 = SURFACE_STYLE_USAGE(.BOTH.,#20677);
#20677 = SURFACE_SIDE_STYLE('',(#20678));
#20678 = SURFACE_STYLE_FILL_AREA(#20679);
#20679 = FILL_AREA_STYLE('',(#20680));
#20680 = FILL_AREA_STYLE_COLOUR('',#18833);
#20681 = STYLED_ITEM('color',(#20682),#1504);
#20682 = PRESENTATION_STYLE_ASSIGNMENT((#20683));
#20683 = SURFACE_STYLE_USAGE(.BOTH.,#20684);
#20684 = SURFACE_SIDE_STYLE('',(#20685));
#20685 = SURFACE_STYLE_FILL_AREA(#20686);
#20686 = FILL_AREA_STYLE('',(#20687));
#20687 = FILL_AREA_STYLE_COLOUR('',#18833);
#20688 = STYLED_ITEM('color',(#20689),#1521);
#20689 = PRESENTATION_STYLE_ASSIGNMENT((#20690));
#20690 = SURFACE_STYLE_USAGE(.BOTH.,#20691);
#20691 = SURFACE_SIDE_STYLE('',(#20692));
#20692 = SURFACE_STYLE_FILL_AREA(#20693);
#20693 = FILL_AREA_STYLE('',(#20694));
#20694 = FILL_AREA_STYLE_COLOUR('',#18833);
#20695 = STYLED_ITEM('color',(#20696),#1533);
#20696 = PRESENTATION_STYLE_ASSIGNMENT((#20697));
#20697 = SURFACE_STYLE_USAGE(.BOTH.,#20698);
#20698 = SURFACE_SIDE_STYLE('',(#20699));
#20699 = SURFACE_STYLE_FILL_AREA(#20700);
#20700 = FILL_AREA_STYLE('',(#20701));
#20701 = FILL_AREA_STYLE_COLOUR('',#19297);
#20702 = STYLED_ITEM('color',(#20703),#1564);
#20703 = PRESENTATION_STYLE_ASSIGNMENT((#20704));
#20704 = SURFACE_STYLE_USAGE(.BOTH.,#20705);
#20705 = SURFACE_SIDE_STYLE('',(#20706));
#20706 = SURFACE_STYLE_FILL_AREA(#20707);
#20707 = FILL_AREA_STYLE('',(#20708));
#20708 = FILL_AREA_STYLE_COLOUR('',#19297);
#20709 = STYLED_ITEM('color',(#20710),#1588);
#20710 = PRESENTATION_STYLE_ASSIGNMENT((#20711));
#20711 = SURFACE_STYLE_USAGE(.BOTH.,#20712);
#20712 = SURFACE_SIDE_STYLE('',(#20713));
#20713 = SURFACE_STYLE_FILL_AREA(#20714);
#20714 = FILL_AREA_STYLE('',(#20715));
#20715 = FILL_AREA_STYLE_COLOUR('',#19297);
#20716 = STYLED_ITEM('color',(#20717),#1612);
#20717 = PRESENTATION_STYLE_ASSIGNMENT((#20718));
#20718 = SURFACE_STYLE_USAGE(.BOTH.,#20719);
#20719 = SURFACE_SIDE_STYLE('',(#20720));
#20720 = SURFACE_STYLE_FILL_AREA(#20721);
#20721 = FILL_AREA_STYLE('',(#20722));
#20722 = FILL_AREA_STYLE_COLOUR('',#19297);
#20723 = STYLED_ITEM('color',(#20724),#1629);
#20724 = PRESENTATION_STYLE_ASSIGNMENT((#20725));
#20725 = SURFACE_STYLE_USAGE(.BOTH.,#20726);
#20726 = SURFACE_SIDE_STYLE('',(#20727));
#20727 = SURFACE_STYLE_FILL_AREA(#20728);
#20728 = FILL_AREA_STYLE('',(#20729));
#20729 = FILL_AREA_STYLE_COLOUR('',#19297);
#20730 = STYLED_ITEM('color',(#20731),#1660);
#20731 = PRESENTATION_STYLE_ASSIGNMENT((#20732));
#20732 = SURFACE_STYLE_USAGE(.BOTH.,#20733);
#20733 = SURFACE_SIDE_STYLE('',(#20734));
#20734 = SURFACE_STYLE_FILL_AREA(#20735);
#20735 = FILL_AREA_STYLE('',(#20736));
#20736 = FILL_AREA_STYLE_COLOUR('',#19297);
#20737 = STYLED_ITEM('color',(#20738),#1684);
#20738 = PRESENTATION_STYLE_ASSIGNMENT((#20739));
#20739 = SURFACE_STYLE_USAGE(.BOTH.,#20740);
#20740 = SURFACE_SIDE_STYLE('',(#20741));
#20741 = SURFACE_STYLE_FILL_AREA(#20742);
#20742 = FILL_AREA_STYLE('',(#20743));
#20743 = FILL_AREA_STYLE_COLOUR('',#19297);
#20744 = STYLED_ITEM('color',(#20745),#1708);
#20745 = PRESENTATION_STYLE_ASSIGNMENT((#20746));
#20746 = SURFACE_STYLE_USAGE(.BOTH.,#20747);
#20747 = SURFACE_SIDE_STYLE('',(#20748));
#20748 = SURFACE_STYLE_FILL_AREA(#20749);
#20749 = FILL_AREA_STYLE('',(#20750));
#20750 = FILL_AREA_STYLE_COLOUR('',#19297);
#20751 = STYLED_ITEM('color',(#20752),#1725);
#20752 = PRESENTATION_STYLE_ASSIGNMENT((#20753));
#20753 = SURFACE_STYLE_USAGE(.BOTH.,#20754);
#20754 = SURFACE_SIDE_STYLE('',(#20755));
#20755 = SURFACE_STYLE_FILL_AREA(#20756);
#20756 = FILL_AREA_STYLE('',(#20757));
#20757 = FILL_AREA_STYLE_COLOUR('',#19297);
#20758 = STYLED_ITEM('color',(#20759),#1756);
#20759 = PRESENTATION_STYLE_ASSIGNMENT((#20760));
#20760 = SURFACE_STYLE_USAGE(.BOTH.,#20761);
#20761 = SURFACE_SIDE_STYLE('',(#20762));
#20762 = SURFACE_STYLE_FILL_AREA(#20763);
#20763 = FILL_AREA_STYLE('',(#20764));
#20764 = FILL_AREA_STYLE_COLOUR('',#19297);
#20765 = STYLED_ITEM('color',(#20766),#1780);
#20766 = PRESENTATION_STYLE_ASSIGNMENT((#20767));
#20767 = SURFACE_STYLE_USAGE(.BOTH.,#20768);
#20768 = SURFACE_SIDE_STYLE('',(#20769));
#20769 = SURFACE_STYLE_FILL_AREA(#20770);
#20770 = FILL_AREA_STYLE('',(#20771));
#20771 = FILL_AREA_STYLE_COLOUR('',#19297);
#20772 = STYLED_ITEM('color',(#20773),#1804);
#20773 = PRESENTATION_STYLE_ASSIGNMENT((#20774));
#20774 = SURFACE_STYLE_USAGE(.BOTH.,#20775);
#20775 = SURFACE_SIDE_STYLE('',(#20776));
#20776 = SURFACE_STYLE_FILL_AREA(#20777);
#20777 = FILL_AREA_STYLE('',(#20778));
#20778 = FILL_AREA_STYLE_COLOUR('',#19297);
#20779 = STYLED_ITEM('color',(#20780),#1821);
#20780 = PRESENTATION_STYLE_ASSIGNMENT((#20781));
#20781 = SURFACE_STYLE_USAGE(.BOTH.,#20782);
#20782 = SURFACE_SIDE_STYLE('',(#20783));
#20783 = SURFACE_STYLE_FILL_AREA(#20784);
#20784 = FILL_AREA_STYLE('',(#20785));
#20785 = FILL_AREA_STYLE_COLOUR('',#19297);
#20786 = STYLED_ITEM('color',(#20787),#1852);
#20787 = PRESENTATION_STYLE_ASSIGNMENT((#20788));
#20788 = SURFACE_STYLE_USAGE(.BOTH.,#20789);
#20789 = SURFACE_SIDE_STYLE('',(#20790));
#20790 = SURFACE_STYLE_FILL_AREA(#20791);
#20791 = FILL_AREA_STYLE('',(#20792));
#20792 = FILL_AREA_STYLE_COLOUR('',#19297);
#20793 = STYLED_ITEM('color',(#20794),#1876);
#20794 = PRESENTATION_STYLE_ASSIGNMENT((#20795));
#20795 = SURFACE_STYLE_USAGE(.BOTH.,#20796);
#20796 = SURFACE_SIDE_STYLE('',(#20797));
#20797 = SURFACE_STYLE_FILL_AREA(#20798);
#20798 = FILL_AREA_STYLE('',(#20799));
#20799 = FILL_AREA_STYLE_COLOUR('',#19297);
#20800 = STYLED_ITEM('color',(#20801),#1900);
#20801 = PRESENTATION_STYLE_ASSIGNMENT((#20802));
#20802 = SURFACE_STYLE_USAGE(.BOTH.,#20803);
#20803 = SURFACE_SIDE_STYLE('',(#20804));
#20804 = SURFACE_STYLE_FILL_AREA(#20805);
#20805 = FILL_AREA_STYLE('',(#20806));
#20806 = FILL_AREA_STYLE_COLOUR('',#19297);
#20807 = STYLED_ITEM('color',(#20808),#1917);
#20808 = PRESENTATION_STYLE_ASSIGNMENT((#20809));
#20809 = SURFACE_STYLE_USAGE(.BOTH.,#20810);
#20810 = SURFACE_SIDE_STYLE('',(#20811));
#20811 = SURFACE_STYLE_FILL_AREA(#20812);
#20812 = FILL_AREA_STYLE('',(#20813));
#20813 = FILL_AREA_STYLE_COLOUR('',#19297);
#20814 = STYLED_ITEM('color',(#20815),#1948);
#20815 = PRESENTATION_STYLE_ASSIGNMENT((#20816));
#20816 = SURFACE_STYLE_USAGE(.BOTH.,#20817);
#20817 = SURFACE_SIDE_STYLE('',(#20818));
#20818 = SURFACE_STYLE_FILL_AREA(#20819);
#20819 = FILL_AREA_STYLE('',(#20820));
#20820 = FILL_AREA_STYLE_COLOUR('',#19297);
#20821 = STYLED_ITEM('color',(#20822),#1972);
#20822 = PRESENTATION_STYLE_ASSIGNMENT((#20823));
#20823 = SURFACE_STYLE_USAGE(.BOTH.,#20824);
#20824 = SURFACE_SIDE_STYLE('',(#20825));
#20825 = SURFACE_STYLE_FILL_AREA(#20826);
#20826 = FILL_AREA_STYLE('',(#20827));
#20827 = FILL_AREA_STYLE_COLOUR('',#19297);
#20828 = STYLED_ITEM('color',(#20829),#1996);
#20829 = PRESENTATION_STYLE_ASSIGNMENT((#20830));
#20830 = SURFACE_STYLE_USAGE(.BOTH.,#20831);
#20831 = SURFACE_SIDE_STYLE('',(#20832));
#20832 = SURFACE_STYLE_FILL_AREA(#20833);
#20833 = FILL_AREA_STYLE('',(#20834));
#20834 = FILL_AREA_STYLE_COLOUR('',#19297);
#20835 = STYLED_ITEM('color',(#20836),#2013);
#20836 = PRESENTATION_STYLE_ASSIGNMENT((#20837));
#20837 = SURFACE_STYLE_USAGE(.BOTH.,#20838);
#20838 = SURFACE_SIDE_STYLE('',(#20839));
#20839 = SURFACE_STYLE_FILL_AREA(#20840);
#20840 = FILL_AREA_STYLE('',(#20841));
#20841 = FILL_AREA_STYLE_COLOUR('',#19297);
#20842 = STYLED_ITEM('color',(#20843),#2044);
#20843 = PRESENTATION_STYLE_ASSIGNMENT((#20844));
#20844 = SURFACE_STYLE_USAGE(.BOTH.,#20845);
#20845 = SURFACE_SIDE_STYLE('',(#20846));
#20846 = SURFACE_STYLE_FILL_AREA(#20847);
#20847 = FILL_AREA_STYLE('',(#20848));
#20848 = FILL_AREA_STYLE_COLOUR('',#19297);
#20849 = STYLED_ITEM('color',(#20850),#2068);
#20850 = PRESENTATION_STYLE_ASSIGNMENT((#20851));
#20851 = SURFACE_STYLE_USAGE(.BOTH.,#20852);
#20852 = SURFACE_SIDE_STYLE('',(#20853));
#20853 = SURFACE_STYLE_FILL_AREA(#20854);
#20854 = FILL_AREA_STYLE('',(#20855));
#20855 = FILL_AREA_STYLE_COLOUR('',#19297);
#20856 = STYLED_ITEM('color',(#20857),#2092);
#20857 = PRESENTATION_STYLE_ASSIGNMENT((#20858));
#20858 = SURFACE_STYLE_USAGE(.BOTH.,#20859);
#20859 = SURFACE_SIDE_STYLE('',(#20860));
#20860 = SURFACE_STYLE_FILL_AREA(#20861);
#20861 = FILL_AREA_STYLE('',(#20862));
#20862 = FILL_AREA_STYLE_COLOUR('',#19297);
#20863 = STYLED_ITEM('color',(#20864),#2109);
#20864 = PRESENTATION_STYLE_ASSIGNMENT((#20865));
#20865 = SURFACE_STYLE_USAGE(.BOTH.,#20866);
#20866 = SURFACE_SIDE_STYLE('',(#20867));
#20867 = SURFACE_STYLE_FILL_AREA(#20868);
#20868 = FILL_AREA_STYLE('',(#20869));
#20869 = FILL_AREA_STYLE_COLOUR('',#19297);
#20870 = STYLED_ITEM('color',(#20871),#2140);
#20871 = PRESENTATION_STYLE_ASSIGNMENT((#20872));
#20872 = SURFACE_STYLE_USAGE(.BOTH.,#20873);
#20873 = SURFACE_SIDE_STYLE('',(#20874));
#20874 = SURFACE_STYLE_FILL_AREA(#20875);
#20875 = FILL_AREA_STYLE('',(#20876));
#20876 = FILL_AREA_STYLE_COLOUR('',#19297);
#20877 = STYLED_ITEM('color',(#20878),#2164);
#20878 = PRESENTATION_STYLE_ASSIGNMENT((#20879));
#20879 = SURFACE_STYLE_USAGE(.BOTH.,#20880);
#20880 = SURFACE_SIDE_STYLE('',(#20881));
#20881 = SURFACE_STYLE_FILL_AREA(#20882);
#20882 = FILL_AREA_STYLE('',(#20883));
#20883 = FILL_AREA_STYLE_COLOUR('',#19297);
#20884 = STYLED_ITEM('color',(#20885),#2188);
#20885 = PRESENTATION_STYLE_ASSIGNMENT((#20886));
#20886 = SURFACE_STYLE_USAGE(.BOTH.,#20887);
#20887 = SURFACE_SIDE_STYLE('',(#20888));
#20888 = SURFACE_STYLE_FILL_AREA(#20889);
#20889 = FILL_AREA_STYLE('',(#20890));
#20890 = FILL_AREA_STYLE_COLOUR('',#19297);
#20891 = STYLED_ITEM('color',(#20892),#2205);
#20892 = PRESENTATION_STYLE_ASSIGNMENT((#20893));
#20893 = SURFACE_STYLE_USAGE(.BOTH.,#20894);
#20894 = SURFACE_SIDE_STYLE('',(#20895));
#20895 = SURFACE_STYLE_FILL_AREA(#20896);
#20896 = FILL_AREA_STYLE('',(#20897));
#20897 = FILL_AREA_STYLE_COLOUR('',#19297);
#20898 = STYLED_ITEM('color',(#20899),#2236);
#20899 = PRESENTATION_STYLE_ASSIGNMENT((#20900));
#20900 = SURFACE_STYLE_USAGE(.BOTH.,#20901);
#20901 = SURFACE_SIDE_STYLE('',(#20902));
#20902 = SURFACE_STYLE_FILL_AREA(#20903);
#20903 = FILL_AREA_STYLE('',(#20904));
#20904 = FILL_AREA_STYLE_COLOUR('',#19297);
#20905 = STYLED_ITEM('color',(#20906),#2260);
#20906 = PRESENTATION_STYLE_ASSIGNMENT((#20907));
#20907 = SURFACE_STYLE_USAGE(.BOTH.,#20908);
#20908 = SURFACE_SIDE_STYLE('',(#20909));
#20909 = SURFACE_STYLE_FILL_AREA(#20910);
#20910 = FILL_AREA_STYLE('',(#20911));
#20911 = FILL_AREA_STYLE_COLOUR('',#19297);
#20912 = STYLED_ITEM('color',(#20913),#2284);
#20913 = PRESENTATION_STYLE_ASSIGNMENT((#20914));
#20914 = SURFACE_STYLE_USAGE(.BOTH.,#20915);
#20915 = SURFACE_SIDE_STYLE('',(#20916));
#20916 = SURFACE_STYLE_FILL_AREA(#20917);
#20917 = FILL_AREA_STYLE('',(#20918));
#20918 = FILL_AREA_STYLE_COLOUR('',#19297);
#20919 = STYLED_ITEM('color',(#20920),#2301);
#20920 = PRESENTATION_STYLE_ASSIGNMENT((#20921));
#20921 = SURFACE_STYLE_USAGE(.BOTH.,#20922);
#20922 = SURFACE_SIDE_STYLE('',(#20923));
#20923 = SURFACE_STYLE_FILL_AREA(#20924);
#20924 = FILL_AREA_STYLE('',(#20925));
#20925 = FILL_AREA_STYLE_COLOUR('',#19297);
#20926 = STYLED_ITEM('color',(#20927),#2313);
#20927 = PRESENTATION_STYLE_ASSIGNMENT((#20928));
#20928 = SURFACE_STYLE_USAGE(.BOTH.,#20929);
#20929 = SURFACE_SIDE_STYLE('',(#20930));
#20930 = SURFACE_STYLE_FILL_AREA(#20931);
#20931 = FILL_AREA_STYLE('',(#20932));
#20932 = FILL_AREA_STYLE_COLOUR('',#19297);
#20933 = STYLED_ITEM('color',(#20934),#2325);
#20934 = PRESENTATION_STYLE_ASSIGNMENT((#20935));
#20935 = SURFACE_STYLE_USAGE(.BOTH.,#20936);
#20936 = SURFACE_SIDE_STYLE('',(#20937));
#20937 = SURFACE_STYLE_FILL_AREA(#20938);
#20938 = FILL_AREA_STYLE('',(#20939));
#20939 = FILL_AREA_STYLE_COLOUR('',#19297);
#20940 = STYLED_ITEM('color',(#20941),#2337);
#20941 = PRESENTATION_STYLE_ASSIGNMENT((#20942));
#20942 = SURFACE_STYLE_USAGE(.BOTH.,#20943);
#20943 = SURFACE_SIDE_STYLE('',(#20944));
#20944 = SURFACE_STYLE_FILL_AREA(#20945);
#20945 = FILL_AREA_STYLE('',(#20946));
#20946 = FILL_AREA_STYLE_COLOUR('',#19297);
#20947 = MECHANICAL_DESIGN_GEOMETRIC_PRESENTATION_REPRESENTATION('',(
    #20948,#20955,#20962,#20969,#20976,#20983,#20990,#20997,#21004,
    #21011,#21018,#21026,#21033,#21040,#21047,#21054,#21061,#21068,
    #21075,#21082,#21089,#21096,#21103,#21110,#21117,#21124,#21131,
    #21138),#3227);
#20948 = STYLED_ITEM('color',(#20949),#2375);
#20949 = PRESENTATION_STYLE_ASSIGNMENT((#20950));
#20950 = SURFACE_STYLE_USAGE(.BOTH.,#20951);
#20951 = SURFACE_SIDE_STYLE('',(#20952));
#20952 = SURFACE_STYLE_FILL_AREA(#20953);
#20953 = FILL_AREA_STYLE('',(#20954));
#20954 = FILL_AREA_STYLE_COLOUR('',#19916);
#20955 = STYLED_ITEM('color',(#20956),#2451);
#20956 = PRESENTATION_STYLE_ASSIGNMENT((#20957));
#20957 = SURFACE_STYLE_USAGE(.BOTH.,#20958);
#20958 = SURFACE_SIDE_STYLE('',(#20959));
#20959 = SURFACE_STYLE_FILL_AREA(#20960);
#20960 = FILL_AREA_STYLE('',(#20961));
#20961 = FILL_AREA_STYLE_COLOUR('',#19916);
#20962 = STYLED_ITEM('color',(#20963),#2482);
#20963 = PRESENTATION_STYLE_ASSIGNMENT((#20964));
#20964 = SURFACE_STYLE_USAGE(.BOTH.,#20965);
#20965 = SURFACE_SIDE_STYLE('',(#20966));
#20966 = SURFACE_STYLE_FILL_AREA(#20967);
#20967 = FILL_AREA_STYLE('',(#20968));
#20968 = FILL_AREA_STYLE_COLOUR('',#19916);
#20969 = STYLED_ITEM('color',(#20970),#2507);
#20970 = PRESENTATION_STYLE_ASSIGNMENT((#20971));
#20971 = SURFACE_STYLE_USAGE(.BOTH.,#20972);
#20972 = SURFACE_SIDE_STYLE('',(#20973));
#20973 = SURFACE_STYLE_FILL_AREA(#20974);
#20974 = FILL_AREA_STYLE('',(#20975));
#20975 = FILL_AREA_STYLE_COLOUR('',#19916);
#20976 = STYLED_ITEM('color',(#20977),#2532);
#20977 = PRESENTATION_STYLE_ASSIGNMENT((#20978));
#20978 = SURFACE_STYLE_USAGE(.BOTH.,#20979);
#20979 = SURFACE_SIDE_STYLE('',(#20980));
#20980 = SURFACE_STYLE_FILL_AREA(#20981);
#20981 = FILL_AREA_STYLE('',(#20982));
#20982 = FILL_AREA_STYLE_COLOUR('',#19916);
#20983 = STYLED_ITEM('color',(#20984),#2556);
#20984 = PRESENTATION_STYLE_ASSIGNMENT((#20985));
#20985 = SURFACE_STYLE_USAGE(.BOTH.,#20986);
#20986 = SURFACE_SIDE_STYLE('',(#20987));
#20987 = SURFACE_STYLE_FILL_AREA(#20988);
#20988 = FILL_AREA_STYLE('',(#20989));
#20989 = FILL_AREA_STYLE_COLOUR('',#19916);
#20990 = STYLED_ITEM('color',(#20991),#2580);
#20991 = PRESENTATION_STYLE_ASSIGNMENT((#20992));
#20992 = SURFACE_STYLE_USAGE(.BOTH.,#20993);
#20993 = SURFACE_SIDE_STYLE('',(#20994));
#20994 = SURFACE_STYLE_FILL_AREA(#20995);
#20995 = FILL_AREA_STYLE('',(#20996));
#20996 = FILL_AREA_STYLE_COLOUR('',#19916);
#20997 = STYLED_ITEM('color',(#20998),#2605);
#20998 = PRESENTATION_STYLE_ASSIGNMENT((#20999));
#20999 = SURFACE_STYLE_USAGE(.BOTH.,#21000);
#21000 = SURFACE_SIDE_STYLE('',(#21001));
#21001 = SURFACE_STYLE_FILL_AREA(#21002);
#21002 = FILL_AREA_STYLE('',(#21003));
#21003 = FILL_AREA_STYLE_COLOUR('',#19916);
#21004 = STYLED_ITEM('color',(#21005),#2630);
#21005 = PRESENTATION_STYLE_ASSIGNMENT((#21006));
#21006 = SURFACE_STYLE_USAGE(.BOTH.,#21007);
#21007 = SURFACE_SIDE_STYLE('',(#21008));
#21008 = SURFACE_STYLE_FILL_AREA(#21009);
#21009 = FILL_AREA_STYLE('',(#21010));
#21010 = FILL_AREA_STYLE_COLOUR('',#19916);
#21011 = STYLED_ITEM('color',(#21012),#2647);
#21012 = PRESENTATION_STYLE_ASSIGNMENT((#21013));
#21013 = SURFACE_STYLE_USAGE(.BOTH.,#21014);
#21014 = SURFACE_SIDE_STYLE('',(#21015));
#21015 = SURFACE_STYLE_FILL_AREA(#21016);
#21016 = FILL_AREA_STYLE('',(#21017));
#21017 = FILL_AREA_STYLE_COLOUR('',#19916);
#21018 = STYLED_ITEM('color',(#21019),#2733);
#21019 = PRESENTATION_STYLE_ASSIGNMENT((#21020));
#21020 = SURFACE_STYLE_USAGE(.BOTH.,#21021);
#21021 = SURFACE_SIDE_STYLE('',(#21022));
#21022 = SURFACE_STYLE_FILL_AREA(#21023);
#21023 = FILL_AREA_STYLE('',(#21024));
#21024 = FILL_AREA_STYLE_COLOUR('',#21025);
#21025 = COLOUR_RGB('',0.379000005575,0.270000008848,0.214999999939);
#21026 = STYLED_ITEM('color',(#21027),#2765);
#21027 = PRESENTATION_STYLE_ASSIGNMENT((#21028));
#21028 = SURFACE_STYLE_USAGE(.BOTH.,#21029);
#21029 = SURFACE_SIDE_STYLE('',(#21030));
#21030 = SURFACE_STYLE_FILL_AREA(#21031);
#21031 = FILL_AREA_STYLE('',(#21032));
#21032 = FILL_AREA_STYLE_COLOUR('',#21025);
#21033 = STYLED_ITEM('color',(#21034),#2789);
#21034 = PRESENTATION_STYLE_ASSIGNMENT((#21035));
#21035 = SURFACE_STYLE_USAGE(.BOTH.,#21036);
#21036 = SURFACE_SIDE_STYLE('',(#21037));
#21037 = SURFACE_STYLE_FILL_AREA(#21038);
#21038 = FILL_AREA_STYLE('',(#21039));
#21039 = FILL_AREA_STYLE_COLOUR('',#21025);
#21040 = STYLED_ITEM('color',(#21041),#2814);
#21041 = PRESENTATION_STYLE_ASSIGNMENT((#21042));
#21042 = SURFACE_STYLE_USAGE(.BOTH.,#21043);
#21043 = SURFACE_SIDE_STYLE('',(#21044));
#21044 = SURFACE_STYLE_FILL_AREA(#21045);
#21045 = FILL_AREA_STYLE('',(#21046));
#21046 = FILL_AREA_STYLE_COLOUR('',#21025);
#21047 = STYLED_ITEM('color',(#21048),#2838);
#21048 = PRESENTATION_STYLE_ASSIGNMENT((#21049));
#21049 = SURFACE_STYLE_USAGE(.BOTH.,#21050);
#21050 = SURFACE_SIDE_STYLE('',(#21051));
#21051 = SURFACE_STYLE_FILL_AREA(#21052);
#21052 = FILL_AREA_STYLE('',(#21053));
#21053 = FILL_AREA_STYLE_COLOUR('',#21025);
#21054 = STYLED_ITEM('color',(#21055),#2863);
#21055 = PRESENTATION_STYLE_ASSIGNMENT((#21056));
#21056 = SURFACE_STYLE_USAGE(.BOTH.,#21057);
#21057 = SURFACE_SIDE_STYLE('',(#21058));
#21058 = SURFACE_STYLE_FILL_AREA(#21059);
#21059 = FILL_AREA_STYLE('',(#21060));
#21060 = FILL_AREA_STYLE_COLOUR('',#21025);
#21061 = STYLED_ITEM('color',(#21062),#2887);
#21062 = PRESENTATION_STYLE_ASSIGNMENT((#21063));
#21063 = SURFACE_STYLE_USAGE(.BOTH.,#21064);
#21064 = SURFACE_SIDE_STYLE('',(#21065));
#21065 = SURFACE_STYLE_FILL_AREA(#21066);
#21066 = FILL_AREA_STYLE('',(#21067));
#21067 = FILL_AREA_STYLE_COLOUR('',#21025);
#21068 = STYLED_ITEM('color',(#21069),#2912);
#21069 = PRESENTATION_STYLE_ASSIGNMENT((#21070));
#21070 = SURFACE_STYLE_USAGE(.BOTH.,#21071);
#21071 = SURFACE_SIDE_STYLE('',(#21072));
#21072 = SURFACE_STYLE_FILL_AREA(#21073);
#21073 = FILL_AREA_STYLE('',(#21074));
#21074 = FILL_AREA_STYLE_COLOUR('',#21025);
#21075 = STYLED_ITEM('color',(#21076),#2929);
#21076 = PRESENTATION_STYLE_ASSIGNMENT((#21077));
#21077 = SURFACE_STYLE_USAGE(.BOTH.,#21078);
#21078 = SURFACE_SIDE_STYLE('',(#21079));
#21079 = SURFACE_STYLE_FILL_AREA(#21080);
#21080 = FILL_AREA_STYLE('',(#21081));
#21081 = FILL_AREA_STYLE_COLOUR('',#19916);
#21082 = STYLED_ITEM('color',(#21083),#3015);
#21083 = PRESENTATION_STYLE_ASSIGNMENT((#21084));
#21084 = SURFACE_STYLE_USAGE(.BOTH.,#21085);
#21085 = SURFACE_SIDE_STYLE('',(#21086));
#21086 = SURFACE_STYLE_FILL_AREA(#21087);
#21087 = FILL_AREA_STYLE('',(#21088));
#21088 = FILL_AREA_STYLE_COLOUR('',#19916);
#21089 = STYLED_ITEM('color',(#21090),#3046);
#21090 = PRESENTATION_STYLE_ASSIGNMENT((#21091));
#21091 = SURFACE_STYLE_USAGE(.BOTH.,#21092);
#21092 = SURFACE_SIDE_STYLE('',(#21093));
#21093 = SURFACE_STYLE_FILL_AREA(#21094);
#21094 = FILL_AREA_STYLE('',(#21095));
#21095 = FILL_AREA_STYLE_COLOUR('',#19916);
#21096 = STYLED_ITEM('color',(#21097),#3071);
#21097 = PRESENTATION_STYLE_ASSIGNMENT((#21098));
#21098 = SURFACE_STYLE_USAGE(.BOTH.,#21099);
#21099 = SURFACE_SIDE_STYLE('',(#21100));
#21100 = SURFACE_STYLE_FILL_AREA(#21101);
#21101 = FILL_AREA_STYLE('',(#21102));
#21102 = FILL_AREA_STYLE_COLOUR('',#19916);
#21103 = STYLED_ITEM('color',(#21104),#3096);
#21104 = PRESENTATION_STYLE_ASSIGNMENT((#21105));
#21105 = SURFACE_STYLE_USAGE(.BOTH.,#21106);
#21106 = SURFACE_SIDE_STYLE('',(#21107));
#21107 = SURFACE_STYLE_FILL_AREA(#21108);
#21108 = FILL_AREA_STYLE('',(#21109));
#21109 = FILL_AREA_STYLE_COLOUR('',#19916);
#21110 = STYLED_ITEM('color',(#21111),#3120);
#21111 = PRESENTATION_STYLE_ASSIGNMENT((#21112));
#21112 = SURFACE_STYLE_USAGE(.BOTH.,#21113);
#21113 = SURFACE_SIDE_STYLE('',(#21114));
#21114 = SURFACE_STYLE_FILL_AREA(#21115);
#21115 = FILL_AREA_STYLE('',(#21116));
#21116 = FILL_AREA_STYLE_COLOUR('',#19916);
#21117 = STYLED_ITEM('color',(#21118),#3144);
#21118 = PRESENTATION_STYLE_ASSIGNMENT((#21119));
#21119 = SURFACE_STYLE_USAGE(.BOTH.,#21120);
#21120 = SURFACE_SIDE_STYLE('',(#21121));
#21121 = SURFACE_STYLE_FILL_AREA(#21122);
#21122 = FILL_AREA_STYLE('',(#21123));
#21123 = FILL_AREA_STYLE_COLOUR('',#19916);
#21124 = STYLED_ITEM('color',(#21125),#3169);
#21125 = PRESENTATION_STYLE_ASSIGNMENT((#21126));
#21126 = SURFACE_STYLE_USAGE(.BOTH.,#21127);
#21127 = SURFACE_SIDE_STYLE('',(#21128));
#21128 = SURFACE_STYLE_FILL_AREA(#21129);
#21129 = FILL_AREA_STYLE('',(#21130));
#21130 = FILL_AREA_STYLE_COLOUR('',#19916);
#21131 = STYLED_ITEM('color',(#21132),#3194);
#21132 = PRESENTATION_STYLE_ASSIGNMENT((#21133));
#21133 = SURFACE_STYLE_USAGE(.BOTH.,#21134);
#21134 = SURFACE_SIDE_STYLE('',(#21135));
#21135 = SURFACE_STYLE_FILL_AREA(#21136);
#21136 = FILL_AREA_STYLE('',(#21137));
#21137 = FILL_AREA_STYLE_COLOUR('',#19916);
#21138 = STYLED_ITEM('color',(#21139),#3211);
#21139 = PRESENTATION_STYLE_ASSIGNMENT((#21140));
#21140 = SURFACE_STYLE_USAGE(.BOTH.,#21141);
#21141 = SURFACE_SIDE_STYLE('',(#21142));
#21142 = SURFACE_STYLE_FILL_AREA(#21143);
#21143 = FILL_AREA_STYLE('',(#21144));
#21144 = FILL_AREA_STYLE_COLOUR('',#19916);
#21145 = MECHANICAL_DESIGN_GEOMETRIC_PRESENTATION_REPRESENTATION('',(
    #21146,#21154,#21162,#21169,#21177,#21184,#21191),#17252);
#21146 = STYLED_ITEM('color',(#21147),#12698);
#21147 = PRESENTATION_STYLE_ASSIGNMENT((#21148));
#21148 = SURFACE_STYLE_USAGE(.BOTH.,#21149);
#21149 = SURFACE_SIDE_STYLE('',(#21150));
#21150 = SURFACE_STYLE_FILL_AREA(#21151);
#21151 = FILL_AREA_STYLE('',(#21152));
#21152 = FILL_AREA_STYLE_COLOUR('',#21153);
#21153 = COLOUR_RGB('',0.792156867455,0.819607826924,0.933333342953);
#21154 = STYLED_ITEM('color',(#21155),#14706);
#21155 = PRESENTATION_STYLE_ASSIGNMENT((#21156));
#21156 = SURFACE_STYLE_USAGE(.BOTH.,#21157);
#21157 = SURFACE_SIDE_STYLE('',(#21158));
#21158 = SURFACE_STYLE_FILL_AREA(#21159);
#21159 = FILL_AREA_STYLE('',(#21160));
#21160 = FILL_AREA_STYLE_COLOUR('',#21161);
#21161 = COLOUR_RGB('',0.901960770338,0.509803927404,3.137254979461E-02
  );
#21162 = STYLED_ITEM('color',(#21163),#14846);
#21163 = PRESENTATION_STYLE_ASSIGNMENT((#21164));
#21164 = SURFACE_STYLE_USAGE(.BOTH.,#21165);
#21165 = SURFACE_SIDE_STYLE('',(#21166));
#21166 = SURFACE_STYLE_FILL_AREA(#21167);
#21167 = FILL_AREA_STYLE('',(#21168));
#21168 = FILL_AREA_STYLE_COLOUR('',#21153);
#21169 = STYLED_ITEM('color',(#21170),#15268);
#21170 = PRESENTATION_STYLE_ASSIGNMENT((#21171));
#21171 = SURFACE_STYLE_USAGE(.BOTH.,#21172);
#21172 = SURFACE_SIDE_STYLE('',(#21173));
#21173 = SURFACE_STYLE_FILL_AREA(#21174);
#21174 = FILL_AREA_STYLE('',(#21175));
#21175 = FILL_AREA_STYLE_COLOUR('',#21176);
#21176 = COLOUR_RGB('',0.250980388104,0.250980388104,0.250980388104);
#21177 = STYLED_ITEM('color',(#21178),#15986);
#21178 = PRESENTATION_STYLE_ASSIGNMENT((#21179));
#21179 = SURFACE_STYLE_USAGE(.BOTH.,#21180);
#21180 = SURFACE_SIDE_STYLE('',(#21181));
#21181 = SURFACE_STYLE_FILL_AREA(#21182);
#21182 = FILL_AREA_STYLE('',(#21183));
#21183 = FILL_AREA_STYLE_COLOUR('',#21153);
#21184 = STYLED_ITEM('color',(#21185),#16408);
#21185 = PRESENTATION_STYLE_ASSIGNMENT((#21186));
#21186 = SURFACE_STYLE_USAGE(.BOTH.,#21187);
#21187 = SURFACE_SIDE_STYLE('',(#21188));
#21188 = SURFACE_STYLE_FILL_AREA(#21189);
#21189 = FILL_AREA_STYLE('',(#21190));
#21190 = FILL_AREA_STYLE_COLOUR('',#21153);
#21191 = STYLED_ITEM('color',(#21192),#16830);
#21192 = PRESENTATION_STYLE_ASSIGNMENT((#21193));
#21193 = SURFACE_STYLE_USAGE(.BOTH.,#21194);
#21194 = SURFACE_SIDE_STYLE('',(#21195));
#21195 = SURFACE_STYLE_FILL_AREA(#21196);
#21196 = FILL_AREA_STYLE('',(#21197));
#21197 = FILL_AREA_STYLE_COLOUR('',#21153);
#21198 = MECHANICAL_DESIGN_GEOMETRIC_PRESENTATION_REPRESENTATION('',(
    #21199,#21207,#21214,#21221,#21228,#21235,#21242,#21249,#21256,
    #21263,#21270,#21277,#21284,#21291,#21298,#21305,#21312,#21319,
    #21326,#21333,#21340,#21347,#21354,#21361,#21368,#21375,#21382,
    #21389,#21396,#21403,#21410,#21417,#21424,#21431,#21438,#21445,
    #21452,#21459,#21466,#21473,#21480,#21487,#21494,#21501,#21508,
    #21515,#21522,#21529,#21536,#21543,#21550,#21557,#21564,#21571,
    #21578,#21586,#21593,#21600,#21607,#21614,#21621,#21628,#21635,
    #21642,#21649,#21656,#21663,#21670,#21677,#21684,#21691,#21698,
    #21705,#21712,#21719,#21726,#21733,#21740,#21747,#21754,#21761,
    #21768,#21775,#21782,#21789,#21796,#21803,#21810,#21817,#21824,
    #21831,#21838,#21845,#21852,#21859,#21866,#21873,#21880,#21887,
    #21894,#21901,#21908,#21915,#21922,#21929,#21936,#21943,#21950,
    #21957,#21964),#12674);
#21199 = STYLED_ITEM('color',(#21200),#9182);
#21200 = PRESENTATION_STYLE_ASSIGNMENT((#21201));
#21201 = SURFACE_STYLE_USAGE(.BOTH.,#21202);
#21202 = SURFACE_SIDE_STYLE('',(#21203));
#21203 = SURFACE_STYLE_FILL_AREA(#21204);
#21204 = FILL_AREA_STYLE('',(#21205));
#21205 = FILL_AREA_STYLE_COLOUR('',#21206);
#21206 = COLOUR_RGB('',0.894117649055,0.890196087049,0.811764731185);
#21207 = STYLED_ITEM('color',(#21208),#9222);
#21208 = PRESENTATION_STYLE_ASSIGNMENT((#21209));
#21209 = SURFACE_STYLE_USAGE(.BOTH.,#21210);
#21210 = SURFACE_SIDE_STYLE('',(#21211));
#21211 = SURFACE_STYLE_FILL_AREA(#21212);
#21212 = FILL_AREA_STYLE('',(#21213));
#21213 = FILL_AREA_STYLE_COLOUR('',#21206);
#21214 = STYLED_ITEM('color',(#21215),#9302);
#21215 = PRESENTATION_STYLE_ASSIGNMENT((#21216));
#21216 = SURFACE_STYLE_USAGE(.BOTH.,#21217);
#21217 = SURFACE_SIDE_STYLE('',(#21218));
#21218 = SURFACE_STYLE_FILL_AREA(#21219);
#21219 = FILL_AREA_STYLE('',(#21220));
#21220 = FILL_AREA_STYLE_COLOUR('',#21206);
#21221 = STYLED_ITEM('color',(#21222),#9390);
#21222 = PRESENTATION_STYLE_ASSIGNMENT((#21223));
#21223 = SURFACE_STYLE_USAGE(.BOTH.,#21224);
#21224 = SURFACE_SIDE_STYLE('',(#21225));
#21225 = SURFACE_STYLE_FILL_AREA(#21226);
#21226 = FILL_AREA_STYLE('',(#21227));
#21227 = FILL_AREA_STYLE_COLOUR('',#21206);
#21228 = STYLED_ITEM('color',(#21229),#9447);
#21229 = PRESENTATION_STYLE_ASSIGNMENT((#21230));
#21230 = SURFACE_STYLE_USAGE(.BOTH.,#21231);
#21231 = SURFACE_SIDE_STYLE('',(#21232));
#21232 = SURFACE_STYLE_FILL_AREA(#21233);
#21233 = FILL_AREA_STYLE('',(#21234));
#21234 = FILL_AREA_STYLE_COLOUR('',#21206);
#21235 = STYLED_ITEM('color',(#21236),#9464);
#21236 = PRESENTATION_STYLE_ASSIGNMENT((#21237));
#21237 = SURFACE_STYLE_USAGE(.BOTH.,#21238);
#21238 = SURFACE_SIDE_STYLE('',(#21239));
#21239 = SURFACE_STYLE_FILL_AREA(#21240);
#21240 = FILL_AREA_STYLE('',(#21241));
#21241 = FILL_AREA_STYLE_COLOUR('',#21206);
#21242 = STYLED_ITEM('color',(#21243),#9488);
#21243 = PRESENTATION_STYLE_ASSIGNMENT((#21244));
#21244 = SURFACE_STYLE_USAGE(.BOTH.,#21245);
#21245 = SURFACE_SIDE_STYLE('',(#21246));
#21246 = SURFACE_STYLE_FILL_AREA(#21247);
#21247 = FILL_AREA_STYLE('',(#21248));
#21248 = FILL_AREA_STYLE_COLOUR('',#21206);
#21249 = STYLED_ITEM('color',(#21250),#9512);
#21250 = PRESENTATION_STYLE_ASSIGNMENT((#21251));
#21251 = SURFACE_STYLE_USAGE(.BOTH.,#21252);
#21252 = SURFACE_SIDE_STYLE('',(#21253));
#21253 = SURFACE_STYLE_FILL_AREA(#21254);
#21254 = FILL_AREA_STYLE('',(#21255));
#21255 = FILL_AREA_STYLE_COLOUR('',#21206);
#21256 = STYLED_ITEM('color',(#21257),#9536);
#21257 = PRESENTATION_STYLE_ASSIGNMENT((#21258));
#21258 = SURFACE_STYLE_USAGE(.BOTH.,#21259);
#21259 = SURFACE_SIDE_STYLE('',(#21260));
#21260 = SURFACE_STYLE_FILL_AREA(#21261);
#21261 = FILL_AREA_STYLE('',(#21262));
#21262 = FILL_AREA_STYLE_COLOUR('',#21206);
#21263 = STYLED_ITEM('color',(#21264),#9592);
#21264 = PRESENTATION_STYLE_ASSIGNMENT((#21265));
#21265 = SURFACE_STYLE_USAGE(.BOTH.,#21266);
#21266 = SURFACE_SIDE_STYLE('',(#21267));
#21267 = SURFACE_STYLE_FILL_AREA(#21268);
#21268 = FILL_AREA_STYLE('',(#21269));
#21269 = FILL_AREA_STYLE_COLOUR('',#21206);
#21270 = STYLED_ITEM('color',(#21271),#9728);
#21271 = PRESENTATION_STYLE_ASSIGNMENT((#21272));
#21272 = SURFACE_STYLE_USAGE(.BOTH.,#21273);
#21273 = SURFACE_SIDE_STYLE('',(#21274));
#21274 = SURFACE_STYLE_FILL_AREA(#21275);
#21275 = FILL_AREA_STYLE('',(#21276));
#21276 = FILL_AREA_STYLE_COLOUR('',#21206);
#21277 = STYLED_ITEM('color',(#21278),#9759);
#21278 = PRESENTATION_STYLE_ASSIGNMENT((#21279));
#21279 = SURFACE_STYLE_USAGE(.BOTH.,#21280);
#21280 = SURFACE_SIDE_STYLE('',(#21281));
#21281 = SURFACE_STYLE_FILL_AREA(#21282);
#21282 = FILL_AREA_STYLE('',(#21283));
#21283 = FILL_AREA_STYLE_COLOUR('',#21206);
#21284 = STYLED_ITEM('color',(#21285),#9771);
#21285 = PRESENTATION_STYLE_ASSIGNMENT((#21286));
#21286 = SURFACE_STYLE_USAGE(.BOTH.,#21287);
#21287 = SURFACE_SIDE_STYLE('',(#21288));
#21288 = SURFACE_STYLE_FILL_AREA(#21289);
#21289 = FILL_AREA_STYLE('',(#21290));
#21290 = FILL_AREA_STYLE_COLOUR('',#21206);
#21291 = STYLED_ITEM('color',(#21292),#9857);
#21292 = PRESENTATION_STYLE_ASSIGNMENT((#21293));
#21293 = SURFACE_STYLE_USAGE(.BOTH.,#21294);
#21294 = SURFACE_SIDE_STYLE('',(#21295));
#21295 = SURFACE_STYLE_FILL_AREA(#21296);
#21296 = FILL_AREA_STYLE('',(#21297));
#21297 = FILL_AREA_STYLE_COLOUR('',#21206);
#21298 = STYLED_ITEM('color',(#21299),#9871);
#21299 = PRESENTATION_STYLE_ASSIGNMENT((#21300));
#21300 = SURFACE_STYLE_USAGE(.BOTH.,#21301);
#21301 = SURFACE_SIDE_STYLE('',(#21302));
#21302 = SURFACE_STYLE_FILL_AREA(#21303);
#21303 = FILL_AREA_STYLE('',(#21304));
#21304 = FILL_AREA_STYLE_COLOUR('',#21206);
#21305 = STYLED_ITEM('color',(#21306),#9927);
#21306 = PRESENTATION_STYLE_ASSIGNMENT((#21307));
#21307 = SURFACE_STYLE_USAGE(.BOTH.,#21308);
#21308 = SURFACE_SIDE_STYLE('',(#21309));
#21309 = SURFACE_STYLE_FILL_AREA(#21310);
#21310 = FILL_AREA_STYLE('',(#21311));
#21311 = FILL_AREA_STYLE_COLOUR('',#21206);
#21312 = STYLED_ITEM('color',(#21313),#9984);
#21313 = PRESENTATION_STYLE_ASSIGNMENT((#21314));
#21314 = SURFACE_STYLE_USAGE(.BOTH.,#21315);
#21315 = SURFACE_SIDE_STYLE('',(#21316));
#21316 = SURFACE_STYLE_FILL_AREA(#21317);
#21317 = FILL_AREA_STYLE('',(#21318));
#21318 = FILL_AREA_STYLE_COLOUR('',#21206);
#21319 = STYLED_ITEM('color',(#21320),#10008);
#21320 = PRESENTATION_STYLE_ASSIGNMENT((#21321));
#21321 = SURFACE_STYLE_USAGE(.BOTH.,#21322);
#21322 = SURFACE_SIDE_STYLE('',(#21323));
#21323 = SURFACE_STYLE_FILL_AREA(#21324);
#21324 = FILL_AREA_STYLE('',(#21325));
#21325 = FILL_AREA_STYLE_COLOUR('',#21206);
#21326 = STYLED_ITEM('color',(#21327),#10081);
#21327 = PRESENTATION_STYLE_ASSIGNMENT((#21328));
#21328 = SURFACE_STYLE_USAGE(.BOTH.,#21329);
#21329 = SURFACE_SIDE_STYLE('',(#21330));
#21330 = SURFACE_STYLE_FILL_AREA(#21331);
#21331 = FILL_AREA_STYLE('',(#21332));
#21332 = FILL_AREA_STYLE_COLOUR('',#21206);
#21333 = STYLED_ITEM('color',(#21334),#10105);
#21334 = PRESENTATION_STYLE_ASSIGNMENT((#21335));
#21335 = SURFACE_STYLE_USAGE(.BOTH.,#21336);
#21336 = SURFACE_SIDE_STYLE('',(#21337));
#21337 = SURFACE_STYLE_FILL_AREA(#21338);
#21338 = FILL_AREA_STYLE('',(#21339));
#21339 = FILL_AREA_STYLE_COLOUR('',#21206);
#21340 = STYLED_ITEM('color',(#21341),#10138);
#21341 = PRESENTATION_STYLE_ASSIGNMENT((#21342));
#21342 = SURFACE_STYLE_USAGE(.BOTH.,#21343);
#21343 = SURFACE_SIDE_STYLE('',(#21344));
#21344 = SURFACE_STYLE_FILL_AREA(#21345);
#21345 = FILL_AREA_STYLE('',(#21346));
#21346 = FILL_AREA_STYLE_COLOUR('',#21206);
#21347 = STYLED_ITEM('color',(#21348),#10249);
#21348 = PRESENTATION_STYLE_ASSIGNMENT((#21349));
#21349 = SURFACE_STYLE_USAGE(.BOTH.,#21350);
#21350 = SURFACE_SIDE_STYLE('',(#21351));
#21351 = SURFACE_STYLE_FILL_AREA(#21352);
#21352 = FILL_AREA_STYLE('',(#21353));
#21353 = FILL_AREA_STYLE_COLOUR('',#21206);
#21354 = STYLED_ITEM('color',(#21355),#10366);
#21355 = PRESENTATION_STYLE_ASSIGNMENT((#21356));
#21356 = SURFACE_STYLE_USAGE(.BOTH.,#21357);
#21357 = SURFACE_SIDE_STYLE('',(#21358));
#21358 = SURFACE_STYLE_FILL_AREA(#21359);
#21359 = FILL_AREA_STYLE('',(#21360));
#21360 = FILL_AREA_STYLE_COLOUR('',#21206);
#21361 = STYLED_ITEM('color',(#21362),#10406);
#21362 = PRESENTATION_STYLE_ASSIGNMENT((#21363));
#21363 = SURFACE_STYLE_USAGE(.BOTH.,#21364);
#21364 = SURFACE_SIDE_STYLE('',(#21365));
#21365 = SURFACE_STYLE_FILL_AREA(#21366);
#21366 = FILL_AREA_STYLE('',(#21367));
#21367 = FILL_AREA_STYLE_COLOUR('',#21206);
#21368 = STYLED_ITEM('color',(#21369),#10437);
#21369 = PRESENTATION_STYLE_ASSIGNMENT((#21370));
#21370 = SURFACE_STYLE_USAGE(.BOTH.,#21371);
#21371 = SURFACE_SIDE_STYLE('',(#21372));
#21372 = SURFACE_STYLE_FILL_AREA(#21373);
#21373 = FILL_AREA_STYLE('',(#21374));
#21374 = FILL_AREA_STYLE_COLOUR('',#21206);
#21375 = STYLED_ITEM('color',(#21376),#10455);
#21376 = PRESENTATION_STYLE_ASSIGNMENT((#21377));
#21377 = SURFACE_STYLE_USAGE(.BOTH.,#21378);
#21378 = SURFACE_SIDE_STYLE('',(#21379));
#21379 = SURFACE_STYLE_FILL_AREA(#21380);
#21380 = FILL_AREA_STYLE('',(#21381));
#21381 = FILL_AREA_STYLE_COLOUR('',#21206);
#21382 = STYLED_ITEM('color',(#21383),#10472);
#21383 = PRESENTATION_STYLE_ASSIGNMENT((#21384));
#21384 = SURFACE_STYLE_USAGE(.BOTH.,#21385);
#21385 = SURFACE_SIDE_STYLE('',(#21386));
#21386 = SURFACE_STYLE_FILL_AREA(#21387);
#21387 = FILL_AREA_STYLE('',(#21388));
#21388 = FILL_AREA_STYLE_COLOUR('',#21206);
#21389 = STYLED_ITEM('color',(#21390),#10490);
#21390 = PRESENTATION_STYLE_ASSIGNMENT((#21391));
#21391 = SURFACE_STYLE_USAGE(.BOTH.,#21392);
#21392 = SURFACE_SIDE_STYLE('',(#21393));
#21393 = SURFACE_STYLE_FILL_AREA(#21394);
#21394 = FILL_AREA_STYLE('',(#21395));
#21395 = FILL_AREA_STYLE_COLOUR('',#21206);
#21396 = STYLED_ITEM('color',(#21397),#10516);
#21397 = PRESENTATION_STYLE_ASSIGNMENT((#21398));
#21398 = SURFACE_STYLE_USAGE(.BOTH.,#21399);
#21399 = SURFACE_SIDE_STYLE('',(#21400));
#21400 = SURFACE_STYLE_FILL_AREA(#21401);
#21401 = FILL_AREA_STYLE('',(#21402));
#21402 = FILL_AREA_STYLE_COLOUR('',#21206);
#21403 = STYLED_ITEM('color',(#21404),#10547);
#21404 = PRESENTATION_STYLE_ASSIGNMENT((#21405));
#21405 = SURFACE_STYLE_USAGE(.BOTH.,#21406);
#21406 = SURFACE_SIDE_STYLE('',(#21407));
#21407 = SURFACE_STYLE_FILL_AREA(#21408);
#21408 = FILL_AREA_STYLE('',(#21409));
#21409 = FILL_AREA_STYLE_COLOUR('',#21206);
#21410 = STYLED_ITEM('color',(#21411),#10564);
#21411 = PRESENTATION_STYLE_ASSIGNMENT((#21412));
#21412 = SURFACE_STYLE_USAGE(.BOTH.,#21413);
#21413 = SURFACE_SIDE_STYLE('',(#21414));
#21414 = SURFACE_STYLE_FILL_AREA(#21415);
#21415 = FILL_AREA_STYLE('',(#21416));
#21416 = FILL_AREA_STYLE_COLOUR('',#21206);
#21417 = STYLED_ITEM('color',(#21418),#10597);
#21418 = PRESENTATION_STYLE_ASSIGNMENT((#21419));
#21419 = SURFACE_STYLE_USAGE(.BOTH.,#21420);
#21420 = SURFACE_SIDE_STYLE('',(#21421));
#21421 = SURFACE_STYLE_FILL_AREA(#21422);
#21422 = FILL_AREA_STYLE('',(#21423));
#21423 = FILL_AREA_STYLE_COLOUR('',#21206);
#21424 = STYLED_ITEM('color',(#21425),#10637);
#21425 = PRESENTATION_STYLE_ASSIGNMENT((#21426));
#21426 = SURFACE_STYLE_USAGE(.BOTH.,#21427);
#21427 = SURFACE_SIDE_STYLE('',(#21428));
#21428 = SURFACE_STYLE_FILL_AREA(#21429);
#21429 = FILL_AREA_STYLE('',(#21430));
#21430 = FILL_AREA_STYLE_COLOUR('',#21206);
#21431 = STYLED_ITEM('color',(#21432),#10660);
#21432 = PRESENTATION_STYLE_ASSIGNMENT((#21433));
#21433 = SURFACE_STYLE_USAGE(.BOTH.,#21434);
#21434 = SURFACE_SIDE_STYLE('',(#21435));
#21435 = SURFACE_STYLE_FILL_AREA(#21436);
#21436 = FILL_AREA_STYLE('',(#21437));
#21437 = FILL_AREA_STYLE_COLOUR('',#21206);
#21438 = STYLED_ITEM('color',(#21439),#10709);
#21439 = PRESENTATION_STYLE_ASSIGNMENT((#21440));
#21440 = SURFACE_STYLE_USAGE(.BOTH.,#21441);
#21441 = SURFACE_SIDE_STYLE('',(#21442));
#21442 = SURFACE_STYLE_FILL_AREA(#21443);
#21443 = FILL_AREA_STYLE('',(#21444));
#21444 = FILL_AREA_STYLE_COLOUR('',#21206);
#21445 = STYLED_ITEM('color',(#21446),#10733);
#21446 = PRESENTATION_STYLE_ASSIGNMENT((#21447));
#21447 = SURFACE_STYLE_USAGE(.BOTH.,#21448);
#21448 = SURFACE_SIDE_STYLE('',(#21449));
#21449 = SURFACE_STYLE_FILL_AREA(#21450);
#21450 = FILL_AREA_STYLE('',(#21451));
#21451 = FILL_AREA_STYLE_COLOUR('',#21206);
#21452 = STYLED_ITEM('color',(#21453),#10780);
#21453 = PRESENTATION_STYLE_ASSIGNMENT((#21454));
#21454 = SURFACE_STYLE_USAGE(.BOTH.,#21455);
#21455 = SURFACE_SIDE_STYLE('',(#21456));
#21456 = SURFACE_STYLE_FILL_AREA(#21457);
#21457 = FILL_AREA_STYLE('',(#21458));
#21458 = FILL_AREA_STYLE_COLOUR('',#21206);
#21459 = STYLED_ITEM('color',(#21460),#10797);
#21460 = PRESENTATION_STYLE_ASSIGNMENT((#21461));
#21461 = SURFACE_STYLE_USAGE(.BOTH.,#21462);
#21462 = SURFACE_SIDE_STYLE('',(#21463));
#21463 = SURFACE_STYLE_FILL_AREA(#21464);
#21464 = FILL_AREA_STYLE('',(#21465));
#21465 = FILL_AREA_STYLE_COLOUR('',#21206);
#21466 = STYLED_ITEM('color',(#21467),#10814);
#21467 = PRESENTATION_STYLE_ASSIGNMENT((#21468));
#21468 = SURFACE_STYLE_USAGE(.BOTH.,#21469);
#21469 = SURFACE_SIDE_STYLE('',(#21470));
#21470 = SURFACE_STYLE_FILL_AREA(#21471);
#21471 = FILL_AREA_STYLE('',(#21472));
#21472 = FILL_AREA_STYLE_COLOUR('',#21206);
#21473 = STYLED_ITEM('color',(#21474),#10826);
#21474 = PRESENTATION_STYLE_ASSIGNMENT((#21475));
#21475 = SURFACE_STYLE_USAGE(.BOTH.,#21476);
#21476 = SURFACE_SIDE_STYLE('',(#21477));
#21477 = SURFACE_STYLE_FILL_AREA(#21478);
#21478 = FILL_AREA_STYLE('',(#21479));
#21479 = FILL_AREA_STYLE_COLOUR('',#21206);
#21480 = STYLED_ITEM('color',(#21481),#10873);
#21481 = PRESENTATION_STYLE_ASSIGNMENT((#21482));
#21482 = SURFACE_STYLE_USAGE(.BOTH.,#21483);
#21483 = SURFACE_SIDE_STYLE('',(#21484));
#21484 = SURFACE_STYLE_FILL_AREA(#21485);
#21485 = FILL_AREA_STYLE('',(#21486));
#21486 = FILL_AREA_STYLE_COLOUR('',#21206);
#21487 = STYLED_ITEM('color',(#21488),#10904);
#21488 = PRESENTATION_STYLE_ASSIGNMENT((#21489));
#21489 = SURFACE_STYLE_USAGE(.BOTH.,#21490);
#21490 = SURFACE_SIDE_STYLE('',(#21491));
#21491 = SURFACE_STYLE_FILL_AREA(#21492);
#21492 = FILL_AREA_STYLE('',(#21493));
#21493 = FILL_AREA_STYLE_COLOUR('',#21206);
#21494 = STYLED_ITEM('color',(#21495),#10921);
#21495 = PRESENTATION_STYLE_ASSIGNMENT((#21496));
#21496 = SURFACE_STYLE_USAGE(.BOTH.,#21497);
#21497 = SURFACE_SIDE_STYLE('',(#21498));
#21498 = SURFACE_STYLE_FILL_AREA(#21499);
#21499 = FILL_AREA_STYLE('',(#21500));
#21500 = FILL_AREA_STYLE_COLOUR('',#21206);
#21501 = STYLED_ITEM('color',(#21502),#10938);
#21502 = PRESENTATION_STYLE_ASSIGNMENT((#21503));
#21503 = SURFACE_STYLE_USAGE(.BOTH.,#21504);
#21504 = SURFACE_SIDE_STYLE('',(#21505));
#21505 = SURFACE_STYLE_FILL_AREA(#21506);
#21506 = FILL_AREA_STYLE('',(#21507));
#21507 = FILL_AREA_STYLE_COLOUR('',#21206);
#21508 = STYLED_ITEM('color',(#21509),#10962);
#21509 = PRESENTATION_STYLE_ASSIGNMENT((#21510));
#21510 = SURFACE_STYLE_USAGE(.BOTH.,#21511);
#21511 = SURFACE_SIDE_STYLE('',(#21512));
#21512 = SURFACE_STYLE_FILL_AREA(#21513);
#21513 = FILL_AREA_STYLE('',(#21514));
#21514 = FILL_AREA_STYLE_COLOUR('',#21206);
#21515 = STYLED_ITEM('color',(#21516),#10986);
#21516 = PRESENTATION_STYLE_ASSIGNMENT((#21517));
#21517 = SURFACE_STYLE_USAGE(.BOTH.,#21518);
#21518 = SURFACE_SIDE_STYLE('',(#21519));
#21519 = SURFACE_STYLE_FILL_AREA(#21520);
#21520 = FILL_AREA_STYLE('',(#21521));
#21521 = FILL_AREA_STYLE_COLOUR('',#21206);
#21522 = STYLED_ITEM('color',(#21523),#11003);
#21523 = PRESENTATION_STYLE_ASSIGNMENT((#21524));
#21524 = SURFACE_STYLE_USAGE(.BOTH.,#21525);
#21525 = SURFACE_SIDE_STYLE('',(#21526));
#21526 = SURFACE_STYLE_FILL_AREA(#21527);
#21527 = FILL_AREA_STYLE('',(#21528));
#21528 = FILL_AREA_STYLE_COLOUR('',#21206);
#21529 = STYLED_ITEM('color',(#21530),#11020);
#21530 = PRESENTATION_STYLE_ASSIGNMENT((#21531));
#21531 = SURFACE_STYLE_USAGE(.BOTH.,#21532);
#21532 = SURFACE_SIDE_STYLE('',(#21533));
#21533 = SURFACE_STYLE_FILL_AREA(#21534);
#21534 = FILL_AREA_STYLE('',(#21535));
#21535 = FILL_AREA_STYLE_COLOUR('',#21206);
#21536 = STYLED_ITEM('color',(#21537),#11032);
#21537 = PRESENTATION_STYLE_ASSIGNMENT((#21538));
#21538 = SURFACE_STYLE_USAGE(.BOTH.,#21539);
#21539 = SURFACE_SIDE_STYLE('',(#21540));
#21540 = SURFACE_STYLE_FILL_AREA(#21541);
#21541 = FILL_AREA_STYLE('',(#21542));
#21542 = FILL_AREA_STYLE_COLOUR('',#21206);
#21543 = STYLED_ITEM('color',(#21544),#11049);
#21544 = PRESENTATION_STYLE_ASSIGNMENT((#21545));
#21545 = SURFACE_STYLE_USAGE(.BOTH.,#21546);
#21546 = SURFACE_SIDE_STYLE('',(#21547));
#21547 = SURFACE_STYLE_FILL_AREA(#21548);
#21548 = FILL_AREA_STYLE('',(#21549));
#21549 = FILL_AREA_STYLE_COLOUR('',#21206);
#21550 = STYLED_ITEM('color',(#21551),#11061);
#21551 = PRESENTATION_STYLE_ASSIGNMENT((#21552));
#21552 = SURFACE_STYLE_USAGE(.BOTH.,#21553);
#21553 = SURFACE_SIDE_STYLE('',(#21554));
#21554 = SURFACE_STYLE_FILL_AREA(#21555);
#21555 = FILL_AREA_STYLE('',(#21556));
#21556 = FILL_AREA_STYLE_COLOUR('',#21206);
#21557 = STYLED_ITEM('color',(#21558),#11085);
#21558 = PRESENTATION_STYLE_ASSIGNMENT((#21559));
#21559 = SURFACE_STYLE_USAGE(.BOTH.,#21560);
#21560 = SURFACE_SIDE_STYLE('',(#21561));
#21561 = SURFACE_STYLE_FILL_AREA(#21562);
#21562 = FILL_AREA_STYLE('',(#21563));
#21563 = FILL_AREA_STYLE_COLOUR('',#21206);
#21564 = STYLED_ITEM('color',(#21565),#11103);
#21565 = PRESENTATION_STYLE_ASSIGNMENT((#21566));
#21566 = SURFACE_STYLE_USAGE(.BOTH.,#21567);
#21567 = SURFACE_SIDE_STYLE('',(#21568));
#21568 = SURFACE_STYLE_FILL_AREA(#21569);
#21569 = FILL_AREA_STYLE('',(#21570));
#21570 = FILL_AREA_STYLE_COLOUR('',#21206);
#21571 = STYLED_ITEM('color',(#21572),#11115);
#21572 = PRESENTATION_STYLE_ASSIGNMENT((#21573));
#21573 = SURFACE_STYLE_USAGE(.BOTH.,#21574);
#21574 = SURFACE_SIDE_STYLE('',(#21575));
#21575 = SURFACE_STYLE_FILL_AREA(#21576);
#21576 = FILL_AREA_STYLE('',(#21577));
#21577 = FILL_AREA_STYLE_COLOUR('',#21206);
#21578 = STYLED_ITEM('color',(#21579),#11129);
#21579 = PRESENTATION_STYLE_ASSIGNMENT((#21580));
#21580 = SURFACE_STYLE_USAGE(.BOTH.,#21581);
#21581 = SURFACE_SIDE_STYLE('',(#21582));
#21582 = SURFACE_STYLE_FILL_AREA(#21583);
#21583 = FILL_AREA_STYLE('',(#21584));
#21584 = FILL_AREA_STYLE_COLOUR('',#21585);
#21585 = COLOUR_RGB('',0.823529417451,0.819607860991,0.780392170416);
#21586 = STYLED_ITEM('color',(#21587),#11160);
#21587 = PRESENTATION_STYLE_ASSIGNMENT((#21588));
#21588 = SURFACE_STYLE_USAGE(.BOTH.,#21589);
#21589 = SURFACE_SIDE_STYLE('',(#21590));
#21590 = SURFACE_STYLE_FILL_AREA(#21591);
#21591 = FILL_AREA_STYLE('',(#21592));
#21592 = FILL_AREA_STYLE_COLOUR('',#21585);
#21593 = STYLED_ITEM('color',(#21594),#11184);
#21594 = PRESENTATION_STYLE_ASSIGNMENT((#21595));
#21595 = SURFACE_STYLE_USAGE(.BOTH.,#21596);
#21596 = SURFACE_SIDE_STYLE('',(#21597));
#21597 = SURFACE_STYLE_FILL_AREA(#21598);
#21598 = FILL_AREA_STYLE('',(#21599));
#21599 = FILL_AREA_STYLE_COLOUR('',#21585);
#21600 = STYLED_ITEM('color',(#21601),#11208);
#21601 = PRESENTATION_STYLE_ASSIGNMENT((#21602));
#21602 = SURFACE_STYLE_USAGE(.BOTH.,#21603);
#21603 = SURFACE_SIDE_STYLE('',(#21604));
#21604 = SURFACE_STYLE_FILL_AREA(#21605);
#21605 = FILL_AREA_STYLE('',(#21606));
#21606 = FILL_AREA_STYLE_COLOUR('',#21585);
#21607 = STYLED_ITEM('color',(#21608),#11225);
#21608 = PRESENTATION_STYLE_ASSIGNMENT((#21609));
#21609 = SURFACE_STYLE_USAGE(.BOTH.,#21610);
#21610 = SURFACE_SIDE_STYLE('',(#21611));
#21611 = SURFACE_STYLE_FILL_AREA(#21612);
#21612 = FILL_AREA_STYLE('',(#21613));
#21613 = FILL_AREA_STYLE_COLOUR('',#21585);
#21614 = STYLED_ITEM('color',(#21615),#11256);
#21615 = PRESENTATION_STYLE_ASSIGNMENT((#21616));
#21616 = SURFACE_STYLE_USAGE(.BOTH.,#21617);
#21617 = SURFACE_SIDE_STYLE('',(#21618));
#21618 = SURFACE_STYLE_FILL_AREA(#21619);
#21619 = FILL_AREA_STYLE('',(#21620));
#21620 = FILL_AREA_STYLE_COLOUR('',#21585);
#21621 = STYLED_ITEM('color',(#21622),#11280);
#21622 = PRESENTATION_STYLE_ASSIGNMENT((#21623));
#21623 = SURFACE_STYLE_USAGE(.BOTH.,#21624);
#21624 = SURFACE_SIDE_STYLE('',(#21625));
#21625 = SURFACE_STYLE_FILL_AREA(#21626);
#21626 = FILL_AREA_STYLE('',(#21627));
#21627 = FILL_AREA_STYLE_COLOUR('',#21585);
#21628 = STYLED_ITEM('color',(#21629),#11304);
#21629 = PRESENTATION_STYLE_ASSIGNMENT((#21630));
#21630 = SURFACE_STYLE_USAGE(.BOTH.,#21631);
#21631 = SURFACE_SIDE_STYLE('',(#21632));
#21632 = SURFACE_STYLE_FILL_AREA(#21633);
#21633 = FILL_AREA_STYLE('',(#21634));
#21634 = FILL_AREA_STYLE_COLOUR('',#21585);
#21635 = STYLED_ITEM('color',(#21636),#11321);
#21636 = PRESENTATION_STYLE_ASSIGNMENT((#21637));
#21637 = SURFACE_STYLE_USAGE(.BOTH.,#21638);
#21638 = SURFACE_SIDE_STYLE('',(#21639));
#21639 = SURFACE_STYLE_FILL_AREA(#21640);
#21640 = FILL_AREA_STYLE('',(#21641));
#21641 = FILL_AREA_STYLE_COLOUR('',#21206);
#21642 = STYLED_ITEM('color',(#21643),#11367);
#21643 = PRESENTATION_STYLE_ASSIGNMENT((#21644));
#21644 = SURFACE_STYLE_USAGE(.BOTH.,#21645);
#21645 = SURFACE_SIDE_STYLE('',(#21646));
#21646 = SURFACE_STYLE_FILL_AREA(#21647);
#21647 = FILL_AREA_STYLE('',(#21648));
#21648 = FILL_AREA_STYLE_COLOUR('',#21206);
#21649 = STYLED_ITEM('color',(#21650),#11413);
#21650 = PRESENTATION_STYLE_ASSIGNMENT((#21651));
#21651 = SURFACE_STYLE_USAGE(.BOTH.,#21652);
#21652 = SURFACE_SIDE_STYLE('',(#21653));
#21653 = SURFACE_STYLE_FILL_AREA(#21654);
#21654 = FILL_AREA_STYLE('',(#21655));
#21655 = FILL_AREA_STYLE_COLOUR('',#21206);
#21656 = STYLED_ITEM('color',(#21657),#11430);
#21657 = PRESENTATION_STYLE_ASSIGNMENT((#21658));
#21658 = SURFACE_STYLE_USAGE(.BOTH.,#21659);
#21659 = SURFACE_SIDE_STYLE('',(#21660));
#21660 = SURFACE_STYLE_FILL_AREA(#21661);
#21661 = FILL_AREA_STYLE('',(#21662));
#21662 = FILL_AREA_STYLE_COLOUR('',#21206);
#21663 = STYLED_ITEM('color',(#21664),#11442);
#21664 = PRESENTATION_STYLE_ASSIGNMENT((#21665));
#21665 = SURFACE_STYLE_USAGE(.BOTH.,#21666);
#21666 = SURFACE_SIDE_STYLE('',(#21667));
#21667 = SURFACE_STYLE_FILL_AREA(#21668);
#21668 = FILL_AREA_STYLE('',(#21669));
#21669 = FILL_AREA_STYLE_COLOUR('',#21585);
#21670 = STYLED_ITEM('color',(#21671),#11473);
#21671 = PRESENTATION_STYLE_ASSIGNMENT((#21672));
#21672 = SURFACE_STYLE_USAGE(.BOTH.,#21673);
#21673 = SURFACE_SIDE_STYLE('',(#21674));
#21674 = SURFACE_STYLE_FILL_AREA(#21675);
#21675 = FILL_AREA_STYLE('',(#21676));
#21676 = FILL_AREA_STYLE_COLOUR('',#21585);
#21677 = STYLED_ITEM('color',(#21678),#11497);
#21678 = PRESENTATION_STYLE_ASSIGNMENT((#21679));
#21679 = SURFACE_STYLE_USAGE(.BOTH.,#21680);
#21680 = SURFACE_SIDE_STYLE('',(#21681));
#21681 = SURFACE_STYLE_FILL_AREA(#21682);
#21682 = FILL_AREA_STYLE('',(#21683));
#21683 = FILL_AREA_STYLE_COLOUR('',#21585);
#21684 = STYLED_ITEM('color',(#21685),#11521);
#21685 = PRESENTATION_STYLE_ASSIGNMENT((#21686));
#21686 = SURFACE_STYLE_USAGE(.BOTH.,#21687);
#21687 = SURFACE_SIDE_STYLE('',(#21688));
#21688 = SURFACE_STYLE_FILL_AREA(#21689);
#21689 = FILL_AREA_STYLE('',(#21690));
#21690 = FILL_AREA_STYLE_COLOUR('',#21585);
#21691 = STYLED_ITEM('color',(#21692),#11538);
#21692 = PRESENTATION_STYLE_ASSIGNMENT((#21693));
#21693 = SURFACE_STYLE_USAGE(.BOTH.,#21694);
#21694 = SURFACE_SIDE_STYLE('',(#21695));
#21695 = SURFACE_STYLE_FILL_AREA(#21696);
#21696 = FILL_AREA_STYLE('',(#21697));
#21697 = FILL_AREA_STYLE_COLOUR('',#21585);
#21698 = STYLED_ITEM('color',(#21699),#11569);
#21699 = PRESENTATION_STYLE_ASSIGNMENT((#21700));
#21700 = SURFACE_STYLE_USAGE(.BOTH.,#21701);
#21701 = SURFACE_SIDE_STYLE('',(#21702));
#21702 = SURFACE_STYLE_FILL_AREA(#21703);
#21703 = FILL_AREA_STYLE('',(#21704));
#21704 = FILL_AREA_STYLE_COLOUR('',#21585);
#21705 = STYLED_ITEM('color',(#21706),#11593);
#21706 = PRESENTATION_STYLE_ASSIGNMENT((#21707));
#21707 = SURFACE_STYLE_USAGE(.BOTH.,#21708);
#21708 = SURFACE_SIDE_STYLE('',(#21709));
#21709 = SURFACE_STYLE_FILL_AREA(#21710);
#21710 = FILL_AREA_STYLE('',(#21711));
#21711 = FILL_AREA_STYLE_COLOUR('',#21585);
#21712 = STYLED_ITEM('color',(#21713),#11617);
#21713 = PRESENTATION_STYLE_ASSIGNMENT((#21714));
#21714 = SURFACE_STYLE_USAGE(.BOTH.,#21715);
#21715 = SURFACE_SIDE_STYLE('',(#21716));
#21716 = SURFACE_STYLE_FILL_AREA(#21717);
#21717 = FILL_AREA_STYLE('',(#21718));
#21718 = FILL_AREA_STYLE_COLOUR('',#21585);
#21719 = STYLED_ITEM('color',(#21720),#11634);
#21720 = PRESENTATION_STYLE_ASSIGNMENT((#21721));
#21721 = SURFACE_STYLE_USAGE(.BOTH.,#21722);
#21722 = SURFACE_SIDE_STYLE('',(#21723));
#21723 = SURFACE_STYLE_FILL_AREA(#21724);
#21724 = FILL_AREA_STYLE('',(#21725));
#21725 = FILL_AREA_STYLE_COLOUR('',#21585);
#21726 = STYLED_ITEM('color',(#21727),#11731);
#21727 = PRESENTATION_STYLE_ASSIGNMENT((#21728));
#21728 = SURFACE_STYLE_USAGE(.BOTH.,#21729);
#21729 = SURFACE_SIDE_STYLE('',(#21730));
#21730 = SURFACE_STYLE_FILL_AREA(#21731);
#21731 = FILL_AREA_STYLE('',(#21732));
#21732 = FILL_AREA_STYLE_COLOUR('',#21585);
#21733 = STYLED_ITEM('color',(#21734),#11755);
#21734 = PRESENTATION_STYLE_ASSIGNMENT((#21735));
#21735 = SURFACE_STYLE_USAGE(.BOTH.,#21736);
#21736 = SURFACE_SIDE_STYLE('',(#21737));
#21737 = SURFACE_STYLE_FILL_AREA(#21738);
#21738 = FILL_AREA_STYLE('',(#21739));
#21739 = FILL_AREA_STYLE_COLOUR('',#21585);
#21740 = STYLED_ITEM('color',(#21741),#11845);
#21741 = PRESENTATION_STYLE_ASSIGNMENT((#21742));
#21742 = SURFACE_STYLE_USAGE(.BOTH.,#21743);
#21743 = SURFACE_SIDE_STYLE('',(#21744));
#21744 = SURFACE_STYLE_FILL_AREA(#21745);
#21745 = FILL_AREA_STYLE('',(#21746));
#21746 = FILL_AREA_STYLE_COLOUR('',#21585);
#21747 = STYLED_ITEM('color',(#21748),#11862);
#21748 = PRESENTATION_STYLE_ASSIGNMENT((#21749));
#21749 = SURFACE_STYLE_USAGE(.BOTH.,#21750);
#21750 = SURFACE_SIDE_STYLE('',(#21751));
#21751 = SURFACE_STYLE_FILL_AREA(#21752);
#21752 = FILL_AREA_STYLE('',(#21753));
#21753 = FILL_AREA_STYLE_COLOUR('',#21585);
#21754 = STYLED_ITEM('color',(#21755),#11959);
#21755 = PRESENTATION_STYLE_ASSIGNMENT((#21756));
#21756 = SURFACE_STYLE_USAGE(.BOTH.,#21757);
#21757 = SURFACE_SIDE_STYLE('',(#21758));
#21758 = SURFACE_STYLE_FILL_AREA(#21759);
#21759 = FILL_AREA_STYLE('',(#21760));
#21760 = FILL_AREA_STYLE_COLOUR('',#21585);
#21761 = STYLED_ITEM('color',(#21762),#11983);
#21762 = PRESENTATION_STYLE_ASSIGNMENT((#21763));
#21763 = SURFACE_STYLE_USAGE(.BOTH.,#21764);
#21764 = SURFACE_SIDE_STYLE('',(#21765));
#21765 = SURFACE_STYLE_FILL_AREA(#21766);
#21766 = FILL_AREA_STYLE('',(#21767));
#21767 = FILL_AREA_STYLE_COLOUR('',#21585);
#21768 = STYLED_ITEM('color',(#21769),#12073);
#21769 = PRESENTATION_STYLE_ASSIGNMENT((#21770));
#21770 = SURFACE_STYLE_USAGE(.BOTH.,#21771);
#21771 = SURFACE_SIDE_STYLE('',(#21772));
#21772 = SURFACE_STYLE_FILL_AREA(#21773);
#21773 = FILL_AREA_STYLE('',(#21774));
#21774 = FILL_AREA_STYLE_COLOUR('',#21585);
#21775 = STYLED_ITEM('color',(#21776),#12090);
#21776 = PRESENTATION_STYLE_ASSIGNMENT((#21777));
#21777 = SURFACE_STYLE_USAGE(.BOTH.,#21778);
#21778 = SURFACE_SIDE_STYLE('',(#21779));
#21779 = SURFACE_STYLE_FILL_AREA(#21780);
#21780 = FILL_AREA_STYLE('',(#21781));
#21781 = FILL_AREA_STYLE_COLOUR('',#21585);
#21782 = STYLED_ITEM('color',(#21783),#12102);
#21783 = PRESENTATION_STYLE_ASSIGNMENT((#21784));
#21784 = SURFACE_STYLE_USAGE(.BOTH.,#21785);
#21785 = SURFACE_SIDE_STYLE('',(#21786));
#21786 = SURFACE_STYLE_FILL_AREA(#21787);
#21787 = FILL_AREA_STYLE('',(#21788));
#21788 = FILL_AREA_STYLE_COLOUR('',#21585);
#21789 = STYLED_ITEM('color',(#21790),#12114);
#21790 = PRESENTATION_STYLE_ASSIGNMENT((#21791));
#21791 = SURFACE_STYLE_USAGE(.BOTH.,#21792);
#21792 = SURFACE_SIDE_STYLE('',(#21793));
#21793 = SURFACE_STYLE_FILL_AREA(#21794);
#21794 = FILL_AREA_STYLE('',(#21795));
#21795 = FILL_AREA_STYLE_COLOUR('',#21585);
#21796 = STYLED_ITEM('color',(#21797),#12131);
#21797 = PRESENTATION_STYLE_ASSIGNMENT((#21798));
#21798 = SURFACE_STYLE_USAGE(.BOTH.,#21799);
#21799 = SURFACE_SIDE_STYLE('',(#21800));
#21800 = SURFACE_STYLE_FILL_AREA(#21801);
#21801 = FILL_AREA_STYLE('',(#21802));
#21802 = FILL_AREA_STYLE_COLOUR('',#21585);
#21803 = STYLED_ITEM('color',(#21804),#12148);
#21804 = PRESENTATION_STYLE_ASSIGNMENT((#21805));
#21805 = SURFACE_STYLE_USAGE(.BOTH.,#21806);
#21806 = SURFACE_SIDE_STYLE('',(#21807));
#21807 = SURFACE_STYLE_FILL_AREA(#21808);
#21808 = FILL_AREA_STYLE('',(#21809));
#21809 = FILL_AREA_STYLE_COLOUR('',#21585);
#21810 = STYLED_ITEM('color',(#21811),#12165);
#21811 = PRESENTATION_STYLE_ASSIGNMENT((#21812));
#21812 = SURFACE_STYLE_USAGE(.BOTH.,#21813);
#21813 = SURFACE_SIDE_STYLE('',(#21814));
#21814 = SURFACE_STYLE_FILL_AREA(#21815);
#21815 = FILL_AREA_STYLE('',(#21816));
#21816 = FILL_AREA_STYLE_COLOUR('',#21585);
#21817 = STYLED_ITEM('color',(#21818),#12198);
#21818 = PRESENTATION_STYLE_ASSIGNMENT((#21819));
#21819 = SURFACE_STYLE_USAGE(.BOTH.,#21820);
#21820 = SURFACE_SIDE_STYLE('',(#21821));
#21821 = SURFACE_STYLE_FILL_AREA(#21822);
#21822 = FILL_AREA_STYLE('',(#21823));
#21823 = FILL_AREA_STYLE_COLOUR('',#21585);
#21824 = STYLED_ITEM('color',(#21825),#12238);
#21825 = PRESENTATION_STYLE_ASSIGNMENT((#21826));
#21826 = SURFACE_STYLE_USAGE(.BOTH.,#21827);
#21827 = SURFACE_SIDE_STYLE('',(#21828));
#21828 = SURFACE_STYLE_FILL_AREA(#21829);
#21829 = FILL_AREA_STYLE('',(#21830));
#21830 = FILL_AREA_STYLE_COLOUR('',#21585);
#21831 = STYLED_ITEM('color',(#21832),#12269);
#21832 = PRESENTATION_STYLE_ASSIGNMENT((#21833));
#21833 = SURFACE_STYLE_USAGE(.BOTH.,#21834);
#21834 = SURFACE_SIDE_STYLE('',(#21835));
#21835 = SURFACE_STYLE_FILL_AREA(#21836);
#21836 = FILL_AREA_STYLE('',(#21837));
#21837 = FILL_AREA_STYLE_COLOUR('',#21585);
#21838 = STYLED_ITEM('color',(#21839),#12286);
#21839 = PRESENTATION_STYLE_ASSIGNMENT((#21840));
#21840 = SURFACE_STYLE_USAGE(.BOTH.,#21841);
#21841 = SURFACE_SIDE_STYLE('',(#21842));
#21842 = SURFACE_STYLE_FILL_AREA(#21843);
#21843 = FILL_AREA_STYLE('',(#21844));
#21844 = FILL_AREA_STYLE_COLOUR('',#21585);
#21845 = STYLED_ITEM('color',(#21846),#12303);
#21846 = PRESENTATION_STYLE_ASSIGNMENT((#21847));
#21847 = SURFACE_STYLE_USAGE(.BOTH.,#21848);
#21848 = SURFACE_SIDE_STYLE('',(#21849));
#21849 = SURFACE_STYLE_FILL_AREA(#21850);
#21850 = FILL_AREA_STYLE('',(#21851));
#21851 = FILL_AREA_STYLE_COLOUR('',#21585);
#21852 = STYLED_ITEM('color',(#21853),#12315);
#21853 = PRESENTATION_STYLE_ASSIGNMENT((#21854));
#21854 = SURFACE_STYLE_USAGE(.BOTH.,#21855);
#21855 = SURFACE_SIDE_STYLE('',(#21856));
#21856 = SURFACE_STYLE_FILL_AREA(#21857);
#21857 = FILL_AREA_STYLE('',(#21858));
#21858 = FILL_AREA_STYLE_COLOUR('',#21585);
#21859 = STYLED_ITEM('color',(#21860),#12348);
#21860 = PRESENTATION_STYLE_ASSIGNMENT((#21861));
#21861 = SURFACE_STYLE_USAGE(.BOTH.,#21862);
#21862 = SURFACE_SIDE_STYLE('',(#21863));
#21863 = SURFACE_STYLE_FILL_AREA(#21864);
#21864 = FILL_AREA_STYLE('',(#21865));
#21865 = FILL_AREA_STYLE_COLOUR('',#21585);
#21866 = STYLED_ITEM('color',(#21867),#12365);
#21867 = PRESENTATION_STYLE_ASSIGNMENT((#21868));
#21868 = SURFACE_STYLE_USAGE(.BOTH.,#21869);
#21869 = SURFACE_SIDE_STYLE('',(#21870));
#21870 = SURFACE_STYLE_FILL_AREA(#21871);
#21871 = FILL_AREA_STYLE('',(#21872));
#21872 = FILL_AREA_STYLE_COLOUR('',#21585);
#21873 = STYLED_ITEM('color',(#21874),#12382);
#21874 = PRESENTATION_STYLE_ASSIGNMENT((#21875));
#21875 = SURFACE_STYLE_USAGE(.BOTH.,#21876);
#21876 = SURFACE_SIDE_STYLE('',(#21877));
#21877 = SURFACE_STYLE_FILL_AREA(#21878);
#21878 = FILL_AREA_STYLE('',(#21879));
#21879 = FILL_AREA_STYLE_COLOUR('',#21585);
#21880 = STYLED_ITEM('color',(#21881),#12399);
#21881 = PRESENTATION_STYLE_ASSIGNMENT((#21882));
#21882 = SURFACE_STYLE_USAGE(.BOTH.,#21883);
#21883 = SURFACE_SIDE_STYLE('',(#21884));
#21884 = SURFACE_STYLE_FILL_AREA(#21885);
#21885 = FILL_AREA_STYLE('',(#21886));
#21886 = FILL_AREA_STYLE_COLOUR('',#21585);
#21887 = STYLED_ITEM('color',(#21888),#12432);
#21888 = PRESENTATION_STYLE_ASSIGNMENT((#21889));
#21889 = SURFACE_STYLE_USAGE(.BOTH.,#21890);
#21890 = SURFACE_SIDE_STYLE('',(#21891));
#21891 = SURFACE_STYLE_FILL_AREA(#21892);
#21892 = FILL_AREA_STYLE('',(#21893));
#21893 = FILL_AREA_STYLE_COLOUR('',#21585);
#21894 = STYLED_ITEM('color',(#21895),#12472);
#21895 = PRESENTATION_STYLE_ASSIGNMENT((#21896));
#21896 = SURFACE_STYLE_USAGE(.BOTH.,#21897);
#21897 = SURFACE_SIDE_STYLE('',(#21898));
#21898 = SURFACE_STYLE_FILL_AREA(#21899);
#21899 = FILL_AREA_STYLE('',(#21900));
#21900 = FILL_AREA_STYLE_COLOUR('',#21585);
#21901 = STYLED_ITEM('color',(#21902),#12503);
#21902 = PRESENTATION_STYLE_ASSIGNMENT((#21903));
#21903 = SURFACE_STYLE_USAGE(.BOTH.,#21904);
#21904 = SURFACE_SIDE_STYLE('',(#21905));
#21905 = SURFACE_STYLE_FILL_AREA(#21906);
#21906 = FILL_AREA_STYLE('',(#21907));
#21907 = FILL_AREA_STYLE_COLOUR('',#21585);
#21908 = STYLED_ITEM('color',(#21909),#12520);
#21909 = PRESENTATION_STYLE_ASSIGNMENT((#21910));
#21910 = SURFACE_STYLE_USAGE(.BOTH.,#21911);
#21911 = SURFACE_SIDE_STYLE('',(#21912));
#21912 = SURFACE_STYLE_FILL_AREA(#21913);
#21913 = FILL_AREA_STYLE('',(#21914));
#21914 = FILL_AREA_STYLE_COLOUR('',#21585);
#21915 = STYLED_ITEM('color',(#21916),#12537);
#21916 = PRESENTATION_STYLE_ASSIGNMENT((#21917));
#21917 = SURFACE_STYLE_USAGE(.BOTH.,#21918);
#21918 = SURFACE_SIDE_STYLE('',(#21919));
#21919 = SURFACE_STYLE_FILL_AREA(#21920);
#21920 = FILL_AREA_STYLE('',(#21921));
#21921 = FILL_AREA_STYLE_COLOUR('',#21585);
#21922 = STYLED_ITEM('color',(#21923),#12549);
#21923 = PRESENTATION_STYLE_ASSIGNMENT((#21924));
#21924 = SURFACE_STYLE_USAGE(.BOTH.,#21925);
#21925 = SURFACE_SIDE_STYLE('',(#21926));
#21926 = SURFACE_STYLE_FILL_AREA(#21927);
#21927 = FILL_AREA_STYLE('',(#21928));
#21928 = FILL_AREA_STYLE_COLOUR('',#21585);
#21929 = STYLED_ITEM('color',(#21930),#12582);
#21930 = PRESENTATION_STYLE_ASSIGNMENT((#21931));
#21931 = SURFACE_STYLE_USAGE(.BOTH.,#21932);
#21932 = SURFACE_SIDE_STYLE('',(#21933));
#21933 = SURFACE_STYLE_FILL_AREA(#21934);
#21934 = FILL_AREA_STYLE('',(#21935));
#21935 = FILL_AREA_STYLE_COLOUR('',#21585);
#21936 = STYLED_ITEM('color',(#21937),#12599);
#21937 = PRESENTATION_STYLE_ASSIGNMENT((#21938));
#21938 = SURFACE_STYLE_USAGE(.BOTH.,#21939);
#21939 = SURFACE_SIDE_STYLE('',(#21940));
#21940 = SURFACE_STYLE_FILL_AREA(#21941);
#21941 = FILL_AREA_STYLE('',(#21942));
#21942 = FILL_AREA_STYLE_COLOUR('',#21585);
#21943 = STYLED_ITEM('color',(#21944),#12616);
#21944 = PRESENTATION_STYLE_ASSIGNMENT((#21945));
#21945 = SURFACE_STYLE_USAGE(.BOTH.,#21946);
#21946 = SURFACE_SIDE_STYLE('',(#21947));
#21947 = SURFACE_STYLE_FILL_AREA(#21948);
#21948 = FILL_AREA_STYLE('',(#21949));
#21949 = FILL_AREA_STYLE_COLOUR('',#21585);
#21950 = STYLED_ITEM('color',(#21951),#12628);
#21951 = PRESENTATION_STYLE_ASSIGNMENT((#21952));
#21952 = SURFACE_STYLE_USAGE(.BOTH.,#21953);
#21953 = SURFACE_SIDE_STYLE('',(#21954));
#21954 = SURFACE_STYLE_FILL_AREA(#21955);
#21955 = FILL_AREA_STYLE('',(#21956));
#21956 = FILL_AREA_STYLE_COLOUR('',#21585);
#21957 = STYLED_ITEM('color',(#21958),#12645);
#21958 = PRESENTATION_STYLE_ASSIGNMENT((#21959));
#21959 = SURFACE_STYLE_USAGE(.BOTH.,#21960);
#21960 = SURFACE_SIDE_STYLE('',(#21961));
#21961 = SURFACE_STYLE_FILL_AREA(#21962);
#21962 = FILL_AREA_STYLE('',(#21963));
#21963 = FILL_AREA_STYLE_COLOUR('',#21585);
#21964 = STYLED_ITEM('color',(#21965),#12662);
#21965 = PRESENTATION_STYLE_ASSIGNMENT((#21966));
#21966 = SURFACE_STYLE_USAGE(.BOTH.,#21967);
#21967 = SURFACE_SIDE_STYLE('',(#21968));
#21968 = SURFACE_STYLE_FILL_AREA(#21969);
#21969 = FILL_AREA_STYLE('',(#21970));
#21970 = FILL_AREA_STYLE_COLOUR('',#21585);
ENDSEC;
END-ISO-10303-21;
