ISO-10303-21;
HEADER;
FILE_DESCRIPTION(('KiCad electronic assembly'),'2;1');
FILE_NAME('Brine.step','2025-11-30T11:11:13',('Pcbnew'),('Kicad'),
  'Open CASCADE STEP processor 7.8','KiCad to STEP converter','Unknown'
  );
FILE_SCHEMA(('AUTOMOTIVE_DESIGN { 1 0 10303 214 1 1 1 1 }'));
ENDSEC;
DATA;
#1 = APPLICATION_PROTOCOL_DEFINITION('international standard',
  'automotive_design',2000,#2);
#2 = APPLICATION_CONTEXT(
  'core data for automotive mechanical design processes');
#3 = SHAPE_DEFINITION_REPRESENTATION(#4,#10);
#4 = PRODUCT_DEFINITION_SHAPE('','',#5);
#5 = PRODUCT_DEFINITION('design','',#6,#9);
#6 = PRODUCT_DEFINITION_FORMATION('','',#7);
#7 = PRODUCT('Brine 1','Brine 1','',(#8));
#8 = PRODUCT_CONTEXT('',#2,'mechanical');
#9 = PRODUCT_DEFINITION_CONTEXT('part definition',#2,'design');
#10 = SHAPE_REPRESENTATION('',(#11,#15,#19,#23,#27,#31,#35,#39,#43,#47,
    #51,#55,#59),#63);
#11 = AXIS2_PLACEMENT_3D('',#12,#13,#14);
#12 = CARTESIAN_POINT('',(0.,0.,0.));
#13 = DIRECTION('',(0.,0.,1.));
#14 = DIRECTION('',(1.,0.,-0.));
#15 = AXIS2_PLACEMENT_3D('',#16,#17,#18);
#16 = CARTESIAN_POINT('',(140.208,-73.152,1.595));
#17 = DIRECTION('',(0.,-0.,1.));
#18 = DIRECTION('',(1.110223024625E-16,1.,0.));
#19 = AXIS2_PLACEMENT_3D('',#20,#21,#22);
#20 = CARTESIAN_POINT('',(164.592,-78.6365,1.595));
#21 = DIRECTION('',(0.,-0.,1.));
#22 = DIRECTION('',(1.110223024625E-16,1.,0.));
#23 = AXIS2_PLACEMENT_3D('',#24,#25,#26);
#24 = CARTESIAN_POINT('',(146.22,-101.698,1.595));
#25 = DIRECTION('',(0.,-0.,1.));
#26 = DIRECTION('',(1.110223024625E-16,1.,0.));
#27 = AXIS2_PLACEMENT_3D('',#28,#29,#30);
#28 = CARTESIAN_POINT('',(140.208,-81.031,1.595));
#29 = DIRECTION('',(0.,0.,1.));
#30 = DIRECTION('',(-1.,1.224646799147E-16,0.));
#31 = AXIS2_PLACEMENT_3D('',#32,#33,#34);
#32 = CARTESIAN_POINT('',(164.592,-74.0645,1.595));
#33 = DIRECTION('',(0.,-0.,1.));
#34 = DIRECTION('',(1.110223024625E-16,1.,0.));
#35 = AXIS2_PLACEMENT_3D('',#36,#37,#38);
#36 = CARTESIAN_POINT('',(164.592,-88.834,1.595));
#37 = DIRECTION('',(0.,-0.,1.));
#38 = DIRECTION('',(1.110223024625E-16,1.,0.));
#39 = AXIS2_PLACEMENT_3D('',#40,#41,#42);
#40 = CARTESIAN_POINT('',(162.56,-107.696,1.595));
#41 = DIRECTION('',(0.,0.,1.));
#42 = DIRECTION('',(1.,0.,0.));
#43 = AXIS2_PLACEMENT_3D('',#44,#45,#46);
#44 = CARTESIAN_POINT('',(140.208,-85.9555,1.595));
#45 = DIRECTION('',(0.,-0.,1.));
#46 = DIRECTION('',(1.110223024625E-16,1.,0.));
#47 = AXIS2_PLACEMENT_3D('',#48,#49,#50);
#48 = CARTESIAN_POINT('',(164.592,-83.7165,1.595));
#49 = DIRECTION('',(0.,-0.,1.));
#50 = DIRECTION('',(1.110223024625E-16,1.,0.));
#51 = AXIS2_PLACEMENT_3D('',#52,#53,#54);
#52 = CARTESIAN_POINT('',(152.908,-107.696,2.395));
#53 = DIRECTION('',(0.,-1.,1.110223024625E-16));
#54 = DIRECTION('',(1.,0.,0.));
#55 = AXIS2_PLACEMENT_3D('',#56,#57,#58);
#56 = CARTESIAN_POINT('',(141.224,-106.68,-8.5E-02));
#57 = DIRECTION('',(-1.224646799147E-16,-1.359631073447E-32,-1.));
#58 = DIRECTION('',(1.110223024625E-16,-1.,0.));
#59 = AXIS2_PLACEMENT_3D('',#60,#61,#62);
#60 = CARTESIAN_POINT('',(0.,0.,0.));
#61 = DIRECTION('',(0.,0.,1.));
#62 = DIRECTION('',(1.,0.,-0.));
#63 = ( GEOMETRIC_REPRESENTATION_CONTEXT(3) 
GLOBAL_UNCERTAINTY_ASSIGNED_CONTEXT((#67)) GLOBAL_UNIT_ASSIGNED_CONTEXT(
(#64,#65,#66)) REPRESENTATION_CONTEXT('Context #1',
  '3D Context with UNIT and UNCERTAINTY') );
#64 = ( LENGTH_UNIT() NAMED_UNIT(*) SI_UNIT(.MILLI.,.METRE.) );
#65 = ( NAMED_UNIT(*) PLANE_ANGLE_UNIT() SI_UNIT($,.RADIAN.) );
#66 = ( NAMED_UNIT(*) SI_UNIT($,.STERADIAN.) SOLID_ANGLE_UNIT() );
#67 = UNCERTAINTY_MEASURE_WITH_UNIT(LENGTH_MEASURE(1.E-07),#64,
  'distance_accuracy_value','confusion accuracy');
#68 = PRODUCT_RELATED_PRODUCT_CATEGORY('part',$,(#7));
#69 = SHAPE_DEFINITION_REPRESENTATION(#70,#76);
#70 = PRODUCT_DEFINITION_SHAPE('','',#71);
#71 = PRODUCT_DEFINITION('design','',#72,#75);
#72 = PRODUCT_DEFINITION_FORMATION('','',#73);
#73 = PRODUCT('R_0805_2012Metric','R_0805_2012Metric','',(#74));
#74 = PRODUCT_CONTEXT('',#2,'mechanical');
#75 = PRODUCT_DEFINITION_CONTEXT('part definition',#2,'design');
#76 = ADVANCED_BREP_SHAPE_REPRESENTATION('',(#11,#77),#867);
#77 = MANIFOLD_SOLID_BREP('',#78);
#78 = CLOSED_SHELL('',(#79,#119,#202,#227,#252,#319,#336,#353,#402,#419,
    #436,#485,#502,#571,#602,#626,#695,#719,#736,#753,#770,#787,#804,
    #821,#838,#855));
#79 = ADVANCED_FACE('',(#80),#114,.F.);
#80 = FACE_BOUND('',#81,.F.);
#81 = EDGE_LOOP('',(#82,#92,#100,#108));
#82 = ORIENTED_EDGE('',*,*,#83,.F.);
#83 = EDGE_CURVE('',#84,#86,#88,.T.);
#84 = VERTEX_POINT('',#85);
#85 = CARTESIAN_POINT('',(-1.,-0.6,4.5E-02));
#86 = VERTEX_POINT('',#87);
#87 = CARTESIAN_POINT('',(-1.,-0.6,0.405));
#88 = LINE('',#89,#90);
#89 = CARTESIAN_POINT('',(-1.,-0.6,0.));
#90 = VECTOR('',#91,1.);
#91 = DIRECTION('',(0.,0.,1.));
#92 = ORIENTED_EDGE('',*,*,#93,.T.);
#93 = EDGE_CURVE('',#84,#94,#96,.T.);
#94 = VERTEX_POINT('',#95);
#95 = CARTESIAN_POINT('',(-1.,0.6,4.5E-02));
#96 = LINE('',#97,#98);
#97 = CARTESIAN_POINT('',(-1.,-0.6,4.5E-02));
#98 = VECTOR('',#99,1.);
#99 = DIRECTION('',(0.,1.,0.));
#100 = ORIENTED_EDGE('',*,*,#101,.T.);
#101 = EDGE_CURVE('',#94,#102,#104,.T.);
#102 = VERTEX_POINT('',#103);
#103 = CARTESIAN_POINT('',(-1.,0.6,0.405));
#104 = LINE('',#105,#106);
#105 = CARTESIAN_POINT('',(-1.,0.6,0.));
#106 = VECTOR('',#107,1.);
#107 = DIRECTION('',(0.,0.,1.));
#108 = ORIENTED_EDGE('',*,*,#109,.F.);
#109 = EDGE_CURVE('',#86,#102,#110,.T.);
#110 = LINE('',#111,#112);
#111 = CARTESIAN_POINT('',(-1.,-0.6,0.405));
#112 = VECTOR('',#113,1.);
#113 = DIRECTION('',(0.,1.,0.));
#114 = PLANE('',#115);
#115 = AXIS2_PLACEMENT_3D('',#116,#117,#118);
#116 = CARTESIAN_POINT('',(-1.,-0.6,0.));
#117 = DIRECTION('',(1.,0.,0.));
#118 = DIRECTION('',(0.,0.,1.));
#119 = ADVANCED_FACE('',(#120),#197,.F.);
#120 = FACE_BOUND('',#121,.F.);
#121 = EDGE_LOOP('',(#122,#132,#139,#140,#149,#157,#166,#174,#182,#190)
  );
#122 = ORIENTED_EDGE('',*,*,#123,.F.);
#123 = EDGE_CURVE('',#124,#126,#128,.T.);
#124 = VERTEX_POINT('',#125);
#125 = CARTESIAN_POINT('',(-0.955,-0.6,-2.775557561563E-17));
#126 = VERTEX_POINT('',#127);
#127 = CARTESIAN_POINT('',(-0.745,-0.6,-2.775557561563E-17));
#128 = LINE('',#129,#130);
#129 = CARTESIAN_POINT('',(-1.,-0.6,0.));
#130 = VECTOR('',#131,1.);
#131 = DIRECTION('',(1.,0.,0.));
#132 = ORIENTED_EDGE('',*,*,#133,.F.);
#133 = EDGE_CURVE('',#84,#124,#134,.T.);
#134 = CIRCLE('',#135,4.5E-02);
#135 = AXIS2_PLACEMENT_3D('',#136,#137,#138);
#136 = CARTESIAN_POINT('',(-0.955,-0.6,4.5E-02));
#137 = DIRECTION('',(0.,-1.,0.));
#138 = DIRECTION('',(0.,0.,1.));
#139 = ORIENTED_EDGE('',*,*,#83,.T.);
#140 = ORIENTED_EDGE('',*,*,#141,.T.);
#141 = EDGE_CURVE('',#86,#142,#144,.T.);
#142 = VERTEX_POINT('',#143);
#143 = CARTESIAN_POINT('',(-0.955,-0.6,0.45));
#144 = CIRCLE('',#145,4.5E-02);
#145 = AXIS2_PLACEMENT_3D('',#146,#147,#148);
#146 = CARTESIAN_POINT('',(-0.955,-0.6,0.405));
#147 = DIRECTION('',(0.,1.,0.));
#148 = DIRECTION('',(0.,-0.,1.));
#149 = ORIENTED_EDGE('',*,*,#150,.T.);
#150 = EDGE_CURVE('',#142,#151,#153,.T.);
#151 = VERTEX_POINT('',#152);
#152 = CARTESIAN_POINT('',(-0.745,-0.6,0.45));
#153 = LINE('',#154,#155);
#154 = CARTESIAN_POINT('',(-1.,-0.6,0.45));
#155 = VECTOR('',#156,1.);
#156 = DIRECTION('',(1.,0.,0.));
#157 = ORIENTED_EDGE('',*,*,#158,.F.);
#158 = EDGE_CURVE('',#159,#151,#161,.T.);
#159 = VERTEX_POINT('',#160);
#160 = CARTESIAN_POINT('',(-0.7,-0.6,0.405));
#161 = CIRCLE('',#162,4.5E-02);
#162 = AXIS2_PLACEMENT_3D('',#163,#164,#165);
#163 = CARTESIAN_POINT('',(-0.745,-0.6,0.405));
#164 = DIRECTION('',(0.,-1.,0.));
#165 = DIRECTION('',(0.,0.,1.));
#166 = ORIENTED_EDGE('',*,*,#167,.F.);
#167 = EDGE_CURVE('',#168,#159,#170,.T.);
#168 = VERTEX_POINT('',#169);
#169 = CARTESIAN_POINT('',(-0.955,-0.6,0.405));
#170 = LINE('',#171,#172);
#171 = CARTESIAN_POINT('',(-0.955,-0.6,0.405));
#172 = VECTOR('',#173,1.);
#173 = DIRECTION('',(1.,0.,0.));
#174 = ORIENTED_EDGE('',*,*,#175,.F.);
#175 = EDGE_CURVE('',#176,#168,#178,.T.);
#176 = VERTEX_POINT('',#177);
#177 = CARTESIAN_POINT('',(-0.955,-0.6,4.5E-02));
#178 = LINE('',#179,#180);
#179 = CARTESIAN_POINT('',(-0.955,-0.6,4.5E-02));
#180 = VECTOR('',#181,1.);
#181 = DIRECTION('',(0.,0.,1.));
#182 = ORIENTED_EDGE('',*,*,#183,.T.);
#183 = EDGE_CURVE('',#176,#184,#186,.T.);
#184 = VERTEX_POINT('',#185);
#185 = CARTESIAN_POINT('',(-0.7,-0.6,4.5E-02));
#186 = LINE('',#187,#188);
#187 = CARTESIAN_POINT('',(-0.955,-0.6,4.5E-02));
#188 = VECTOR('',#189,1.);
#189 = DIRECTION('',(1.,0.,0.));
#190 = ORIENTED_EDGE('',*,*,#191,.T.);
#191 = EDGE_CURVE('',#184,#126,#192,.T.);
#192 = CIRCLE('',#193,4.5E-02);
#193 = AXIS2_PLACEMENT_3D('',#194,#195,#196);
#194 = CARTESIAN_POINT('',(-0.745,-0.6,4.5E-02));
#195 = DIRECTION('',(0.,1.,0.));
#196 = DIRECTION('',(0.,-0.,1.));
#197 = PLANE('',#198);
#198 = AXIS2_PLACEMENT_3D('',#199,#200,#201);
#199 = CARTESIAN_POINT('',(-1.,-0.6,0.));
#200 = DIRECTION('',(0.,1.,0.));
#201 = DIRECTION('',(0.,-0.,1.));
#202 = ADVANCED_FACE('',(#203),#222,.T.);
#203 = FACE_BOUND('',#204,.T.);
#204 = EDGE_LOOP('',(#205,#206,#215,#221));
#205 = ORIENTED_EDGE('',*,*,#93,.T.);
#206 = ORIENTED_EDGE('',*,*,#207,.T.);
#207 = EDGE_CURVE('',#94,#208,#210,.T.);
#208 = VERTEX_POINT('',#209);
#209 = CARTESIAN_POINT('',(-0.955,0.6,-2.775557561563E-17));
#210 = CIRCLE('',#211,4.5E-02);
#211 = AXIS2_PLACEMENT_3D('',#212,#213,#214);
#212 = CARTESIAN_POINT('',(-0.955,0.6,4.5E-02));
#213 = DIRECTION('',(0.,-1.,0.));
#214 = DIRECTION('',(0.,0.,1.));
#215 = ORIENTED_EDGE('',*,*,#216,.F.);
#216 = EDGE_CURVE('',#124,#208,#217,.T.);
#217 = LINE('',#218,#219);
#218 = CARTESIAN_POINT('',(-0.955,-0.6,-2.775557561563E-17));
#219 = VECTOR('',#220,1.);
#220 = DIRECTION('',(0.,1.,0.));
#221 = ORIENTED_EDGE('',*,*,#133,.F.);
#222 = CYLINDRICAL_SURFACE('',#223,4.5E-02);
#223 = AXIS2_PLACEMENT_3D('',#224,#225,#226);
#224 = CARTESIAN_POINT('',(-0.955,-0.6,4.5E-02));
#225 = DIRECTION('',(0.,1.,0.));
#226 = DIRECTION('',(-1.,0.,0.));
#227 = ADVANCED_FACE('',(#228),#247,.T.);
#228 = FACE_BOUND('',#229,.T.);
#229 = EDGE_LOOP('',(#230,#231,#239,#246));
#230 = ORIENTED_EDGE('',*,*,#141,.T.);
#231 = ORIENTED_EDGE('',*,*,#232,.T.);
#232 = EDGE_CURVE('',#142,#233,#235,.T.);
#233 = VERTEX_POINT('',#234);
#234 = CARTESIAN_POINT('',(-0.955,0.6,0.45));
#235 = LINE('',#236,#237);
#236 = CARTESIAN_POINT('',(-0.955,-0.6,0.45));
#237 = VECTOR('',#238,1.);
#238 = DIRECTION('',(0.,1.,0.));
#239 = ORIENTED_EDGE('',*,*,#240,.F.);
#240 = EDGE_CURVE('',#102,#233,#241,.T.);
#241 = CIRCLE('',#242,4.5E-02);
#242 = AXIS2_PLACEMENT_3D('',#243,#244,#245);
#243 = CARTESIAN_POINT('',(-0.955,0.6,0.405));
#244 = DIRECTION('',(0.,1.,0.));
#245 = DIRECTION('',(0.,-0.,1.));
#246 = ORIENTED_EDGE('',*,*,#109,.F.);
#247 = CYLINDRICAL_SURFACE('',#248,4.5E-02);
#248 = AXIS2_PLACEMENT_3D('',#249,#250,#251);
#249 = CARTESIAN_POINT('',(-0.955,-0.6,0.405));
#250 = DIRECTION('',(0.,1.,0.));
#251 = DIRECTION('',(-1.,0.,0.));
#252 = ADVANCED_FACE('',(#253),#314,.T.);
#253 = FACE_BOUND('',#254,.T.);
#254 = EDGE_LOOP('',(#255,#263,#264,#265,#266,#274,#283,#291,#299,#307)
  );
#255 = ORIENTED_EDGE('',*,*,#256,.F.);
#256 = EDGE_CURVE('',#208,#257,#259,.T.);
#257 = VERTEX_POINT('',#258);
#258 = CARTESIAN_POINT('',(-0.745,0.6,-2.775557561563E-17));
#259 = LINE('',#260,#261);
#260 = CARTESIAN_POINT('',(-1.,0.6,0.));
#261 = VECTOR('',#262,1.);
#262 = DIRECTION('',(1.,0.,0.));
#263 = ORIENTED_EDGE('',*,*,#207,.F.);
#264 = ORIENTED_EDGE('',*,*,#101,.T.);
#265 = ORIENTED_EDGE('',*,*,#240,.T.);
#266 = ORIENTED_EDGE('',*,*,#267,.T.);
#267 = EDGE_CURVE('',#233,#268,#270,.T.);
#268 = VERTEX_POINT('',#269);
#269 = CARTESIAN_POINT('',(-0.745,0.6,0.45));
#270 = LINE('',#271,#272);
#271 = CARTESIAN_POINT('',(-1.,0.6,0.45));
#272 = VECTOR('',#273,1.);
#273 = DIRECTION('',(1.,0.,0.));
#274 = ORIENTED_EDGE('',*,*,#275,.F.);
#275 = EDGE_CURVE('',#276,#268,#278,.T.);
#276 = VERTEX_POINT('',#277);
#277 = CARTESIAN_POINT('',(-0.7,0.6,0.405));
#278 = CIRCLE('',#279,4.5E-02);
#279 = AXIS2_PLACEMENT_3D('',#280,#281,#282);
#280 = CARTESIAN_POINT('',(-0.745,0.6,0.405));
#281 = DIRECTION('',(0.,-1.,0.));
#282 = DIRECTION('',(0.,0.,1.));
#283 = ORIENTED_EDGE('',*,*,#284,.F.);
#284 = EDGE_CURVE('',#285,#276,#287,.T.);
#285 = VERTEX_POINT('',#286);
#286 = CARTESIAN_POINT('',(-0.955,0.6,0.405));
#287 = LINE('',#288,#289);
#288 = CARTESIAN_POINT('',(-0.955,0.6,0.405));
#289 = VECTOR('',#290,1.);
#290 = DIRECTION('',(1.,0.,0.));
#291 = ORIENTED_EDGE('',*,*,#292,.F.);
#292 = EDGE_CURVE('',#293,#285,#295,.T.);
#293 = VERTEX_POINT('',#294);
#294 = CARTESIAN_POINT('',(-0.955,0.6,4.5E-02));
#295 = LINE('',#296,#297);
#296 = CARTESIAN_POINT('',(-0.955,0.6,4.5E-02));
#297 = VECTOR('',#298,1.);
#298 = DIRECTION('',(0.,0.,1.));
#299 = ORIENTED_EDGE('',*,*,#300,.T.);
#300 = EDGE_CURVE('',#293,#301,#303,.T.);
#301 = VERTEX_POINT('',#302);
#302 = CARTESIAN_POINT('',(-0.7,0.6,4.5E-02));
#303 = LINE('',#304,#305);
#304 = CARTESIAN_POINT('',(-0.955,0.6,4.5E-02));
#305 = VECTOR('',#306,1.);
#306 = DIRECTION('',(1.,0.,0.));
#307 = ORIENTED_EDGE('',*,*,#308,.T.);
#308 = EDGE_CURVE('',#301,#257,#309,.T.);
#309 = CIRCLE('',#310,4.5E-02);
#310 = AXIS2_PLACEMENT_3D('',#311,#312,#313);
#311 = CARTESIAN_POINT('',(-0.745,0.6,4.5E-02));
#312 = DIRECTION('',(0.,1.,0.));
#313 = DIRECTION('',(0.,-0.,1.));
#314 = PLANE('',#315);
#315 = AXIS2_PLACEMENT_3D('',#316,#317,#318);
#316 = CARTESIAN_POINT('',(-1.,0.6,0.));
#317 = DIRECTION('',(0.,1.,0.));
#318 = DIRECTION('',(0.,-0.,1.));
#319 = ADVANCED_FACE('',(#320),#331,.F.);
#320 = FACE_BOUND('',#321,.F.);
#321 = EDGE_LOOP('',(#322,#323,#324,#325));
#322 = ORIENTED_EDGE('',*,*,#256,.F.);
#323 = ORIENTED_EDGE('',*,*,#216,.F.);
#324 = ORIENTED_EDGE('',*,*,#123,.T.);
#325 = ORIENTED_EDGE('',*,*,#326,.T.);
#326 = EDGE_CURVE('',#126,#257,#327,.T.);
#327 = LINE('',#328,#329);
#328 = CARTESIAN_POINT('',(-0.745,-0.6,-2.775557561563E-17));
#329 = VECTOR('',#330,1.);
#330 = DIRECTION('',(0.,1.,0.));
#331 = PLANE('',#332);
#332 = AXIS2_PLACEMENT_3D('',#333,#334,#335);
#333 = CARTESIAN_POINT('',(-1.,-0.6,0.));
#334 = DIRECTION('',(0.,0.,1.));
#335 = DIRECTION('',(1.,0.,-0.));
#336 = ADVANCED_FACE('',(#337),#348,.T.);
#337 = FACE_BOUND('',#338,.T.);
#338 = EDGE_LOOP('',(#339,#340,#341,#342));
#339 = ORIENTED_EDGE('',*,*,#191,.T.);
#340 = ORIENTED_EDGE('',*,*,#326,.T.);
#341 = ORIENTED_EDGE('',*,*,#308,.F.);
#342 = ORIENTED_EDGE('',*,*,#343,.F.);
#343 = EDGE_CURVE('',#184,#301,#344,.T.);
#344 = LINE('',#345,#346);
#345 = CARTESIAN_POINT('',(-0.7,-0.6,4.5E-02));
#346 = VECTOR('',#347,1.);
#347 = DIRECTION('',(0.,1.,0.));
#348 = CYLINDRICAL_SURFACE('',#349,4.5E-02);
#349 = AXIS2_PLACEMENT_3D('',#350,#351,#352);
#350 = CARTESIAN_POINT('',(-0.745,-0.6,4.5E-02));
#351 = DIRECTION('',(0.,1.,0.));
#352 = DIRECTION('',(1.,0.,0.));
#353 = ADVANCED_FACE('',(#354),#397,.F.);
#354 = FACE_BOUND('',#355,.F.);
#355 = EDGE_LOOP('',(#356,#357,#358,#359,#367,#375,#383,#391));
#356 = ORIENTED_EDGE('',*,*,#183,.F.);
#357 = ORIENTED_EDGE('',*,*,#175,.T.);
#358 = ORIENTED_EDGE('',*,*,#167,.T.);
#359 = ORIENTED_EDGE('',*,*,#360,.T.);
#360 = EDGE_CURVE('',#159,#361,#363,.T.);
#361 = VERTEX_POINT('',#362);
#362 = CARTESIAN_POINT('',(0.7,-0.6,0.405));
#363 = LINE('',#364,#365);
#364 = CARTESIAN_POINT('',(-0.7,-0.6,0.405));
#365 = VECTOR('',#366,1.);
#366 = DIRECTION('',(1.,0.,0.));
#367 = ORIENTED_EDGE('',*,*,#368,.T.);
#368 = EDGE_CURVE('',#361,#369,#371,.T.);
#369 = VERTEX_POINT('',#370);
#370 = CARTESIAN_POINT('',(0.955,-0.6,0.405));
#371 = LINE('',#372,#373);
#372 = CARTESIAN_POINT('',(-0.955,-0.6,0.405));
#373 = VECTOR('',#374,1.);
#374 = DIRECTION('',(1.,0.,0.));
#375 = ORIENTED_EDGE('',*,*,#376,.F.);
#376 = EDGE_CURVE('',#377,#369,#379,.T.);
#377 = VERTEX_POINT('',#378);
#378 = CARTESIAN_POINT('',(0.955,-0.6,4.5E-02));
#379 = LINE('',#380,#381);
#380 = CARTESIAN_POINT('',(0.955,-0.6,4.5E-02));
#381 = VECTOR('',#382,1.);
#382 = DIRECTION('',(0.,0.,1.));
#383 = ORIENTED_EDGE('',*,*,#384,.F.);
#384 = EDGE_CURVE('',#385,#377,#387,.T.);
#385 = VERTEX_POINT('',#386);
#386 = CARTESIAN_POINT('',(0.7,-0.6,4.5E-02));
#387 = LINE('',#388,#389);
#388 = CARTESIAN_POINT('',(-0.955,-0.6,4.5E-02));
#389 = VECTOR('',#390,1.);
#390 = DIRECTION('',(1.,0.,0.));
#391 = ORIENTED_EDGE('',*,*,#392,.F.);
#392 = EDGE_CURVE('',#184,#385,#393,.T.);
#393 = LINE('',#394,#395);
#394 = CARTESIAN_POINT('',(-0.955,-0.6,4.5E-02));
#395 = VECTOR('',#396,1.);
#396 = DIRECTION('',(1.,0.,0.));
#397 = PLANE('',#398);
#398 = AXIS2_PLACEMENT_3D('',#399,#400,#401);
#399 = CARTESIAN_POINT('',(-0.955,-0.6,4.5E-02));
#400 = DIRECTION('',(0.,1.,0.));
#401 = DIRECTION('',(0.,-0.,1.));
#402 = ADVANCED_FACE('',(#403),#414,.T.);
#403 = FACE_BOUND('',#404,.T.);
#404 = EDGE_LOOP('',(#405,#406,#407,#408));
#405 = ORIENTED_EDGE('',*,*,#267,.F.);
#406 = ORIENTED_EDGE('',*,*,#232,.F.);
#407 = ORIENTED_EDGE('',*,*,#150,.T.);
#408 = ORIENTED_EDGE('',*,*,#409,.T.);
#409 = EDGE_CURVE('',#151,#268,#410,.T.);
#410 = LINE('',#411,#412);
#411 = CARTESIAN_POINT('',(-0.745,-0.6,0.45));
#412 = VECTOR('',#413,1.);
#413 = DIRECTION('',(0.,1.,0.));
#414 = PLANE('',#415);
#415 = AXIS2_PLACEMENT_3D('',#416,#417,#418);
#416 = CARTESIAN_POINT('',(-1.,-0.6,0.45));
#417 = DIRECTION('',(0.,0.,1.));
#418 = DIRECTION('',(1.,0.,-0.));
#419 = ADVANCED_FACE('',(#420),#431,.T.);
#420 = FACE_BOUND('',#421,.T.);
#421 = EDGE_LOOP('',(#422,#428,#429,#430));
#422 = ORIENTED_EDGE('',*,*,#423,.T.);
#423 = EDGE_CURVE('',#159,#276,#424,.T.);
#424 = LINE('',#425,#426);
#425 = CARTESIAN_POINT('',(-0.7,-0.6,0.405));
#426 = VECTOR('',#427,1.);
#427 = DIRECTION('',(0.,1.,0.));
#428 = ORIENTED_EDGE('',*,*,#275,.T.);
#429 = ORIENTED_EDGE('',*,*,#409,.F.);
#430 = ORIENTED_EDGE('',*,*,#158,.F.);
#431 = CYLINDRICAL_SURFACE('',#432,4.5E-02);
#432 = AXIS2_PLACEMENT_3D('',#433,#434,#435);
#433 = CARTESIAN_POINT('',(-0.745,-0.6,0.405));
#434 = DIRECTION('',(0.,1.,0.));
#435 = DIRECTION('',(1.,0.,0.));
#436 = ADVANCED_FACE('',(#437),#480,.T.);
#437 = FACE_BOUND('',#438,.T.);
#438 = EDGE_LOOP('',(#439,#440,#441,#442,#450,#458,#466,#474));
#439 = ORIENTED_EDGE('',*,*,#300,.F.);
#440 = ORIENTED_EDGE('',*,*,#292,.T.);
#441 = ORIENTED_EDGE('',*,*,#284,.T.);
#442 = ORIENTED_EDGE('',*,*,#443,.T.);
#443 = EDGE_CURVE('',#276,#444,#446,.T.);
#444 = VERTEX_POINT('',#445);
#445 = CARTESIAN_POINT('',(0.7,0.6,0.405));
#446 = LINE('',#447,#448);
#447 = CARTESIAN_POINT('',(-0.7,0.6,0.405));
#448 = VECTOR('',#449,1.);
#449 = DIRECTION('',(1.,0.,0.));
#450 = ORIENTED_EDGE('',*,*,#451,.T.);
#451 = EDGE_CURVE('',#444,#452,#454,.T.);
#452 = VERTEX_POINT('',#453);
#453 = CARTESIAN_POINT('',(0.955,0.6,0.405));
#454 = LINE('',#455,#456);
#455 = CARTESIAN_POINT('',(-0.955,0.6,0.405));
#456 = VECTOR('',#457,1.);
#457 = DIRECTION('',(1.,0.,0.));
#458 = ORIENTED_EDGE('',*,*,#459,.F.);
#459 = EDGE_CURVE('',#460,#452,#462,.T.);
#460 = VERTEX_POINT('',#461);
#461 = CARTESIAN_POINT('',(0.955,0.6,4.5E-02));
#462 = LINE('',#463,#464);
#463 = CARTESIAN_POINT('',(0.955,0.6,4.5E-02));
#464 = VECTOR('',#465,1.);
#465 = DIRECTION('',(0.,0.,1.));
#466 = ORIENTED_EDGE('',*,*,#467,.F.);
#467 = EDGE_CURVE('',#468,#460,#470,.T.);
#468 = VERTEX_POINT('',#469);
#469 = CARTESIAN_POINT('',(0.7,0.6,4.5E-02));
#470 = LINE('',#471,#472);
#471 = CARTESIAN_POINT('',(-0.955,0.6,4.5E-02));
#472 = VECTOR('',#473,1.);
#473 = DIRECTION('',(1.,0.,0.));
#474 = ORIENTED_EDGE('',*,*,#475,.F.);
#475 = EDGE_CURVE('',#301,#468,#476,.T.);
#476 = LINE('',#477,#478);
#477 = CARTESIAN_POINT('',(-0.955,0.6,4.5E-02));
#478 = VECTOR('',#479,1.);
#479 = DIRECTION('',(1.,0.,0.));
#480 = PLANE('',#481);
#481 = AXIS2_PLACEMENT_3D('',#482,#483,#484);
#482 = CARTESIAN_POINT('',(-0.955,0.6,4.5E-02));
#483 = DIRECTION('',(0.,1.,0.));
#484 = DIRECTION('',(0.,-0.,1.));
#485 = ADVANCED_FACE('',(#486),#497,.F.);
#486 = FACE_BOUND('',#487,.F.);
#487 = EDGE_LOOP('',(#488,#489,#490,#496));
#488 = ORIENTED_EDGE('',*,*,#343,.F.);
#489 = ORIENTED_EDGE('',*,*,#392,.T.);
#490 = ORIENTED_EDGE('',*,*,#491,.T.);
#491 = EDGE_CURVE('',#385,#468,#492,.T.);
#492 = LINE('',#493,#494);
#493 = CARTESIAN_POINT('',(0.7,-0.6,4.5E-02));
#494 = VECTOR('',#495,1.);
#495 = DIRECTION('',(0.,1.,0.));
#496 = ORIENTED_EDGE('',*,*,#475,.F.);
#497 = PLANE('',#498);
#498 = AXIS2_PLACEMENT_3D('',#499,#500,#501);
#499 = CARTESIAN_POINT('',(-0.955,-0.6,4.5E-02));
#500 = DIRECTION('',(0.,0.,1.));
#501 = DIRECTION('',(1.,0.,-0.));
#502 = ADVANCED_FACE('',(#503),#566,.F.);
#503 = FACE_BOUND('',#504,.F.);
#504 = EDGE_LOOP('',(#505,#515,#522,#523,#524,#525,#534,#542,#551,#559)
  );
#505 = ORIENTED_EDGE('',*,*,#506,.F.);
#506 = EDGE_CURVE('',#507,#509,#511,.T.);
#507 = VERTEX_POINT('',#508);
#508 = CARTESIAN_POINT('',(0.745,-0.6,-2.775557561563E-17));
#509 = VERTEX_POINT('',#510);
#510 = CARTESIAN_POINT('',(0.955,-0.6,-2.775557561563E-17));
#511 = LINE('',#512,#513);
#512 = CARTESIAN_POINT('',(0.7,-0.6,0.));
#513 = VECTOR('',#514,1.);
#514 = DIRECTION('',(1.,0.,0.));
#515 = ORIENTED_EDGE('',*,*,#516,.F.);
#516 = EDGE_CURVE('',#385,#507,#517,.T.);
#517 = CIRCLE('',#518,4.5E-02);
#518 = AXIS2_PLACEMENT_3D('',#519,#520,#521);
#519 = CARTESIAN_POINT('',(0.745,-0.6,4.5E-02));
#520 = DIRECTION('',(0.,-1.,0.));
#521 = DIRECTION('',(0.,0.,1.));
#522 = ORIENTED_EDGE('',*,*,#384,.T.);
#523 = ORIENTED_EDGE('',*,*,#376,.T.);
#524 = ORIENTED_EDGE('',*,*,#368,.F.);
#525 = ORIENTED_EDGE('',*,*,#526,.T.);
#526 = EDGE_CURVE('',#361,#527,#529,.T.);
#527 = VERTEX_POINT('',#528);
#528 = CARTESIAN_POINT('',(0.745,-0.6,0.45));
#529 = CIRCLE('',#530,4.5E-02);
#530 = AXIS2_PLACEMENT_3D('',#531,#532,#533);
#531 = CARTESIAN_POINT('',(0.745,-0.6,0.405));
#532 = DIRECTION('',(0.,1.,0.));
#533 = DIRECTION('',(0.,-0.,1.));
#534 = ORIENTED_EDGE('',*,*,#535,.T.);
#535 = EDGE_CURVE('',#527,#536,#538,.T.);
#536 = VERTEX_POINT('',#537);
#537 = CARTESIAN_POINT('',(0.955,-0.6,0.45));
#538 = LINE('',#539,#540);
#539 = CARTESIAN_POINT('',(0.7,-0.6,0.45));
#540 = VECTOR('',#541,1.);
#541 = DIRECTION('',(1.,0.,0.));
#542 = ORIENTED_EDGE('',*,*,#543,.F.);
#543 = EDGE_CURVE('',#544,#536,#546,.T.);
#544 = VERTEX_POINT('',#545);
#545 = CARTESIAN_POINT('',(1.,-0.6,0.405));
#546 = CIRCLE('',#547,4.5E-02);
#547 = AXIS2_PLACEMENT_3D('',#548,#549,#550);
#548 = CARTESIAN_POINT('',(0.955,-0.6,0.405));
#549 = DIRECTION('',(0.,-1.,0.));
#550 = DIRECTION('',(0.,0.,1.));
#551 = ORIENTED_EDGE('',*,*,#552,.F.);
#552 = EDGE_CURVE('',#553,#544,#555,.T.);
#553 = VERTEX_POINT('',#554);
#554 = CARTESIAN_POINT('',(1.,-0.6,4.5E-02));
#555 = LINE('',#556,#557);
#556 = CARTESIAN_POINT('',(1.,-0.6,0.));
#557 = VECTOR('',#558,1.);
#558 = DIRECTION('',(0.,0.,1.));
#559 = ORIENTED_EDGE('',*,*,#560,.T.);
#560 = EDGE_CURVE('',#553,#509,#561,.T.);
#561 = CIRCLE('',#562,4.5E-02);
#562 = AXIS2_PLACEMENT_3D('',#563,#564,#565);
#563 = CARTESIAN_POINT('',(0.955,-0.6,4.5E-02));
#564 = DIRECTION('',(0.,1.,0.));
#565 = DIRECTION('',(0.,-0.,1.));
#566 = PLANE('',#567);
#567 = AXIS2_PLACEMENT_3D('',#568,#569,#570);
#568 = CARTESIAN_POINT('',(0.7,-0.6,0.));
#569 = DIRECTION('',(0.,1.,0.));
#570 = DIRECTION('',(0.,-0.,1.));
#571 = ADVANCED_FACE('',(#572),#597,.F.);
#572 = FACE_BOUND('',#573,.F.);
#573 = EDGE_LOOP('',(#574,#575,#583,#591));
#574 = ORIENTED_EDGE('',*,*,#360,.F.);
#575 = ORIENTED_EDGE('',*,*,#576,.T.);
#576 = EDGE_CURVE('',#159,#577,#579,.T.);
#577 = VERTEX_POINT('',#578);
#578 = CARTESIAN_POINT('',(-0.7,-0.6,0.45));
#579 = LINE('',#580,#581);
#580 = CARTESIAN_POINT('',(-0.7,-0.6,0.405));
#581 = VECTOR('',#582,1.);
#582 = DIRECTION('',(0.,0.,1.));
#583 = ORIENTED_EDGE('',*,*,#584,.T.);
#584 = EDGE_CURVE('',#577,#585,#587,.T.);
#585 = VERTEX_POINT('',#586);
#586 = CARTESIAN_POINT('',(0.7,-0.6,0.45));
#587 = LINE('',#588,#589);
#588 = CARTESIAN_POINT('',(-0.7,-0.6,0.45));
#589 = VECTOR('',#590,1.);
#590 = DIRECTION('',(1.,0.,0.));
#591 = ORIENTED_EDGE('',*,*,#592,.F.);
#592 = EDGE_CURVE('',#361,#585,#593,.T.);
#593 = LINE('',#594,#595);
#594 = CARTESIAN_POINT('',(0.7,-0.6,0.405));
#595 = VECTOR('',#596,1.);
#596 = DIRECTION('',(0.,0.,1.));
#597 = PLANE('',#598);
#598 = AXIS2_PLACEMENT_3D('',#599,#600,#601);
#599 = CARTESIAN_POINT('',(-0.7,-0.6,0.405));
#600 = DIRECTION('',(0.,1.,0.));
#601 = DIRECTION('',(0.,-0.,1.));
#602 = ADVANCED_FACE('',(#603),#621,.F.);
#603 = FACE_BOUND('',#604,.F.);
#604 = EDGE_LOOP('',(#605,#606,#607,#615));
#605 = ORIENTED_EDGE('',*,*,#576,.F.);
#606 = ORIENTED_EDGE('',*,*,#423,.T.);
#607 = ORIENTED_EDGE('',*,*,#608,.T.);
#608 = EDGE_CURVE('',#276,#609,#611,.T.);
#609 = VERTEX_POINT('',#610);
#610 = CARTESIAN_POINT('',(-0.7,0.6,0.45));
#611 = LINE('',#612,#613);
#612 = CARTESIAN_POINT('',(-0.7,0.6,0.405));
#613 = VECTOR('',#614,1.);
#614 = DIRECTION('',(0.,0.,1.));
#615 = ORIENTED_EDGE('',*,*,#616,.F.);
#616 = EDGE_CURVE('',#577,#609,#617,.T.);
#617 = LINE('',#618,#619);
#618 = CARTESIAN_POINT('',(-0.7,-0.6,0.45));
#619 = VECTOR('',#620,1.);
#620 = DIRECTION('',(0.,1.,0.));
#621 = PLANE('',#622);
#622 = AXIS2_PLACEMENT_3D('',#623,#624,#625);
#623 = CARTESIAN_POINT('',(-0.7,-0.6,0.405));
#624 = DIRECTION('',(1.,0.,0.));
#625 = DIRECTION('',(0.,0.,1.));
#626 = ADVANCED_FACE('',(#627),#690,.T.);
#627 = FACE_BOUND('',#628,.T.);
#628 = EDGE_LOOP('',(#629,#639,#646,#647,#648,#649,#658,#666,#675,#683)
  );
#629 = ORIENTED_EDGE('',*,*,#630,.F.);
#630 = EDGE_CURVE('',#631,#633,#635,.T.);
#631 = VERTEX_POINT('',#632);
#632 = CARTESIAN_POINT('',(0.745,0.6,-2.775557561563E-17));
#633 = VERTEX_POINT('',#634);
#634 = CARTESIAN_POINT('',(0.955,0.6,-2.775557561563E-17));
#635 = LINE('',#636,#637);
#636 = CARTESIAN_POINT('',(0.7,0.6,0.));
#637 = VECTOR('',#638,1.);
#638 = DIRECTION('',(1.,0.,0.));
#639 = ORIENTED_EDGE('',*,*,#640,.F.);
#640 = EDGE_CURVE('',#468,#631,#641,.T.);
#641 = CIRCLE('',#642,4.5E-02);
#642 = AXIS2_PLACEMENT_3D('',#643,#644,#645);
#643 = CARTESIAN_POINT('',(0.745,0.6,4.5E-02));
#644 = DIRECTION('',(0.,-1.,0.));
#645 = DIRECTION('',(0.,0.,1.));
#646 = ORIENTED_EDGE('',*,*,#467,.T.);
#647 = ORIENTED_EDGE('',*,*,#459,.T.);
#648 = ORIENTED_EDGE('',*,*,#451,.F.);
#649 = ORIENTED_EDGE('',*,*,#650,.T.);
#650 = EDGE_CURVE('',#444,#651,#653,.T.);
#651 = VERTEX_POINT('',#652);
#652 = CARTESIAN_POINT('',(0.745,0.6,0.45));
#653 = CIRCLE('',#654,4.5E-02);
#654 = AXIS2_PLACEMENT_3D('',#655,#656,#657);
#655 = CARTESIAN_POINT('',(0.745,0.6,0.405));
#656 = DIRECTION('',(0.,1.,0.));
#657 = DIRECTION('',(0.,-0.,1.));
#658 = ORIENTED_EDGE('',*,*,#659,.T.);
#659 = EDGE_CURVE('',#651,#660,#662,.T.);
#660 = VERTEX_POINT('',#661);
#661 = CARTESIAN_POINT('',(0.955,0.6,0.45));
#662 = LINE('',#663,#664);
#663 = CARTESIAN_POINT('',(0.7,0.6,0.45));
#664 = VECTOR('',#665,1.);
#665 = DIRECTION('',(1.,0.,0.));
#666 = ORIENTED_EDGE('',*,*,#667,.F.);
#667 = EDGE_CURVE('',#668,#660,#670,.T.);
#668 = VERTEX_POINT('',#669);
#669 = CARTESIAN_POINT('',(1.,0.6,0.405));
#670 = CIRCLE('',#671,4.5E-02);
#671 = AXIS2_PLACEMENT_3D('',#672,#673,#674);
#672 = CARTESIAN_POINT('',(0.955,0.6,0.405));
#673 = DIRECTION('',(0.,-1.,0.));
#674 = DIRECTION('',(0.,0.,1.));
#675 = ORIENTED_EDGE('',*,*,#676,.F.);
#676 = EDGE_CURVE('',#677,#668,#679,.T.);
#677 = VERTEX_POINT('',#678);
#678 = CARTESIAN_POINT('',(1.,0.6,4.5E-02));
#679 = LINE('',#680,#681);
#680 = CARTESIAN_POINT('',(1.,0.6,0.));
#681 = VECTOR('',#682,1.);
#682 = DIRECTION('',(0.,0.,1.));
#683 = ORIENTED_EDGE('',*,*,#684,.T.);
#684 = EDGE_CURVE('',#677,#633,#685,.T.);
#685 = CIRCLE('',#686,4.5E-02);
#686 = AXIS2_PLACEMENT_3D('',#687,#688,#689);
#687 = CARTESIAN_POINT('',(0.955,0.6,4.5E-02));
#688 = DIRECTION('',(0.,1.,0.));
#689 = DIRECTION('',(0.,-0.,1.));
#690 = PLANE('',#691);
#691 = AXIS2_PLACEMENT_3D('',#692,#693,#694);
#692 = CARTESIAN_POINT('',(0.7,0.6,0.));
#693 = DIRECTION('',(0.,1.,0.));
#694 = DIRECTION('',(0.,-0.,1.));
#695 = ADVANCED_FACE('',(#696),#714,.T.);
#696 = FACE_BOUND('',#697,.T.);
#697 = EDGE_LOOP('',(#698,#699,#700,#708));
#698 = ORIENTED_EDGE('',*,*,#443,.F.);
#699 = ORIENTED_EDGE('',*,*,#608,.T.);
#700 = ORIENTED_EDGE('',*,*,#701,.T.);
#701 = EDGE_CURVE('',#609,#702,#704,.T.);
#702 = VERTEX_POINT('',#703);
#703 = CARTESIAN_POINT('',(0.7,0.6,0.45));
#704 = LINE('',#705,#706);
#705 = CARTESIAN_POINT('',(-0.7,0.6,0.45));
#706 = VECTOR('',#707,1.);
#707 = DIRECTION('',(1.,0.,0.));
#708 = ORIENTED_EDGE('',*,*,#709,.F.);
#709 = EDGE_CURVE('',#444,#702,#710,.T.);
#710 = LINE('',#711,#712);
#711 = CARTESIAN_POINT('',(0.7,0.6,0.405));
#712 = VECTOR('',#713,1.);
#713 = DIRECTION('',(0.,0.,1.));
#714 = PLANE('',#715);
#715 = AXIS2_PLACEMENT_3D('',#716,#717,#718);
#716 = CARTESIAN_POINT('',(-0.7,0.6,0.405));
#717 = DIRECTION('',(0.,1.,0.));
#718 = DIRECTION('',(0.,-0.,1.));
#719 = ADVANCED_FACE('',(#720),#731,.T.);
#720 = FACE_BOUND('',#721,.T.);
#721 = EDGE_LOOP('',(#722,#723,#724,#730));
#722 = ORIENTED_EDGE('',*,*,#491,.T.);
#723 = ORIENTED_EDGE('',*,*,#640,.T.);
#724 = ORIENTED_EDGE('',*,*,#725,.F.);
#725 = EDGE_CURVE('',#507,#631,#726,.T.);
#726 = LINE('',#727,#728);
#727 = CARTESIAN_POINT('',(0.745,-0.6,-2.775557561563E-17));
#728 = VECTOR('',#729,1.);
#729 = DIRECTION('',(0.,1.,0.));
#730 = ORIENTED_EDGE('',*,*,#516,.F.);
#731 = CYLINDRICAL_SURFACE('',#732,4.5E-02);
#732 = AXIS2_PLACEMENT_3D('',#733,#734,#735);
#733 = CARTESIAN_POINT('',(0.745,-0.6,4.5E-02));
#734 = DIRECTION('',(0.,1.,0.));
#735 = DIRECTION('',(-1.,0.,0.));
#736 = ADVANCED_FACE('',(#737),#748,.F.);
#737 = FACE_BOUND('',#738,.F.);
#738 = EDGE_LOOP('',(#739,#740,#741,#742));
#739 = ORIENTED_EDGE('',*,*,#630,.F.);
#740 = ORIENTED_EDGE('',*,*,#725,.F.);
#741 = ORIENTED_EDGE('',*,*,#506,.T.);
#742 = ORIENTED_EDGE('',*,*,#743,.T.);
#743 = EDGE_CURVE('',#509,#633,#744,.T.);
#744 = LINE('',#745,#746);
#745 = CARTESIAN_POINT('',(0.955,-0.6,-2.775557561563E-17));
#746 = VECTOR('',#747,1.);
#747 = DIRECTION('',(0.,1.,0.));
#748 = PLANE('',#749);
#749 = AXIS2_PLACEMENT_3D('',#750,#751,#752);
#750 = CARTESIAN_POINT('',(0.7,-0.6,0.));
#751 = DIRECTION('',(0.,0.,1.));
#752 = DIRECTION('',(1.,0.,-0.));
#753 = ADVANCED_FACE('',(#754),#765,.T.);
#754 = FACE_BOUND('',#755,.T.);
#755 = EDGE_LOOP('',(#756,#757,#758,#759));
#756 = ORIENTED_EDGE('',*,*,#560,.T.);
#757 = ORIENTED_EDGE('',*,*,#743,.T.);
#758 = ORIENTED_EDGE('',*,*,#684,.F.);
#759 = ORIENTED_EDGE('',*,*,#760,.F.);
#760 = EDGE_CURVE('',#553,#677,#761,.T.);
#761 = LINE('',#762,#763);
#762 = CARTESIAN_POINT('',(1.,-0.6,4.5E-02));
#763 = VECTOR('',#764,1.);
#764 = DIRECTION('',(0.,1.,0.));
#765 = CYLINDRICAL_SURFACE('',#766,4.5E-02);
#766 = AXIS2_PLACEMENT_3D('',#767,#768,#769);
#767 = CARTESIAN_POINT('',(0.955,-0.6,4.5E-02));
#768 = DIRECTION('',(0.,1.,0.));
#769 = DIRECTION('',(1.,0.,0.));
#770 = ADVANCED_FACE('',(#771),#782,.T.);
#771 = FACE_BOUND('',#772,.T.);
#772 = EDGE_LOOP('',(#773,#774,#775,#776));
#773 = ORIENTED_EDGE('',*,*,#552,.F.);
#774 = ORIENTED_EDGE('',*,*,#760,.T.);
#775 = ORIENTED_EDGE('',*,*,#676,.T.);
#776 = ORIENTED_EDGE('',*,*,#777,.F.);
#777 = EDGE_CURVE('',#544,#668,#778,.T.);
#778 = LINE('',#779,#780);
#779 = CARTESIAN_POINT('',(1.,-0.6,0.405));
#780 = VECTOR('',#781,1.);
#781 = DIRECTION('',(0.,1.,0.));
#782 = PLANE('',#783);
#783 = AXIS2_PLACEMENT_3D('',#784,#785,#786);
#784 = CARTESIAN_POINT('',(1.,-0.6,0.));
#785 = DIRECTION('',(1.,0.,0.));
#786 = DIRECTION('',(0.,0.,1.));
#787 = ADVANCED_FACE('',(#788),#799,.T.);
#788 = FACE_BOUND('',#789,.T.);
#789 = EDGE_LOOP('',(#790,#791,#792,#798));
#790 = ORIENTED_EDGE('',*,*,#777,.T.);
#791 = ORIENTED_EDGE('',*,*,#667,.T.);
#792 = ORIENTED_EDGE('',*,*,#793,.F.);
#793 = EDGE_CURVE('',#536,#660,#794,.T.);
#794 = LINE('',#795,#796);
#795 = CARTESIAN_POINT('',(0.955,-0.6,0.45));
#796 = VECTOR('',#797,1.);
#797 = DIRECTION('',(0.,1.,0.));
#798 = ORIENTED_EDGE('',*,*,#543,.F.);
#799 = CYLINDRICAL_SURFACE('',#800,4.5E-02);
#800 = AXIS2_PLACEMENT_3D('',#801,#802,#803);
#801 = CARTESIAN_POINT('',(0.955,-0.6,0.405));
#802 = DIRECTION('',(0.,1.,0.));
#803 = DIRECTION('',(1.,0.,0.));
#804 = ADVANCED_FACE('',(#805),#816,.T.);
#805 = FACE_BOUND('',#806,.T.);
#806 = EDGE_LOOP('',(#807,#808,#814,#815));
#807 = ORIENTED_EDGE('',*,*,#659,.F.);
#808 = ORIENTED_EDGE('',*,*,#809,.F.);
#809 = EDGE_CURVE('',#527,#651,#810,.T.);
#810 = LINE('',#811,#812);
#811 = CARTESIAN_POINT('',(0.745,-0.6,0.45));
#812 = VECTOR('',#813,1.);
#813 = DIRECTION('',(0.,1.,0.));
#814 = ORIENTED_EDGE('',*,*,#535,.T.);
#815 = ORIENTED_EDGE('',*,*,#793,.T.);
#816 = PLANE('',#817);
#817 = AXIS2_PLACEMENT_3D('',#818,#819,#820);
#818 = CARTESIAN_POINT('',(0.7,-0.6,0.45));
#819 = DIRECTION('',(0.,0.,1.));
#820 = DIRECTION('',(1.,0.,-0.));
#821 = ADVANCED_FACE('',(#822),#833,.T.);
#822 = FACE_BOUND('',#823,.T.);
#823 = EDGE_LOOP('',(#824,#825,#826,#827));
#824 = ORIENTED_EDGE('',*,*,#526,.T.);
#825 = ORIENTED_EDGE('',*,*,#809,.T.);
#826 = ORIENTED_EDGE('',*,*,#650,.F.);
#827 = ORIENTED_EDGE('',*,*,#828,.F.);
#828 = EDGE_CURVE('',#361,#444,#829,.T.);
#829 = LINE('',#830,#831);
#830 = CARTESIAN_POINT('',(0.7,-0.6,0.405));
#831 = VECTOR('',#832,1.);
#832 = DIRECTION('',(0.,1.,0.));
#833 = CYLINDRICAL_SURFACE('',#834,4.5E-02);
#834 = AXIS2_PLACEMENT_3D('',#835,#836,#837);
#835 = CARTESIAN_POINT('',(0.745,-0.6,0.405));
#836 = DIRECTION('',(0.,1.,0.));
#837 = DIRECTION('',(-1.,0.,0.));
#838 = ADVANCED_FACE('',(#839),#850,.T.);
#839 = FACE_BOUND('',#840,.T.);
#840 = EDGE_LOOP('',(#841,#842,#843,#844));
#841 = ORIENTED_EDGE('',*,*,#592,.F.);
#842 = ORIENTED_EDGE('',*,*,#828,.T.);
#843 = ORIENTED_EDGE('',*,*,#709,.T.);
#844 = ORIENTED_EDGE('',*,*,#845,.F.);
#845 = EDGE_CURVE('',#585,#702,#846,.T.);
#846 = LINE('',#847,#848);
#847 = CARTESIAN_POINT('',(0.7,-0.6,0.45));
#848 = VECTOR('',#849,1.);
#849 = DIRECTION('',(0.,1.,0.));
#850 = PLANE('',#851);
#851 = AXIS2_PLACEMENT_3D('',#852,#853,#854);
#852 = CARTESIAN_POINT('',(0.7,-0.6,0.405));
#853 = DIRECTION('',(1.,0.,0.));
#854 = DIRECTION('',(0.,0.,1.));
#855 = ADVANCED_FACE('',(#856),#862,.T.);
#856 = FACE_BOUND('',#857,.T.);
#857 = EDGE_LOOP('',(#858,#859,#860,#861));
#858 = ORIENTED_EDGE('',*,*,#616,.F.);
#859 = ORIENTED_EDGE('',*,*,#584,.T.);
#860 = ORIENTED_EDGE('',*,*,#845,.T.);
#861 = ORIENTED_EDGE('',*,*,#701,.F.);
#862 = PLANE('',#863);
#863 = AXIS2_PLACEMENT_3D('',#864,#865,#866);
#864 = CARTESIAN_POINT('',(-0.7,-0.6,0.45));
#865 = DIRECTION('',(0.,0.,1.));
#866 = DIRECTION('',(1.,0.,-0.));
#867 = ( GEOMETRIC_REPRESENTATION_CONTEXT(3) 
GLOBAL_UNCERTAINTY_ASSIGNED_CONTEXT((#871)) GLOBAL_UNIT_ASSIGNED_CONTEXT
((#868,#869,#870)) REPRESENTATION_CONTEXT('Context #1',
  '3D Context with UNIT and UNCERTAINTY') );
#868 = ( LENGTH_UNIT() NAMED_UNIT(*) SI_UNIT(.MILLI.,.METRE.) );
#869 = ( NAMED_UNIT(*) PLANE_ANGLE_UNIT() SI_UNIT($,.RADIAN.) );
#870 = ( NAMED_UNIT(*) SI_UNIT($,.STERADIAN.) SOLID_ANGLE_UNIT() );
#871 = UNCERTAINTY_MEASURE_WITH_UNIT(LENGTH_MEASURE(1.E-07),#868,
  'distance_accuracy_value','confusion accuracy');
#872 = CONTEXT_DEPENDENT_SHAPE_REPRESENTATION(#873,#875);
#873 = ( REPRESENTATION_RELATIONSHIP('','',#76,#10) 
REPRESENTATION_RELATIONSHIP_WITH_TRANSFORMATION(#874) 
SHAPE_REPRESENTATION_RELATIONSHIP() );
#874 = ITEM_DEFINED_TRANSFORMATION('','',#11,#15);
#875 = PRODUCT_DEFINITION_SHAPE('Placement','Placement of an item',#876
  );
#876 = NEXT_ASSEMBLY_USAGE_OCCURRENCE('1','R2','',#5,#71,$);
#877 = PRODUCT_RELATED_PRODUCT_CATEGORY('part',$,(#73));
#878 = CONTEXT_DEPENDENT_SHAPE_REPRESENTATION(#879,#881);
#879 = ( REPRESENTATION_RELATIONSHIP('','',#76,#10) 
REPRESENTATION_RELATIONSHIP_WITH_TRANSFORMATION(#880) 
SHAPE_REPRESENTATION_RELATIONSHIP() );
#880 = ITEM_DEFINED_TRANSFORMATION('','',#11,#19);
#881 = PRODUCT_DEFINITION_SHAPE('Placement','Placement of an item',#882
  );
#882 = NEXT_ASSEMBLY_USAGE_OCCURRENCE('2','SDA1','',#5,#71,$);
#883 = SHAPE_DEFINITION_REPRESENTATION(#884,#890);
#884 = PRODUCT_DEFINITION_SHAPE('','',#885);
#885 = PRODUCT_DEFINITION('design','',#886,#889);
#886 = PRODUCT_DEFINITION_FORMATION('','',#887);
#887 = PRODUCT('PinHeader_1x06_P2.54mm_Vertical',
  'PinHeader_1x06_P2.54mm_Vertical','',(#888));
#888 = PRODUCT_CONTEXT('',#2,'mechanical');
#889 = PRODUCT_DEFINITION_CONTEXT('part definition',#2,'design');
#890 = ADVANCED_BREP_SHAPE_REPRESENTATION('',(#11,#891),#5019);
#891 = MANIFOLD_SOLID_BREP('',#892);
#892 = CLOSED_SHELL('',(#893,#933,#964,#995,#1488,#1981,#1998,#2015,
    #2032,#2049,#2066,#2083,#2100,#2117,#2134,#2151,#2168,#2185,#2202,
    #2219,#2236,#2253,#2270,#2287,#2304,#2321,#2338,#2355,#2372,#2389,
    #2406,#2423,#2440,#2457,#2474,#2491,#2508,#2525,#2542,#2559,#2571,
    #2602,#2626,#2650,#2667,#2698,#2722,#2746,#2763,#2794,#2818,#2842,
    #2859,#2890,#2914,#2938,#2955,#2986,#3010,#3034,#3051,#3082,#3106,
    #3130,#3147,#3178,#3202,#3226,#3243,#3274,#3298,#3322,#3339,#3370,
    #3394,#3418,#3435,#3466,#3490,#3514,#3531,#3562,#3586,#3610,#3627,
    #3658,#3682,#3706,#3723,#3754,#3778,#3802,#3819,#3850,#3874,#3898,
    #3915,#3946,#3970,#3994,#4011,#4042,#4066,#4090,#4107,#4138,#4162,
    #4186,#4203,#4234,#4258,#4282,#4299,#4330,#4354,#4378,#4395,#4426,
    #4450,#4474,#4491,#4522,#4546,#4570,#4587,#4618,#4642,#4666,#4683,
    #4714,#4738,#4762,#4779,#4810,#4834,#4858,#4875,#4887,#4899,#4911,
    #4923,#4935,#4947,#4959,#4971,#4983,#4995,#5007));
#893 = ADVANCED_FACE('',(#894),#928,.F.);
#894 = FACE_BOUND('',#895,.F.);
#895 = EDGE_LOOP('',(#896,#906,#914,#922));
#896 = ORIENTED_EDGE('',*,*,#897,.T.);
#897 = EDGE_CURVE('',#898,#900,#902,.T.);
#898 = VERTEX_POINT('',#899);
#899 = CARTESIAN_POINT('',(-1.016,1.27,0.));
#900 = VERTEX_POINT('',#901);
#901 = CARTESIAN_POINT('',(-1.016,1.27,2.54));
#902 = LINE('',#903,#904);
#903 = CARTESIAN_POINT('',(-1.016,1.27,0.));
#904 = VECTOR('',#905,1.);
#905 = DIRECTION('',(0.,0.,1.));
#906 = ORIENTED_EDGE('',*,*,#907,.T.);
#907 = EDGE_CURVE('',#900,#908,#910,.T.);
#908 = VERTEX_POINT('',#909);
#909 = CARTESIAN_POINT('',(-1.27,1.016,2.54));
#910 = LINE('',#911,#912);
#911 = CARTESIAN_POINT('',(-1.016,1.27,2.54));
#912 = VECTOR('',#913,1.);
#913 = DIRECTION('',(-0.707106781187,-0.707106781187,0.));
#914 = ORIENTED_EDGE('',*,*,#915,.F.);
#915 = EDGE_CURVE('',#916,#908,#918,.T.);
#916 = VERTEX_POINT('',#917);
#917 = CARTESIAN_POINT('',(-1.27,1.016,0.));
#918 = LINE('',#919,#920);
#919 = CARTESIAN_POINT('',(-1.27,1.016,0.));
#920 = VECTOR('',#921,1.);
#921 = DIRECTION('',(0.,0.,1.));
#922 = ORIENTED_EDGE('',*,*,#923,.F.);
#923 = EDGE_CURVE('',#898,#916,#924,.T.);
#924 = LINE('',#925,#926);
#925 = CARTESIAN_POINT('',(-1.016,1.27,0.));
#926 = VECTOR('',#927,1.);
#927 = DIRECTION('',(-0.707106781187,-0.707106781187,0.));
#928 = PLANE('',#929);
#929 = AXIS2_PLACEMENT_3D('',#930,#931,#932);
#930 = CARTESIAN_POINT('',(-1.016,1.27,0.));
#931 = DIRECTION('',(0.707106781187,-0.707106781187,0.));
#932 = DIRECTION('',(-0.707106781187,-0.707106781187,0.));
#933 = ADVANCED_FACE('',(#934),#959,.F.);
#934 = FACE_BOUND('',#935,.F.);
#935 = EDGE_LOOP('',(#936,#946,#952,#953));
#936 = ORIENTED_EDGE('',*,*,#937,.T.);
#937 = EDGE_CURVE('',#938,#940,#942,.T.);
#938 = VERTEX_POINT('',#939);
#939 = CARTESIAN_POINT('',(1.016,1.27,0.));
#940 = VERTEX_POINT('',#941);
#941 = CARTESIAN_POINT('',(1.016,1.27,2.54));
#942 = LINE('',#943,#944);
#943 = CARTESIAN_POINT('',(1.016,1.27,0.));
#944 = VECTOR('',#945,1.);
#945 = DIRECTION('',(0.,0.,1.));
#946 = ORIENTED_EDGE('',*,*,#947,.T.);
#947 = EDGE_CURVE('',#940,#900,#948,.T.);
#948 = LINE('',#949,#950);
#949 = CARTESIAN_POINT('',(1.016,1.27,2.54));
#950 = VECTOR('',#951,1.);
#951 = DIRECTION('',(-1.,0.,0.));
#952 = ORIENTED_EDGE('',*,*,#897,.F.);
#953 = ORIENTED_EDGE('',*,*,#954,.F.);
#954 = EDGE_CURVE('',#938,#898,#955,.T.);
#955 = LINE('',#956,#957);
#956 = CARTESIAN_POINT('',(1.016,1.27,0.));
#957 = VECTOR('',#958,1.);
#958 = DIRECTION('',(-1.,0.,0.));
#959 = PLANE('',#960);
#960 = AXIS2_PLACEMENT_3D('',#961,#962,#963);
#961 = CARTESIAN_POINT('',(1.016,1.27,0.));
#962 = DIRECTION('',(0.,-1.,0.));
#963 = DIRECTION('',(-1.,0.,0.));
#964 = ADVANCED_FACE('',(#965),#990,.F.);
#965 = FACE_BOUND('',#966,.F.);
#966 = EDGE_LOOP('',(#967,#968,#976,#984));
#967 = ORIENTED_EDGE('',*,*,#915,.T.);
#968 = ORIENTED_EDGE('',*,*,#969,.T.);
#969 = EDGE_CURVE('',#908,#970,#972,.T.);
#970 = VERTEX_POINT('',#971);
#971 = CARTESIAN_POINT('',(-1.27,-1.016,2.54));
#972 = LINE('',#973,#974);
#973 = CARTESIAN_POINT('',(-1.27,1.016,2.54));
#974 = VECTOR('',#975,1.);
#975 = DIRECTION('',(0.,-1.,0.));
#976 = ORIENTED_EDGE('',*,*,#977,.F.);
#977 = EDGE_CURVE('',#978,#970,#980,.T.);
#978 = VERTEX_POINT('',#979);
#979 = CARTESIAN_POINT('',(-1.27,-1.016,0.));
#980 = LINE('',#981,#982);
#981 = CARTESIAN_POINT('',(-1.27,-1.016,0.));
#982 = VECTOR('',#983,1.);
#983 = DIRECTION('',(0.,0.,1.));
#984 = ORIENTED_EDGE('',*,*,#985,.F.);
#985 = EDGE_CURVE('',#916,#978,#986,.T.);
#986 = LINE('',#987,#988);
#987 = CARTESIAN_POINT('',(-1.27,1.016,0.));
#988 = VECTOR('',#989,1.);
#989 = DIRECTION('',(0.,-1.,0.));
#990 = PLANE('',#991);
#991 = AXIS2_PLACEMENT_3D('',#992,#993,#994);
#992 = CARTESIAN_POINT('',(-1.27,1.016,0.));
#993 = DIRECTION('',(1.,0.,0.));
#994 = DIRECTION('',(0.,-1.,0.));
#995 = ADVANCED_FACE('',(#996,#1279,#1313,#1347,#1381,#1415,#1449),#1483
  ,.F.);
#996 = FACE_BOUND('',#997,.F.);
#997 = EDGE_LOOP('',(#998,#999,#1000,#1008,#1016,#1024,#1032,#1040,#1048
    ,#1056,#1064,#1072,#1080,#1088,#1096,#1104,#1112,#1120,#1128,#1136,
    #1144,#1152,#1160,#1168,#1176,#1184,#1192,#1200,#1208,#1216,#1224,
    #1232,#1240,#1248,#1256,#1264,#1272,#1278));
#998 = ORIENTED_EDGE('',*,*,#923,.T.);
#999 = ORIENTED_EDGE('',*,*,#985,.T.);
#1000 = ORIENTED_EDGE('',*,*,#1001,.T.);
#1001 = EDGE_CURVE('',#978,#1002,#1004,.T.);
#1002 = VERTEX_POINT('',#1003);
#1003 = CARTESIAN_POINT('',(-1.016,-1.27,0.));
#1004 = LINE('',#1005,#1006);
#1005 = CARTESIAN_POINT('',(-1.27,-1.016,0.));
#1006 = VECTOR('',#1007,1.);
#1007 = DIRECTION('',(0.707106781187,-0.707106781187,0.));
#1008 = ORIENTED_EDGE('',*,*,#1009,.T.);
#1009 = EDGE_CURVE('',#1002,#1010,#1012,.T.);
#1010 = VERTEX_POINT('',#1011);
#1011 = CARTESIAN_POINT('',(-1.27,-1.524,0.));
#1012 = LINE('',#1013,#1014);
#1013 = CARTESIAN_POINT('',(-1.016,-1.27,0.));
#1014 = VECTOR('',#1015,1.);
#1015 = DIRECTION('',(-0.707106781187,-0.707106781187,0.));
#1016 = ORIENTED_EDGE('',*,*,#1017,.T.);
#1017 = EDGE_CURVE('',#1010,#1018,#1020,.T.);
#1018 = VERTEX_POINT('',#1019);
#1019 = CARTESIAN_POINT('',(-1.27,-3.556,0.));
#1020 = LINE('',#1021,#1022);
#1021 = CARTESIAN_POINT('',(-1.27,-1.524,0.));
#1022 = VECTOR('',#1023,1.);
#1023 = DIRECTION('',(0.,-1.,0.));
#1024 = ORIENTED_EDGE('',*,*,#1025,.T.);
#1025 = EDGE_CURVE('',#1018,#1026,#1028,.T.);
#1026 = VERTEX_POINT('',#1027);
#1027 = CARTESIAN_POINT('',(-1.016,-3.81,0.));
#1028 = LINE('',#1029,#1030);
#1029 = CARTESIAN_POINT('',(-1.27,-3.556,0.));
#1030 = VECTOR('',#1031,1.);
#1031 = DIRECTION('',(0.707106781187,-0.707106781187,0.));
#1032 = ORIENTED_EDGE('',*,*,#1033,.T.);
#1033 = EDGE_CURVE('',#1026,#1034,#1036,.T.);
#1034 = VERTEX_POINT('',#1035);
#1035 = CARTESIAN_POINT('',(-1.27,-4.064,0.));
#1036 = LINE('',#1037,#1038);
#1037 = CARTESIAN_POINT('',(-1.016,-3.81,0.));
#1038 = VECTOR('',#1039,1.);
#1039 = DIRECTION('',(-0.707106781187,-0.707106781187,0.));
#1040 = ORIENTED_EDGE('',*,*,#1041,.T.);
#1041 = EDGE_CURVE('',#1034,#1042,#1044,.T.);
#1042 = VERTEX_POINT('',#1043);
#1043 = CARTESIAN_POINT('',(-1.27,-6.096,0.));
#1044 = LINE('',#1045,#1046);
#1045 = CARTESIAN_POINT('',(-1.27,-4.064,0.));
#1046 = VECTOR('',#1047,1.);
#1047 = DIRECTION('',(0.,-1.,0.));
#1048 = ORIENTED_EDGE('',*,*,#1049,.T.);
#1049 = EDGE_CURVE('',#1042,#1050,#1052,.T.);
#1050 = VERTEX_POINT('',#1051);
#1051 = CARTESIAN_POINT('',(-1.016,-6.35,0.));
#1052 = LINE('',#1053,#1054);
#1053 = CARTESIAN_POINT('',(-1.27,-6.096,0.));
#1054 = VECTOR('',#1055,1.);
#1055 = DIRECTION('',(0.707106781187,-0.707106781187,0.));
#1056 = ORIENTED_EDGE('',*,*,#1057,.T.);
#1057 = EDGE_CURVE('',#1050,#1058,#1060,.T.);
#1058 = VERTEX_POINT('',#1059);
#1059 = CARTESIAN_POINT('',(-1.27,-6.604,0.));
#1060 = LINE('',#1061,#1062);
#1061 = CARTESIAN_POINT('',(-1.016,-6.35,0.));
#1062 = VECTOR('',#1063,1.);
#1063 = DIRECTION('',(-0.707106781187,-0.707106781187,0.));
#1064 = ORIENTED_EDGE('',*,*,#1065,.T.);
#1065 = EDGE_CURVE('',#1058,#1066,#1068,.T.);
#1066 = VERTEX_POINT('',#1067);
#1067 = CARTESIAN_POINT('',(-1.27,-8.636,0.));
#1068 = LINE('',#1069,#1070);
#1069 = CARTESIAN_POINT('',(-1.27,-6.604,0.));
#1070 = VECTOR('',#1071,1.);
#1071 = DIRECTION('',(0.,-1.,0.));
#1072 = ORIENTED_EDGE('',*,*,#1073,.T.);
#1073 = EDGE_CURVE('',#1066,#1074,#1076,.T.);
#1074 = VERTEX_POINT('',#1075);
#1075 = CARTESIAN_POINT('',(-1.016,-8.89,0.));
#1076 = LINE('',#1077,#1078);
#1077 = CARTESIAN_POINT('',(-1.27,-8.636,0.));
#1078 = VECTOR('',#1079,1.);
#1079 = DIRECTION('',(0.707106781187,-0.707106781187,0.));
#1080 = ORIENTED_EDGE('',*,*,#1081,.T.);
#1081 = EDGE_CURVE('',#1074,#1082,#1084,.T.);
#1082 = VERTEX_POINT('',#1083);
#1083 = CARTESIAN_POINT('',(-1.27,-9.144,0.));
#1084 = LINE('',#1085,#1086);
#1085 = CARTESIAN_POINT('',(-1.016,-8.89,0.));
#1086 = VECTOR('',#1087,1.);
#1087 = DIRECTION('',(-0.707106781187,-0.707106781187,0.));
#1088 = ORIENTED_EDGE('',*,*,#1089,.T.);
#1089 = EDGE_CURVE('',#1082,#1090,#1092,.T.);
#1090 = VERTEX_POINT('',#1091);
#1091 = CARTESIAN_POINT('',(-1.27,-11.176,0.));
#1092 = LINE('',#1093,#1094);
#1093 = CARTESIAN_POINT('',(-1.27,-9.144,0.));
#1094 = VECTOR('',#1095,1.);
#1095 = DIRECTION('',(0.,-1.,0.));
#1096 = ORIENTED_EDGE('',*,*,#1097,.T.);
#1097 = EDGE_CURVE('',#1090,#1098,#1100,.T.);
#1098 = VERTEX_POINT('',#1099);
#1099 = CARTESIAN_POINT('',(-1.016,-11.43,0.));
#1100 = LINE('',#1101,#1102);
#1101 = CARTESIAN_POINT('',(-1.27,-11.176,0.));
#1102 = VECTOR('',#1103,1.);
#1103 = DIRECTION('',(0.707106781187,-0.707106781187,0.));
#1104 = ORIENTED_EDGE('',*,*,#1105,.T.);
#1105 = EDGE_CURVE('',#1098,#1106,#1108,.T.);
#1106 = VERTEX_POINT('',#1107);
#1107 = CARTESIAN_POINT('',(-1.27,-11.684,0.));
#1108 = LINE('',#1109,#1110);
#1109 = CARTESIAN_POINT('',(-1.016,-11.43,0.));
#1110 = VECTOR('',#1111,1.);
#1111 = DIRECTION('',(-0.707106781187,-0.707106781187,0.));
#1112 = ORIENTED_EDGE('',*,*,#1113,.T.);
#1113 = EDGE_CURVE('',#1106,#1114,#1116,.T.);
#1114 = VERTEX_POINT('',#1115);
#1115 = CARTESIAN_POINT('',(-1.27,-13.716,0.));
#1116 = LINE('',#1117,#1118);
#1117 = CARTESIAN_POINT('',(-1.27,-11.684,0.));
#1118 = VECTOR('',#1119,1.);
#1119 = DIRECTION('',(0.,-1.,0.));
#1120 = ORIENTED_EDGE('',*,*,#1121,.T.);
#1121 = EDGE_CURVE('',#1114,#1122,#1124,.T.);
#1122 = VERTEX_POINT('',#1123);
#1123 = CARTESIAN_POINT('',(-1.016,-13.97,0.));
#1124 = LINE('',#1125,#1126);
#1125 = CARTESIAN_POINT('',(-1.27,-13.716,0.));
#1126 = VECTOR('',#1127,1.);
#1127 = DIRECTION('',(0.707106781187,-0.707106781187,0.));
#1128 = ORIENTED_EDGE('',*,*,#1129,.T.);
#1129 = EDGE_CURVE('',#1122,#1130,#1132,.T.);
#1130 = VERTEX_POINT('',#1131);
#1131 = CARTESIAN_POINT('',(1.016,-13.97,0.));
#1132 = LINE('',#1133,#1134);
#1133 = CARTESIAN_POINT('',(-1.016,-13.97,0.));
#1134 = VECTOR('',#1135,1.);
#1135 = DIRECTION('',(1.,0.,0.));
#1136 = ORIENTED_EDGE('',*,*,#1137,.T.);
#1137 = EDGE_CURVE('',#1130,#1138,#1140,.T.);
#1138 = VERTEX_POINT('',#1139);
#1139 = CARTESIAN_POINT('',(1.27,-13.716,0.));
#1140 = LINE('',#1141,#1142);
#1141 = CARTESIAN_POINT('',(1.016,-13.97,0.));
#1142 = VECTOR('',#1143,1.);
#1143 = DIRECTION('',(0.707106781187,0.707106781187,0.));
#1144 = ORIENTED_EDGE('',*,*,#1145,.T.);
#1145 = EDGE_CURVE('',#1138,#1146,#1148,.T.);
#1146 = VERTEX_POINT('',#1147);
#1147 = CARTESIAN_POINT('',(1.27,-11.684,0.));
#1148 = LINE('',#1149,#1150);
#1149 = CARTESIAN_POINT('',(1.27,-13.716,0.));
#1150 = VECTOR('',#1151,1.);
#1151 = DIRECTION('',(0.,1.,0.));
#1152 = ORIENTED_EDGE('',*,*,#1153,.T.);
#1153 = EDGE_CURVE('',#1146,#1154,#1156,.T.);
#1154 = VERTEX_POINT('',#1155);
#1155 = CARTESIAN_POINT('',(1.016,-11.43,0.));
#1156 = LINE('',#1157,#1158);
#1157 = CARTESIAN_POINT('',(1.27,-11.684,0.));
#1158 = VECTOR('',#1159,1.);
#1159 = DIRECTION('',(-0.707106781187,0.707106781187,0.));
#1160 = ORIENTED_EDGE('',*,*,#1161,.T.);
#1161 = EDGE_CURVE('',#1154,#1162,#1164,.T.);
#1162 = VERTEX_POINT('',#1163);
#1163 = CARTESIAN_POINT('',(1.27,-11.176,0.));
#1164 = LINE('',#1165,#1166);
#1165 = CARTESIAN_POINT('',(1.016,-11.43,0.));
#1166 = VECTOR('',#1167,1.);
#1167 = DIRECTION('',(0.707106781187,0.707106781187,0.));
#1168 = ORIENTED_EDGE('',*,*,#1169,.T.);
#1169 = EDGE_CURVE('',#1162,#1170,#1172,.T.);
#1170 = VERTEX_POINT('',#1171);
#1171 = CARTESIAN_POINT('',(1.27,-9.144,0.));
#1172 = LINE('',#1173,#1174);
#1173 = CARTESIAN_POINT('',(1.27,-11.176,0.));
#1174 = VECTOR('',#1175,1.);
#1175 = DIRECTION('',(0.,1.,0.));
#1176 = ORIENTED_EDGE('',*,*,#1177,.T.);
#1177 = EDGE_CURVE('',#1170,#1178,#1180,.T.);
#1178 = VERTEX_POINT('',#1179);
#1179 = CARTESIAN_POINT('',(1.016,-8.89,0.));
#1180 = LINE('',#1181,#1182);
#1181 = CARTESIAN_POINT('',(1.27,-9.144,0.));
#1182 = VECTOR('',#1183,1.);
#1183 = DIRECTION('',(-0.707106781187,0.707106781187,0.));
#1184 = ORIENTED_EDGE('',*,*,#1185,.T.);
#1185 = EDGE_CURVE('',#1178,#1186,#1188,.T.);
#1186 = VERTEX_POINT('',#1187);
#1187 = CARTESIAN_POINT('',(1.27,-8.636,0.));
#1188 = LINE('',#1189,#1190);
#1189 = CARTESIAN_POINT('',(1.016,-8.89,0.));
#1190 = VECTOR('',#1191,1.);
#1191 = DIRECTION('',(0.707106781187,0.707106781187,0.));
#1192 = ORIENTED_EDGE('',*,*,#1193,.T.);
#1193 = EDGE_CURVE('',#1186,#1194,#1196,.T.);
#1194 = VERTEX_POINT('',#1195);
#1195 = CARTESIAN_POINT('',(1.27,-6.604,0.));
#1196 = LINE('',#1197,#1198);
#1197 = CARTESIAN_POINT('',(1.27,-8.636,0.));
#1198 = VECTOR('',#1199,1.);
#1199 = DIRECTION('',(0.,1.,0.));
#1200 = ORIENTED_EDGE('',*,*,#1201,.T.);
#1201 = EDGE_CURVE('',#1194,#1202,#1204,.T.);
#1202 = VERTEX_POINT('',#1203);
#1203 = CARTESIAN_POINT('',(1.016,-6.35,0.));
#1204 = LINE('',#1205,#1206);
#1205 = CARTESIAN_POINT('',(1.27,-6.604,0.));
#1206 = VECTOR('',#1207,1.);
#1207 = DIRECTION('',(-0.707106781187,0.707106781187,0.));
#1208 = ORIENTED_EDGE('',*,*,#1209,.T.);
#1209 = EDGE_CURVE('',#1202,#1210,#1212,.T.);
#1210 = VERTEX_POINT('',#1211);
#1211 = CARTESIAN_POINT('',(1.27,-6.096,0.));
#1212 = LINE('',#1213,#1214);
#1213 = CARTESIAN_POINT('',(1.016,-6.35,0.));
#1214 = VECTOR('',#1215,1.);
#1215 = DIRECTION('',(0.707106781187,0.707106781187,0.));
#1216 = ORIENTED_EDGE('',*,*,#1217,.T.);
#1217 = EDGE_CURVE('',#1210,#1218,#1220,.T.);
#1218 = VERTEX_POINT('',#1219);
#1219 = CARTESIAN_POINT('',(1.27,-4.064,0.));
#1220 = LINE('',#1221,#1222);
#1221 = CARTESIAN_POINT('',(1.27,-6.096,0.));
#1222 = VECTOR('',#1223,1.);
#1223 = DIRECTION('',(0.,1.,0.));
#1224 = ORIENTED_EDGE('',*,*,#1225,.T.);
#1225 = EDGE_CURVE('',#1218,#1226,#1228,.T.);
#1226 = VERTEX_POINT('',#1227);
#1227 = CARTESIAN_POINT('',(1.016,-3.81,0.));
#1228 = LINE('',#1229,#1230);
#1229 = CARTESIAN_POINT('',(1.27,-4.064,0.));
#1230 = VECTOR('',#1231,1.);
#1231 = DIRECTION('',(-0.707106781187,0.707106781187,0.));
#1232 = ORIENTED_EDGE('',*,*,#1233,.T.);
#1233 = EDGE_CURVE('',#1226,#1234,#1236,.T.);
#1234 = VERTEX_POINT('',#1235);
#1235 = CARTESIAN_POINT('',(1.27,-3.556,0.));
#1236 = LINE('',#1237,#1238);
#1237 = CARTESIAN_POINT('',(1.016,-3.81,0.));
#1238 = VECTOR('',#1239,1.);
#1239 = DIRECTION('',(0.707106781187,0.707106781187,0.));
#1240 = ORIENTED_EDGE('',*,*,#1241,.T.);
#1241 = EDGE_CURVE('',#1234,#1242,#1244,.T.);
#1242 = VERTEX_POINT('',#1243);
#1243 = CARTESIAN_POINT('',(1.27,-1.524,0.));
#1244 = LINE('',#1245,#1246);
#1245 = CARTESIAN_POINT('',(1.27,-3.556,0.));
#1246 = VECTOR('',#1247,1.);
#1247 = DIRECTION('',(0.,1.,0.));
#1248 = ORIENTED_EDGE('',*,*,#1249,.T.);
#1249 = EDGE_CURVE('',#1242,#1250,#1252,.T.);
#1250 = VERTEX_POINT('',#1251);
#1251 = CARTESIAN_POINT('',(1.016,-1.27,0.));
#1252 = LINE('',#1253,#1254);
#1253 = CARTESIAN_POINT('',(1.27,-1.524,0.));
#1254 = VECTOR('',#1255,1.);
#1255 = DIRECTION('',(-0.707106781187,0.707106781187,0.));
#1256 = ORIENTED_EDGE('',*,*,#1257,.T.);
#1257 = EDGE_CURVE('',#1250,#1258,#1260,.T.);
#1258 = VERTEX_POINT('',#1259);
#1259 = CARTESIAN_POINT('',(1.27,-1.016,0.));
#1260 = LINE('',#1261,#1262);
#1261 = CARTESIAN_POINT('',(1.016,-1.27,0.));
#1262 = VECTOR('',#1263,1.);
#1263 = DIRECTION('',(0.707106781187,0.707106781187,0.));
#1264 = ORIENTED_EDGE('',*,*,#1265,.T.);
#1265 = EDGE_CURVE('',#1258,#1266,#1268,.T.);
#1266 = VERTEX_POINT('',#1267);
#1267 = CARTESIAN_POINT('',(1.27,1.016,0.));
#1268 = LINE('',#1269,#1270);
#1269 = CARTESIAN_POINT('',(1.27,-1.016,0.));
#1270 = VECTOR('',#1271,1.);
#1271 = DIRECTION('',(0.,1.,0.));
#1272 = ORIENTED_EDGE('',*,*,#1273,.T.);
#1273 = EDGE_CURVE('',#1266,#938,#1274,.T.);
#1274 = LINE('',#1275,#1276);
#1275 = CARTESIAN_POINT('',(1.27,1.016,0.));
#1276 = VECTOR('',#1277,1.);
#1277 = DIRECTION('',(-0.707106781187,0.707106781187,0.));
#1278 = ORIENTED_EDGE('',*,*,#954,.T.);
#1279 = FACE_BOUND('',#1280,.F.);
#1280 = EDGE_LOOP('',(#1281,#1291,#1299,#1307));
#1281 = ORIENTED_EDGE('',*,*,#1282,.F.);
#1282 = EDGE_CURVE('',#1283,#1285,#1287,.T.);
#1283 = VERTEX_POINT('',#1284);
#1284 = CARTESIAN_POINT('',(0.32,-0.32,0.));
#1285 = VERTEX_POINT('',#1286);
#1286 = CARTESIAN_POINT('',(0.32,0.32,0.));
#1287 = LINE('',#1288,#1289);
#1288 = CARTESIAN_POINT('',(0.32,-3.335,0.));
#1289 = VECTOR('',#1290,1.);
#1290 = DIRECTION('',(0.,1.,0.));
#1291 = ORIENTED_EDGE('',*,*,#1292,.T.);
#1292 = EDGE_CURVE('',#1283,#1293,#1295,.T.);
#1293 = VERTEX_POINT('',#1294);
#1294 = CARTESIAN_POINT('',(-0.32,-0.32,0.));
#1295 = LINE('',#1296,#1297);
#1296 = CARTESIAN_POINT('',(-0.16,-0.32,0.));
#1297 = VECTOR('',#1298,1.);
#1298 = DIRECTION('',(-1.,0.,0.));
#1299 = ORIENTED_EDGE('',*,*,#1300,.T.);
#1300 = EDGE_CURVE('',#1293,#1301,#1303,.T.);
#1301 = VERTEX_POINT('',#1302);
#1302 = CARTESIAN_POINT('',(-0.32,0.32,0.));
#1303 = LINE('',#1304,#1305);
#1304 = CARTESIAN_POINT('',(-0.32,-3.335,0.));
#1305 = VECTOR('',#1306,1.);
#1306 = DIRECTION('',(0.,1.,0.));
#1307 = ORIENTED_EDGE('',*,*,#1308,.F.);
#1308 = EDGE_CURVE('',#1285,#1301,#1309,.T.);
#1309 = LINE('',#1310,#1311);
#1310 = CARTESIAN_POINT('',(-0.16,0.32,0.));
#1311 = VECTOR('',#1312,1.);
#1312 = DIRECTION('',(-1.,0.,0.));
#1313 = FACE_BOUND('',#1314,.F.);
#1314 = EDGE_LOOP('',(#1315,#1325,#1333,#1341));
#1315 = ORIENTED_EDGE('',*,*,#1316,.F.);
#1316 = EDGE_CURVE('',#1317,#1319,#1321,.T.);
#1317 = VERTEX_POINT('',#1318);
#1318 = CARTESIAN_POINT('',(0.32,-5.4,0.));
#1319 = VERTEX_POINT('',#1320);
#1320 = CARTESIAN_POINT('',(0.32,-4.76,0.));
#1321 = LINE('',#1322,#1323);
#1322 = CARTESIAN_POINT('',(0.32,-5.875,0.));
#1323 = VECTOR('',#1324,1.);
#1324 = DIRECTION('',(0.,1.,0.));
#1325 = ORIENTED_EDGE('',*,*,#1326,.T.);
#1326 = EDGE_CURVE('',#1317,#1327,#1329,.T.);
#1327 = VERTEX_POINT('',#1328);
#1328 = CARTESIAN_POINT('',(-0.32,-5.4,0.));
#1329 = LINE('',#1330,#1331);
#1330 = CARTESIAN_POINT('',(-0.16,-5.4,0.));
#1331 = VECTOR('',#1332,1.);
#1332 = DIRECTION('',(-1.,0.,0.));
#1333 = ORIENTED_EDGE('',*,*,#1334,.T.);
#1334 = EDGE_CURVE('',#1327,#1335,#1337,.T.);
#1335 = VERTEX_POINT('',#1336);
#1336 = CARTESIAN_POINT('',(-0.32,-4.76,0.));
#1337 = LINE('',#1338,#1339);
#1338 = CARTESIAN_POINT('',(-0.32,-5.875,0.));
#1339 = VECTOR('',#1340,1.);
#1340 = DIRECTION('',(0.,1.,0.));
#1341 = ORIENTED_EDGE('',*,*,#1342,.F.);
#1342 = EDGE_CURVE('',#1319,#1335,#1343,.T.);
#1343 = LINE('',#1344,#1345);
#1344 = CARTESIAN_POINT('',(-0.16,-4.76,0.));
#1345 = VECTOR('',#1346,1.);
#1346 = DIRECTION('',(-1.,0.,0.));
#1347 = FACE_BOUND('',#1348,.F.);
#1348 = EDGE_LOOP('',(#1349,#1359,#1367,#1375));
#1349 = ORIENTED_EDGE('',*,*,#1350,.F.);
#1350 = EDGE_CURVE('',#1351,#1353,#1355,.T.);
#1351 = VERTEX_POINT('',#1352);
#1352 = CARTESIAN_POINT('',(0.32,-2.86,0.));
#1353 = VERTEX_POINT('',#1354);
#1354 = CARTESIAN_POINT('',(0.32,-2.22,0.));
#1355 = LINE('',#1356,#1357);
#1356 = CARTESIAN_POINT('',(0.32,-4.605,0.));
#1357 = VECTOR('',#1358,1.);
#1358 = DIRECTION('',(0.,1.,0.));
#1359 = ORIENTED_EDGE('',*,*,#1360,.T.);
#1360 = EDGE_CURVE('',#1351,#1361,#1363,.T.);
#1361 = VERTEX_POINT('',#1362);
#1362 = CARTESIAN_POINT('',(-0.32,-2.86,0.));
#1363 = LINE('',#1364,#1365);
#1364 = CARTESIAN_POINT('',(-0.16,-2.86,0.));
#1365 = VECTOR('',#1366,1.);
#1366 = DIRECTION('',(-1.,0.,0.));
#1367 = ORIENTED_EDGE('',*,*,#1368,.T.);
#1368 = EDGE_CURVE('',#1361,#1369,#1371,.T.);
#1369 = VERTEX_POINT('',#1370);
#1370 = CARTESIAN_POINT('',(-0.32,-2.22,0.));
#1371 = LINE('',#1372,#1373);
#1372 = CARTESIAN_POINT('',(-0.32,-4.605,0.));
#1373 = VECTOR('',#1374,1.);
#1374 = DIRECTION('',(0.,1.,0.));
#1375 = ORIENTED_EDGE('',*,*,#1376,.F.);
#1376 = EDGE_CURVE('',#1353,#1369,#1377,.T.);
#1377 = LINE('',#1378,#1379);
#1378 = CARTESIAN_POINT('',(-0.16,-2.22,0.));
#1379 = VECTOR('',#1380,1.);
#1380 = DIRECTION('',(-1.,0.,0.));
#1381 = FACE_BOUND('',#1382,.F.);
#1382 = EDGE_LOOP('',(#1383,#1393,#1401,#1409));
#1383 = ORIENTED_EDGE('',*,*,#1384,.T.);
#1384 = EDGE_CURVE('',#1385,#1387,#1389,.T.);
#1385 = VERTEX_POINT('',#1386);
#1386 = CARTESIAN_POINT('',(0.32,-13.02,0.));
#1387 = VERTEX_POINT('',#1388);
#1388 = CARTESIAN_POINT('',(-0.32,-13.02,0.));
#1389 = LINE('',#1390,#1391);
#1390 = CARTESIAN_POINT('',(-0.16,-13.02,0.));
#1391 = VECTOR('',#1392,1.);
#1392 = DIRECTION('',(-1.,0.,0.));
#1393 = ORIENTED_EDGE('',*,*,#1394,.T.);
#1394 = EDGE_CURVE('',#1387,#1395,#1397,.T.);
#1395 = VERTEX_POINT('',#1396);
#1396 = CARTESIAN_POINT('',(-0.32,-12.38,0.));
#1397 = LINE('',#1398,#1399);
#1398 = CARTESIAN_POINT('',(-0.32,-9.685,0.));
#1399 = VECTOR('',#1400,1.);
#1400 = DIRECTION('',(0.,1.,0.));
#1401 = ORIENTED_EDGE('',*,*,#1402,.F.);
#1402 = EDGE_CURVE('',#1403,#1395,#1405,.T.);
#1403 = VERTEX_POINT('',#1404);
#1404 = CARTESIAN_POINT('',(0.32,-12.38,0.));
#1405 = LINE('',#1406,#1407);
#1406 = CARTESIAN_POINT('',(-0.16,-12.38,0.));
#1407 = VECTOR('',#1408,1.);
#1408 = DIRECTION('',(-1.,0.,0.));
#1409 = ORIENTED_EDGE('',*,*,#1410,.F.);
#1410 = EDGE_CURVE('',#1385,#1403,#1411,.T.);
#1411 = LINE('',#1412,#1413);
#1412 = CARTESIAN_POINT('',(0.32,-9.685,0.));
#1413 = VECTOR('',#1414,1.);
#1414 = DIRECTION('',(0.,1.,0.));
#1415 = FACE_BOUND('',#1416,.F.);
#1416 = EDGE_LOOP('',(#1417,#1427,#1435,#1443));
#1417 = ORIENTED_EDGE('',*,*,#1418,.F.);
#1418 = EDGE_CURVE('',#1419,#1421,#1423,.T.);
#1419 = VERTEX_POINT('',#1420);
#1420 = CARTESIAN_POINT('',(0.32,-9.84,0.));
#1421 = VERTEX_POINT('',#1422);
#1422 = CARTESIAN_POINT('',(-0.32,-9.84,0.));
#1423 = LINE('',#1424,#1425);
#1424 = CARTESIAN_POINT('',(-0.16,-9.84,0.));
#1425 = VECTOR('',#1426,1.);
#1426 = DIRECTION('',(-1.,0.,0.));
#1427 = ORIENTED_EDGE('',*,*,#1428,.F.);
#1428 = EDGE_CURVE('',#1429,#1419,#1431,.T.);
#1429 = VERTEX_POINT('',#1430);
#1430 = CARTESIAN_POINT('',(0.32,-10.48,0.));
#1431 = LINE('',#1432,#1433);
#1432 = CARTESIAN_POINT('',(0.32,-8.415,0.));
#1433 = VECTOR('',#1434,1.);
#1434 = DIRECTION('',(0.,1.,0.));
#1435 = ORIENTED_EDGE('',*,*,#1436,.T.);
#1436 = EDGE_CURVE('',#1429,#1437,#1439,.T.);
#1437 = VERTEX_POINT('',#1438);
#1438 = CARTESIAN_POINT('',(-0.32,-10.48,0.));
#1439 = LINE('',#1440,#1441);
#1440 = CARTESIAN_POINT('',(-0.16,-10.48,0.));
#1441 = VECTOR('',#1442,1.);
#1442 = DIRECTION('',(-1.,0.,0.));
#1443 = ORIENTED_EDGE('',*,*,#1444,.T.);
#1444 = EDGE_CURVE('',#1437,#1421,#1445,.T.);
#1445 = LINE('',#1446,#1447);
#1446 = CARTESIAN_POINT('',(-0.32,-8.415,0.));
#1447 = VECTOR('',#1448,1.);
#1448 = DIRECTION('',(0.,1.,0.));
#1449 = FACE_BOUND('',#1450,.F.);
#1450 = EDGE_LOOP('',(#1451,#1461,#1469,#1477));
#1451 = ORIENTED_EDGE('',*,*,#1452,.T.);
#1452 = EDGE_CURVE('',#1453,#1455,#1457,.T.);
#1453 = VERTEX_POINT('',#1454);
#1454 = CARTESIAN_POINT('',(0.32,-7.94,0.));
#1455 = VERTEX_POINT('',#1456);
#1456 = CARTESIAN_POINT('',(-0.32,-7.94,0.));
#1457 = LINE('',#1458,#1459);
#1458 = CARTESIAN_POINT('',(-0.16,-7.94,0.));
#1459 = VECTOR('',#1460,1.);
#1460 = DIRECTION('',(-1.,0.,0.));
#1461 = ORIENTED_EDGE('',*,*,#1462,.T.);
#1462 = EDGE_CURVE('',#1455,#1463,#1465,.T.);
#1463 = VERTEX_POINT('',#1464);
#1464 = CARTESIAN_POINT('',(-0.32,-7.3,0.));
#1465 = LINE('',#1466,#1467);
#1466 = CARTESIAN_POINT('',(-0.32,-7.145,0.));
#1467 = VECTOR('',#1468,1.);
#1468 = DIRECTION('',(0.,1.,0.));
#1469 = ORIENTED_EDGE('',*,*,#1470,.F.);
#1470 = EDGE_CURVE('',#1471,#1463,#1473,.T.);
#1471 = VERTEX_POINT('',#1472);
#1472 = CARTESIAN_POINT('',(0.32,-7.3,0.));
#1473 = LINE('',#1474,#1475);
#1474 = CARTESIAN_POINT('',(-0.16,-7.3,0.));
#1475 = VECTOR('',#1476,1.);
#1476 = DIRECTION('',(-1.,0.,0.));
#1477 = ORIENTED_EDGE('',*,*,#1478,.F.);
#1478 = EDGE_CURVE('',#1453,#1471,#1479,.T.);
#1479 = LINE('',#1480,#1481);
#1480 = CARTESIAN_POINT('',(0.32,-7.145,0.));
#1481 = VECTOR('',#1482,1.);
#1482 = DIRECTION('',(0.,1.,0.));
#1483 = PLANE('',#1484);
#1484 = AXIS2_PLACEMENT_3D('',#1485,#1486,#1487);
#1485 = CARTESIAN_POINT('',(-1.797008255889E-17,-6.35,0.));
#1486 = DIRECTION('',(0.,0.,1.));
#1487 = DIRECTION('',(1.,0.,-0.));
#1488 = ADVANCED_FACE('',(#1489,#1772,#1806,#1840,#1874,#1908,#1942),
  #1976,.T.);
#1489 = FACE_BOUND('',#1490,.T.);
#1490 = EDGE_LOOP('',(#1491,#1492,#1493,#1501,#1509,#1517,#1525,#1533,
    #1541,#1549,#1557,#1565,#1573,#1581,#1589,#1597,#1605,#1613,#1621,
    #1629,#1637,#1645,#1653,#1661,#1669,#1677,#1685,#1693,#1701,#1709,
    #1717,#1725,#1733,#1741,#1749,#1757,#1765,#1771));
#1491 = ORIENTED_EDGE('',*,*,#907,.T.);
#1492 = ORIENTED_EDGE('',*,*,#969,.T.);
#1493 = ORIENTED_EDGE('',*,*,#1494,.T.);
#1494 = EDGE_CURVE('',#970,#1495,#1497,.T.);
#1495 = VERTEX_POINT('',#1496);
#1496 = CARTESIAN_POINT('',(-1.016,-1.27,2.54));
#1497 = LINE('',#1498,#1499);
#1498 = CARTESIAN_POINT('',(-1.27,-1.016,2.54));
#1499 = VECTOR('',#1500,1.);
#1500 = DIRECTION('',(0.707106781187,-0.707106781187,0.));
#1501 = ORIENTED_EDGE('',*,*,#1502,.T.);
#1502 = EDGE_CURVE('',#1495,#1503,#1505,.T.);
#1503 = VERTEX_POINT('',#1504);
#1504 = CARTESIAN_POINT('',(-1.27,-1.524,2.54));
#1505 = LINE('',#1506,#1507);
#1506 = CARTESIAN_POINT('',(-1.016,-1.27,2.54));
#1507 = VECTOR('',#1508,1.);
#1508 = DIRECTION('',(-0.707106781187,-0.707106781187,0.));
#1509 = ORIENTED_EDGE('',*,*,#1510,.T.);
#1510 = EDGE_CURVE('',#1503,#1511,#1513,.T.);
#1511 = VERTEX_POINT('',#1512);
#1512 = CARTESIAN_POINT('',(-1.27,-3.556,2.54));
#1513 = LINE('',#1514,#1515);
#1514 = CARTESIAN_POINT('',(-1.27,-1.524,2.54));
#1515 = VECTOR('',#1516,1.);
#1516 = DIRECTION('',(0.,-1.,0.));
#1517 = ORIENTED_EDGE('',*,*,#1518,.T.);
#1518 = EDGE_CURVE('',#1511,#1519,#1521,.T.);
#1519 = VERTEX_POINT('',#1520);
#1520 = CARTESIAN_POINT('',(-1.016,-3.81,2.54));
#1521 = LINE('',#1522,#1523);
#1522 = CARTESIAN_POINT('',(-1.27,-3.556,2.54));
#1523 = VECTOR('',#1524,1.);
#1524 = DIRECTION('',(0.707106781187,-0.707106781187,0.));
#1525 = ORIENTED_EDGE('',*,*,#1526,.T.);
#1526 = EDGE_CURVE('',#1519,#1527,#1529,.T.);
#1527 = VERTEX_POINT('',#1528);
#1528 = CARTESIAN_POINT('',(-1.27,-4.064,2.54));
#1529 = LINE('',#1530,#1531);
#1530 = CARTESIAN_POINT('',(-1.016,-3.81,2.54));
#1531 = VECTOR('',#1532,1.);
#1532 = DIRECTION('',(-0.707106781187,-0.707106781187,0.));
#1533 = ORIENTED_EDGE('',*,*,#1534,.T.);
#1534 = EDGE_CURVE('',#1527,#1535,#1537,.T.);
#1535 = VERTEX_POINT('',#1536);
#1536 = CARTESIAN_POINT('',(-1.27,-6.096,2.54));
#1537 = LINE('',#1538,#1539);
#1538 = CARTESIAN_POINT('',(-1.27,-4.064,2.54));
#1539 = VECTOR('',#1540,1.);
#1540 = DIRECTION('',(0.,-1.,0.));
#1541 = ORIENTED_EDGE('',*,*,#1542,.T.);
#1542 = EDGE_CURVE('',#1535,#1543,#1545,.T.);
#1543 = VERTEX_POINT('',#1544);
#1544 = CARTESIAN_POINT('',(-1.016,-6.35,2.54));
#1545 = LINE('',#1546,#1547);
#1546 = CARTESIAN_POINT('',(-1.27,-6.096,2.54));
#1547 = VECTOR('',#1548,1.);
#1548 = DIRECTION('',(0.707106781187,-0.707106781187,0.));
#1549 = ORIENTED_EDGE('',*,*,#1550,.T.);
#1550 = EDGE_CURVE('',#1543,#1551,#1553,.T.);
#1551 = VERTEX_POINT('',#1552);
#1552 = CARTESIAN_POINT('',(-1.27,-6.604,2.54));
#1553 = LINE('',#1554,#1555);
#1554 = CARTESIAN_POINT('',(-1.016,-6.35,2.54));
#1555 = VECTOR('',#1556,1.);
#1556 = DIRECTION('',(-0.707106781187,-0.707106781187,0.));
#1557 = ORIENTED_EDGE('',*,*,#1558,.T.);
#1558 = EDGE_CURVE('',#1551,#1559,#1561,.T.);
#1559 = VERTEX_POINT('',#1560);
#1560 = CARTESIAN_POINT('',(-1.27,-8.636,2.54));
#1561 = LINE('',#1562,#1563);
#1562 = CARTESIAN_POINT('',(-1.27,-6.604,2.54));
#1563 = VECTOR('',#1564,1.);
#1564 = DIRECTION('',(0.,-1.,0.));
#1565 = ORIENTED_EDGE('',*,*,#1566,.T.);
#1566 = EDGE_CURVE('',#1559,#1567,#1569,.T.);
#1567 = VERTEX_POINT('',#1568);
#1568 = CARTESIAN_POINT('',(-1.016,-8.89,2.54));
#1569 = LINE('',#1570,#1571);
#1570 = CARTESIAN_POINT('',(-1.27,-8.636,2.54));
#1571 = VECTOR('',#1572,1.);
#1572 = DIRECTION('',(0.707106781187,-0.707106781187,0.));
#1573 = ORIENTED_EDGE('',*,*,#1574,.T.);
#1574 = EDGE_CURVE('',#1567,#1575,#1577,.T.);
#1575 = VERTEX_POINT('',#1576);
#1576 = CARTESIAN_POINT('',(-1.27,-9.144,2.54));
#1577 = LINE('',#1578,#1579);
#1578 = CARTESIAN_POINT('',(-1.016,-8.89,2.54));
#1579 = VECTOR('',#1580,1.);
#1580 = DIRECTION('',(-0.707106781187,-0.707106781187,0.));
#1581 = ORIENTED_EDGE('',*,*,#1582,.T.);
#1582 = EDGE_CURVE('',#1575,#1583,#1585,.T.);
#1583 = VERTEX_POINT('',#1584);
#1584 = CARTESIAN_POINT('',(-1.27,-11.176,2.54));
#1585 = LINE('',#1586,#1587);
#1586 = CARTESIAN_POINT('',(-1.27,-9.144,2.54));
#1587 = VECTOR('',#1588,1.);
#1588 = DIRECTION('',(0.,-1.,0.));
#1589 = ORIENTED_EDGE('',*,*,#1590,.T.);
#1590 = EDGE_CURVE('',#1583,#1591,#1593,.T.);
#1591 = VERTEX_POINT('',#1592);
#1592 = CARTESIAN_POINT('',(-1.016,-11.43,2.54));
#1593 = LINE('',#1594,#1595);
#1594 = CARTESIAN_POINT('',(-1.27,-11.176,2.54));
#1595 = VECTOR('',#1596,1.);
#1596 = DIRECTION('',(0.707106781187,-0.707106781187,0.));
#1597 = ORIENTED_EDGE('',*,*,#1598,.T.);
#1598 = EDGE_CURVE('',#1591,#1599,#1601,.T.);
#1599 = VERTEX_POINT('',#1600);
#1600 = CARTESIAN_POINT('',(-1.27,-11.684,2.54));
#1601 = LINE('',#1602,#1603);
#1602 = CARTESIAN_POINT('',(-1.016,-11.43,2.54));
#1603 = VECTOR('',#1604,1.);
#1604 = DIRECTION('',(-0.707106781187,-0.707106781187,0.));
#1605 = ORIENTED_EDGE('',*,*,#1606,.T.);
#1606 = EDGE_CURVE('',#1599,#1607,#1609,.T.);
#1607 = VERTEX_POINT('',#1608);
#1608 = CARTESIAN_POINT('',(-1.27,-13.716,2.54));
#1609 = LINE('',#1610,#1611);
#1610 = CARTESIAN_POINT('',(-1.27,-11.684,2.54));
#1611 = VECTOR('',#1612,1.);
#1612 = DIRECTION('',(0.,-1.,0.));
#1613 = ORIENTED_EDGE('',*,*,#1614,.T.);
#1614 = EDGE_CURVE('',#1607,#1615,#1617,.T.);
#1615 = VERTEX_POINT('',#1616);
#1616 = CARTESIAN_POINT('',(-1.016,-13.97,2.54));
#1617 = LINE('',#1618,#1619);
#1618 = CARTESIAN_POINT('',(-1.27,-13.716,2.54));
#1619 = VECTOR('',#1620,1.);
#1620 = DIRECTION('',(0.707106781187,-0.707106781187,0.));
#1621 = ORIENTED_EDGE('',*,*,#1622,.T.);
#1622 = EDGE_CURVE('',#1615,#1623,#1625,.T.);
#1623 = VERTEX_POINT('',#1624);
#1624 = CARTESIAN_POINT('',(1.016,-13.97,2.54));
#1625 = LINE('',#1626,#1627);
#1626 = CARTESIAN_POINT('',(-1.016,-13.97,2.54));
#1627 = VECTOR('',#1628,1.);
#1628 = DIRECTION('',(1.,0.,0.));
#1629 = ORIENTED_EDGE('',*,*,#1630,.T.);
#1630 = EDGE_CURVE('',#1623,#1631,#1633,.T.);
#1631 = VERTEX_POINT('',#1632);
#1632 = CARTESIAN_POINT('',(1.27,-13.716,2.54));
#1633 = LINE('',#1634,#1635);
#1634 = CARTESIAN_POINT('',(1.016,-13.97,2.54));
#1635 = VECTOR('',#1636,1.);
#1636 = DIRECTION('',(0.707106781187,0.707106781187,0.));
#1637 = ORIENTED_EDGE('',*,*,#1638,.T.);
#1638 = EDGE_CURVE('',#1631,#1639,#1641,.T.);
#1639 = VERTEX_POINT('',#1640);
#1640 = CARTESIAN_POINT('',(1.27,-11.684,2.54));
#1641 = LINE('',#1642,#1643);
#1642 = CARTESIAN_POINT('',(1.27,-13.716,2.54));
#1643 = VECTOR('',#1644,1.);
#1644 = DIRECTION('',(0.,1.,0.));
#1645 = ORIENTED_EDGE('',*,*,#1646,.T.);
#1646 = EDGE_CURVE('',#1639,#1647,#1649,.T.);
#1647 = VERTEX_POINT('',#1648);
#1648 = CARTESIAN_POINT('',(1.016,-11.43,2.54));
#1649 = LINE('',#1650,#1651);
#1650 = CARTESIAN_POINT('',(1.27,-11.684,2.54));
#1651 = VECTOR('',#1652,1.);
#1652 = DIRECTION('',(-0.707106781187,0.707106781187,0.));
#1653 = ORIENTED_EDGE('',*,*,#1654,.T.);
#1654 = EDGE_CURVE('',#1647,#1655,#1657,.T.);
#1655 = VERTEX_POINT('',#1656);
#1656 = CARTESIAN_POINT('',(1.27,-11.176,2.54));
#1657 = LINE('',#1658,#1659);
#1658 = CARTESIAN_POINT('',(1.016,-11.43,2.54));
#1659 = VECTOR('',#1660,1.);
#1660 = DIRECTION('',(0.707106781187,0.707106781187,0.));
#1661 = ORIENTED_EDGE('',*,*,#1662,.T.);
#1662 = EDGE_CURVE('',#1655,#1663,#1665,.T.);
#1663 = VERTEX_POINT('',#1664);
#1664 = CARTESIAN_POINT('',(1.27,-9.144,2.54));
#1665 = LINE('',#1666,#1667);
#1666 = CARTESIAN_POINT('',(1.27,-11.176,2.54));
#1667 = VECTOR('',#1668,1.);
#1668 = DIRECTION('',(0.,1.,0.));
#1669 = ORIENTED_EDGE('',*,*,#1670,.T.);
#1670 = EDGE_CURVE('',#1663,#1671,#1673,.T.);
#1671 = VERTEX_POINT('',#1672);
#1672 = CARTESIAN_POINT('',(1.016,-8.89,2.54));
#1673 = LINE('',#1674,#1675);
#1674 = CARTESIAN_POINT('',(1.27,-9.144,2.54));
#1675 = VECTOR('',#1676,1.);
#1676 = DIRECTION('',(-0.707106781187,0.707106781187,0.));
#1677 = ORIENTED_EDGE('',*,*,#1678,.T.);
#1678 = EDGE_CURVE('',#1671,#1679,#1681,.T.);
#1679 = VERTEX_POINT('',#1680);
#1680 = CARTESIAN_POINT('',(1.27,-8.636,2.54));
#1681 = LINE('',#1682,#1683);
#1682 = CARTESIAN_POINT('',(1.016,-8.89,2.54));
#1683 = VECTOR('',#1684,1.);
#1684 = DIRECTION('',(0.707106781187,0.707106781187,0.));
#1685 = ORIENTED_EDGE('',*,*,#1686,.T.);
#1686 = EDGE_CURVE('',#1679,#1687,#1689,.T.);
#1687 = VERTEX_POINT('',#1688);
#1688 = CARTESIAN_POINT('',(1.27,-6.604,2.54));
#1689 = LINE('',#1690,#1691);
#1690 = CARTESIAN_POINT('',(1.27,-8.636,2.54));
#1691 = VECTOR('',#1692,1.);
#1692 = DIRECTION('',(0.,1.,0.));
#1693 = ORIENTED_EDGE('',*,*,#1694,.T.);
#1694 = EDGE_CURVE('',#1687,#1695,#1697,.T.);
#1695 = VERTEX_POINT('',#1696);
#1696 = CARTESIAN_POINT('',(1.016,-6.35,2.54));
#1697 = LINE('',#1698,#1699);
#1698 = CARTESIAN_POINT('',(1.27,-6.604,2.54));
#1699 = VECTOR('',#1700,1.);
#1700 = DIRECTION('',(-0.707106781187,0.707106781187,0.));
#1701 = ORIENTED_EDGE('',*,*,#1702,.T.);
#1702 = EDGE_CURVE('',#1695,#1703,#1705,.T.);
#1703 = VERTEX_POINT('',#1704);
#1704 = CARTESIAN_POINT('',(1.27,-6.096,2.54));
#1705 = LINE('',#1706,#1707);
#1706 = CARTESIAN_POINT('',(1.016,-6.35,2.54));
#1707 = VECTOR('',#1708,1.);
#1708 = DIRECTION('',(0.707106781187,0.707106781187,0.));
#1709 = ORIENTED_EDGE('',*,*,#1710,.T.);
#1710 = EDGE_CURVE('',#1703,#1711,#1713,.T.);
#1711 = VERTEX_POINT('',#1712);
#1712 = CARTESIAN_POINT('',(1.27,-4.064,2.54));
#1713 = LINE('',#1714,#1715);
#1714 = CARTESIAN_POINT('',(1.27,-6.096,2.54));
#1715 = VECTOR('',#1716,1.);
#1716 = DIRECTION('',(0.,1.,0.));
#1717 = ORIENTED_EDGE('',*,*,#1718,.T.);
#1718 = EDGE_CURVE('',#1711,#1719,#1721,.T.);
#1719 = VERTEX_POINT('',#1720);
#1720 = CARTESIAN_POINT('',(1.016,-3.81,2.54));
#1721 = LINE('',#1722,#1723);
#1722 = CARTESIAN_POINT('',(1.27,-4.064,2.54));
#1723 = VECTOR('',#1724,1.);
#1724 = DIRECTION('',(-0.707106781187,0.707106781187,0.));
#1725 = ORIENTED_EDGE('',*,*,#1726,.T.);
#1726 = EDGE_CURVE('',#1719,#1727,#1729,.T.);
#1727 = VERTEX_POINT('',#1728);
#1728 = CARTESIAN_POINT('',(1.27,-3.556,2.54));
#1729 = LINE('',#1730,#1731);
#1730 = CARTESIAN_POINT('',(1.016,-3.81,2.54));
#1731 = VECTOR('',#1732,1.);
#1732 = DIRECTION('',(0.707106781187,0.707106781187,0.));
#1733 = ORIENTED_EDGE('',*,*,#1734,.T.);
#1734 = EDGE_CURVE('',#1727,#1735,#1737,.T.);
#1735 = VERTEX_POINT('',#1736);
#1736 = CARTESIAN_POINT('',(1.27,-1.524,2.54));
#1737 = LINE('',#1738,#1739);
#1738 = CARTESIAN_POINT('',(1.27,-3.556,2.54));
#1739 = VECTOR('',#1740,1.);
#1740 = DIRECTION('',(0.,1.,0.));
#1741 = ORIENTED_EDGE('',*,*,#1742,.T.);
#1742 = EDGE_CURVE('',#1735,#1743,#1745,.T.);
#1743 = VERTEX_POINT('',#1744);
#1744 = CARTESIAN_POINT('',(1.016,-1.27,2.54));
#1745 = LINE('',#1746,#1747);
#1746 = CARTESIAN_POINT('',(1.27,-1.524,2.54));
#1747 = VECTOR('',#1748,1.);
#1748 = DIRECTION('',(-0.707106781187,0.707106781187,0.));
#1749 = ORIENTED_EDGE('',*,*,#1750,.T.);
#1750 = EDGE_CURVE('',#1743,#1751,#1753,.T.);
#1751 = VERTEX_POINT('',#1752);
#1752 = CARTESIAN_POINT('',(1.27,-1.016,2.54));
#1753 = LINE('',#1754,#1755);
#1754 = CARTESIAN_POINT('',(1.016,-1.27,2.54));
#1755 = VECTOR('',#1756,1.);
#1756 = DIRECTION('',(0.707106781187,0.707106781187,0.));
#1757 = ORIENTED_EDGE('',*,*,#1758,.T.);
#1758 = EDGE_CURVE('',#1751,#1759,#1761,.T.);
#1759 = VERTEX_POINT('',#1760);
#1760 = CARTESIAN_POINT('',(1.27,1.016,2.54));
#1761 = LINE('',#1762,#1763);
#1762 = CARTESIAN_POINT('',(1.27,-1.016,2.54));
#1763 = VECTOR('',#1764,1.);
#1764 = DIRECTION('',(0.,1.,0.));
#1765 = ORIENTED_EDGE('',*,*,#1766,.T.);
#1766 = EDGE_CURVE('',#1759,#940,#1767,.T.);
#1767 = LINE('',#1768,#1769);
#1768 = CARTESIAN_POINT('',(1.27,1.016,2.54));
#1769 = VECTOR('',#1770,1.);
#1770 = DIRECTION('',(-0.707106781187,0.707106781187,0.));
#1771 = ORIENTED_EDGE('',*,*,#947,.T.);
#1772 = FACE_BOUND('',#1773,.T.);
#1773 = EDGE_LOOP('',(#1774,#1784,#1792,#1800));
#1774 = ORIENTED_EDGE('',*,*,#1775,.F.);
#1775 = EDGE_CURVE('',#1776,#1778,#1780,.T.);
#1776 = VERTEX_POINT('',#1777);
#1777 = CARTESIAN_POINT('',(0.32,-0.32,2.54));
#1778 = VERTEX_POINT('',#1779);
#1779 = CARTESIAN_POINT('',(0.32,0.32,2.54));
#1780 = LINE('',#1781,#1782);
#1781 = CARTESIAN_POINT('',(0.32,-3.335,2.54));
#1782 = VECTOR('',#1783,1.);
#1783 = DIRECTION('',(0.,1.,0.));
#1784 = ORIENTED_EDGE('',*,*,#1785,.T.);
#1785 = EDGE_CURVE('',#1776,#1786,#1788,.T.);
#1786 = VERTEX_POINT('',#1787);
#1787 = CARTESIAN_POINT('',(-0.32,-0.32,2.54));
#1788 = LINE('',#1789,#1790);
#1789 = CARTESIAN_POINT('',(-0.16,-0.32,2.54));
#1790 = VECTOR('',#1791,1.);
#1791 = DIRECTION('',(-1.,0.,0.));
#1792 = ORIENTED_EDGE('',*,*,#1793,.T.);
#1793 = EDGE_CURVE('',#1786,#1794,#1796,.T.);
#1794 = VERTEX_POINT('',#1795);
#1795 = CARTESIAN_POINT('',(-0.32,0.32,2.54));
#1796 = LINE('',#1797,#1798);
#1797 = CARTESIAN_POINT('',(-0.32,-3.335,2.54));
#1798 = VECTOR('',#1799,1.);
#1799 = DIRECTION('',(0.,1.,0.));
#1800 = ORIENTED_EDGE('',*,*,#1801,.F.);
#1801 = EDGE_CURVE('',#1778,#1794,#1802,.T.);
#1802 = LINE('',#1803,#1804);
#1803 = CARTESIAN_POINT('',(-0.16,0.32,2.54));
#1804 = VECTOR('',#1805,1.);
#1805 = DIRECTION('',(-1.,0.,0.));
#1806 = FACE_BOUND('',#1807,.T.);
#1807 = EDGE_LOOP('',(#1808,#1818,#1826,#1834));
#1808 = ORIENTED_EDGE('',*,*,#1809,.F.);
#1809 = EDGE_CURVE('',#1810,#1812,#1814,.T.);
#1810 = VERTEX_POINT('',#1811);
#1811 = CARTESIAN_POINT('',(0.32,-5.4,2.54));
#1812 = VERTEX_POINT('',#1813);
#1813 = CARTESIAN_POINT('',(0.32,-4.76,2.54));
#1814 = LINE('',#1815,#1816);
#1815 = CARTESIAN_POINT('',(0.32,-5.875,2.54));
#1816 = VECTOR('',#1817,1.);
#1817 = DIRECTION('',(0.,1.,0.));
#1818 = ORIENTED_EDGE('',*,*,#1819,.T.);
#1819 = EDGE_CURVE('',#1810,#1820,#1822,.T.);
#1820 = VERTEX_POINT('',#1821);
#1821 = CARTESIAN_POINT('',(-0.32,-5.4,2.54));
#1822 = LINE('',#1823,#1824);
#1823 = CARTESIAN_POINT('',(-0.16,-5.4,2.54));
#1824 = VECTOR('',#1825,1.);
#1825 = DIRECTION('',(-1.,0.,0.));
#1826 = ORIENTED_EDGE('',*,*,#1827,.T.);
#1827 = EDGE_CURVE('',#1820,#1828,#1830,.T.);
#1828 = VERTEX_POINT('',#1829);
#1829 = CARTESIAN_POINT('',(-0.32,-4.76,2.54));
#1830 = LINE('',#1831,#1832);
#1831 = CARTESIAN_POINT('',(-0.32,-5.875,2.54));
#1832 = VECTOR('',#1833,1.);
#1833 = DIRECTION('',(0.,1.,0.));
#1834 = ORIENTED_EDGE('',*,*,#1835,.F.);
#1835 = EDGE_CURVE('',#1812,#1828,#1836,.T.);
#1836 = LINE('',#1837,#1838);
#1837 = CARTESIAN_POINT('',(-0.16,-4.76,2.54));
#1838 = VECTOR('',#1839,1.);
#1839 = DIRECTION('',(-1.,0.,0.));
#1840 = FACE_BOUND('',#1841,.T.);
#1841 = EDGE_LOOP('',(#1842,#1852,#1860,#1868));
#1842 = ORIENTED_EDGE('',*,*,#1843,.F.);
#1843 = EDGE_CURVE('',#1844,#1846,#1848,.T.);
#1844 = VERTEX_POINT('',#1845);
#1845 = CARTESIAN_POINT('',(0.32,-2.86,2.54));
#1846 = VERTEX_POINT('',#1847);
#1847 = CARTESIAN_POINT('',(0.32,-2.22,2.54));
#1848 = LINE('',#1849,#1850);
#1849 = CARTESIAN_POINT('',(0.32,-4.605,2.54));
#1850 = VECTOR('',#1851,1.);
#1851 = DIRECTION('',(0.,1.,0.));
#1852 = ORIENTED_EDGE('',*,*,#1853,.T.);
#1853 = EDGE_CURVE('',#1844,#1854,#1856,.T.);
#1854 = VERTEX_POINT('',#1855);
#1855 = CARTESIAN_POINT('',(-0.32,-2.86,2.54));
#1856 = LINE('',#1857,#1858);
#1857 = CARTESIAN_POINT('',(-0.16,-2.86,2.54));
#1858 = VECTOR('',#1859,1.);
#1859 = DIRECTION('',(-1.,0.,0.));
#1860 = ORIENTED_EDGE('',*,*,#1861,.T.);
#1861 = EDGE_CURVE('',#1854,#1862,#1864,.T.);
#1862 = VERTEX_POINT('',#1863);
#1863 = CARTESIAN_POINT('',(-0.32,-2.22,2.54));
#1864 = LINE('',#1865,#1866);
#1865 = CARTESIAN_POINT('',(-0.32,-4.605,2.54));
#1866 = VECTOR('',#1867,1.);
#1867 = DIRECTION('',(0.,1.,0.));
#1868 = ORIENTED_EDGE('',*,*,#1869,.F.);
#1869 = EDGE_CURVE('',#1846,#1862,#1870,.T.);
#1870 = LINE('',#1871,#1872);
#1871 = CARTESIAN_POINT('',(-0.16,-2.22,2.54));
#1872 = VECTOR('',#1873,1.);
#1873 = DIRECTION('',(-1.,0.,0.));
#1874 = FACE_BOUND('',#1875,.T.);
#1875 = EDGE_LOOP('',(#1876,#1886,#1894,#1902));
#1876 = ORIENTED_EDGE('',*,*,#1877,.T.);
#1877 = EDGE_CURVE('',#1878,#1880,#1882,.T.);
#1878 = VERTEX_POINT('',#1879);
#1879 = CARTESIAN_POINT('',(0.32,-13.02,2.54));
#1880 = VERTEX_POINT('',#1881);
#1881 = CARTESIAN_POINT('',(-0.32,-13.02,2.54));
#1882 = LINE('',#1883,#1884);
#1883 = CARTESIAN_POINT('',(-0.16,-13.02,2.54));
#1884 = VECTOR('',#1885,1.);
#1885 = DIRECTION('',(-1.,0.,0.));
#1886 = ORIENTED_EDGE('',*,*,#1887,.T.);
#1887 = EDGE_CURVE('',#1880,#1888,#1890,.T.);
#1888 = VERTEX_POINT('',#1889);
#1889 = CARTESIAN_POINT('',(-0.32,-12.38,2.54));
#1890 = LINE('',#1891,#1892);
#1891 = CARTESIAN_POINT('',(-0.32,-9.685,2.54));
#1892 = VECTOR('',#1893,1.);
#1893 = DIRECTION('',(0.,1.,0.));
#1894 = ORIENTED_EDGE('',*,*,#1895,.F.);
#1895 = EDGE_CURVE('',#1896,#1888,#1898,.T.);
#1896 = VERTEX_POINT('',#1897);
#1897 = CARTESIAN_POINT('',(0.32,-12.38,2.54));
#1898 = LINE('',#1899,#1900);
#1899 = CARTESIAN_POINT('',(-0.16,-12.38,2.54));
#1900 = VECTOR('',#1901,1.);
#1901 = DIRECTION('',(-1.,0.,0.));
#1902 = ORIENTED_EDGE('',*,*,#1903,.F.);
#1903 = EDGE_CURVE('',#1878,#1896,#1904,.T.);
#1904 = LINE('',#1905,#1906);
#1905 = CARTESIAN_POINT('',(0.32,-9.685,2.54));
#1906 = VECTOR('',#1907,1.);
#1907 = DIRECTION('',(0.,1.,0.));
#1908 = FACE_BOUND('',#1909,.T.);
#1909 = EDGE_LOOP('',(#1910,#1920,#1928,#1936));
#1910 = ORIENTED_EDGE('',*,*,#1911,.F.);
#1911 = EDGE_CURVE('',#1912,#1914,#1916,.T.);
#1912 = VERTEX_POINT('',#1913);
#1913 = CARTESIAN_POINT('',(0.32,-9.84,2.54));
#1914 = VERTEX_POINT('',#1915);
#1915 = CARTESIAN_POINT('',(-0.32,-9.84,2.54));
#1916 = LINE('',#1917,#1918);
#1917 = CARTESIAN_POINT('',(-0.16,-9.84,2.54));
#1918 = VECTOR('',#1919,1.);
#1919 = DIRECTION('',(-1.,0.,0.));
#1920 = ORIENTED_EDGE('',*,*,#1921,.F.);
#1921 = EDGE_CURVE('',#1922,#1912,#1924,.T.);
#1922 = VERTEX_POINT('',#1923);
#1923 = CARTESIAN_POINT('',(0.32,-10.48,2.54));
#1924 = LINE('',#1925,#1926);
#1925 = CARTESIAN_POINT('',(0.32,-8.415,2.54));
#1926 = VECTOR('',#1927,1.);
#1927 = DIRECTION('',(0.,1.,0.));
#1928 = ORIENTED_EDGE('',*,*,#1929,.T.);
#1929 = EDGE_CURVE('',#1922,#1930,#1932,.T.);
#1930 = VERTEX_POINT('',#1931);
#1931 = CARTESIAN_POINT('',(-0.32,-10.48,2.54));
#1932 = LINE('',#1933,#1934);
#1933 = CARTESIAN_POINT('',(-0.16,-10.48,2.54));
#1934 = VECTOR('',#1935,1.);
#1935 = DIRECTION('',(-1.,0.,0.));
#1936 = ORIENTED_EDGE('',*,*,#1937,.T.);
#1937 = EDGE_CURVE('',#1930,#1914,#1938,.T.);
#1938 = LINE('',#1939,#1940);
#1939 = CARTESIAN_POINT('',(-0.32,-8.415,2.54));
#1940 = VECTOR('',#1941,1.);
#1941 = DIRECTION('',(0.,1.,0.));
#1942 = FACE_BOUND('',#1943,.T.);
#1943 = EDGE_LOOP('',(#1944,#1954,#1962,#1970));
#1944 = ORIENTED_EDGE('',*,*,#1945,.T.);
#1945 = EDGE_CURVE('',#1946,#1948,#1950,.T.);
#1946 = VERTEX_POINT('',#1947);
#1947 = CARTESIAN_POINT('',(0.32,-7.94,2.54));
#1948 = VERTEX_POINT('',#1949);
#1949 = CARTESIAN_POINT('',(-0.32,-7.94,2.54));
#1950 = LINE('',#1951,#1952);
#1951 = CARTESIAN_POINT('',(-0.16,-7.94,2.54));
#1952 = VECTOR('',#1953,1.);
#1953 = DIRECTION('',(-1.,0.,0.));
#1954 = ORIENTED_EDGE('',*,*,#1955,.T.);
#1955 = EDGE_CURVE('',#1948,#1956,#1958,.T.);
#1956 = VERTEX_POINT('',#1957);
#1957 = CARTESIAN_POINT('',(-0.32,-7.3,2.54));
#1958 = LINE('',#1959,#1960);
#1959 = CARTESIAN_POINT('',(-0.32,-7.145,2.54));
#1960 = VECTOR('',#1961,1.);
#1961 = DIRECTION('',(0.,1.,0.));
#1962 = ORIENTED_EDGE('',*,*,#1963,.F.);
#1963 = EDGE_CURVE('',#1964,#1956,#1966,.T.);
#1964 = VERTEX_POINT('',#1965);
#1965 = CARTESIAN_POINT('',(0.32,-7.3,2.54));
#1966 = LINE('',#1967,#1968);
#1967 = CARTESIAN_POINT('',(-0.16,-7.3,2.54));
#1968 = VECTOR('',#1969,1.);
#1969 = DIRECTION('',(-1.,0.,0.));
#1970 = ORIENTED_EDGE('',*,*,#1971,.F.);
#1971 = EDGE_CURVE('',#1946,#1964,#1972,.T.);
#1972 = LINE('',#1973,#1974);
#1973 = CARTESIAN_POINT('',(0.32,-7.145,2.54));
#1974 = VECTOR('',#1975,1.);
#1975 = DIRECTION('',(0.,1.,0.));
#1976 = PLANE('',#1977);
#1977 = AXIS2_PLACEMENT_3D('',#1978,#1979,#1980);
#1978 = CARTESIAN_POINT('',(-1.797008255889E-17,-6.35,2.54));
#1979 = DIRECTION('',(0.,0.,1.));
#1980 = DIRECTION('',(1.,0.,-0.));
#1981 = ADVANCED_FACE('',(#1982),#1993,.F.);
#1982 = FACE_BOUND('',#1983,.F.);
#1983 = EDGE_LOOP('',(#1984,#1990,#1991,#1992));
#1984 = ORIENTED_EDGE('',*,*,#1985,.T.);
#1985 = EDGE_CURVE('',#1266,#1759,#1986,.T.);
#1986 = LINE('',#1987,#1988);
#1987 = CARTESIAN_POINT('',(1.27,1.016,0.));
#1988 = VECTOR('',#1989,1.);
#1989 = DIRECTION('',(0.,0.,1.));
#1990 = ORIENTED_EDGE('',*,*,#1766,.T.);
#1991 = ORIENTED_EDGE('',*,*,#937,.F.);
#1992 = ORIENTED_EDGE('',*,*,#1273,.F.);
#1993 = PLANE('',#1994);
#1994 = AXIS2_PLACEMENT_3D('',#1995,#1996,#1997);
#1995 = CARTESIAN_POINT('',(1.27,1.016,0.));
#1996 = DIRECTION('',(-0.707106781187,-0.707106781187,0.));
#1997 = DIRECTION('',(-0.707106781187,0.707106781187,0.));
#1998 = ADVANCED_FACE('',(#1999),#2010,.F.);
#1999 = FACE_BOUND('',#2000,.F.);
#2000 = EDGE_LOOP('',(#2001,#2002,#2003,#2009));
#2001 = ORIENTED_EDGE('',*,*,#977,.T.);
#2002 = ORIENTED_EDGE('',*,*,#1494,.T.);
#2003 = ORIENTED_EDGE('',*,*,#2004,.F.);
#2004 = EDGE_CURVE('',#1002,#1495,#2005,.T.);
#2005 = LINE('',#2006,#2007);
#2006 = CARTESIAN_POINT('',(-1.016,-1.27,0.));
#2007 = VECTOR('',#2008,1.);
#2008 = DIRECTION('',(0.,0.,1.));
#2009 = ORIENTED_EDGE('',*,*,#1001,.F.);
#2010 = PLANE('',#2011);
#2011 = AXIS2_PLACEMENT_3D('',#2012,#2013,#2014);
#2012 = CARTESIAN_POINT('',(-1.27,-1.016,0.));
#2013 = DIRECTION('',(0.707106781187,0.707106781187,0.));
#2014 = DIRECTION('',(0.707106781187,-0.707106781187,0.));
#2015 = ADVANCED_FACE('',(#2016),#2027,.F.);
#2016 = FACE_BOUND('',#2017,.F.);
#2017 = EDGE_LOOP('',(#2018,#2024,#2025,#2026));
#2018 = ORIENTED_EDGE('',*,*,#2019,.T.);
#2019 = EDGE_CURVE('',#1258,#1751,#2020,.T.);
#2020 = LINE('',#2021,#2022);
#2021 = CARTESIAN_POINT('',(1.27,-1.016,0.));
#2022 = VECTOR('',#2023,1.);
#2023 = DIRECTION('',(0.,0.,1.));
#2024 = ORIENTED_EDGE('',*,*,#1758,.T.);
#2025 = ORIENTED_EDGE('',*,*,#1985,.F.);
#2026 = ORIENTED_EDGE('',*,*,#1265,.F.);
#2027 = PLANE('',#2028);
#2028 = AXIS2_PLACEMENT_3D('',#2029,#2030,#2031);
#2029 = CARTESIAN_POINT('',(1.27,-1.016,0.));
#2030 = DIRECTION('',(-1.,0.,0.));
#2031 = DIRECTION('',(0.,1.,0.));
#2032 = ADVANCED_FACE('',(#2033),#2044,.F.);
#2033 = FACE_BOUND('',#2034,.F.);
#2034 = EDGE_LOOP('',(#2035,#2036,#2037,#2043));
#2035 = ORIENTED_EDGE('',*,*,#2004,.T.);
#2036 = ORIENTED_EDGE('',*,*,#1502,.T.);
#2037 = ORIENTED_EDGE('',*,*,#2038,.F.);
#2038 = EDGE_CURVE('',#1010,#1503,#2039,.T.);
#2039 = LINE('',#2040,#2041);
#2040 = CARTESIAN_POINT('',(-1.27,-1.524,0.));
#2041 = VECTOR('',#2042,1.);
#2042 = DIRECTION('',(0.,0.,1.));
#2043 = ORIENTED_EDGE('',*,*,#1009,.F.);
#2044 = PLANE('',#2045);
#2045 = AXIS2_PLACEMENT_3D('',#2046,#2047,#2048);
#2046 = CARTESIAN_POINT('',(-1.016,-1.27,0.));
#2047 = DIRECTION('',(0.707106781187,-0.707106781187,0.));
#2048 = DIRECTION('',(-0.707106781187,-0.707106781187,0.));
#2049 = ADVANCED_FACE('',(#2050),#2061,.F.);
#2050 = FACE_BOUND('',#2051,.F.);
#2051 = EDGE_LOOP('',(#2052,#2058,#2059,#2060));
#2052 = ORIENTED_EDGE('',*,*,#2053,.T.);
#2053 = EDGE_CURVE('',#1250,#1743,#2054,.T.);
#2054 = LINE('',#2055,#2056);
#2055 = CARTESIAN_POINT('',(1.016,-1.27,0.));
#2056 = VECTOR('',#2057,1.);
#2057 = DIRECTION('',(0.,0.,1.));
#2058 = ORIENTED_EDGE('',*,*,#1750,.T.);
#2059 = ORIENTED_EDGE('',*,*,#2019,.F.);
#2060 = ORIENTED_EDGE('',*,*,#1257,.F.);
#2061 = PLANE('',#2062);
#2062 = AXIS2_PLACEMENT_3D('',#2063,#2064,#2065);
#2063 = CARTESIAN_POINT('',(1.016,-1.27,0.));
#2064 = DIRECTION('',(-0.707106781187,0.707106781187,0.));
#2065 = DIRECTION('',(0.707106781187,0.707106781187,0.));
#2066 = ADVANCED_FACE('',(#2067),#2078,.F.);
#2067 = FACE_BOUND('',#2068,.F.);
#2068 = EDGE_LOOP('',(#2069,#2070,#2071,#2077));
#2069 = ORIENTED_EDGE('',*,*,#2038,.T.);
#2070 = ORIENTED_EDGE('',*,*,#1510,.T.);
#2071 = ORIENTED_EDGE('',*,*,#2072,.F.);
#2072 = EDGE_CURVE('',#1018,#1511,#2073,.T.);
#2073 = LINE('',#2074,#2075);
#2074 = CARTESIAN_POINT('',(-1.27,-3.556,0.));
#2075 = VECTOR('',#2076,1.);
#2076 = DIRECTION('',(0.,0.,1.));
#2077 = ORIENTED_EDGE('',*,*,#1017,.F.);
#2078 = PLANE('',#2079);
#2079 = AXIS2_PLACEMENT_3D('',#2080,#2081,#2082);
#2080 = CARTESIAN_POINT('',(-1.27,-1.524,0.));
#2081 = DIRECTION('',(1.,0.,0.));
#2082 = DIRECTION('',(0.,-1.,0.));
#2083 = ADVANCED_FACE('',(#2084),#2095,.F.);
#2084 = FACE_BOUND('',#2085,.F.);
#2085 = EDGE_LOOP('',(#2086,#2092,#2093,#2094));
#2086 = ORIENTED_EDGE('',*,*,#2087,.T.);
#2087 = EDGE_CURVE('',#1242,#1735,#2088,.T.);
#2088 = LINE('',#2089,#2090);
#2089 = CARTESIAN_POINT('',(1.27,-1.524,0.));
#2090 = VECTOR('',#2091,1.);
#2091 = DIRECTION('',(0.,0.,1.));
#2092 = ORIENTED_EDGE('',*,*,#1742,.T.);
#2093 = ORIENTED_EDGE('',*,*,#2053,.F.);
#2094 = ORIENTED_EDGE('',*,*,#1249,.F.);
#2095 = PLANE('',#2096);
#2096 = AXIS2_PLACEMENT_3D('',#2097,#2098,#2099);
#2097 = CARTESIAN_POINT('',(1.27,-1.524,0.));
#2098 = DIRECTION('',(-0.707106781187,-0.707106781187,0.));
#2099 = DIRECTION('',(-0.707106781187,0.707106781187,0.));
#2100 = ADVANCED_FACE('',(#2101),#2112,.F.);
#2101 = FACE_BOUND('',#2102,.F.);
#2102 = EDGE_LOOP('',(#2103,#2104,#2105,#2111));
#2103 = ORIENTED_EDGE('',*,*,#2072,.T.);
#2104 = ORIENTED_EDGE('',*,*,#1518,.T.);
#2105 = ORIENTED_EDGE('',*,*,#2106,.F.);
#2106 = EDGE_CURVE('',#1026,#1519,#2107,.T.);
#2107 = LINE('',#2108,#2109);
#2108 = CARTESIAN_POINT('',(-1.016,-3.81,0.));
#2109 = VECTOR('',#2110,1.);
#2110 = DIRECTION('',(0.,0.,1.));
#2111 = ORIENTED_EDGE('',*,*,#1025,.F.);
#2112 = PLANE('',#2113);
#2113 = AXIS2_PLACEMENT_3D('',#2114,#2115,#2116);
#2114 = CARTESIAN_POINT('',(-1.27,-3.556,0.));
#2115 = DIRECTION('',(0.707106781187,0.707106781187,0.));
#2116 = DIRECTION('',(0.707106781187,-0.707106781187,0.));
#2117 = ADVANCED_FACE('',(#2118),#2129,.F.);
#2118 = FACE_BOUND('',#2119,.F.);
#2119 = EDGE_LOOP('',(#2120,#2126,#2127,#2128));
#2120 = ORIENTED_EDGE('',*,*,#2121,.T.);
#2121 = EDGE_CURVE('',#1234,#1727,#2122,.T.);
#2122 = LINE('',#2123,#2124);
#2123 = CARTESIAN_POINT('',(1.27,-3.556,0.));
#2124 = VECTOR('',#2125,1.);
#2125 = DIRECTION('',(0.,0.,1.));
#2126 = ORIENTED_EDGE('',*,*,#1734,.T.);
#2127 = ORIENTED_EDGE('',*,*,#2087,.F.);
#2128 = ORIENTED_EDGE('',*,*,#1241,.F.);
#2129 = PLANE('',#2130);
#2130 = AXIS2_PLACEMENT_3D('',#2131,#2132,#2133);
#2131 = CARTESIAN_POINT('',(1.27,-3.556,0.));
#2132 = DIRECTION('',(-1.,0.,0.));
#2133 = DIRECTION('',(0.,1.,0.));
#2134 = ADVANCED_FACE('',(#2135),#2146,.F.);
#2135 = FACE_BOUND('',#2136,.F.);
#2136 = EDGE_LOOP('',(#2137,#2138,#2139,#2145));
#2137 = ORIENTED_EDGE('',*,*,#2106,.T.);
#2138 = ORIENTED_EDGE('',*,*,#1526,.T.);
#2139 = ORIENTED_EDGE('',*,*,#2140,.F.);
#2140 = EDGE_CURVE('',#1034,#1527,#2141,.T.);
#2141 = LINE('',#2142,#2143);
#2142 = CARTESIAN_POINT('',(-1.27,-4.064,0.));
#2143 = VECTOR('',#2144,1.);
#2144 = DIRECTION('',(0.,0.,1.));
#2145 = ORIENTED_EDGE('',*,*,#1033,.F.);
#2146 = PLANE('',#2147);
#2147 = AXIS2_PLACEMENT_3D('',#2148,#2149,#2150);
#2148 = CARTESIAN_POINT('',(-1.016,-3.81,0.));
#2149 = DIRECTION('',(0.707106781187,-0.707106781187,0.));
#2150 = DIRECTION('',(-0.707106781187,-0.707106781187,0.));
#2151 = ADVANCED_FACE('',(#2152),#2163,.F.);
#2152 = FACE_BOUND('',#2153,.F.);
#2153 = EDGE_LOOP('',(#2154,#2160,#2161,#2162));
#2154 = ORIENTED_EDGE('',*,*,#2155,.T.);
#2155 = EDGE_CURVE('',#1226,#1719,#2156,.T.);
#2156 = LINE('',#2157,#2158);
#2157 = CARTESIAN_POINT('',(1.016,-3.81,0.));
#2158 = VECTOR('',#2159,1.);
#2159 = DIRECTION('',(0.,0.,1.));
#2160 = ORIENTED_EDGE('',*,*,#1726,.T.);
#2161 = ORIENTED_EDGE('',*,*,#2121,.F.);
#2162 = ORIENTED_EDGE('',*,*,#1233,.F.);
#2163 = PLANE('',#2164);
#2164 = AXIS2_PLACEMENT_3D('',#2165,#2166,#2167);
#2165 = CARTESIAN_POINT('',(1.016,-3.81,0.));
#2166 = DIRECTION('',(-0.707106781187,0.707106781187,0.));
#2167 = DIRECTION('',(0.707106781187,0.707106781187,0.));
#2168 = ADVANCED_FACE('',(#2169),#2180,.F.);
#2169 = FACE_BOUND('',#2170,.F.);
#2170 = EDGE_LOOP('',(#2171,#2172,#2173,#2179));
#2171 = ORIENTED_EDGE('',*,*,#2140,.T.);
#2172 = ORIENTED_EDGE('',*,*,#1534,.T.);
#2173 = ORIENTED_EDGE('',*,*,#2174,.F.);
#2174 = EDGE_CURVE('',#1042,#1535,#2175,.T.);
#2175 = LINE('',#2176,#2177);
#2176 = CARTESIAN_POINT('',(-1.27,-6.096,0.));
#2177 = VECTOR('',#2178,1.);
#2178 = DIRECTION('',(0.,0.,1.));
#2179 = ORIENTED_EDGE('',*,*,#1041,.F.);
#2180 = PLANE('',#2181);
#2181 = AXIS2_PLACEMENT_3D('',#2182,#2183,#2184);
#2182 = CARTESIAN_POINT('',(-1.27,-4.064,0.));
#2183 = DIRECTION('',(1.,0.,0.));
#2184 = DIRECTION('',(0.,-1.,0.));
#2185 = ADVANCED_FACE('',(#2186),#2197,.F.);
#2186 = FACE_BOUND('',#2187,.F.);
#2187 = EDGE_LOOP('',(#2188,#2194,#2195,#2196));
#2188 = ORIENTED_EDGE('',*,*,#2189,.T.);
#2189 = EDGE_CURVE('',#1218,#1711,#2190,.T.);
#2190 = LINE('',#2191,#2192);
#2191 = CARTESIAN_POINT('',(1.27,-4.064,0.));
#2192 = VECTOR('',#2193,1.);
#2193 = DIRECTION('',(0.,0.,1.));
#2194 = ORIENTED_EDGE('',*,*,#1718,.T.);
#2195 = ORIENTED_EDGE('',*,*,#2155,.F.);
#2196 = ORIENTED_EDGE('',*,*,#1225,.F.);
#2197 = PLANE('',#2198);
#2198 = AXIS2_PLACEMENT_3D('',#2199,#2200,#2201);
#2199 = CARTESIAN_POINT('',(1.27,-4.064,0.));
#2200 = DIRECTION('',(-0.707106781187,-0.707106781187,0.));
#2201 = DIRECTION('',(-0.707106781187,0.707106781187,0.));
#2202 = ADVANCED_FACE('',(#2203),#2214,.F.);
#2203 = FACE_BOUND('',#2204,.F.);
#2204 = EDGE_LOOP('',(#2205,#2206,#2207,#2213));
#2205 = ORIENTED_EDGE('',*,*,#2174,.T.);
#2206 = ORIENTED_EDGE('',*,*,#1542,.T.);
#2207 = ORIENTED_EDGE('',*,*,#2208,.F.);
#2208 = EDGE_CURVE('',#1050,#1543,#2209,.T.);
#2209 = LINE('',#2210,#2211);
#2210 = CARTESIAN_POINT('',(-1.016,-6.35,0.));
#2211 = VECTOR('',#2212,1.);
#2212 = DIRECTION('',(0.,0.,1.));
#2213 = ORIENTED_EDGE('',*,*,#1049,.F.);
#2214 = PLANE('',#2215);
#2215 = AXIS2_PLACEMENT_3D('',#2216,#2217,#2218);
#2216 = CARTESIAN_POINT('',(-1.27,-6.096,0.));
#2217 = DIRECTION('',(0.707106781187,0.707106781187,0.));
#2218 = DIRECTION('',(0.707106781187,-0.707106781187,0.));
#2219 = ADVANCED_FACE('',(#2220),#2231,.F.);
#2220 = FACE_BOUND('',#2221,.F.);
#2221 = EDGE_LOOP('',(#2222,#2228,#2229,#2230));
#2222 = ORIENTED_EDGE('',*,*,#2223,.T.);
#2223 = EDGE_CURVE('',#1210,#1703,#2224,.T.);
#2224 = LINE('',#2225,#2226);
#2225 = CARTESIAN_POINT('',(1.27,-6.096,0.));
#2226 = VECTOR('',#2227,1.);
#2227 = DIRECTION('',(0.,0.,1.));
#2228 = ORIENTED_EDGE('',*,*,#1710,.T.);
#2229 = ORIENTED_EDGE('',*,*,#2189,.F.);
#2230 = ORIENTED_EDGE('',*,*,#1217,.F.);
#2231 = PLANE('',#2232);
#2232 = AXIS2_PLACEMENT_3D('',#2233,#2234,#2235);
#2233 = CARTESIAN_POINT('',(1.27,-6.096,0.));
#2234 = DIRECTION('',(-1.,0.,0.));
#2235 = DIRECTION('',(0.,1.,0.));
#2236 = ADVANCED_FACE('',(#2237),#2248,.F.);
#2237 = FACE_BOUND('',#2238,.F.);
#2238 = EDGE_LOOP('',(#2239,#2240,#2241,#2247));
#2239 = ORIENTED_EDGE('',*,*,#2208,.T.);
#2240 = ORIENTED_EDGE('',*,*,#1550,.T.);
#2241 = ORIENTED_EDGE('',*,*,#2242,.F.);
#2242 = EDGE_CURVE('',#1058,#1551,#2243,.T.);
#2243 = LINE('',#2244,#2245);
#2244 = CARTESIAN_POINT('',(-1.27,-6.604,0.));
#2245 = VECTOR('',#2246,1.);
#2246 = DIRECTION('',(0.,0.,1.));
#2247 = ORIENTED_EDGE('',*,*,#1057,.F.);
#2248 = PLANE('',#2249);
#2249 = AXIS2_PLACEMENT_3D('',#2250,#2251,#2252);
#2250 = CARTESIAN_POINT('',(-1.016,-6.35,0.));
#2251 = DIRECTION('',(0.707106781187,-0.707106781187,0.));
#2252 = DIRECTION('',(-0.707106781187,-0.707106781187,0.));
#2253 = ADVANCED_FACE('',(#2254),#2265,.F.);
#2254 = FACE_BOUND('',#2255,.F.);
#2255 = EDGE_LOOP('',(#2256,#2262,#2263,#2264));
#2256 = ORIENTED_EDGE('',*,*,#2257,.T.);
#2257 = EDGE_CURVE('',#1202,#1695,#2258,.T.);
#2258 = LINE('',#2259,#2260);
#2259 = CARTESIAN_POINT('',(1.016,-6.35,0.));
#2260 = VECTOR('',#2261,1.);
#2261 = DIRECTION('',(0.,0.,1.));
#2262 = ORIENTED_EDGE('',*,*,#1702,.T.);
#2263 = ORIENTED_EDGE('',*,*,#2223,.F.);
#2264 = ORIENTED_EDGE('',*,*,#1209,.F.);
#2265 = PLANE('',#2266);
#2266 = AXIS2_PLACEMENT_3D('',#2267,#2268,#2269);
#2267 = CARTESIAN_POINT('',(1.016,-6.35,0.));
#2268 = DIRECTION('',(-0.707106781187,0.707106781187,0.));
#2269 = DIRECTION('',(0.707106781187,0.707106781187,0.));
#2270 = ADVANCED_FACE('',(#2271),#2282,.F.);
#2271 = FACE_BOUND('',#2272,.F.);
#2272 = EDGE_LOOP('',(#2273,#2274,#2275,#2281));
#2273 = ORIENTED_EDGE('',*,*,#2242,.T.);
#2274 = ORIENTED_EDGE('',*,*,#1558,.T.);
#2275 = ORIENTED_EDGE('',*,*,#2276,.F.);
#2276 = EDGE_CURVE('',#1066,#1559,#2277,.T.);
#2277 = LINE('',#2278,#2279);
#2278 = CARTESIAN_POINT('',(-1.27,-8.636,0.));
#2279 = VECTOR('',#2280,1.);
#2280 = DIRECTION('',(0.,0.,1.));
#2281 = ORIENTED_EDGE('',*,*,#1065,.F.);
#2282 = PLANE('',#2283);
#2283 = AXIS2_PLACEMENT_3D('',#2284,#2285,#2286);
#2284 = CARTESIAN_POINT('',(-1.27,-6.604,0.));
#2285 = DIRECTION('',(1.,0.,0.));
#2286 = DIRECTION('',(0.,-1.,0.));
#2287 = ADVANCED_FACE('',(#2288),#2299,.F.);
#2288 = FACE_BOUND('',#2289,.F.);
#2289 = EDGE_LOOP('',(#2290,#2296,#2297,#2298));
#2290 = ORIENTED_EDGE('',*,*,#2291,.T.);
#2291 = EDGE_CURVE('',#1194,#1687,#2292,.T.);
#2292 = LINE('',#2293,#2294);
#2293 = CARTESIAN_POINT('',(1.27,-6.604,0.));
#2294 = VECTOR('',#2295,1.);
#2295 = DIRECTION('',(0.,0.,1.));
#2296 = ORIENTED_EDGE('',*,*,#1694,.T.);
#2297 = ORIENTED_EDGE('',*,*,#2257,.F.);
#2298 = ORIENTED_EDGE('',*,*,#1201,.F.);
#2299 = PLANE('',#2300);
#2300 = AXIS2_PLACEMENT_3D('',#2301,#2302,#2303);
#2301 = CARTESIAN_POINT('',(1.27,-6.604,0.));
#2302 = DIRECTION('',(-0.707106781187,-0.707106781187,0.));
#2303 = DIRECTION('',(-0.707106781187,0.707106781187,0.));
#2304 = ADVANCED_FACE('',(#2305),#2316,.F.);
#2305 = FACE_BOUND('',#2306,.F.);
#2306 = EDGE_LOOP('',(#2307,#2308,#2309,#2315));
#2307 = ORIENTED_EDGE('',*,*,#2276,.T.);
#2308 = ORIENTED_EDGE('',*,*,#1566,.T.);
#2309 = ORIENTED_EDGE('',*,*,#2310,.F.);
#2310 = EDGE_CURVE('',#1074,#1567,#2311,.T.);
#2311 = LINE('',#2312,#2313);
#2312 = CARTESIAN_POINT('',(-1.016,-8.89,0.));
#2313 = VECTOR('',#2314,1.);
#2314 = DIRECTION('',(0.,0.,1.));
#2315 = ORIENTED_EDGE('',*,*,#1073,.F.);
#2316 = PLANE('',#2317);
#2317 = AXIS2_PLACEMENT_3D('',#2318,#2319,#2320);
#2318 = CARTESIAN_POINT('',(-1.27,-8.636,0.));
#2319 = DIRECTION('',(0.707106781187,0.707106781187,0.));
#2320 = DIRECTION('',(0.707106781187,-0.707106781187,0.));
#2321 = ADVANCED_FACE('',(#2322),#2333,.F.);
#2322 = FACE_BOUND('',#2323,.F.);
#2323 = EDGE_LOOP('',(#2324,#2330,#2331,#2332));
#2324 = ORIENTED_EDGE('',*,*,#2325,.T.);
#2325 = EDGE_CURVE('',#1186,#1679,#2326,.T.);
#2326 = LINE('',#2327,#2328);
#2327 = CARTESIAN_POINT('',(1.27,-8.636,0.));
#2328 = VECTOR('',#2329,1.);
#2329 = DIRECTION('',(0.,0.,1.));
#2330 = ORIENTED_EDGE('',*,*,#1686,.T.);
#2331 = ORIENTED_EDGE('',*,*,#2291,.F.);
#2332 = ORIENTED_EDGE('',*,*,#1193,.F.);
#2333 = PLANE('',#2334);
#2334 = AXIS2_PLACEMENT_3D('',#2335,#2336,#2337);
#2335 = CARTESIAN_POINT('',(1.27,-8.636,0.));
#2336 = DIRECTION('',(-1.,0.,0.));
#2337 = DIRECTION('',(0.,1.,0.));
#2338 = ADVANCED_FACE('',(#2339),#2350,.F.);
#2339 = FACE_BOUND('',#2340,.F.);
#2340 = EDGE_LOOP('',(#2341,#2342,#2343,#2349));
#2341 = ORIENTED_EDGE('',*,*,#2310,.T.);
#2342 = ORIENTED_EDGE('',*,*,#1574,.T.);
#2343 = ORIENTED_EDGE('',*,*,#2344,.F.);
#2344 = EDGE_CURVE('',#1082,#1575,#2345,.T.);
#2345 = LINE('',#2346,#2347);
#2346 = CARTESIAN_POINT('',(-1.27,-9.144,0.));
#2347 = VECTOR('',#2348,1.);
#2348 = DIRECTION('',(0.,0.,1.));
#2349 = ORIENTED_EDGE('',*,*,#1081,.F.);
#2350 = PLANE('',#2351);
#2351 = AXIS2_PLACEMENT_3D('',#2352,#2353,#2354);
#2352 = CARTESIAN_POINT('',(-1.016,-8.89,0.));
#2353 = DIRECTION('',(0.707106781187,-0.707106781187,0.));
#2354 = DIRECTION('',(-0.707106781187,-0.707106781187,0.));
#2355 = ADVANCED_FACE('',(#2356),#2367,.F.);
#2356 = FACE_BOUND('',#2357,.F.);
#2357 = EDGE_LOOP('',(#2358,#2364,#2365,#2366));
#2358 = ORIENTED_EDGE('',*,*,#2359,.T.);
#2359 = EDGE_CURVE('',#1178,#1671,#2360,.T.);
#2360 = LINE('',#2361,#2362);
#2361 = CARTESIAN_POINT('',(1.016,-8.89,0.));
#2362 = VECTOR('',#2363,1.);
#2363 = DIRECTION('',(0.,0.,1.));
#2364 = ORIENTED_EDGE('',*,*,#1678,.T.);
#2365 = ORIENTED_EDGE('',*,*,#2325,.F.);
#2366 = ORIENTED_EDGE('',*,*,#1185,.F.);
#2367 = PLANE('',#2368);
#2368 = AXIS2_PLACEMENT_3D('',#2369,#2370,#2371);
#2369 = CARTESIAN_POINT('',(1.016,-8.89,0.));
#2370 = DIRECTION('',(-0.707106781187,0.707106781187,0.));
#2371 = DIRECTION('',(0.707106781187,0.707106781187,0.));
#2372 = ADVANCED_FACE('',(#2373),#2384,.F.);
#2373 = FACE_BOUND('',#2374,.F.);
#2374 = EDGE_LOOP('',(#2375,#2376,#2377,#2383));
#2375 = ORIENTED_EDGE('',*,*,#2344,.T.);
#2376 = ORIENTED_EDGE('',*,*,#1582,.T.);
#2377 = ORIENTED_EDGE('',*,*,#2378,.F.);
#2378 = EDGE_CURVE('',#1090,#1583,#2379,.T.);
#2379 = LINE('',#2380,#2381);
#2380 = CARTESIAN_POINT('',(-1.27,-11.176,0.));
#2381 = VECTOR('',#2382,1.);
#2382 = DIRECTION('',(0.,0.,1.));
#2383 = ORIENTED_EDGE('',*,*,#1089,.F.);
#2384 = PLANE('',#2385);
#2385 = AXIS2_PLACEMENT_3D('',#2386,#2387,#2388);
#2386 = CARTESIAN_POINT('',(-1.27,-9.144,0.));
#2387 = DIRECTION('',(1.,0.,0.));
#2388 = DIRECTION('',(0.,-1.,0.));
#2389 = ADVANCED_FACE('',(#2390),#2401,.F.);
#2390 = FACE_BOUND('',#2391,.F.);
#2391 = EDGE_LOOP('',(#2392,#2398,#2399,#2400));
#2392 = ORIENTED_EDGE('',*,*,#2393,.T.);
#2393 = EDGE_CURVE('',#1170,#1663,#2394,.T.);
#2394 = LINE('',#2395,#2396);
#2395 = CARTESIAN_POINT('',(1.27,-9.144,0.));
#2396 = VECTOR('',#2397,1.);
#2397 = DIRECTION('',(0.,0.,1.));
#2398 = ORIENTED_EDGE('',*,*,#1670,.T.);
#2399 = ORIENTED_EDGE('',*,*,#2359,.F.);
#2400 = ORIENTED_EDGE('',*,*,#1177,.F.);
#2401 = PLANE('',#2402);
#2402 = AXIS2_PLACEMENT_3D('',#2403,#2404,#2405);
#2403 = CARTESIAN_POINT('',(1.27,-9.144,0.));
#2404 = DIRECTION('',(-0.707106781187,-0.707106781187,0.));
#2405 = DIRECTION('',(-0.707106781187,0.707106781187,0.));
#2406 = ADVANCED_FACE('',(#2407),#2418,.F.);
#2407 = FACE_BOUND('',#2408,.F.);
#2408 = EDGE_LOOP('',(#2409,#2410,#2411,#2417));
#2409 = ORIENTED_EDGE('',*,*,#2378,.T.);
#2410 = ORIENTED_EDGE('',*,*,#1590,.T.);
#2411 = ORIENTED_EDGE('',*,*,#2412,.F.);
#2412 = EDGE_CURVE('',#1098,#1591,#2413,.T.);
#2413 = LINE('',#2414,#2415);
#2414 = CARTESIAN_POINT('',(-1.016,-11.43,0.));
#2415 = VECTOR('',#2416,1.);
#2416 = DIRECTION('',(0.,0.,1.));
#2417 = ORIENTED_EDGE('',*,*,#1097,.F.);
#2418 = PLANE('',#2419);
#2419 = AXIS2_PLACEMENT_3D('',#2420,#2421,#2422);
#2420 = CARTESIAN_POINT('',(-1.27,-11.176,0.));
#2421 = DIRECTION('',(0.707106781187,0.707106781187,0.));
#2422 = DIRECTION('',(0.707106781187,-0.707106781187,0.));
#2423 = ADVANCED_FACE('',(#2424),#2435,.F.);
#2424 = FACE_BOUND('',#2425,.F.);
#2425 = EDGE_LOOP('',(#2426,#2432,#2433,#2434));
#2426 = ORIENTED_EDGE('',*,*,#2427,.T.);
#2427 = EDGE_CURVE('',#1162,#1655,#2428,.T.);
#2428 = LINE('',#2429,#2430);
#2429 = CARTESIAN_POINT('',(1.27,-11.176,0.));
#2430 = VECTOR('',#2431,1.);
#2431 = DIRECTION('',(0.,0.,1.));
#2432 = ORIENTED_EDGE('',*,*,#1662,.T.);
#2433 = ORIENTED_EDGE('',*,*,#2393,.F.);
#2434 = ORIENTED_EDGE('',*,*,#1169,.F.);
#2435 = PLANE('',#2436);
#2436 = AXIS2_PLACEMENT_3D('',#2437,#2438,#2439);
#2437 = CARTESIAN_POINT('',(1.27,-11.176,0.));
#2438 = DIRECTION('',(-1.,0.,0.));
#2439 = DIRECTION('',(0.,1.,0.));
#2440 = ADVANCED_FACE('',(#2441),#2452,.F.);
#2441 = FACE_BOUND('',#2442,.F.);
#2442 = EDGE_LOOP('',(#2443,#2444,#2445,#2451));
#2443 = ORIENTED_EDGE('',*,*,#2412,.T.);
#2444 = ORIENTED_EDGE('',*,*,#1598,.T.);
#2445 = ORIENTED_EDGE('',*,*,#2446,.F.);
#2446 = EDGE_CURVE('',#1106,#1599,#2447,.T.);
#2447 = LINE('',#2448,#2449);
#2448 = CARTESIAN_POINT('',(-1.27,-11.684,0.));
#2449 = VECTOR('',#2450,1.);
#2450 = DIRECTION('',(0.,0.,1.));
#2451 = ORIENTED_EDGE('',*,*,#1105,.F.);
#2452 = PLANE('',#2453);
#2453 = AXIS2_PLACEMENT_3D('',#2454,#2455,#2456);
#2454 = CARTESIAN_POINT('',(-1.016,-11.43,0.));
#2455 = DIRECTION('',(0.707106781187,-0.707106781187,0.));
#2456 = DIRECTION('',(-0.707106781187,-0.707106781187,0.));
#2457 = ADVANCED_FACE('',(#2458),#2469,.F.);
#2458 = FACE_BOUND('',#2459,.F.);
#2459 = EDGE_LOOP('',(#2460,#2466,#2467,#2468));
#2460 = ORIENTED_EDGE('',*,*,#2461,.T.);
#2461 = EDGE_CURVE('',#1154,#1647,#2462,.T.);
#2462 = LINE('',#2463,#2464);
#2463 = CARTESIAN_POINT('',(1.016,-11.43,0.));
#2464 = VECTOR('',#2465,1.);
#2465 = DIRECTION('',(0.,0.,1.));
#2466 = ORIENTED_EDGE('',*,*,#1654,.T.);
#2467 = ORIENTED_EDGE('',*,*,#2427,.F.);
#2468 = ORIENTED_EDGE('',*,*,#1161,.F.);
#2469 = PLANE('',#2470);
#2470 = AXIS2_PLACEMENT_3D('',#2471,#2472,#2473);
#2471 = CARTESIAN_POINT('',(1.016,-11.43,0.));
#2472 = DIRECTION('',(-0.707106781187,0.707106781187,0.));
#2473 = DIRECTION('',(0.707106781187,0.707106781187,0.));
#2474 = ADVANCED_FACE('',(#2475),#2486,.F.);
#2475 = FACE_BOUND('',#2476,.F.);
#2476 = EDGE_LOOP('',(#2477,#2478,#2479,#2485));
#2477 = ORIENTED_EDGE('',*,*,#2446,.T.);
#2478 = ORIENTED_EDGE('',*,*,#1606,.T.);
#2479 = ORIENTED_EDGE('',*,*,#2480,.F.);
#2480 = EDGE_CURVE('',#1114,#1607,#2481,.T.);
#2481 = LINE('',#2482,#2483);
#2482 = CARTESIAN_POINT('',(-1.27,-13.716,0.));
#2483 = VECTOR('',#2484,1.);
#2484 = DIRECTION('',(0.,0.,1.));
#2485 = ORIENTED_EDGE('',*,*,#1113,.F.);
#2486 = PLANE('',#2487);
#2487 = AXIS2_PLACEMENT_3D('',#2488,#2489,#2490);
#2488 = CARTESIAN_POINT('',(-1.27,-11.684,0.));
#2489 = DIRECTION('',(1.,0.,0.));
#2490 = DIRECTION('',(0.,-1.,0.));
#2491 = ADVANCED_FACE('',(#2492),#2503,.F.);
#2492 = FACE_BOUND('',#2493,.F.);
#2493 = EDGE_LOOP('',(#2494,#2500,#2501,#2502));
#2494 = ORIENTED_EDGE('',*,*,#2495,.T.);
#2495 = EDGE_CURVE('',#1146,#1639,#2496,.T.);
#2496 = LINE('',#2497,#2498);
#2497 = CARTESIAN_POINT('',(1.27,-11.684,0.));
#2498 = VECTOR('',#2499,1.);
#2499 = DIRECTION('',(0.,0.,1.));
#2500 = ORIENTED_EDGE('',*,*,#1646,.T.);
#2501 = ORIENTED_EDGE('',*,*,#2461,.F.);
#2502 = ORIENTED_EDGE('',*,*,#1153,.F.);
#2503 = PLANE('',#2504);
#2504 = AXIS2_PLACEMENT_3D('',#2505,#2506,#2507);
#2505 = CARTESIAN_POINT('',(1.27,-11.684,0.));
#2506 = DIRECTION('',(-0.707106781187,-0.707106781187,0.));
#2507 = DIRECTION('',(-0.707106781187,0.707106781187,0.));
#2508 = ADVANCED_FACE('',(#2509),#2520,.F.);
#2509 = FACE_BOUND('',#2510,.F.);
#2510 = EDGE_LOOP('',(#2511,#2512,#2513,#2519));
#2511 = ORIENTED_EDGE('',*,*,#2480,.T.);
#2512 = ORIENTED_EDGE('',*,*,#1614,.T.);
#2513 = ORIENTED_EDGE('',*,*,#2514,.F.);
#2514 = EDGE_CURVE('',#1122,#1615,#2515,.T.);
#2515 = LINE('',#2516,#2517);
#2516 = CARTESIAN_POINT('',(-1.016,-13.97,0.));
#2517 = VECTOR('',#2518,1.);
#2518 = DIRECTION('',(0.,0.,1.));
#2519 = ORIENTED_EDGE('',*,*,#1121,.F.);
#2520 = PLANE('',#2521);
#2521 = AXIS2_PLACEMENT_3D('',#2522,#2523,#2524);
#2522 = CARTESIAN_POINT('',(-1.27,-13.716,0.));
#2523 = DIRECTION('',(0.707106781187,0.707106781187,0.));
#2524 = DIRECTION('',(0.707106781187,-0.707106781187,0.));
#2525 = ADVANCED_FACE('',(#2526),#2537,.F.);
#2526 = FACE_BOUND('',#2527,.F.);
#2527 = EDGE_LOOP('',(#2528,#2534,#2535,#2536));
#2528 = ORIENTED_EDGE('',*,*,#2529,.T.);
#2529 = EDGE_CURVE('',#1138,#1631,#2530,.T.);
#2530 = LINE('',#2531,#2532);
#2531 = CARTESIAN_POINT('',(1.27,-13.716,0.));
#2532 = VECTOR('',#2533,1.);
#2533 = DIRECTION('',(0.,0.,1.));
#2534 = ORIENTED_EDGE('',*,*,#1638,.T.);
#2535 = ORIENTED_EDGE('',*,*,#2495,.F.);
#2536 = ORIENTED_EDGE('',*,*,#1145,.F.);
#2537 = PLANE('',#2538);
#2538 = AXIS2_PLACEMENT_3D('',#2539,#2540,#2541);
#2539 = CARTESIAN_POINT('',(1.27,-13.716,0.));
#2540 = DIRECTION('',(-1.,0.,0.));
#2541 = DIRECTION('',(0.,1.,0.));
#2542 = ADVANCED_FACE('',(#2543),#2554,.F.);
#2543 = FACE_BOUND('',#2544,.F.);
#2544 = EDGE_LOOP('',(#2545,#2546,#2547,#2553));
#2545 = ORIENTED_EDGE('',*,*,#2514,.T.);
#2546 = ORIENTED_EDGE('',*,*,#1622,.T.);
#2547 = ORIENTED_EDGE('',*,*,#2548,.F.);
#2548 = EDGE_CURVE('',#1130,#1623,#2549,.T.);
#2549 = LINE('',#2550,#2551);
#2550 = CARTESIAN_POINT('',(1.016,-13.97,0.));
#2551 = VECTOR('',#2552,1.);
#2552 = DIRECTION('',(0.,0.,1.));
#2553 = ORIENTED_EDGE('',*,*,#1129,.F.);
#2554 = PLANE('',#2555);
#2555 = AXIS2_PLACEMENT_3D('',#2556,#2557,#2558);
#2556 = CARTESIAN_POINT('',(-1.016,-13.97,0.));
#2557 = DIRECTION('',(0.,1.,0.));
#2558 = DIRECTION('',(1.,0.,0.));
#2559 = ADVANCED_FACE('',(#2560),#2566,.F.);
#2560 = FACE_BOUND('',#2561,.F.);
#2561 = EDGE_LOOP('',(#2562,#2563,#2564,#2565));
#2562 = ORIENTED_EDGE('',*,*,#2548,.T.);
#2563 = ORIENTED_EDGE('',*,*,#1630,.T.);
#2564 = ORIENTED_EDGE('',*,*,#2529,.F.);
#2565 = ORIENTED_EDGE('',*,*,#1137,.F.);
#2566 = PLANE('',#2567);
#2567 = AXIS2_PLACEMENT_3D('',#2568,#2569,#2570);
#2568 = CARTESIAN_POINT('',(1.016,-13.97,0.));
#2569 = DIRECTION('',(-0.707106781187,0.707106781187,0.));
#2570 = DIRECTION('',(0.707106781187,0.707106781187,0.));
#2571 = ADVANCED_FACE('',(#2572),#2597,.T.);
#2572 = FACE_BOUND('',#2573,.T.);
#2573 = EDGE_LOOP('',(#2574,#2582,#2590,#2596));
#2574 = ORIENTED_EDGE('',*,*,#2575,.F.);
#2575 = EDGE_CURVE('',#2576,#1283,#2578,.T.);
#2576 = VERTEX_POINT('',#2577);
#2577 = CARTESIAN_POINT('',(0.32,-0.32,-2.84));
#2578 = LINE('',#2579,#2580);
#2579 = CARTESIAN_POINT('',(0.32,-0.32,-3.));
#2580 = VECTOR('',#2581,1.);
#2581 = DIRECTION('',(0.,0.,1.));
#2582 = ORIENTED_EDGE('',*,*,#2583,.T.);
#2583 = EDGE_CURVE('',#2576,#2584,#2586,.T.);
#2584 = VERTEX_POINT('',#2585);
#2585 = CARTESIAN_POINT('',(0.32,0.32,-2.84));
#2586 = LINE('',#2587,#2588);
#2587 = CARTESIAN_POINT('',(0.32,-0.32,-2.84));
#2588 = VECTOR('',#2589,1.);
#2589 = DIRECTION('',(0.,1.,0.));
#2590 = ORIENTED_EDGE('',*,*,#2591,.T.);
#2591 = EDGE_CURVE('',#2584,#1285,#2592,.T.);
#2592 = LINE('',#2593,#2594);
#2593 = CARTESIAN_POINT('',(0.32,0.32,-3.));
#2594 = VECTOR('',#2595,1.);
#2595 = DIRECTION('',(0.,0.,1.));
#2596 = ORIENTED_EDGE('',*,*,#1282,.F.);
#2597 = PLANE('',#2598);
#2598 = AXIS2_PLACEMENT_3D('',#2599,#2600,#2601);
#2599 = CARTESIAN_POINT('',(0.32,-0.32,-3.));
#2600 = DIRECTION('',(1.,0.,0.));
#2601 = DIRECTION('',(0.,0.,1.));
#2602 = ADVANCED_FACE('',(#2603),#2621,.T.);
#2603 = FACE_BOUND('',#2604,.T.);
#2604 = EDGE_LOOP('',(#2605,#2606,#2614,#2620));
#2605 = ORIENTED_EDGE('',*,*,#2591,.F.);
#2606 = ORIENTED_EDGE('',*,*,#2607,.F.);
#2607 = EDGE_CURVE('',#2608,#2584,#2610,.T.);
#2608 = VERTEX_POINT('',#2609);
#2609 = CARTESIAN_POINT('',(-0.32,0.32,-2.84));
#2610 = LINE('',#2611,#2612);
#2611 = CARTESIAN_POINT('',(-0.32,0.32,-2.84));
#2612 = VECTOR('',#2613,1.);
#2613 = DIRECTION('',(1.,0.,0.));
#2614 = ORIENTED_EDGE('',*,*,#2615,.T.);
#2615 = EDGE_CURVE('',#2608,#1301,#2616,.T.);
#2616 = LINE('',#2617,#2618);
#2617 = CARTESIAN_POINT('',(-0.32,0.32,-3.));
#2618 = VECTOR('',#2619,1.);
#2619 = DIRECTION('',(0.,0.,1.));
#2620 = ORIENTED_EDGE('',*,*,#1308,.F.);
#2621 = PLANE('',#2622);
#2622 = AXIS2_PLACEMENT_3D('',#2623,#2624,#2625);
#2623 = CARTESIAN_POINT('',(-0.32,0.32,-3.));
#2624 = DIRECTION('',(0.,1.,0.));
#2625 = DIRECTION('',(0.,-0.,1.));
#2626 = ADVANCED_FACE('',(#2627),#2645,.F.);
#2627 = FACE_BOUND('',#2628,.F.);
#2628 = EDGE_LOOP('',(#2629,#2637,#2643,#2644));
#2629 = ORIENTED_EDGE('',*,*,#2630,.F.);
#2630 = EDGE_CURVE('',#2631,#1293,#2633,.T.);
#2631 = VERTEX_POINT('',#2632);
#2632 = CARTESIAN_POINT('',(-0.32,-0.32,-2.84));
#2633 = LINE('',#2634,#2635);
#2634 = CARTESIAN_POINT('',(-0.32,-0.32,-3.));
#2635 = VECTOR('',#2636,1.);
#2636 = DIRECTION('',(0.,0.,1.));
#2637 = ORIENTED_EDGE('',*,*,#2638,.T.);
#2638 = EDGE_CURVE('',#2631,#2608,#2639,.T.);
#2639 = LINE('',#2640,#2641);
#2640 = CARTESIAN_POINT('',(-0.32,-0.32,-2.84));
#2641 = VECTOR('',#2642,1.);
#2642 = DIRECTION('',(0.,1.,0.));
#2643 = ORIENTED_EDGE('',*,*,#2615,.T.);
#2644 = ORIENTED_EDGE('',*,*,#1300,.F.);
#2645 = PLANE('',#2646);
#2646 = AXIS2_PLACEMENT_3D('',#2647,#2648,#2649);
#2647 = CARTESIAN_POINT('',(-0.32,-0.32,-3.));
#2648 = DIRECTION('',(1.,0.,0.));
#2649 = DIRECTION('',(0.,0.,1.));
#2650 = ADVANCED_FACE('',(#2651),#2662,.F.);
#2651 = FACE_BOUND('',#2652,.F.);
#2652 = EDGE_LOOP('',(#2653,#2654,#2660,#2661));
#2653 = ORIENTED_EDGE('',*,*,#2575,.F.);
#2654 = ORIENTED_EDGE('',*,*,#2655,.F.);
#2655 = EDGE_CURVE('',#2631,#2576,#2656,.T.);
#2656 = LINE('',#2657,#2658);
#2657 = CARTESIAN_POINT('',(-0.32,-0.32,-2.84));
#2658 = VECTOR('',#2659,1.);
#2659 = DIRECTION('',(1.,0.,0.));
#2660 = ORIENTED_EDGE('',*,*,#2630,.T.);
#2661 = ORIENTED_EDGE('',*,*,#1292,.F.);
#2662 = PLANE('',#2663);
#2663 = AXIS2_PLACEMENT_3D('',#2664,#2665,#2666);
#2664 = CARTESIAN_POINT('',(-0.32,-0.32,-3.));
#2665 = DIRECTION('',(0.,1.,0.));
#2666 = DIRECTION('',(0.,-0.,1.));
#2667 = ADVANCED_FACE('',(#2668),#2693,.T.);
#2668 = FACE_BOUND('',#2669,.T.);
#2669 = EDGE_LOOP('',(#2670,#2678,#2686,#2692));
#2670 = ORIENTED_EDGE('',*,*,#2671,.F.);
#2671 = EDGE_CURVE('',#2672,#1317,#2674,.T.);
#2672 = VERTEX_POINT('',#2673);
#2673 = CARTESIAN_POINT('',(0.32,-5.4,-2.84));
#2674 = LINE('',#2675,#2676);
#2675 = CARTESIAN_POINT('',(0.32,-5.4,-3.));
#2676 = VECTOR('',#2677,1.);
#2677 = DIRECTION('',(0.,0.,1.));
#2678 = ORIENTED_EDGE('',*,*,#2679,.T.);
#2679 = EDGE_CURVE('',#2672,#2680,#2682,.T.);
#2680 = VERTEX_POINT('',#2681);
#2681 = CARTESIAN_POINT('',(0.32,-4.76,-2.84));
#2682 = LINE('',#2683,#2684);
#2683 = CARTESIAN_POINT('',(0.32,-5.4,-2.84));
#2684 = VECTOR('',#2685,1.);
#2685 = DIRECTION('',(0.,1.,0.));
#2686 = ORIENTED_EDGE('',*,*,#2687,.T.);
#2687 = EDGE_CURVE('',#2680,#1319,#2688,.T.);
#2688 = LINE('',#2689,#2690);
#2689 = CARTESIAN_POINT('',(0.32,-4.76,-3.));
#2690 = VECTOR('',#2691,1.);
#2691 = DIRECTION('',(0.,0.,1.));
#2692 = ORIENTED_EDGE('',*,*,#1316,.F.);
#2693 = PLANE('',#2694);
#2694 = AXIS2_PLACEMENT_3D('',#2695,#2696,#2697);
#2695 = CARTESIAN_POINT('',(0.32,-5.4,-3.));
#2696 = DIRECTION('',(1.,0.,0.));
#2697 = DIRECTION('',(0.,0.,1.));
#2698 = ADVANCED_FACE('',(#2699),#2717,.T.);
#2699 = FACE_BOUND('',#2700,.T.);
#2700 = EDGE_LOOP('',(#2701,#2702,#2710,#2716));
#2701 = ORIENTED_EDGE('',*,*,#2687,.F.);
#2702 = ORIENTED_EDGE('',*,*,#2703,.F.);
#2703 = EDGE_CURVE('',#2704,#2680,#2706,.T.);
#2704 = VERTEX_POINT('',#2705);
#2705 = CARTESIAN_POINT('',(-0.32,-4.76,-2.84));
#2706 = LINE('',#2707,#2708);
#2707 = CARTESIAN_POINT('',(-0.32,-4.76,-2.84));
#2708 = VECTOR('',#2709,1.);
#2709 = DIRECTION('',(1.,0.,0.));
#2710 = ORIENTED_EDGE('',*,*,#2711,.T.);
#2711 = EDGE_CURVE('',#2704,#1335,#2712,.T.);
#2712 = LINE('',#2713,#2714);
#2713 = CARTESIAN_POINT('',(-0.32,-4.76,-3.));
#2714 = VECTOR('',#2715,1.);
#2715 = DIRECTION('',(0.,0.,1.));
#2716 = ORIENTED_EDGE('',*,*,#1342,.F.);
#2717 = PLANE('',#2718);
#2718 = AXIS2_PLACEMENT_3D('',#2719,#2720,#2721);
#2719 = CARTESIAN_POINT('',(-0.32,-4.76,-3.));
#2720 = DIRECTION('',(0.,1.,0.));
#2721 = DIRECTION('',(0.,-0.,1.));
#2722 = ADVANCED_FACE('',(#2723),#2741,.F.);
#2723 = FACE_BOUND('',#2724,.F.);
#2724 = EDGE_LOOP('',(#2725,#2733,#2739,#2740));
#2725 = ORIENTED_EDGE('',*,*,#2726,.F.);
#2726 = EDGE_CURVE('',#2727,#1327,#2729,.T.);
#2727 = VERTEX_POINT('',#2728);
#2728 = CARTESIAN_POINT('',(-0.32,-5.4,-2.84));
#2729 = LINE('',#2730,#2731);
#2730 = CARTESIAN_POINT('',(-0.32,-5.4,-3.));
#2731 = VECTOR('',#2732,1.);
#2732 = DIRECTION('',(0.,0.,1.));
#2733 = ORIENTED_EDGE('',*,*,#2734,.T.);
#2734 = EDGE_CURVE('',#2727,#2704,#2735,.T.);
#2735 = LINE('',#2736,#2737);
#2736 = CARTESIAN_POINT('',(-0.32,-5.4,-2.84));
#2737 = VECTOR('',#2738,1.);
#2738 = DIRECTION('',(0.,1.,0.));
#2739 = ORIENTED_EDGE('',*,*,#2711,.T.);
#2740 = ORIENTED_EDGE('',*,*,#1334,.F.);
#2741 = PLANE('',#2742);
#2742 = AXIS2_PLACEMENT_3D('',#2743,#2744,#2745);
#2743 = CARTESIAN_POINT('',(-0.32,-5.4,-3.));
#2744 = DIRECTION('',(1.,0.,0.));
#2745 = DIRECTION('',(0.,0.,1.));
#2746 = ADVANCED_FACE('',(#2747),#2758,.F.);
#2747 = FACE_BOUND('',#2748,.F.);
#2748 = EDGE_LOOP('',(#2749,#2750,#2756,#2757));
#2749 = ORIENTED_EDGE('',*,*,#2671,.F.);
#2750 = ORIENTED_EDGE('',*,*,#2751,.F.);
#2751 = EDGE_CURVE('',#2727,#2672,#2752,.T.);
#2752 = LINE('',#2753,#2754);
#2753 = CARTESIAN_POINT('',(-0.32,-5.4,-2.84));
#2754 = VECTOR('',#2755,1.);
#2755 = DIRECTION('',(1.,0.,0.));
#2756 = ORIENTED_EDGE('',*,*,#2726,.T.);
#2757 = ORIENTED_EDGE('',*,*,#1326,.F.);
#2758 = PLANE('',#2759);
#2759 = AXIS2_PLACEMENT_3D('',#2760,#2761,#2762);
#2760 = CARTESIAN_POINT('',(-0.32,-5.4,-3.));
#2761 = DIRECTION('',(0.,1.,0.));
#2762 = DIRECTION('',(0.,-0.,1.));
#2763 = ADVANCED_FACE('',(#2764),#2789,.T.);
#2764 = FACE_BOUND('',#2765,.T.);
#2765 = EDGE_LOOP('',(#2766,#2774,#2782,#2788));
#2766 = ORIENTED_EDGE('',*,*,#2767,.F.);
#2767 = EDGE_CURVE('',#2768,#1351,#2770,.T.);
#2768 = VERTEX_POINT('',#2769);
#2769 = CARTESIAN_POINT('',(0.32,-2.86,-2.84));
#2770 = LINE('',#2771,#2772);
#2771 = CARTESIAN_POINT('',(0.32,-2.86,-3.));
#2772 = VECTOR('',#2773,1.);
#2773 = DIRECTION('',(0.,0.,1.));
#2774 = ORIENTED_EDGE('',*,*,#2775,.T.);
#2775 = EDGE_CURVE('',#2768,#2776,#2778,.T.);
#2776 = VERTEX_POINT('',#2777);
#2777 = CARTESIAN_POINT('',(0.32,-2.22,-2.84));
#2778 = LINE('',#2779,#2780);
#2779 = CARTESIAN_POINT('',(0.32,-2.86,-2.84));
#2780 = VECTOR('',#2781,1.);
#2781 = DIRECTION('',(0.,1.,0.));
#2782 = ORIENTED_EDGE('',*,*,#2783,.T.);
#2783 = EDGE_CURVE('',#2776,#1353,#2784,.T.);
#2784 = LINE('',#2785,#2786);
#2785 = CARTESIAN_POINT('',(0.32,-2.22,-3.));
#2786 = VECTOR('',#2787,1.);
#2787 = DIRECTION('',(0.,0.,1.));
#2788 = ORIENTED_EDGE('',*,*,#1350,.F.);
#2789 = PLANE('',#2790);
#2790 = AXIS2_PLACEMENT_3D('',#2791,#2792,#2793);
#2791 = CARTESIAN_POINT('',(0.32,-2.86,-3.));
#2792 = DIRECTION('',(1.,0.,0.));
#2793 = DIRECTION('',(0.,0.,1.));
#2794 = ADVANCED_FACE('',(#2795),#2813,.T.);
#2795 = FACE_BOUND('',#2796,.T.);
#2796 = EDGE_LOOP('',(#2797,#2798,#2806,#2812));
#2797 = ORIENTED_EDGE('',*,*,#2783,.F.);
#2798 = ORIENTED_EDGE('',*,*,#2799,.F.);
#2799 = EDGE_CURVE('',#2800,#2776,#2802,.T.);
#2800 = VERTEX_POINT('',#2801);
#2801 = CARTESIAN_POINT('',(-0.32,-2.22,-2.84));
#2802 = LINE('',#2803,#2804);
#2803 = CARTESIAN_POINT('',(-0.32,-2.22,-2.84));
#2804 = VECTOR('',#2805,1.);
#2805 = DIRECTION('',(1.,0.,0.));
#2806 = ORIENTED_EDGE('',*,*,#2807,.T.);
#2807 = EDGE_CURVE('',#2800,#1369,#2808,.T.);
#2808 = LINE('',#2809,#2810);
#2809 = CARTESIAN_POINT('',(-0.32,-2.22,-3.));
#2810 = VECTOR('',#2811,1.);
#2811 = DIRECTION('',(0.,0.,1.));
#2812 = ORIENTED_EDGE('',*,*,#1376,.F.);
#2813 = PLANE('',#2814);
#2814 = AXIS2_PLACEMENT_3D('',#2815,#2816,#2817);
#2815 = CARTESIAN_POINT('',(-0.32,-2.22,-3.));
#2816 = DIRECTION('',(0.,1.,0.));
#2817 = DIRECTION('',(0.,-0.,1.));
#2818 = ADVANCED_FACE('',(#2819),#2837,.F.);
#2819 = FACE_BOUND('',#2820,.F.);
#2820 = EDGE_LOOP('',(#2821,#2829,#2835,#2836));
#2821 = ORIENTED_EDGE('',*,*,#2822,.F.);
#2822 = EDGE_CURVE('',#2823,#1361,#2825,.T.);
#2823 = VERTEX_POINT('',#2824);
#2824 = CARTESIAN_POINT('',(-0.32,-2.86,-2.84));
#2825 = LINE('',#2826,#2827);
#2826 = CARTESIAN_POINT('',(-0.32,-2.86,-3.));
#2827 = VECTOR('',#2828,1.);
#2828 = DIRECTION('',(0.,0.,1.));
#2829 = ORIENTED_EDGE('',*,*,#2830,.T.);
#2830 = EDGE_CURVE('',#2823,#2800,#2831,.T.);
#2831 = LINE('',#2832,#2833);
#2832 = CARTESIAN_POINT('',(-0.32,-2.86,-2.84));
#2833 = VECTOR('',#2834,1.);
#2834 = DIRECTION('',(0.,1.,0.));
#2835 = ORIENTED_EDGE('',*,*,#2807,.T.);
#2836 = ORIENTED_EDGE('',*,*,#1368,.F.);
#2837 = PLANE('',#2838);
#2838 = AXIS2_PLACEMENT_3D('',#2839,#2840,#2841);
#2839 = CARTESIAN_POINT('',(-0.32,-2.86,-3.));
#2840 = DIRECTION('',(1.,0.,0.));
#2841 = DIRECTION('',(0.,0.,1.));
#2842 = ADVANCED_FACE('',(#2843),#2854,.F.);
#2843 = FACE_BOUND('',#2844,.F.);
#2844 = EDGE_LOOP('',(#2845,#2846,#2852,#2853));
#2845 = ORIENTED_EDGE('',*,*,#2767,.F.);
#2846 = ORIENTED_EDGE('',*,*,#2847,.F.);
#2847 = EDGE_CURVE('',#2823,#2768,#2848,.T.);
#2848 = LINE('',#2849,#2850);
#2849 = CARTESIAN_POINT('',(-0.32,-2.86,-2.84));
#2850 = VECTOR('',#2851,1.);
#2851 = DIRECTION('',(1.,0.,0.));
#2852 = ORIENTED_EDGE('',*,*,#2822,.T.);
#2853 = ORIENTED_EDGE('',*,*,#1360,.F.);
#2854 = PLANE('',#2855);
#2855 = AXIS2_PLACEMENT_3D('',#2856,#2857,#2858);
#2856 = CARTESIAN_POINT('',(-0.32,-2.86,-3.));
#2857 = DIRECTION('',(0.,1.,0.));
#2858 = DIRECTION('',(0.,-0.,1.));
#2859 = ADVANCED_FACE('',(#2860),#2885,.F.);
#2860 = FACE_BOUND('',#2861,.F.);
#2861 = EDGE_LOOP('',(#2862,#2870,#2878,#2884));
#2862 = ORIENTED_EDGE('',*,*,#2863,.F.);
#2863 = EDGE_CURVE('',#2864,#1385,#2866,.T.);
#2864 = VERTEX_POINT('',#2865);
#2865 = CARTESIAN_POINT('',(0.32,-13.02,-2.84));
#2866 = LINE('',#2867,#2868);
#2867 = CARTESIAN_POINT('',(0.32,-13.02,-3.));
#2868 = VECTOR('',#2869,1.);
#2869 = DIRECTION('',(0.,0.,1.));
#2870 = ORIENTED_EDGE('',*,*,#2871,.F.);
#2871 = EDGE_CURVE('',#2872,#2864,#2874,.T.);
#2872 = VERTEX_POINT('',#2873);
#2873 = CARTESIAN_POINT('',(-0.32,-13.02,-2.84));
#2874 = LINE('',#2875,#2876);
#2875 = CARTESIAN_POINT('',(-0.32,-13.02,-2.84));
#2876 = VECTOR('',#2877,1.);
#2877 = DIRECTION('',(1.,0.,0.));
#2878 = ORIENTED_EDGE('',*,*,#2879,.T.);
#2879 = EDGE_CURVE('',#2872,#1387,#2880,.T.);
#2880 = LINE('',#2881,#2882);
#2881 = CARTESIAN_POINT('',(-0.32,-13.02,-3.));
#2882 = VECTOR('',#2883,1.);
#2883 = DIRECTION('',(0.,0.,1.));
#2884 = ORIENTED_EDGE('',*,*,#1384,.F.);
#2885 = PLANE('',#2886);
#2886 = AXIS2_PLACEMENT_3D('',#2887,#2888,#2889);
#2887 = CARTESIAN_POINT('',(-0.32,-13.02,-3.));
#2888 = DIRECTION('',(0.,1.,0.));
#2889 = DIRECTION('',(0.,-0.,1.));
#2890 = ADVANCED_FACE('',(#2891),#2909,.T.);
#2891 = FACE_BOUND('',#2892,.T.);
#2892 = EDGE_LOOP('',(#2893,#2894,#2902,#2908));
#2893 = ORIENTED_EDGE('',*,*,#2863,.F.);
#2894 = ORIENTED_EDGE('',*,*,#2895,.T.);
#2895 = EDGE_CURVE('',#2864,#2896,#2898,.T.);
#2896 = VERTEX_POINT('',#2897);
#2897 = CARTESIAN_POINT('',(0.32,-12.38,-2.84));
#2898 = LINE('',#2899,#2900);
#2899 = CARTESIAN_POINT('',(0.32,-13.02,-2.84));
#2900 = VECTOR('',#2901,1.);
#2901 = DIRECTION('',(0.,1.,0.));
#2902 = ORIENTED_EDGE('',*,*,#2903,.T.);
#2903 = EDGE_CURVE('',#2896,#1403,#2904,.T.);
#2904 = LINE('',#2905,#2906);
#2905 = CARTESIAN_POINT('',(0.32,-12.38,-3.));
#2906 = VECTOR('',#2907,1.);
#2907 = DIRECTION('',(0.,0.,1.));
#2908 = ORIENTED_EDGE('',*,*,#1410,.F.);
#2909 = PLANE('',#2910);
#2910 = AXIS2_PLACEMENT_3D('',#2911,#2912,#2913);
#2911 = CARTESIAN_POINT('',(0.32,-13.02,-3.));
#2912 = DIRECTION('',(1.,0.,0.));
#2913 = DIRECTION('',(0.,0.,1.));
#2914 = ADVANCED_FACE('',(#2915),#2933,.T.);
#2915 = FACE_BOUND('',#2916,.T.);
#2916 = EDGE_LOOP('',(#2917,#2918,#2926,#2932));
#2917 = ORIENTED_EDGE('',*,*,#2903,.F.);
#2918 = ORIENTED_EDGE('',*,*,#2919,.F.);
#2919 = EDGE_CURVE('',#2920,#2896,#2922,.T.);
#2920 = VERTEX_POINT('',#2921);
#2921 = CARTESIAN_POINT('',(-0.32,-12.38,-2.84));
#2922 = LINE('',#2923,#2924);
#2923 = CARTESIAN_POINT('',(-0.32,-12.38,-2.84));
#2924 = VECTOR('',#2925,1.);
#2925 = DIRECTION('',(1.,0.,0.));
#2926 = ORIENTED_EDGE('',*,*,#2927,.T.);
#2927 = EDGE_CURVE('',#2920,#1395,#2928,.T.);
#2928 = LINE('',#2929,#2930);
#2929 = CARTESIAN_POINT('',(-0.32,-12.38,-3.));
#2930 = VECTOR('',#2931,1.);
#2931 = DIRECTION('',(0.,0.,1.));
#2932 = ORIENTED_EDGE('',*,*,#1402,.F.);
#2933 = PLANE('',#2934);
#2934 = AXIS2_PLACEMENT_3D('',#2935,#2936,#2937);
#2935 = CARTESIAN_POINT('',(-0.32,-12.38,-3.));
#2936 = DIRECTION('',(0.,1.,0.));
#2937 = DIRECTION('',(0.,-0.,1.));
#2938 = ADVANCED_FACE('',(#2939),#2950,.F.);
#2939 = FACE_BOUND('',#2940,.F.);
#2940 = EDGE_LOOP('',(#2941,#2942,#2948,#2949));
#2941 = ORIENTED_EDGE('',*,*,#2879,.F.);
#2942 = ORIENTED_EDGE('',*,*,#2943,.T.);
#2943 = EDGE_CURVE('',#2872,#2920,#2944,.T.);
#2944 = LINE('',#2945,#2946);
#2945 = CARTESIAN_POINT('',(-0.32,-13.02,-2.84));
#2946 = VECTOR('',#2947,1.);
#2947 = DIRECTION('',(0.,1.,0.));
#2948 = ORIENTED_EDGE('',*,*,#2927,.T.);
#2949 = ORIENTED_EDGE('',*,*,#1394,.F.);
#2950 = PLANE('',#2951);
#2951 = AXIS2_PLACEMENT_3D('',#2952,#2953,#2954);
#2952 = CARTESIAN_POINT('',(-0.32,-13.02,-3.));
#2953 = DIRECTION('',(1.,0.,0.));
#2954 = DIRECTION('',(0.,0.,1.));
#2955 = ADVANCED_FACE('',(#2956),#2981,.T.);
#2956 = FACE_BOUND('',#2957,.T.);
#2957 = EDGE_LOOP('',(#2958,#2966,#2974,#2980));
#2958 = ORIENTED_EDGE('',*,*,#2959,.F.);
#2959 = EDGE_CURVE('',#2960,#1419,#2962,.T.);
#2960 = VERTEX_POINT('',#2961);
#2961 = CARTESIAN_POINT('',(0.32,-9.84,-2.84));
#2962 = LINE('',#2963,#2964);
#2963 = CARTESIAN_POINT('',(0.32,-9.84,-3.));
#2964 = VECTOR('',#2965,1.);
#2965 = DIRECTION('',(0.,0.,1.));
#2966 = ORIENTED_EDGE('',*,*,#2967,.F.);
#2967 = EDGE_CURVE('',#2968,#2960,#2970,.T.);
#2968 = VERTEX_POINT('',#2969);
#2969 = CARTESIAN_POINT('',(-0.32,-9.84,-2.84));
#2970 = LINE('',#2971,#2972);
#2971 = CARTESIAN_POINT('',(-0.32,-9.84,-2.84));
#2972 = VECTOR('',#2973,1.);
#2973 = DIRECTION('',(1.,0.,0.));
#2974 = ORIENTED_EDGE('',*,*,#2975,.T.);
#2975 = EDGE_CURVE('',#2968,#1421,#2976,.T.);
#2976 = LINE('',#2977,#2978);
#2977 = CARTESIAN_POINT('',(-0.32,-9.84,-3.));
#2978 = VECTOR('',#2979,1.);
#2979 = DIRECTION('',(0.,0.,1.));
#2980 = ORIENTED_EDGE('',*,*,#1418,.F.);
#2981 = PLANE('',#2982);
#2982 = AXIS2_PLACEMENT_3D('',#2983,#2984,#2985);
#2983 = CARTESIAN_POINT('',(-0.32,-9.84,-3.));
#2984 = DIRECTION('',(0.,1.,0.));
#2985 = DIRECTION('',(0.,-0.,1.));
#2986 = ADVANCED_FACE('',(#2987),#3005,.F.);
#2987 = FACE_BOUND('',#2988,.F.);
#2988 = EDGE_LOOP('',(#2989,#2997,#3003,#3004));
#2989 = ORIENTED_EDGE('',*,*,#2990,.F.);
#2990 = EDGE_CURVE('',#2991,#1437,#2993,.T.);
#2991 = VERTEX_POINT('',#2992);
#2992 = CARTESIAN_POINT('',(-0.32,-10.48,-2.84));
#2993 = LINE('',#2994,#2995);
#2994 = CARTESIAN_POINT('',(-0.32,-10.48,-3.));
#2995 = VECTOR('',#2996,1.);
#2996 = DIRECTION('',(0.,0.,1.));
#2997 = ORIENTED_EDGE('',*,*,#2998,.T.);
#2998 = EDGE_CURVE('',#2991,#2968,#2999,.T.);
#2999 = LINE('',#3000,#3001);
#3000 = CARTESIAN_POINT('',(-0.32,-10.48,-2.84));
#3001 = VECTOR('',#3002,1.);
#3002 = DIRECTION('',(0.,1.,0.));
#3003 = ORIENTED_EDGE('',*,*,#2975,.T.);
#3004 = ORIENTED_EDGE('',*,*,#1444,.F.);
#3005 = PLANE('',#3006);
#3006 = AXIS2_PLACEMENT_3D('',#3007,#3008,#3009);
#3007 = CARTESIAN_POINT('',(-0.32,-10.48,-3.));
#3008 = DIRECTION('',(1.,0.,0.));
#3009 = DIRECTION('',(0.,0.,1.));
#3010 = ADVANCED_FACE('',(#3011),#3029,.F.);
#3011 = FACE_BOUND('',#3012,.F.);
#3012 = EDGE_LOOP('',(#3013,#3021,#3027,#3028));
#3013 = ORIENTED_EDGE('',*,*,#3014,.F.);
#3014 = EDGE_CURVE('',#3015,#1429,#3017,.T.);
#3015 = VERTEX_POINT('',#3016);
#3016 = CARTESIAN_POINT('',(0.32,-10.48,-2.84));
#3017 = LINE('',#3018,#3019);
#3018 = CARTESIAN_POINT('',(0.32,-10.48,-3.));
#3019 = VECTOR('',#3020,1.);
#3020 = DIRECTION('',(0.,0.,1.));
#3021 = ORIENTED_EDGE('',*,*,#3022,.F.);
#3022 = EDGE_CURVE('',#2991,#3015,#3023,.T.);
#3023 = LINE('',#3024,#3025);
#3024 = CARTESIAN_POINT('',(-0.32,-10.48,-2.84));
#3025 = VECTOR('',#3026,1.);
#3026 = DIRECTION('',(1.,0.,0.));
#3027 = ORIENTED_EDGE('',*,*,#2990,.T.);
#3028 = ORIENTED_EDGE('',*,*,#1436,.F.);
#3029 = PLANE('',#3030);
#3030 = AXIS2_PLACEMENT_3D('',#3031,#3032,#3033);
#3031 = CARTESIAN_POINT('',(-0.32,-10.48,-3.));
#3032 = DIRECTION('',(0.,1.,0.));
#3033 = DIRECTION('',(0.,-0.,1.));
#3034 = ADVANCED_FACE('',(#3035),#3046,.T.);
#3035 = FACE_BOUND('',#3036,.T.);
#3036 = EDGE_LOOP('',(#3037,#3038,#3044,#3045));
#3037 = ORIENTED_EDGE('',*,*,#3014,.F.);
#3038 = ORIENTED_EDGE('',*,*,#3039,.T.);
#3039 = EDGE_CURVE('',#3015,#2960,#3040,.T.);
#3040 = LINE('',#3041,#3042);
#3041 = CARTESIAN_POINT('',(0.32,-10.48,-2.84));
#3042 = VECTOR('',#3043,1.);
#3043 = DIRECTION('',(0.,1.,0.));
#3044 = ORIENTED_EDGE('',*,*,#2959,.T.);
#3045 = ORIENTED_EDGE('',*,*,#1428,.F.);
#3046 = PLANE('',#3047);
#3047 = AXIS2_PLACEMENT_3D('',#3048,#3049,#3050);
#3048 = CARTESIAN_POINT('',(0.32,-10.48,-3.));
#3049 = DIRECTION('',(1.,0.,0.));
#3050 = DIRECTION('',(0.,0.,1.));
#3051 = ADVANCED_FACE('',(#3052),#3077,.F.);
#3052 = FACE_BOUND('',#3053,.F.);
#3053 = EDGE_LOOP('',(#3054,#3062,#3070,#3076));
#3054 = ORIENTED_EDGE('',*,*,#3055,.F.);
#3055 = EDGE_CURVE('',#3056,#1453,#3058,.T.);
#3056 = VERTEX_POINT('',#3057);
#3057 = CARTESIAN_POINT('',(0.32,-7.94,-2.84));
#3058 = LINE('',#3059,#3060);
#3059 = CARTESIAN_POINT('',(0.32,-7.94,-3.));
#3060 = VECTOR('',#3061,1.);
#3061 = DIRECTION('',(0.,0.,1.));
#3062 = ORIENTED_EDGE('',*,*,#3063,.F.);
#3063 = EDGE_CURVE('',#3064,#3056,#3066,.T.);
#3064 = VERTEX_POINT('',#3065);
#3065 = CARTESIAN_POINT('',(-0.32,-7.94,-2.84));
#3066 = LINE('',#3067,#3068);
#3067 = CARTESIAN_POINT('',(-0.32,-7.94,-2.84));
#3068 = VECTOR('',#3069,1.);
#3069 = DIRECTION('',(1.,0.,0.));
#3070 = ORIENTED_EDGE('',*,*,#3071,.T.);
#3071 = EDGE_CURVE('',#3064,#1455,#3072,.T.);
#3072 = LINE('',#3073,#3074);
#3073 = CARTESIAN_POINT('',(-0.32,-7.94,-3.));
#3074 = VECTOR('',#3075,1.);
#3075 = DIRECTION('',(0.,0.,1.));
#3076 = ORIENTED_EDGE('',*,*,#1452,.F.);
#3077 = PLANE('',#3078);
#3078 = AXIS2_PLACEMENT_3D('',#3079,#3080,#3081);
#3079 = CARTESIAN_POINT('',(-0.32,-7.94,-3.));
#3080 = DIRECTION('',(0.,1.,0.));
#3081 = DIRECTION('',(0.,-0.,1.));
#3082 = ADVANCED_FACE('',(#3083),#3101,.T.);
#3083 = FACE_BOUND('',#3084,.T.);
#3084 = EDGE_LOOP('',(#3085,#3086,#3094,#3100));
#3085 = ORIENTED_EDGE('',*,*,#3055,.F.);
#3086 = ORIENTED_EDGE('',*,*,#3087,.T.);
#3087 = EDGE_CURVE('',#3056,#3088,#3090,.T.);
#3088 = VERTEX_POINT('',#3089);
#3089 = CARTESIAN_POINT('',(0.32,-7.3,-2.84));
#3090 = LINE('',#3091,#3092);
#3091 = CARTESIAN_POINT('',(0.32,-7.94,-2.84));
#3092 = VECTOR('',#3093,1.);
#3093 = DIRECTION('',(0.,1.,0.));
#3094 = ORIENTED_EDGE('',*,*,#3095,.T.);
#3095 = EDGE_CURVE('',#3088,#1471,#3096,.T.);
#3096 = LINE('',#3097,#3098);
#3097 = CARTESIAN_POINT('',(0.32,-7.3,-3.));
#3098 = VECTOR('',#3099,1.);
#3099 = DIRECTION('',(0.,0.,1.));
#3100 = ORIENTED_EDGE('',*,*,#1478,.F.);
#3101 = PLANE('',#3102);
#3102 = AXIS2_PLACEMENT_3D('',#3103,#3104,#3105);
#3103 = CARTESIAN_POINT('',(0.32,-7.94,-3.));
#3104 = DIRECTION('',(1.,0.,0.));
#3105 = DIRECTION('',(0.,0.,1.));
#3106 = ADVANCED_FACE('',(#3107),#3125,.T.);
#3107 = FACE_BOUND('',#3108,.T.);
#3108 = EDGE_LOOP('',(#3109,#3110,#3118,#3124));
#3109 = ORIENTED_EDGE('',*,*,#3095,.F.);
#3110 = ORIENTED_EDGE('',*,*,#3111,.F.);
#3111 = EDGE_CURVE('',#3112,#3088,#3114,.T.);
#3112 = VERTEX_POINT('',#3113);
#3113 = CARTESIAN_POINT('',(-0.32,-7.3,-2.84));
#3114 = LINE('',#3115,#3116);
#3115 = CARTESIAN_POINT('',(-0.32,-7.3,-2.84));
#3116 = VECTOR('',#3117,1.);
#3117 = DIRECTION('',(1.,0.,0.));
#3118 = ORIENTED_EDGE('',*,*,#3119,.T.);
#3119 = EDGE_CURVE('',#3112,#1463,#3120,.T.);
#3120 = LINE('',#3121,#3122);
#3121 = CARTESIAN_POINT('',(-0.32,-7.3,-3.));
#3122 = VECTOR('',#3123,1.);
#3123 = DIRECTION('',(0.,0.,1.));
#3124 = ORIENTED_EDGE('',*,*,#1470,.F.);
#3125 = PLANE('',#3126);
#3126 = AXIS2_PLACEMENT_3D('',#3127,#3128,#3129);
#3127 = CARTESIAN_POINT('',(-0.32,-7.3,-3.));
#3128 = DIRECTION('',(0.,1.,0.));
#3129 = DIRECTION('',(0.,-0.,1.));
#3130 = ADVANCED_FACE('',(#3131),#3142,.F.);
#3131 = FACE_BOUND('',#3132,.F.);
#3132 = EDGE_LOOP('',(#3133,#3134,#3140,#3141));
#3133 = ORIENTED_EDGE('',*,*,#3071,.F.);
#3134 = ORIENTED_EDGE('',*,*,#3135,.T.);
#3135 = EDGE_CURVE('',#3064,#3112,#3136,.T.);
#3136 = LINE('',#3137,#3138);
#3137 = CARTESIAN_POINT('',(-0.32,-7.94,-2.84));
#3138 = VECTOR('',#3139,1.);
#3139 = DIRECTION('',(0.,1.,0.));
#3140 = ORIENTED_EDGE('',*,*,#3119,.T.);
#3141 = ORIENTED_EDGE('',*,*,#1462,.F.);
#3142 = PLANE('',#3143);
#3143 = AXIS2_PLACEMENT_3D('',#3144,#3145,#3146);
#3144 = CARTESIAN_POINT('',(-0.32,-7.94,-3.));
#3145 = DIRECTION('',(1.,0.,0.));
#3146 = DIRECTION('',(0.,0.,1.));
#3147 = ADVANCED_FACE('',(#3148),#3173,.T.);
#3148 = FACE_BOUND('',#3149,.T.);
#3149 = EDGE_LOOP('',(#3150,#3158,#3159,#3167));
#3150 = ORIENTED_EDGE('',*,*,#3151,.F.);
#3151 = EDGE_CURVE('',#1776,#3152,#3154,.T.);
#3152 = VERTEX_POINT('',#3153);
#3153 = CARTESIAN_POINT('',(0.32,-0.32,8.38));
#3154 = LINE('',#3155,#3156);
#3155 = CARTESIAN_POINT('',(0.32,-0.32,-3.));
#3156 = VECTOR('',#3157,1.);
#3157 = DIRECTION('',(0.,0.,1.));
#3158 = ORIENTED_EDGE('',*,*,#1775,.T.);
#3159 = ORIENTED_EDGE('',*,*,#3160,.T.);
#3160 = EDGE_CURVE('',#1778,#3161,#3163,.T.);
#3161 = VERTEX_POINT('',#3162);
#3162 = CARTESIAN_POINT('',(0.32,0.32,8.38));
#3163 = LINE('',#3164,#3165);
#3164 = CARTESIAN_POINT('',(0.32,0.32,-3.));
#3165 = VECTOR('',#3166,1.);
#3166 = DIRECTION('',(0.,0.,1.));
#3167 = ORIENTED_EDGE('',*,*,#3168,.F.);
#3168 = EDGE_CURVE('',#3152,#3161,#3169,.T.);
#3169 = LINE('',#3170,#3171);
#3170 = CARTESIAN_POINT('',(0.32,-0.32,8.38));
#3171 = VECTOR('',#3172,1.);
#3172 = DIRECTION('',(0.,1.,0.));
#3173 = PLANE('',#3174);
#3174 = AXIS2_PLACEMENT_3D('',#3175,#3176,#3177);
#3175 = CARTESIAN_POINT('',(0.32,-0.32,-3.));
#3176 = DIRECTION('',(1.,0.,0.));
#3177 = DIRECTION('',(0.,0.,1.));
#3178 = ADVANCED_FACE('',(#3179),#3197,.T.);
#3179 = FACE_BOUND('',#3180,.T.);
#3180 = EDGE_LOOP('',(#3181,#3182,#3183,#3191));
#3181 = ORIENTED_EDGE('',*,*,#3160,.F.);
#3182 = ORIENTED_EDGE('',*,*,#1801,.T.);
#3183 = ORIENTED_EDGE('',*,*,#3184,.T.);
#3184 = EDGE_CURVE('',#1794,#3185,#3187,.T.);
#3185 = VERTEX_POINT('',#3186);
#3186 = CARTESIAN_POINT('',(-0.32,0.32,8.38));
#3187 = LINE('',#3188,#3189);
#3188 = CARTESIAN_POINT('',(-0.32,0.32,-3.));
#3189 = VECTOR('',#3190,1.);
#3190 = DIRECTION('',(0.,0.,1.));
#3191 = ORIENTED_EDGE('',*,*,#3192,.T.);
#3192 = EDGE_CURVE('',#3185,#3161,#3193,.T.);
#3193 = LINE('',#3194,#3195);
#3194 = CARTESIAN_POINT('',(-0.32,0.32,8.38));
#3195 = VECTOR('',#3196,1.);
#3196 = DIRECTION('',(1.,0.,0.));
#3197 = PLANE('',#3198);
#3198 = AXIS2_PLACEMENT_3D('',#3199,#3200,#3201);
#3199 = CARTESIAN_POINT('',(-0.32,0.32,-3.));
#3200 = DIRECTION('',(0.,1.,0.));
#3201 = DIRECTION('',(0.,-0.,1.));
#3202 = ADVANCED_FACE('',(#3203),#3221,.F.);
#3203 = FACE_BOUND('',#3204,.F.);
#3204 = EDGE_LOOP('',(#3205,#3213,#3214,#3215));
#3205 = ORIENTED_EDGE('',*,*,#3206,.F.);
#3206 = EDGE_CURVE('',#1786,#3207,#3209,.T.);
#3207 = VERTEX_POINT('',#3208);
#3208 = CARTESIAN_POINT('',(-0.32,-0.32,8.38));
#3209 = LINE('',#3210,#3211);
#3210 = CARTESIAN_POINT('',(-0.32,-0.32,-3.));
#3211 = VECTOR('',#3212,1.);
#3212 = DIRECTION('',(0.,0.,1.));
#3213 = ORIENTED_EDGE('',*,*,#1793,.T.);
#3214 = ORIENTED_EDGE('',*,*,#3184,.T.);
#3215 = ORIENTED_EDGE('',*,*,#3216,.F.);
#3216 = EDGE_CURVE('',#3207,#3185,#3217,.T.);
#3217 = LINE('',#3218,#3219);
#3218 = CARTESIAN_POINT('',(-0.32,-0.32,8.38));
#3219 = VECTOR('',#3220,1.);
#3220 = DIRECTION('',(0.,1.,0.));
#3221 = PLANE('',#3222);
#3222 = AXIS2_PLACEMENT_3D('',#3223,#3224,#3225);
#3223 = CARTESIAN_POINT('',(-0.32,-0.32,-3.));
#3224 = DIRECTION('',(1.,0.,0.));
#3225 = DIRECTION('',(0.,0.,1.));
#3226 = ADVANCED_FACE('',(#3227),#3238,.F.);
#3227 = FACE_BOUND('',#3228,.F.);
#3228 = EDGE_LOOP('',(#3229,#3230,#3231,#3232));
#3229 = ORIENTED_EDGE('',*,*,#3151,.F.);
#3230 = ORIENTED_EDGE('',*,*,#1785,.T.);
#3231 = ORIENTED_EDGE('',*,*,#3206,.T.);
#3232 = ORIENTED_EDGE('',*,*,#3233,.T.);
#3233 = EDGE_CURVE('',#3207,#3152,#3234,.T.);
#3234 = LINE('',#3235,#3236);
#3235 = CARTESIAN_POINT('',(-0.32,-0.32,8.38));
#3236 = VECTOR('',#3237,1.);
#3237 = DIRECTION('',(1.,0.,0.));
#3238 = PLANE('',#3239);
#3239 = AXIS2_PLACEMENT_3D('',#3240,#3241,#3242);
#3240 = CARTESIAN_POINT('',(-0.32,-0.32,-3.));
#3241 = DIRECTION('',(0.,1.,0.));
#3242 = DIRECTION('',(0.,-0.,1.));
#3243 = ADVANCED_FACE('',(#3244),#3269,.T.);
#3244 = FACE_BOUND('',#3245,.T.);
#3245 = EDGE_LOOP('',(#3246,#3254,#3255,#3263));
#3246 = ORIENTED_EDGE('',*,*,#3247,.F.);
#3247 = EDGE_CURVE('',#1810,#3248,#3250,.T.);
#3248 = VERTEX_POINT('',#3249);
#3249 = CARTESIAN_POINT('',(0.32,-5.4,8.38));
#3250 = LINE('',#3251,#3252);
#3251 = CARTESIAN_POINT('',(0.32,-5.4,-3.));
#3252 = VECTOR('',#3253,1.);
#3253 = DIRECTION('',(0.,0.,1.));
#3254 = ORIENTED_EDGE('',*,*,#1809,.T.);
#3255 = ORIENTED_EDGE('',*,*,#3256,.T.);
#3256 = EDGE_CURVE('',#1812,#3257,#3259,.T.);
#3257 = VERTEX_POINT('',#3258);
#3258 = CARTESIAN_POINT('',(0.32,-4.76,8.38));
#3259 = LINE('',#3260,#3261);
#3260 = CARTESIAN_POINT('',(0.32,-4.76,-3.));
#3261 = VECTOR('',#3262,1.);
#3262 = DIRECTION('',(0.,0.,1.));
#3263 = ORIENTED_EDGE('',*,*,#3264,.F.);
#3264 = EDGE_CURVE('',#3248,#3257,#3265,.T.);
#3265 = LINE('',#3266,#3267);
#3266 = CARTESIAN_POINT('',(0.32,-5.4,8.38));
#3267 = VECTOR('',#3268,1.);
#3268 = DIRECTION('',(0.,1.,0.));
#3269 = PLANE('',#3270);
#3270 = AXIS2_PLACEMENT_3D('',#3271,#3272,#3273);
#3271 = CARTESIAN_POINT('',(0.32,-5.4,-3.));
#3272 = DIRECTION('',(1.,0.,0.));
#3273 = DIRECTION('',(0.,0.,1.));
#3274 = ADVANCED_FACE('',(#3275),#3293,.T.);
#3275 = FACE_BOUND('',#3276,.T.);
#3276 = EDGE_LOOP('',(#3277,#3278,#3279,#3287));
#3277 = ORIENTED_EDGE('',*,*,#3256,.F.);
#3278 = ORIENTED_EDGE('',*,*,#1835,.T.);
#3279 = ORIENTED_EDGE('',*,*,#3280,.T.);
#3280 = EDGE_CURVE('',#1828,#3281,#3283,.T.);
#3281 = VERTEX_POINT('',#3282);
#3282 = CARTESIAN_POINT('',(-0.32,-4.76,8.38));
#3283 = LINE('',#3284,#3285);
#3284 = CARTESIAN_POINT('',(-0.32,-4.76,-3.));
#3285 = VECTOR('',#3286,1.);
#3286 = DIRECTION('',(0.,0.,1.));
#3287 = ORIENTED_EDGE('',*,*,#3288,.T.);
#3288 = EDGE_CURVE('',#3281,#3257,#3289,.T.);
#3289 = LINE('',#3290,#3291);
#3290 = CARTESIAN_POINT('',(-0.32,-4.76,8.38));
#3291 = VECTOR('',#3292,1.);
#3292 = DIRECTION('',(1.,0.,0.));
#3293 = PLANE('',#3294);
#3294 = AXIS2_PLACEMENT_3D('',#3295,#3296,#3297);
#3295 = CARTESIAN_POINT('',(-0.32,-4.76,-3.));
#3296 = DIRECTION('',(0.,1.,0.));
#3297 = DIRECTION('',(0.,-0.,1.));
#3298 = ADVANCED_FACE('',(#3299),#3317,.F.);
#3299 = FACE_BOUND('',#3300,.F.);
#3300 = EDGE_LOOP('',(#3301,#3309,#3310,#3311));
#3301 = ORIENTED_EDGE('',*,*,#3302,.F.);
#3302 = EDGE_CURVE('',#1820,#3303,#3305,.T.);
#3303 = VERTEX_POINT('',#3304);
#3304 = CARTESIAN_POINT('',(-0.32,-5.4,8.38));
#3305 = LINE('',#3306,#3307);
#3306 = CARTESIAN_POINT('',(-0.32,-5.4,-3.));
#3307 = VECTOR('',#3308,1.);
#3308 = DIRECTION('',(0.,0.,1.));
#3309 = ORIENTED_EDGE('',*,*,#1827,.T.);
#3310 = ORIENTED_EDGE('',*,*,#3280,.T.);
#3311 = ORIENTED_EDGE('',*,*,#3312,.F.);
#3312 = EDGE_CURVE('',#3303,#3281,#3313,.T.);
#3313 = LINE('',#3314,#3315);
#3314 = CARTESIAN_POINT('',(-0.32,-5.4,8.38));
#3315 = VECTOR('',#3316,1.);
#3316 = DIRECTION('',(0.,1.,0.));
#3317 = PLANE('',#3318);
#3318 = AXIS2_PLACEMENT_3D('',#3319,#3320,#3321);
#3319 = CARTESIAN_POINT('',(-0.32,-5.4,-3.));
#3320 = DIRECTION('',(1.,0.,0.));
#3321 = DIRECTION('',(0.,0.,1.));
#3322 = ADVANCED_FACE('',(#3323),#3334,.F.);
#3323 = FACE_BOUND('',#3324,.F.);
#3324 = EDGE_LOOP('',(#3325,#3326,#3327,#3328));
#3325 = ORIENTED_EDGE('',*,*,#3247,.F.);
#3326 = ORIENTED_EDGE('',*,*,#1819,.T.);
#3327 = ORIENTED_EDGE('',*,*,#3302,.T.);
#3328 = ORIENTED_EDGE('',*,*,#3329,.T.);
#3329 = EDGE_CURVE('',#3303,#3248,#3330,.T.);
#3330 = LINE('',#3331,#3332);
#3331 = CARTESIAN_POINT('',(-0.32,-5.4,8.38));
#3332 = VECTOR('',#3333,1.);
#3333 = DIRECTION('',(1.,0.,0.));
#3334 = PLANE('',#3335);
#3335 = AXIS2_PLACEMENT_3D('',#3336,#3337,#3338);
#3336 = CARTESIAN_POINT('',(-0.32,-5.4,-3.));
#3337 = DIRECTION('',(0.,1.,0.));
#3338 = DIRECTION('',(0.,-0.,1.));
#3339 = ADVANCED_FACE('',(#3340),#3365,.T.);
#3340 = FACE_BOUND('',#3341,.T.);
#3341 = EDGE_LOOP('',(#3342,#3350,#3351,#3359));
#3342 = ORIENTED_EDGE('',*,*,#3343,.F.);
#3343 = EDGE_CURVE('',#1844,#3344,#3346,.T.);
#3344 = VERTEX_POINT('',#3345);
#3345 = CARTESIAN_POINT('',(0.32,-2.86,8.38));
#3346 = LINE('',#3347,#3348);
#3347 = CARTESIAN_POINT('',(0.32,-2.86,-3.));
#3348 = VECTOR('',#3349,1.);
#3349 = DIRECTION('',(0.,0.,1.));
#3350 = ORIENTED_EDGE('',*,*,#1843,.T.);
#3351 = ORIENTED_EDGE('',*,*,#3352,.T.);
#3352 = EDGE_CURVE('',#1846,#3353,#3355,.T.);
#3353 = VERTEX_POINT('',#3354);
#3354 = CARTESIAN_POINT('',(0.32,-2.22,8.38));
#3355 = LINE('',#3356,#3357);
#3356 = CARTESIAN_POINT('',(0.32,-2.22,-3.));
#3357 = VECTOR('',#3358,1.);
#3358 = DIRECTION('',(0.,0.,1.));
#3359 = ORIENTED_EDGE('',*,*,#3360,.F.);
#3360 = EDGE_CURVE('',#3344,#3353,#3361,.T.);
#3361 = LINE('',#3362,#3363);
#3362 = CARTESIAN_POINT('',(0.32,-2.86,8.38));
#3363 = VECTOR('',#3364,1.);
#3364 = DIRECTION('',(0.,1.,0.));
#3365 = PLANE('',#3366);
#3366 = AXIS2_PLACEMENT_3D('',#3367,#3368,#3369);
#3367 = CARTESIAN_POINT('',(0.32,-2.86,-3.));
#3368 = DIRECTION('',(1.,0.,0.));
#3369 = DIRECTION('',(0.,0.,1.));
#3370 = ADVANCED_FACE('',(#3371),#3389,.T.);
#3371 = FACE_BOUND('',#3372,.T.);
#3372 = EDGE_LOOP('',(#3373,#3374,#3375,#3383));
#3373 = ORIENTED_EDGE('',*,*,#3352,.F.);
#3374 = ORIENTED_EDGE('',*,*,#1869,.T.);
#3375 = ORIENTED_EDGE('',*,*,#3376,.T.);
#3376 = EDGE_CURVE('',#1862,#3377,#3379,.T.);
#3377 = VERTEX_POINT('',#3378);
#3378 = CARTESIAN_POINT('',(-0.32,-2.22,8.38));
#3379 = LINE('',#3380,#3381);
#3380 = CARTESIAN_POINT('',(-0.32,-2.22,-3.));
#3381 = VECTOR('',#3382,1.);
#3382 = DIRECTION('',(0.,0.,1.));
#3383 = ORIENTED_EDGE('',*,*,#3384,.T.);
#3384 = EDGE_CURVE('',#3377,#3353,#3385,.T.);
#3385 = LINE('',#3386,#3387);
#3386 = CARTESIAN_POINT('',(-0.32,-2.22,8.38));
#3387 = VECTOR('',#3388,1.);
#3388 = DIRECTION('',(1.,0.,0.));
#3389 = PLANE('',#3390);
#3390 = AXIS2_PLACEMENT_3D('',#3391,#3392,#3393);
#3391 = CARTESIAN_POINT('',(-0.32,-2.22,-3.));
#3392 = DIRECTION('',(0.,1.,0.));
#3393 = DIRECTION('',(0.,-0.,1.));
#3394 = ADVANCED_FACE('',(#3395),#3413,.F.);
#3395 = FACE_BOUND('',#3396,.F.);
#3396 = EDGE_LOOP('',(#3397,#3405,#3406,#3407));
#3397 = ORIENTED_EDGE('',*,*,#3398,.F.);
#3398 = EDGE_CURVE('',#1854,#3399,#3401,.T.);
#3399 = VERTEX_POINT('',#3400);
#3400 = CARTESIAN_POINT('',(-0.32,-2.86,8.38));
#3401 = LINE('',#3402,#3403);
#3402 = CARTESIAN_POINT('',(-0.32,-2.86,-3.));
#3403 = VECTOR('',#3404,1.);
#3404 = DIRECTION('',(0.,0.,1.));
#3405 = ORIENTED_EDGE('',*,*,#1861,.T.);
#3406 = ORIENTED_EDGE('',*,*,#3376,.T.);
#3407 = ORIENTED_EDGE('',*,*,#3408,.F.);
#3408 = EDGE_CURVE('',#3399,#3377,#3409,.T.);
#3409 = LINE('',#3410,#3411);
#3410 = CARTESIAN_POINT('',(-0.32,-2.86,8.38));
#3411 = VECTOR('',#3412,1.);
#3412 = DIRECTION('',(0.,1.,0.));
#3413 = PLANE('',#3414);
#3414 = AXIS2_PLACEMENT_3D('',#3415,#3416,#3417);
#3415 = CARTESIAN_POINT('',(-0.32,-2.86,-3.));
#3416 = DIRECTION('',(1.,0.,0.));
#3417 = DIRECTION('',(0.,0.,1.));
#3418 = ADVANCED_FACE('',(#3419),#3430,.F.);
#3419 = FACE_BOUND('',#3420,.F.);
#3420 = EDGE_LOOP('',(#3421,#3422,#3423,#3424));
#3421 = ORIENTED_EDGE('',*,*,#3343,.F.);
#3422 = ORIENTED_EDGE('',*,*,#1853,.T.);
#3423 = ORIENTED_EDGE('',*,*,#3398,.T.);
#3424 = ORIENTED_EDGE('',*,*,#3425,.T.);
#3425 = EDGE_CURVE('',#3399,#3344,#3426,.T.);
#3426 = LINE('',#3427,#3428);
#3427 = CARTESIAN_POINT('',(-0.32,-2.86,8.38));
#3428 = VECTOR('',#3429,1.);
#3429 = DIRECTION('',(1.,0.,0.));
#3430 = PLANE('',#3431);
#3431 = AXIS2_PLACEMENT_3D('',#3432,#3433,#3434);
#3432 = CARTESIAN_POINT('',(-0.32,-2.86,-3.));
#3433 = DIRECTION('',(0.,1.,0.));
#3434 = DIRECTION('',(0.,-0.,1.));
#3435 = ADVANCED_FACE('',(#3436),#3461,.F.);
#3436 = FACE_BOUND('',#3437,.F.);
#3437 = EDGE_LOOP('',(#3438,#3446,#3447,#3455));
#3438 = ORIENTED_EDGE('',*,*,#3439,.F.);
#3439 = EDGE_CURVE('',#1878,#3440,#3442,.T.);
#3440 = VERTEX_POINT('',#3441);
#3441 = CARTESIAN_POINT('',(0.32,-13.02,8.38));
#3442 = LINE('',#3443,#3444);
#3443 = CARTESIAN_POINT('',(0.32,-13.02,-3.));
#3444 = VECTOR('',#3445,1.);
#3445 = DIRECTION('',(0.,0.,1.));
#3446 = ORIENTED_EDGE('',*,*,#1877,.T.);
#3447 = ORIENTED_EDGE('',*,*,#3448,.T.);
#3448 = EDGE_CURVE('',#1880,#3449,#3451,.T.);
#3449 = VERTEX_POINT('',#3450);
#3450 = CARTESIAN_POINT('',(-0.32,-13.02,8.38));
#3451 = LINE('',#3452,#3453);
#3452 = CARTESIAN_POINT('',(-0.32,-13.02,-3.));
#3453 = VECTOR('',#3454,1.);
#3454 = DIRECTION('',(0.,0.,1.));
#3455 = ORIENTED_EDGE('',*,*,#3456,.T.);
#3456 = EDGE_CURVE('',#3449,#3440,#3457,.T.);
#3457 = LINE('',#3458,#3459);
#3458 = CARTESIAN_POINT('',(-0.32,-13.02,8.38));
#3459 = VECTOR('',#3460,1.);
#3460 = DIRECTION('',(1.,0.,0.));
#3461 = PLANE('',#3462);
#3462 = AXIS2_PLACEMENT_3D('',#3463,#3464,#3465);
#3463 = CARTESIAN_POINT('',(-0.32,-13.02,-3.));
#3464 = DIRECTION('',(0.,1.,0.));
#3465 = DIRECTION('',(0.,-0.,1.));
#3466 = ADVANCED_FACE('',(#3467),#3485,.T.);
#3467 = FACE_BOUND('',#3468,.T.);
#3468 = EDGE_LOOP('',(#3469,#3470,#3471,#3479));
#3469 = ORIENTED_EDGE('',*,*,#3439,.F.);
#3470 = ORIENTED_EDGE('',*,*,#1903,.T.);
#3471 = ORIENTED_EDGE('',*,*,#3472,.T.);
#3472 = EDGE_CURVE('',#1896,#3473,#3475,.T.);
#3473 = VERTEX_POINT('',#3474);
#3474 = CARTESIAN_POINT('',(0.32,-12.38,8.38));
#3475 = LINE('',#3476,#3477);
#3476 = CARTESIAN_POINT('',(0.32,-12.38,-3.));
#3477 = VECTOR('',#3478,1.);
#3478 = DIRECTION('',(0.,0.,1.));
#3479 = ORIENTED_EDGE('',*,*,#3480,.F.);
#3480 = EDGE_CURVE('',#3440,#3473,#3481,.T.);
#3481 = LINE('',#3482,#3483);
#3482 = CARTESIAN_POINT('',(0.32,-13.02,8.38));
#3483 = VECTOR('',#3484,1.);
#3484 = DIRECTION('',(0.,1.,0.));
#3485 = PLANE('',#3486);
#3486 = AXIS2_PLACEMENT_3D('',#3487,#3488,#3489);
#3487 = CARTESIAN_POINT('',(0.32,-13.02,-3.));
#3488 = DIRECTION('',(1.,0.,0.));
#3489 = DIRECTION('',(0.,0.,1.));
#3490 = ADVANCED_FACE('',(#3491),#3509,.T.);
#3491 = FACE_BOUND('',#3492,.T.);
#3492 = EDGE_LOOP('',(#3493,#3494,#3495,#3503));
#3493 = ORIENTED_EDGE('',*,*,#3472,.F.);
#3494 = ORIENTED_EDGE('',*,*,#1895,.T.);
#3495 = ORIENTED_EDGE('',*,*,#3496,.T.);
#3496 = EDGE_CURVE('',#1888,#3497,#3499,.T.);
#3497 = VERTEX_POINT('',#3498);
#3498 = CARTESIAN_POINT('',(-0.32,-12.38,8.38));
#3499 = LINE('',#3500,#3501);
#3500 = CARTESIAN_POINT('',(-0.32,-12.38,-3.));
#3501 = VECTOR('',#3502,1.);
#3502 = DIRECTION('',(0.,0.,1.));
#3503 = ORIENTED_EDGE('',*,*,#3504,.T.);
#3504 = EDGE_CURVE('',#3497,#3473,#3505,.T.);
#3505 = LINE('',#3506,#3507);
#3506 = CARTESIAN_POINT('',(-0.32,-12.38,8.38));
#3507 = VECTOR('',#3508,1.);
#3508 = DIRECTION('',(1.,0.,0.));
#3509 = PLANE('',#3510);
#3510 = AXIS2_PLACEMENT_3D('',#3511,#3512,#3513);
#3511 = CARTESIAN_POINT('',(-0.32,-12.38,-3.));
#3512 = DIRECTION('',(0.,1.,0.));
#3513 = DIRECTION('',(0.,-0.,1.));
#3514 = ADVANCED_FACE('',(#3515),#3526,.F.);
#3515 = FACE_BOUND('',#3516,.F.);
#3516 = EDGE_LOOP('',(#3517,#3518,#3519,#3520));
#3517 = ORIENTED_EDGE('',*,*,#3448,.F.);
#3518 = ORIENTED_EDGE('',*,*,#1887,.T.);
#3519 = ORIENTED_EDGE('',*,*,#3496,.T.);
#3520 = ORIENTED_EDGE('',*,*,#3521,.F.);
#3521 = EDGE_CURVE('',#3449,#3497,#3522,.T.);
#3522 = LINE('',#3523,#3524);
#3523 = CARTESIAN_POINT('',(-0.32,-13.02,8.38));
#3524 = VECTOR('',#3525,1.);
#3525 = DIRECTION('',(0.,1.,0.));
#3526 = PLANE('',#3527);
#3527 = AXIS2_PLACEMENT_3D('',#3528,#3529,#3530);
#3528 = CARTESIAN_POINT('',(-0.32,-13.02,-3.));
#3529 = DIRECTION('',(1.,0.,0.));
#3530 = DIRECTION('',(0.,0.,1.));
#3531 = ADVANCED_FACE('',(#3532),#3557,.T.);
#3532 = FACE_BOUND('',#3533,.T.);
#3533 = EDGE_LOOP('',(#3534,#3542,#3543,#3551));
#3534 = ORIENTED_EDGE('',*,*,#3535,.F.);
#3535 = EDGE_CURVE('',#1912,#3536,#3538,.T.);
#3536 = VERTEX_POINT('',#3537);
#3537 = CARTESIAN_POINT('',(0.32,-9.84,8.38));
#3538 = LINE('',#3539,#3540);
#3539 = CARTESIAN_POINT('',(0.32,-9.84,-3.));
#3540 = VECTOR('',#3541,1.);
#3541 = DIRECTION('',(0.,0.,1.));
#3542 = ORIENTED_EDGE('',*,*,#1911,.T.);
#3543 = ORIENTED_EDGE('',*,*,#3544,.T.);
#3544 = EDGE_CURVE('',#1914,#3545,#3547,.T.);
#3545 = VERTEX_POINT('',#3546);
#3546 = CARTESIAN_POINT('',(-0.32,-9.84,8.38));
#3547 = LINE('',#3548,#3549);
#3548 = CARTESIAN_POINT('',(-0.32,-9.84,-3.));
#3549 = VECTOR('',#3550,1.);
#3550 = DIRECTION('',(0.,0.,1.));
#3551 = ORIENTED_EDGE('',*,*,#3552,.T.);
#3552 = EDGE_CURVE('',#3545,#3536,#3553,.T.);
#3553 = LINE('',#3554,#3555);
#3554 = CARTESIAN_POINT('',(-0.32,-9.84,8.38));
#3555 = VECTOR('',#3556,1.);
#3556 = DIRECTION('',(1.,0.,0.));
#3557 = PLANE('',#3558);
#3558 = AXIS2_PLACEMENT_3D('',#3559,#3560,#3561);
#3559 = CARTESIAN_POINT('',(-0.32,-9.84,-3.));
#3560 = DIRECTION('',(0.,1.,0.));
#3561 = DIRECTION('',(0.,-0.,1.));
#3562 = ADVANCED_FACE('',(#3563),#3581,.F.);
#3563 = FACE_BOUND('',#3564,.F.);
#3564 = EDGE_LOOP('',(#3565,#3573,#3574,#3575));
#3565 = ORIENTED_EDGE('',*,*,#3566,.F.);
#3566 = EDGE_CURVE('',#1930,#3567,#3569,.T.);
#3567 = VERTEX_POINT('',#3568);
#3568 = CARTESIAN_POINT('',(-0.32,-10.48,8.38));
#3569 = LINE('',#3570,#3571);
#3570 = CARTESIAN_POINT('',(-0.32,-10.48,-3.));
#3571 = VECTOR('',#3572,1.);
#3572 = DIRECTION('',(0.,0.,1.));
#3573 = ORIENTED_EDGE('',*,*,#1937,.T.);
#3574 = ORIENTED_EDGE('',*,*,#3544,.T.);
#3575 = ORIENTED_EDGE('',*,*,#3576,.F.);
#3576 = EDGE_CURVE('',#3567,#3545,#3577,.T.);
#3577 = LINE('',#3578,#3579);
#3578 = CARTESIAN_POINT('',(-0.32,-10.48,8.38));
#3579 = VECTOR('',#3580,1.);
#3580 = DIRECTION('',(0.,1.,0.));
#3581 = PLANE('',#3582);
#3582 = AXIS2_PLACEMENT_3D('',#3583,#3584,#3585);
#3583 = CARTESIAN_POINT('',(-0.32,-10.48,-3.));
#3584 = DIRECTION('',(1.,0.,0.));
#3585 = DIRECTION('',(0.,0.,1.));
#3586 = ADVANCED_FACE('',(#3587),#3605,.F.);
#3587 = FACE_BOUND('',#3588,.F.);
#3588 = EDGE_LOOP('',(#3589,#3597,#3598,#3599));
#3589 = ORIENTED_EDGE('',*,*,#3590,.F.);
#3590 = EDGE_CURVE('',#1922,#3591,#3593,.T.);
#3591 = VERTEX_POINT('',#3592);
#3592 = CARTESIAN_POINT('',(0.32,-10.48,8.38));
#3593 = LINE('',#3594,#3595);
#3594 = CARTESIAN_POINT('',(0.32,-10.48,-3.));
#3595 = VECTOR('',#3596,1.);
#3596 = DIRECTION('',(0.,0.,1.));
#3597 = ORIENTED_EDGE('',*,*,#1929,.T.);
#3598 = ORIENTED_EDGE('',*,*,#3566,.T.);
#3599 = ORIENTED_EDGE('',*,*,#3600,.T.);
#3600 = EDGE_CURVE('',#3567,#3591,#3601,.T.);
#3601 = LINE('',#3602,#3603);
#3602 = CARTESIAN_POINT('',(-0.32,-10.48,8.38));
#3603 = VECTOR('',#3604,1.);
#3604 = DIRECTION('',(1.,0.,0.));
#3605 = PLANE('',#3606);
#3606 = AXIS2_PLACEMENT_3D('',#3607,#3608,#3609);
#3607 = CARTESIAN_POINT('',(-0.32,-10.48,-3.));
#3608 = DIRECTION('',(0.,1.,0.));
#3609 = DIRECTION('',(0.,-0.,1.));
#3610 = ADVANCED_FACE('',(#3611),#3622,.T.);
#3611 = FACE_BOUND('',#3612,.T.);
#3612 = EDGE_LOOP('',(#3613,#3614,#3615,#3616));
#3613 = ORIENTED_EDGE('',*,*,#3590,.F.);
#3614 = ORIENTED_EDGE('',*,*,#1921,.T.);
#3615 = ORIENTED_EDGE('',*,*,#3535,.T.);
#3616 = ORIENTED_EDGE('',*,*,#3617,.F.);
#3617 = EDGE_CURVE('',#3591,#3536,#3618,.T.);
#3618 = LINE('',#3619,#3620);
#3619 = CARTESIAN_POINT('',(0.32,-10.48,8.38));
#3620 = VECTOR('',#3621,1.);
#3621 = DIRECTION('',(0.,1.,0.));
#3622 = PLANE('',#3623);
#3623 = AXIS2_PLACEMENT_3D('',#3624,#3625,#3626);
#3624 = CARTESIAN_POINT('',(0.32,-10.48,-3.));
#3625 = DIRECTION('',(1.,0.,0.));
#3626 = DIRECTION('',(0.,0.,1.));
#3627 = ADVANCED_FACE('',(#3628),#3653,.F.);
#3628 = FACE_BOUND('',#3629,.F.);
#3629 = EDGE_LOOP('',(#3630,#3638,#3639,#3647));
#3630 = ORIENTED_EDGE('',*,*,#3631,.F.);
#3631 = EDGE_CURVE('',#1946,#3632,#3634,.T.);
#3632 = VERTEX_POINT('',#3633);
#3633 = CARTESIAN_POINT('',(0.32,-7.94,8.38));
#3634 = LINE('',#3635,#3636);
#3635 = CARTESIAN_POINT('',(0.32,-7.94,-3.));
#3636 = VECTOR('',#3637,1.);
#3637 = DIRECTION('',(0.,0.,1.));
#3638 = ORIENTED_EDGE('',*,*,#1945,.T.);
#3639 = ORIENTED_EDGE('',*,*,#3640,.T.);
#3640 = EDGE_CURVE('',#1948,#3641,#3643,.T.);
#3641 = VERTEX_POINT('',#3642);
#3642 = CARTESIAN_POINT('',(-0.32,-7.94,8.38));
#3643 = LINE('',#3644,#3645);
#3644 = CARTESIAN_POINT('',(-0.32,-7.94,-3.));
#3645 = VECTOR('',#3646,1.);
#3646 = DIRECTION('',(0.,0.,1.));
#3647 = ORIENTED_EDGE('',*,*,#3648,.T.);
#3648 = EDGE_CURVE('',#3641,#3632,#3649,.T.);
#3649 = LINE('',#3650,#3651);
#3650 = CARTESIAN_POINT('',(-0.32,-7.94,8.38));
#3651 = VECTOR('',#3652,1.);
#3652 = DIRECTION('',(1.,0.,0.));
#3653 = PLANE('',#3654);
#3654 = AXIS2_PLACEMENT_3D('',#3655,#3656,#3657);
#3655 = CARTESIAN_POINT('',(-0.32,-7.94,-3.));
#3656 = DIRECTION('',(0.,1.,0.));
#3657 = DIRECTION('',(0.,-0.,1.));
#3658 = ADVANCED_FACE('',(#3659),#3677,.T.);
#3659 = FACE_BOUND('',#3660,.T.);
#3660 = EDGE_LOOP('',(#3661,#3662,#3663,#3671));
#3661 = ORIENTED_EDGE('',*,*,#3631,.F.);
#3662 = ORIENTED_EDGE('',*,*,#1971,.T.);
#3663 = ORIENTED_EDGE('',*,*,#3664,.T.);
#3664 = EDGE_CURVE('',#1964,#3665,#3667,.T.);
#3665 = VERTEX_POINT('',#3666);
#3666 = CARTESIAN_POINT('',(0.32,-7.3,8.38));
#3667 = LINE('',#3668,#3669);
#3668 = CARTESIAN_POINT('',(0.32,-7.3,-3.));
#3669 = VECTOR('',#3670,1.);
#3670 = DIRECTION('',(0.,0.,1.));
#3671 = ORIENTED_EDGE('',*,*,#3672,.F.);
#3672 = EDGE_CURVE('',#3632,#3665,#3673,.T.);
#3673 = LINE('',#3674,#3675);
#3674 = CARTESIAN_POINT('',(0.32,-7.94,8.38));
#3675 = VECTOR('',#3676,1.);
#3676 = DIRECTION('',(0.,1.,0.));
#3677 = PLANE('',#3678);
#3678 = AXIS2_PLACEMENT_3D('',#3679,#3680,#3681);
#3679 = CARTESIAN_POINT('',(0.32,-7.94,-3.));
#3680 = DIRECTION('',(1.,0.,0.));
#3681 = DIRECTION('',(0.,0.,1.));
#3682 = ADVANCED_FACE('',(#3683),#3701,.T.);
#3683 = FACE_BOUND('',#3684,.T.);
#3684 = EDGE_LOOP('',(#3685,#3686,#3687,#3695));
#3685 = ORIENTED_EDGE('',*,*,#3664,.F.);
#3686 = ORIENTED_EDGE('',*,*,#1963,.T.);
#3687 = ORIENTED_EDGE('',*,*,#3688,.T.);
#3688 = EDGE_CURVE('',#1956,#3689,#3691,.T.);
#3689 = VERTEX_POINT('',#3690);
#3690 = CARTESIAN_POINT('',(-0.32,-7.3,8.38));
#3691 = LINE('',#3692,#3693);
#3692 = CARTESIAN_POINT('',(-0.32,-7.3,-3.));
#3693 = VECTOR('',#3694,1.);
#3694 = DIRECTION('',(0.,0.,1.));
#3695 = ORIENTED_EDGE('',*,*,#3696,.T.);
#3696 = EDGE_CURVE('',#3689,#3665,#3697,.T.);
#3697 = LINE('',#3698,#3699);
#3698 = CARTESIAN_POINT('',(-0.32,-7.3,8.38));
#3699 = VECTOR('',#3700,1.);
#3700 = DIRECTION('',(1.,0.,0.));
#3701 = PLANE('',#3702);
#3702 = AXIS2_PLACEMENT_3D('',#3703,#3704,#3705);
#3703 = CARTESIAN_POINT('',(-0.32,-7.3,-3.));
#3704 = DIRECTION('',(0.,1.,0.));
#3705 = DIRECTION('',(0.,-0.,1.));
#3706 = ADVANCED_FACE('',(#3707),#3718,.F.);
#3707 = FACE_BOUND('',#3708,.F.);
#3708 = EDGE_LOOP('',(#3709,#3710,#3711,#3712));
#3709 = ORIENTED_EDGE('',*,*,#3640,.F.);
#3710 = ORIENTED_EDGE('',*,*,#1955,.T.);
#3711 = ORIENTED_EDGE('',*,*,#3688,.T.);
#3712 = ORIENTED_EDGE('',*,*,#3713,.F.);
#3713 = EDGE_CURVE('',#3641,#3689,#3714,.T.);
#3714 = LINE('',#3715,#3716);
#3715 = CARTESIAN_POINT('',(-0.32,-7.94,8.38));
#3716 = VECTOR('',#3717,1.);
#3717 = DIRECTION('',(0.,1.,0.));
#3718 = PLANE('',#3719);
#3719 = AXIS2_PLACEMENT_3D('',#3720,#3721,#3722);
#3720 = CARTESIAN_POINT('',(-0.32,-7.94,-3.));
#3721 = DIRECTION('',(1.,0.,0.));
#3722 = DIRECTION('',(0.,0.,1.));
#3723 = ADVANCED_FACE('',(#3724),#3749,.F.);
#3724 = FACE_BOUND('',#3725,.F.);
#3725 = EDGE_LOOP('',(#3726,#3734,#3735,#3743));
#3726 = ORIENTED_EDGE('',*,*,#3727,.F.);
#3727 = EDGE_CURVE('',#2576,#3728,#3730,.T.);
#3728 = VERTEX_POINT('',#3729);
#3729 = CARTESIAN_POINT('',(0.16,-0.16,-3.));
#3730 = LINE('',#3731,#3732);
#3731 = CARTESIAN_POINT('',(0.16,-0.16,-3.));
#3732 = VECTOR('',#3733,1.);
#3733 = DIRECTION('',(-0.57735026919,0.57735026919,-0.57735026919));
#3734 = ORIENTED_EDGE('',*,*,#2583,.T.);
#3735 = ORIENTED_EDGE('',*,*,#3736,.T.);
#3736 = EDGE_CURVE('',#2584,#3737,#3739,.T.);
#3737 = VERTEX_POINT('',#3738);
#3738 = CARTESIAN_POINT('',(0.16,0.16,-3.));
#3739 = LINE('',#3740,#3741);
#3740 = CARTESIAN_POINT('',(5.333333333333E-02,5.333333333333E-02,
    -3.106666666667));
#3741 = VECTOR('',#3742,1.);
#3742 = DIRECTION('',(-0.57735026919,-0.57735026919,-0.57735026919));
#3743 = ORIENTED_EDGE('',*,*,#3744,.F.);
#3744 = EDGE_CURVE('',#3728,#3737,#3745,.T.);
#3745 = LINE('',#3746,#3747);
#3746 = CARTESIAN_POINT('',(0.16,-0.32,-3.));
#3747 = VECTOR('',#3748,1.);
#3748 = DIRECTION('',(0.,1.,0.));
#3749 = PLANE('',#3750);
#3750 = AXIS2_PLACEMENT_3D('',#3751,#3752,#3753);
#3751 = CARTESIAN_POINT('',(0.24,-0.32,-2.92));
#3752 = DIRECTION('',(-0.707106781187,1.735167508357E-18,0.707106781187)
  );
#3753 = DIRECTION('',(1.226948711654E-18,1.,-1.226948711654E-18));
#3754 = ADVANCED_FACE('',(#3755),#3773,.F.);
#3755 = FACE_BOUND('',#3756,.T.);
#3756 = EDGE_LOOP('',(#3757,#3765,#3766,#3767));
#3757 = ORIENTED_EDGE('',*,*,#3758,.F.);
#3758 = EDGE_CURVE('',#2608,#3759,#3761,.T.);
#3759 = VERTEX_POINT('',#3760);
#3760 = CARTESIAN_POINT('',(-0.16,0.16,-3.));
#3761 = LINE('',#3762,#3763);
#3762 = CARTESIAN_POINT('',(-0.16,0.16,-3.));
#3763 = VECTOR('',#3764,1.);
#3764 = DIRECTION('',(0.57735026919,-0.57735026919,-0.57735026919));
#3765 = ORIENTED_EDGE('',*,*,#2607,.T.);
#3766 = ORIENTED_EDGE('',*,*,#3736,.T.);
#3767 = ORIENTED_EDGE('',*,*,#3768,.F.);
#3768 = EDGE_CURVE('',#3759,#3737,#3769,.T.);
#3769 = LINE('',#3770,#3771);
#3770 = CARTESIAN_POINT('',(-0.32,0.16,-3.));
#3771 = VECTOR('',#3772,1.);
#3772 = DIRECTION('',(1.,0.,0.));
#3773 = PLANE('',#3774);
#3774 = AXIS2_PLACEMENT_3D('',#3775,#3776,#3777);
#3775 = CARTESIAN_POINT('',(-0.32,0.24,-2.92));
#3776 = DIRECTION('',(-1.735167508357E-18,-0.707106781187,0.707106781187
    ));
#3777 = DIRECTION('',(-1.,1.226948711654E-18,-1.226948711654E-18));
#3778 = ADVANCED_FACE('',(#3779),#3797,.T.);
#3779 = FACE_BOUND('',#3780,.T.);
#3780 = EDGE_LOOP('',(#3781,#3789,#3790,#3791));
#3781 = ORIENTED_EDGE('',*,*,#3782,.F.);
#3782 = EDGE_CURVE('',#2631,#3783,#3785,.T.);
#3783 = VERTEX_POINT('',#3784);
#3784 = CARTESIAN_POINT('',(-0.16,-0.16,-3.));
#3785 = LINE('',#3786,#3787);
#3786 = CARTESIAN_POINT('',(-0.266666666667,-0.266666666667,
    -2.893333333333));
#3787 = VECTOR('',#3788,1.);
#3788 = DIRECTION('',(0.57735026919,0.57735026919,-0.57735026919));
#3789 = ORIENTED_EDGE('',*,*,#2638,.T.);
#3790 = ORIENTED_EDGE('',*,*,#3758,.T.);
#3791 = ORIENTED_EDGE('',*,*,#3792,.F.);
#3792 = EDGE_CURVE('',#3783,#3759,#3793,.T.);
#3793 = LINE('',#3794,#3795);
#3794 = CARTESIAN_POINT('',(-0.16,-0.32,-3.));
#3795 = VECTOR('',#3796,1.);
#3796 = DIRECTION('',(0.,1.,0.));
#3797 = PLANE('',#3798);
#3798 = AXIS2_PLACEMENT_3D('',#3799,#3800,#3801);
#3799 = CARTESIAN_POINT('',(-0.24,-0.32,-2.92));
#3800 = DIRECTION('',(-0.707106781187,-1.735167508357E-18,
    -0.707106781187));
#3801 = DIRECTION('',(-1.226948711654E-18,1.,-1.226948711654E-18));
#3802 = ADVANCED_FACE('',(#3803),#3814,.T.);
#3803 = FACE_BOUND('',#3804,.F.);
#3804 = EDGE_LOOP('',(#3805,#3806,#3807,#3808));
#3805 = ORIENTED_EDGE('',*,*,#3782,.F.);
#3806 = ORIENTED_EDGE('',*,*,#2655,.T.);
#3807 = ORIENTED_EDGE('',*,*,#3727,.T.);
#3808 = ORIENTED_EDGE('',*,*,#3809,.F.);
#3809 = EDGE_CURVE('',#3783,#3728,#3810,.T.);
#3810 = LINE('',#3811,#3812);
#3811 = CARTESIAN_POINT('',(-0.32,-0.16,-3.));
#3812 = VECTOR('',#3813,1.);
#3813 = DIRECTION('',(1.,0.,0.));
#3814 = PLANE('',#3815);
#3815 = AXIS2_PLACEMENT_3D('',#3816,#3817,#3818);
#3816 = CARTESIAN_POINT('',(-0.32,-0.24,-2.92));
#3817 = DIRECTION('',(1.735167508357E-18,-0.707106781187,-0.707106781187
    ));
#3818 = DIRECTION('',(-1.,-1.226948711654E-18,-1.226948711654E-18));
#3819 = ADVANCED_FACE('',(#3820),#3845,.F.);
#3820 = FACE_BOUND('',#3821,.F.);
#3821 = EDGE_LOOP('',(#3822,#3830,#3831,#3839));
#3822 = ORIENTED_EDGE('',*,*,#3823,.F.);
#3823 = EDGE_CURVE('',#2672,#3824,#3826,.T.);
#3824 = VERTEX_POINT('',#3825);
#3825 = CARTESIAN_POINT('',(0.16,-5.24,-3.));
#3826 = LINE('',#3827,#3828);
#3827 = CARTESIAN_POINT('',(0.16,-5.24,-3.));
#3828 = VECTOR('',#3829,1.);
#3829 = DIRECTION('',(-0.57735026919,0.57735026919,-0.57735026919));
#3830 = ORIENTED_EDGE('',*,*,#2679,.T.);
#3831 = ORIENTED_EDGE('',*,*,#3832,.T.);
#3832 = EDGE_CURVE('',#2680,#3833,#3835,.T.);
#3833 = VERTEX_POINT('',#3834);
#3834 = CARTESIAN_POINT('',(0.16,-4.92,-3.));
#3835 = LINE('',#3836,#3837);
#3836 = CARTESIAN_POINT('',(5.333333333333E-02,-5.026666666667,
    -3.106666666667));
#3837 = VECTOR('',#3838,1.);
#3838 = DIRECTION('',(-0.57735026919,-0.57735026919,-0.57735026919));
#3839 = ORIENTED_EDGE('',*,*,#3840,.F.);
#3840 = EDGE_CURVE('',#3824,#3833,#3841,.T.);
#3841 = LINE('',#3842,#3843);
#3842 = CARTESIAN_POINT('',(0.16,-5.4,-3.));
#3843 = VECTOR('',#3844,1.);
#3844 = DIRECTION('',(0.,1.,0.));
#3845 = PLANE('',#3846);
#3846 = AXIS2_PLACEMENT_3D('',#3847,#3848,#3849);
#3847 = CARTESIAN_POINT('',(0.24,-5.4,-2.92));
#3848 = DIRECTION('',(-0.707106781187,1.735167508357E-18,0.707106781187)
  );
#3849 = DIRECTION('',(1.226948711654E-18,1.,-1.226948711654E-18));
#3850 = ADVANCED_FACE('',(#3851),#3869,.F.);
#3851 = FACE_BOUND('',#3852,.T.);
#3852 = EDGE_LOOP('',(#3853,#3861,#3862,#3863));
#3853 = ORIENTED_EDGE('',*,*,#3854,.F.);
#3854 = EDGE_CURVE('',#2704,#3855,#3857,.T.);
#3855 = VERTEX_POINT('',#3856);
#3856 = CARTESIAN_POINT('',(-0.16,-4.92,-3.));
#3857 = LINE('',#3858,#3859);
#3858 = CARTESIAN_POINT('',(-0.16,-4.92,-3.));
#3859 = VECTOR('',#3860,1.);
#3860 = DIRECTION('',(0.57735026919,-0.57735026919,-0.57735026919));
#3861 = ORIENTED_EDGE('',*,*,#2703,.T.);
#3862 = ORIENTED_EDGE('',*,*,#3832,.T.);
#3863 = ORIENTED_EDGE('',*,*,#3864,.F.);
#3864 = EDGE_CURVE('',#3855,#3833,#3865,.T.);
#3865 = LINE('',#3866,#3867);
#3866 = CARTESIAN_POINT('',(-0.32,-4.92,-3.));
#3867 = VECTOR('',#3868,1.);
#3868 = DIRECTION('',(1.,0.,0.));
#3869 = PLANE('',#3870);
#3870 = AXIS2_PLACEMENT_3D('',#3871,#3872,#3873);
#3871 = CARTESIAN_POINT('',(-0.32,-4.84,-2.92));
#3872 = DIRECTION('',(-1.735167508357E-18,-0.707106781187,0.707106781187
    ));
#3873 = DIRECTION('',(-1.,1.226948711654E-18,-1.226948711654E-18));
#3874 = ADVANCED_FACE('',(#3875),#3893,.T.);
#3875 = FACE_BOUND('',#3876,.T.);
#3876 = EDGE_LOOP('',(#3877,#3885,#3886,#3887));
#3877 = ORIENTED_EDGE('',*,*,#3878,.F.);
#3878 = EDGE_CURVE('',#2727,#3879,#3881,.T.);
#3879 = VERTEX_POINT('',#3880);
#3880 = CARTESIAN_POINT('',(-0.16,-5.24,-3.));
#3881 = LINE('',#3882,#3883);
#3882 = CARTESIAN_POINT('',(-0.266666666667,-5.346666666667,
    -2.893333333333));
#3883 = VECTOR('',#3884,1.);
#3884 = DIRECTION('',(0.57735026919,0.57735026919,-0.57735026919));
#3885 = ORIENTED_EDGE('',*,*,#2734,.T.);
#3886 = ORIENTED_EDGE('',*,*,#3854,.T.);
#3887 = ORIENTED_EDGE('',*,*,#3888,.F.);
#3888 = EDGE_CURVE('',#3879,#3855,#3889,.T.);
#3889 = LINE('',#3890,#3891);
#3890 = CARTESIAN_POINT('',(-0.16,-5.4,-3.));
#3891 = VECTOR('',#3892,1.);
#3892 = DIRECTION('',(0.,1.,0.));
#3893 = PLANE('',#3894);
#3894 = AXIS2_PLACEMENT_3D('',#3895,#3896,#3897);
#3895 = CARTESIAN_POINT('',(-0.24,-5.4,-2.92));
#3896 = DIRECTION('',(-0.707106781187,-1.735167508357E-18,
    -0.707106781187));
#3897 = DIRECTION('',(-1.226948711654E-18,1.,-1.226948711654E-18));
#3898 = ADVANCED_FACE('',(#3899),#3910,.T.);
#3899 = FACE_BOUND('',#3900,.F.);
#3900 = EDGE_LOOP('',(#3901,#3902,#3903,#3904));
#3901 = ORIENTED_EDGE('',*,*,#3878,.F.);
#3902 = ORIENTED_EDGE('',*,*,#2751,.T.);
#3903 = ORIENTED_EDGE('',*,*,#3823,.T.);
#3904 = ORIENTED_EDGE('',*,*,#3905,.F.);
#3905 = EDGE_CURVE('',#3879,#3824,#3906,.T.);
#3906 = LINE('',#3907,#3908);
#3907 = CARTESIAN_POINT('',(-0.32,-5.24,-3.));
#3908 = VECTOR('',#3909,1.);
#3909 = DIRECTION('',(1.,0.,0.));
#3910 = PLANE('',#3911);
#3911 = AXIS2_PLACEMENT_3D('',#3912,#3913,#3914);
#3912 = CARTESIAN_POINT('',(-0.32,-5.32,-2.92));
#3913 = DIRECTION('',(1.735167508357E-18,-0.707106781187,-0.707106781187
    ));
#3914 = DIRECTION('',(-1.,-1.226948711654E-18,-1.226948711654E-18));
#3915 = ADVANCED_FACE('',(#3916),#3941,.F.);
#3916 = FACE_BOUND('',#3917,.F.);
#3917 = EDGE_LOOP('',(#3918,#3926,#3927,#3935));
#3918 = ORIENTED_EDGE('',*,*,#3919,.F.);
#3919 = EDGE_CURVE('',#2768,#3920,#3922,.T.);
#3920 = VERTEX_POINT('',#3921);
#3921 = CARTESIAN_POINT('',(0.16,-2.7,-3.));
#3922 = LINE('',#3923,#3924);
#3923 = CARTESIAN_POINT('',(0.16,-2.7,-3.));
#3924 = VECTOR('',#3925,1.);
#3925 = DIRECTION('',(-0.57735026919,0.57735026919,-0.57735026919));
#3926 = ORIENTED_EDGE('',*,*,#2775,.T.);
#3927 = ORIENTED_EDGE('',*,*,#3928,.T.);
#3928 = EDGE_CURVE('',#2776,#3929,#3931,.T.);
#3929 = VERTEX_POINT('',#3930);
#3930 = CARTESIAN_POINT('',(0.16,-2.38,-3.));
#3931 = LINE('',#3932,#3933);
#3932 = CARTESIAN_POINT('',(5.333333333333E-02,-2.486666666667,
    -3.106666666667));
#3933 = VECTOR('',#3934,1.);
#3934 = DIRECTION('',(-0.57735026919,-0.57735026919,-0.57735026919));
#3935 = ORIENTED_EDGE('',*,*,#3936,.F.);
#3936 = EDGE_CURVE('',#3920,#3929,#3937,.T.);
#3937 = LINE('',#3938,#3939);
#3938 = CARTESIAN_POINT('',(0.16,-2.86,-3.));
#3939 = VECTOR('',#3940,1.);
#3940 = DIRECTION('',(0.,1.,0.));
#3941 = PLANE('',#3942);
#3942 = AXIS2_PLACEMENT_3D('',#3943,#3944,#3945);
#3943 = CARTESIAN_POINT('',(0.24,-2.86,-2.92));
#3944 = DIRECTION('',(-0.707106781187,1.735167508357E-18,0.707106781187)
  );
#3945 = DIRECTION('',(1.226948711654E-18,1.,-1.226948711654E-18));
#3946 = ADVANCED_FACE('',(#3947),#3965,.F.);
#3947 = FACE_BOUND('',#3948,.T.);
#3948 = EDGE_LOOP('',(#3949,#3957,#3958,#3959));
#3949 = ORIENTED_EDGE('',*,*,#3950,.F.);
#3950 = EDGE_CURVE('',#2800,#3951,#3953,.T.);
#3951 = VERTEX_POINT('',#3952);
#3952 = CARTESIAN_POINT('',(-0.16,-2.38,-3.));
#3953 = LINE('',#3954,#3955);
#3954 = CARTESIAN_POINT('',(-0.16,-2.38,-3.));
#3955 = VECTOR('',#3956,1.);
#3956 = DIRECTION('',(0.57735026919,-0.57735026919,-0.57735026919));
#3957 = ORIENTED_EDGE('',*,*,#2799,.T.);
#3958 = ORIENTED_EDGE('',*,*,#3928,.T.);
#3959 = ORIENTED_EDGE('',*,*,#3960,.F.);
#3960 = EDGE_CURVE('',#3951,#3929,#3961,.T.);
#3961 = LINE('',#3962,#3963);
#3962 = CARTESIAN_POINT('',(-0.32,-2.38,-3.));
#3963 = VECTOR('',#3964,1.);
#3964 = DIRECTION('',(1.,0.,0.));
#3965 = PLANE('',#3966);
#3966 = AXIS2_PLACEMENT_3D('',#3967,#3968,#3969);
#3967 = CARTESIAN_POINT('',(-0.32,-2.3,-2.92));
#3968 = DIRECTION('',(-1.735167508357E-18,-0.707106781187,0.707106781187
    ));
#3969 = DIRECTION('',(-1.,1.226948711654E-18,-1.226948711654E-18));
#3970 = ADVANCED_FACE('',(#3971),#3989,.T.);
#3971 = FACE_BOUND('',#3972,.T.);
#3972 = EDGE_LOOP('',(#3973,#3981,#3982,#3983));
#3973 = ORIENTED_EDGE('',*,*,#3974,.F.);
#3974 = EDGE_CURVE('',#2823,#3975,#3977,.T.);
#3975 = VERTEX_POINT('',#3976);
#3976 = CARTESIAN_POINT('',(-0.16,-2.7,-3.));
#3977 = LINE('',#3978,#3979);
#3978 = CARTESIAN_POINT('',(-0.266666666667,-2.806666666667,
    -2.893333333333));
#3979 = VECTOR('',#3980,1.);
#3980 = DIRECTION('',(0.57735026919,0.57735026919,-0.57735026919));
#3981 = ORIENTED_EDGE('',*,*,#2830,.T.);
#3982 = ORIENTED_EDGE('',*,*,#3950,.T.);
#3983 = ORIENTED_EDGE('',*,*,#3984,.F.);
#3984 = EDGE_CURVE('',#3975,#3951,#3985,.T.);
#3985 = LINE('',#3986,#3987);
#3986 = CARTESIAN_POINT('',(-0.16,-2.86,-3.));
#3987 = VECTOR('',#3988,1.);
#3988 = DIRECTION('',(0.,1.,0.));
#3989 = PLANE('',#3990);
#3990 = AXIS2_PLACEMENT_3D('',#3991,#3992,#3993);
#3991 = CARTESIAN_POINT('',(-0.24,-2.86,-2.92));
#3992 = DIRECTION('',(-0.707106781187,-1.735167508357E-18,
    -0.707106781187));
#3993 = DIRECTION('',(-1.226948711654E-18,1.,-1.226948711654E-18));
#3994 = ADVANCED_FACE('',(#3995),#4006,.T.);
#3995 = FACE_BOUND('',#3996,.F.);
#3996 = EDGE_LOOP('',(#3997,#3998,#3999,#4000));
#3997 = ORIENTED_EDGE('',*,*,#3974,.F.);
#3998 = ORIENTED_EDGE('',*,*,#2847,.T.);
#3999 = ORIENTED_EDGE('',*,*,#3919,.T.);
#4000 = ORIENTED_EDGE('',*,*,#4001,.F.);
#4001 = EDGE_CURVE('',#3975,#3920,#4002,.T.);
#4002 = LINE('',#4003,#4004);
#4003 = CARTESIAN_POINT('',(-0.32,-2.7,-3.));
#4004 = VECTOR('',#4005,1.);
#4005 = DIRECTION('',(1.,0.,0.));
#4006 = PLANE('',#4007);
#4007 = AXIS2_PLACEMENT_3D('',#4008,#4009,#4010);
#4008 = CARTESIAN_POINT('',(-0.32,-2.78,-2.92));
#4009 = DIRECTION('',(1.735167508357E-18,-0.707106781187,-0.707106781187
    ));
#4010 = DIRECTION('',(-1.,-1.226948711654E-18,-1.226948711654E-18));
#4011 = ADVANCED_FACE('',(#4012),#4037,.T.);
#4012 = FACE_BOUND('',#4013,.F.);
#4013 = EDGE_LOOP('',(#4014,#4022,#4023,#4031));
#4014 = ORIENTED_EDGE('',*,*,#4015,.F.);
#4015 = EDGE_CURVE('',#2872,#4016,#4018,.T.);
#4016 = VERTEX_POINT('',#4017);
#4017 = CARTESIAN_POINT('',(-0.16,-12.86,-3.));
#4018 = LINE('',#4019,#4020);
#4019 = CARTESIAN_POINT('',(-0.266666666667,-12.96666666666,
    -2.893333333333));
#4020 = VECTOR('',#4021,1.);
#4021 = DIRECTION('',(0.57735026919,0.57735026919,-0.57735026919));
#4022 = ORIENTED_EDGE('',*,*,#2871,.T.);
#4023 = ORIENTED_EDGE('',*,*,#4024,.T.);
#4024 = EDGE_CURVE('',#2864,#4025,#4027,.T.);
#4025 = VERTEX_POINT('',#4026);
#4026 = CARTESIAN_POINT('',(0.16,-12.86,-3.));
#4027 = LINE('',#4028,#4029);
#4028 = CARTESIAN_POINT('',(0.16,-12.86,-3.));
#4029 = VECTOR('',#4030,1.);
#4030 = DIRECTION('',(-0.57735026919,0.57735026919,-0.57735026919));
#4031 = ORIENTED_EDGE('',*,*,#4032,.F.);
#4032 = EDGE_CURVE('',#4016,#4025,#4033,.T.);
#4033 = LINE('',#4034,#4035);
#4034 = CARTESIAN_POINT('',(-0.32,-12.86,-3.));
#4035 = VECTOR('',#4036,1.);
#4036 = DIRECTION('',(1.,0.,0.));
#4037 = PLANE('',#4038);
#4038 = AXIS2_PLACEMENT_3D('',#4039,#4040,#4041);
#4039 = CARTESIAN_POINT('',(-0.32,-12.94,-2.92));
#4040 = DIRECTION('',(1.735167508357E-18,-0.707106781187,-0.707106781187
    ));
#4041 = DIRECTION('',(-1.,-1.226948711654E-18,-1.226948711654E-18));
#4042 = ADVANCED_FACE('',(#4043),#4061,.F.);
#4043 = FACE_BOUND('',#4044,.F.);
#4044 = EDGE_LOOP('',(#4045,#4046,#4047,#4055));
#4045 = ORIENTED_EDGE('',*,*,#4024,.F.);
#4046 = ORIENTED_EDGE('',*,*,#2895,.T.);
#4047 = ORIENTED_EDGE('',*,*,#4048,.T.);
#4048 = EDGE_CURVE('',#2896,#4049,#4051,.T.);
#4049 = VERTEX_POINT('',#4050);
#4050 = CARTESIAN_POINT('',(0.16,-12.54,-3.));
#4051 = LINE('',#4052,#4053);
#4052 = CARTESIAN_POINT('',(5.333333333333E-02,-12.64666666666,
    -3.106666666667));
#4053 = VECTOR('',#4054,1.);
#4054 = DIRECTION('',(-0.57735026919,-0.57735026919,-0.57735026919));
#4055 = ORIENTED_EDGE('',*,*,#4056,.F.);
#4056 = EDGE_CURVE('',#4025,#4049,#4057,.T.);
#4057 = LINE('',#4058,#4059);
#4058 = CARTESIAN_POINT('',(0.16,-13.02,-3.));
#4059 = VECTOR('',#4060,1.);
#4060 = DIRECTION('',(0.,1.,0.));
#4061 = PLANE('',#4062);
#4062 = AXIS2_PLACEMENT_3D('',#4063,#4064,#4065);
#4063 = CARTESIAN_POINT('',(0.24,-13.02,-2.92));
#4064 = DIRECTION('',(-0.707106781187,1.735167508357E-18,0.707106781187)
  );
#4065 = DIRECTION('',(1.226948711654E-18,1.,-1.226948711654E-18));
#4066 = ADVANCED_FACE('',(#4067),#4085,.F.);
#4067 = FACE_BOUND('',#4068,.T.);
#4068 = EDGE_LOOP('',(#4069,#4077,#4078,#4079));
#4069 = ORIENTED_EDGE('',*,*,#4070,.F.);
#4070 = EDGE_CURVE('',#2920,#4071,#4073,.T.);
#4071 = VERTEX_POINT('',#4072);
#4072 = CARTESIAN_POINT('',(-0.16,-12.54,-3.));
#4073 = LINE('',#4074,#4075);
#4074 = CARTESIAN_POINT('',(-0.16,-12.54,-3.));
#4075 = VECTOR('',#4076,1.);
#4076 = DIRECTION('',(0.57735026919,-0.57735026919,-0.57735026919));
#4077 = ORIENTED_EDGE('',*,*,#2919,.T.);
#4078 = ORIENTED_EDGE('',*,*,#4048,.T.);
#4079 = ORIENTED_EDGE('',*,*,#4080,.F.);
#4080 = EDGE_CURVE('',#4071,#4049,#4081,.T.);
#4081 = LINE('',#4082,#4083);
#4082 = CARTESIAN_POINT('',(-0.32,-12.54,-3.));
#4083 = VECTOR('',#4084,1.);
#4084 = DIRECTION('',(1.,0.,0.));
#4085 = PLANE('',#4086);
#4086 = AXIS2_PLACEMENT_3D('',#4087,#4088,#4089);
#4087 = CARTESIAN_POINT('',(-0.32,-12.46,-2.92));
#4088 = DIRECTION('',(-1.735167508357E-18,-0.707106781187,0.707106781187
    ));
#4089 = DIRECTION('',(-1.,1.226948711654E-18,-1.226948711654E-18));
#4090 = ADVANCED_FACE('',(#4091),#4102,.T.);
#4091 = FACE_BOUND('',#4092,.T.);
#4092 = EDGE_LOOP('',(#4093,#4094,#4095,#4096));
#4093 = ORIENTED_EDGE('',*,*,#4015,.F.);
#4094 = ORIENTED_EDGE('',*,*,#2943,.T.);
#4095 = ORIENTED_EDGE('',*,*,#4070,.T.);
#4096 = ORIENTED_EDGE('',*,*,#4097,.F.);
#4097 = EDGE_CURVE('',#4016,#4071,#4098,.T.);
#4098 = LINE('',#4099,#4100);
#4099 = CARTESIAN_POINT('',(-0.16,-13.02,-3.));
#4100 = VECTOR('',#4101,1.);
#4101 = DIRECTION('',(0.,1.,0.));
#4102 = PLANE('',#4103);
#4103 = AXIS2_PLACEMENT_3D('',#4104,#4105,#4106);
#4104 = CARTESIAN_POINT('',(-0.24,-13.02,-2.92));
#4105 = DIRECTION('',(-0.707106781187,-1.735167508357E-18,
    -0.707106781187));
#4106 = DIRECTION('',(-1.226948711654E-18,1.,-1.226948711654E-18));
#4107 = ADVANCED_FACE('',(#4108),#4133,.F.);
#4108 = FACE_BOUND('',#4109,.T.);
#4109 = EDGE_LOOP('',(#4110,#4118,#4119,#4127));
#4110 = ORIENTED_EDGE('',*,*,#4111,.F.);
#4111 = EDGE_CURVE('',#2968,#4112,#4114,.T.);
#4112 = VERTEX_POINT('',#4113);
#4113 = CARTESIAN_POINT('',(-0.16,-10.,-3.));
#4114 = LINE('',#4115,#4116);
#4115 = CARTESIAN_POINT('',(-0.16,-10.,-3.));
#4116 = VECTOR('',#4117,1.);
#4117 = DIRECTION('',(0.57735026919,-0.57735026919,-0.57735026919));
#4118 = ORIENTED_EDGE('',*,*,#2967,.T.);
#4119 = ORIENTED_EDGE('',*,*,#4120,.T.);
#4120 = EDGE_CURVE('',#2960,#4121,#4123,.T.);
#4121 = VERTEX_POINT('',#4122);
#4122 = CARTESIAN_POINT('',(0.16,-10.,-3.));
#4123 = LINE('',#4124,#4125);
#4124 = CARTESIAN_POINT('',(5.333333333333E-02,-10.10666666666,
    -3.106666666667));
#4125 = VECTOR('',#4126,1.);
#4126 = DIRECTION('',(-0.57735026919,-0.57735026919,-0.57735026919));
#4127 = ORIENTED_EDGE('',*,*,#4128,.F.);
#4128 = EDGE_CURVE('',#4112,#4121,#4129,.T.);
#4129 = LINE('',#4130,#4131);
#4130 = CARTESIAN_POINT('',(-0.32,-10.,-3.));
#4131 = VECTOR('',#4132,1.);
#4132 = DIRECTION('',(1.,0.,0.));
#4133 = PLANE('',#4134);
#4134 = AXIS2_PLACEMENT_3D('',#4135,#4136,#4137);
#4135 = CARTESIAN_POINT('',(-0.32,-9.92,-2.92));
#4136 = DIRECTION('',(-1.735167508357E-18,-0.707106781187,0.707106781187
    ));
#4137 = DIRECTION('',(-1.,1.226948711654E-18,-1.226948711654E-18));
#4138 = ADVANCED_FACE('',(#4139),#4157,.T.);
#4139 = FACE_BOUND('',#4140,.T.);
#4140 = EDGE_LOOP('',(#4141,#4149,#4150,#4151));
#4141 = ORIENTED_EDGE('',*,*,#4142,.F.);
#4142 = EDGE_CURVE('',#2991,#4143,#4145,.T.);
#4143 = VERTEX_POINT('',#4144);
#4144 = CARTESIAN_POINT('',(-0.16,-10.32,-3.));
#4145 = LINE('',#4146,#4147);
#4146 = CARTESIAN_POINT('',(-0.266666666667,-10.42666666666,
    -2.893333333333));
#4147 = VECTOR('',#4148,1.);
#4148 = DIRECTION('',(0.57735026919,0.57735026919,-0.57735026919));
#4149 = ORIENTED_EDGE('',*,*,#2998,.T.);
#4150 = ORIENTED_EDGE('',*,*,#4111,.T.);
#4151 = ORIENTED_EDGE('',*,*,#4152,.F.);
#4152 = EDGE_CURVE('',#4143,#4112,#4153,.T.);
#4153 = LINE('',#4154,#4155);
#4154 = CARTESIAN_POINT('',(-0.16,-10.48,-3.));
#4155 = VECTOR('',#4156,1.);
#4156 = DIRECTION('',(0.,1.,0.));
#4157 = PLANE('',#4158);
#4158 = AXIS2_PLACEMENT_3D('',#4159,#4160,#4161);
#4159 = CARTESIAN_POINT('',(-0.24,-10.48,-2.92));
#4160 = DIRECTION('',(-0.707106781187,-1.735167508357E-18,
    -0.707106781187));
#4161 = DIRECTION('',(-1.226948711654E-18,1.,-1.226948711654E-18));
#4162 = ADVANCED_FACE('',(#4163),#4181,.T.);
#4163 = FACE_BOUND('',#4164,.F.);
#4164 = EDGE_LOOP('',(#4165,#4166,#4167,#4175));
#4165 = ORIENTED_EDGE('',*,*,#4142,.F.);
#4166 = ORIENTED_EDGE('',*,*,#3022,.T.);
#4167 = ORIENTED_EDGE('',*,*,#4168,.T.);
#4168 = EDGE_CURVE('',#3015,#4169,#4171,.T.);
#4169 = VERTEX_POINT('',#4170);
#4170 = CARTESIAN_POINT('',(0.16,-10.32,-3.));
#4171 = LINE('',#4172,#4173);
#4172 = CARTESIAN_POINT('',(0.16,-10.32,-3.));
#4173 = VECTOR('',#4174,1.);
#4174 = DIRECTION('',(-0.57735026919,0.57735026919,-0.57735026919));
#4175 = ORIENTED_EDGE('',*,*,#4176,.F.);
#4176 = EDGE_CURVE('',#4143,#4169,#4177,.T.);
#4177 = LINE('',#4178,#4179);
#4178 = CARTESIAN_POINT('',(-0.32,-10.32,-3.));
#4179 = VECTOR('',#4180,1.);
#4180 = DIRECTION('',(1.,0.,0.));
#4181 = PLANE('',#4182);
#4182 = AXIS2_PLACEMENT_3D('',#4183,#4184,#4185);
#4183 = CARTESIAN_POINT('',(-0.32,-10.4,-2.92));
#4184 = DIRECTION('',(1.735167508357E-18,-0.707106781187,-0.707106781187
    ));
#4185 = DIRECTION('',(-1.,-1.226948711654E-18,-1.226948711654E-18));
#4186 = ADVANCED_FACE('',(#4187),#4198,.F.);
#4187 = FACE_BOUND('',#4188,.F.);
#4188 = EDGE_LOOP('',(#4189,#4190,#4191,#4192));
#4189 = ORIENTED_EDGE('',*,*,#4168,.F.);
#4190 = ORIENTED_EDGE('',*,*,#3039,.T.);
#4191 = ORIENTED_EDGE('',*,*,#4120,.T.);
#4192 = ORIENTED_EDGE('',*,*,#4193,.F.);
#4193 = EDGE_CURVE('',#4169,#4121,#4194,.T.);
#4194 = LINE('',#4195,#4196);
#4195 = CARTESIAN_POINT('',(0.16,-10.48,-3.));
#4196 = VECTOR('',#4197,1.);
#4197 = DIRECTION('',(0.,1.,0.));
#4198 = PLANE('',#4199);
#4199 = AXIS2_PLACEMENT_3D('',#4200,#4201,#4202);
#4200 = CARTESIAN_POINT('',(0.24,-10.48,-2.92));
#4201 = DIRECTION('',(-0.707106781187,1.735167508357E-18,0.707106781187)
  );
#4202 = DIRECTION('',(1.226948711654E-18,1.,-1.226948711654E-18));
#4203 = ADVANCED_FACE('',(#4204),#4229,.T.);
#4204 = FACE_BOUND('',#4205,.F.);
#4205 = EDGE_LOOP('',(#4206,#4214,#4215,#4223));
#4206 = ORIENTED_EDGE('',*,*,#4207,.F.);
#4207 = EDGE_CURVE('',#3064,#4208,#4210,.T.);
#4208 = VERTEX_POINT('',#4209);
#4209 = CARTESIAN_POINT('',(-0.16,-7.78,-3.));
#4210 = LINE('',#4211,#4212);
#4211 = CARTESIAN_POINT('',(-0.266666666667,-7.886666666667,
    -2.893333333333));
#4212 = VECTOR('',#4213,1.);
#4213 = DIRECTION('',(0.57735026919,0.57735026919,-0.57735026919));
#4214 = ORIENTED_EDGE('',*,*,#3063,.T.);
#4215 = ORIENTED_EDGE('',*,*,#4216,.T.);
#4216 = EDGE_CURVE('',#3056,#4217,#4219,.T.);
#4217 = VERTEX_POINT('',#4218);
#4218 = CARTESIAN_POINT('',(0.16,-7.78,-3.));
#4219 = LINE('',#4220,#4221);
#4220 = CARTESIAN_POINT('',(0.16,-7.78,-3.));
#4221 = VECTOR('',#4222,1.);
#4222 = DIRECTION('',(-0.57735026919,0.57735026919,-0.57735026919));
#4223 = ORIENTED_EDGE('',*,*,#4224,.F.);
#4224 = EDGE_CURVE('',#4208,#4217,#4225,.T.);
#4225 = LINE('',#4226,#4227);
#4226 = CARTESIAN_POINT('',(-0.32,-7.78,-3.));
#4227 = VECTOR('',#4228,1.);
#4228 = DIRECTION('',(1.,0.,0.));
#4229 = PLANE('',#4230);
#4230 = AXIS2_PLACEMENT_3D('',#4231,#4232,#4233);
#4231 = CARTESIAN_POINT('',(-0.32,-7.86,-2.92));
#4232 = DIRECTION('',(1.735167508357E-18,-0.707106781187,-0.707106781187
    ));
#4233 = DIRECTION('',(-1.,-1.226948711654E-18,-1.226948711654E-18));
#4234 = ADVANCED_FACE('',(#4235),#4253,.F.);
#4235 = FACE_BOUND('',#4236,.F.);
#4236 = EDGE_LOOP('',(#4237,#4238,#4239,#4247));
#4237 = ORIENTED_EDGE('',*,*,#4216,.F.);
#4238 = ORIENTED_EDGE('',*,*,#3087,.T.);
#4239 = ORIENTED_EDGE('',*,*,#4240,.T.);
#4240 = EDGE_CURVE('',#3088,#4241,#4243,.T.);
#4241 = VERTEX_POINT('',#4242);
#4242 = CARTESIAN_POINT('',(0.16,-7.46,-3.));
#4243 = LINE('',#4244,#4245);
#4244 = CARTESIAN_POINT('',(5.333333333333E-02,-7.566666666667,
    -3.106666666667));
#4245 = VECTOR('',#4246,1.);
#4246 = DIRECTION('',(-0.57735026919,-0.57735026919,-0.57735026919));
#4247 = ORIENTED_EDGE('',*,*,#4248,.F.);
#4248 = EDGE_CURVE('',#4217,#4241,#4249,.T.);
#4249 = LINE('',#4250,#4251);
#4250 = CARTESIAN_POINT('',(0.16,-7.94,-3.));
#4251 = VECTOR('',#4252,1.);
#4252 = DIRECTION('',(0.,1.,0.));
#4253 = PLANE('',#4254);
#4254 = AXIS2_PLACEMENT_3D('',#4255,#4256,#4257);
#4255 = CARTESIAN_POINT('',(0.24,-7.94,-2.92));
#4256 = DIRECTION('',(-0.707106781187,1.735167508357E-18,0.707106781187)
  );
#4257 = DIRECTION('',(1.226948711654E-18,1.,-1.226948711654E-18));
#4258 = ADVANCED_FACE('',(#4259),#4277,.F.);
#4259 = FACE_BOUND('',#4260,.T.);
#4260 = EDGE_LOOP('',(#4261,#4269,#4270,#4271));
#4261 = ORIENTED_EDGE('',*,*,#4262,.F.);
#4262 = EDGE_CURVE('',#3112,#4263,#4265,.T.);
#4263 = VERTEX_POINT('',#4264);
#4264 = CARTESIAN_POINT('',(-0.16,-7.46,-3.));
#4265 = LINE('',#4266,#4267);
#4266 = CARTESIAN_POINT('',(-0.16,-7.46,-3.));
#4267 = VECTOR('',#4268,1.);
#4268 = DIRECTION('',(0.57735026919,-0.57735026919,-0.57735026919));
#4269 = ORIENTED_EDGE('',*,*,#3111,.T.);
#4270 = ORIENTED_EDGE('',*,*,#4240,.T.);
#4271 = ORIENTED_EDGE('',*,*,#4272,.F.);
#4272 = EDGE_CURVE('',#4263,#4241,#4273,.T.);
#4273 = LINE('',#4274,#4275);
#4274 = CARTESIAN_POINT('',(-0.32,-7.46,-3.));
#4275 = VECTOR('',#4276,1.);
#4276 = DIRECTION('',(1.,0.,0.));
#4277 = PLANE('',#4278);
#4278 = AXIS2_PLACEMENT_3D('',#4279,#4280,#4281);
#4279 = CARTESIAN_POINT('',(-0.32,-7.38,-2.92));
#4280 = DIRECTION('',(-1.735167508357E-18,-0.707106781187,0.707106781187
    ));
#4281 = DIRECTION('',(-1.,1.226948711654E-18,-1.226948711654E-18));
#4282 = ADVANCED_FACE('',(#4283),#4294,.T.);
#4283 = FACE_BOUND('',#4284,.T.);
#4284 = EDGE_LOOP('',(#4285,#4286,#4287,#4288));
#4285 = ORIENTED_EDGE('',*,*,#4207,.F.);
#4286 = ORIENTED_EDGE('',*,*,#3135,.T.);
#4287 = ORIENTED_EDGE('',*,*,#4262,.T.);
#4288 = ORIENTED_EDGE('',*,*,#4289,.F.);
#4289 = EDGE_CURVE('',#4208,#4263,#4290,.T.);
#4290 = LINE('',#4291,#4292);
#4291 = CARTESIAN_POINT('',(-0.16,-7.94,-3.));
#4292 = VECTOR('',#4293,1.);
#4293 = DIRECTION('',(0.,1.,0.));
#4294 = PLANE('',#4295);
#4295 = AXIS2_PLACEMENT_3D('',#4296,#4297,#4298);
#4296 = CARTESIAN_POINT('',(-0.24,-7.94,-2.92));
#4297 = DIRECTION('',(-0.707106781187,-1.735167508357E-18,
    -0.707106781187));
#4298 = DIRECTION('',(-1.226948711654E-18,1.,-1.226948711654E-18));
#4299 = ADVANCED_FACE('',(#4300),#4325,.T.);
#4300 = FACE_BOUND('',#4301,.T.);
#4301 = EDGE_LOOP('',(#4302,#4310,#4311,#4319));
#4302 = ORIENTED_EDGE('',*,*,#4303,.F.);
#4303 = EDGE_CURVE('',#3152,#4304,#4306,.T.);
#4304 = VERTEX_POINT('',#4305);
#4305 = CARTESIAN_POINT('',(0.16,-0.16,8.54));
#4306 = LINE('',#4307,#4308);
#4307 = CARTESIAN_POINT('',(0.16,-0.16,8.54));
#4308 = VECTOR('',#4309,1.);
#4309 = DIRECTION('',(-0.57735026919,0.57735026919,0.57735026919));
#4310 = ORIENTED_EDGE('',*,*,#3168,.T.);
#4311 = ORIENTED_EDGE('',*,*,#4312,.T.);
#4312 = EDGE_CURVE('',#3161,#4313,#4315,.T.);
#4313 = VERTEX_POINT('',#4314);
#4314 = CARTESIAN_POINT('',(0.16,0.16,8.54));
#4315 = LINE('',#4316,#4317);
#4316 = CARTESIAN_POINT('',(5.333333333333E-02,5.333333333333E-02,
    8.646666666667));
#4317 = VECTOR('',#4318,1.);
#4318 = DIRECTION('',(-0.57735026919,-0.57735026919,0.57735026919));
#4319 = ORIENTED_EDGE('',*,*,#4320,.F.);
#4320 = EDGE_CURVE('',#4304,#4313,#4321,.T.);
#4321 = LINE('',#4322,#4323);
#4322 = CARTESIAN_POINT('',(0.16,-0.32,8.54));
#4323 = VECTOR('',#4324,1.);
#4324 = DIRECTION('',(0.,1.,0.));
#4325 = PLANE('',#4326);
#4326 = AXIS2_PLACEMENT_3D('',#4327,#4328,#4329);
#4327 = CARTESIAN_POINT('',(0.24,-0.32,8.46));
#4328 = DIRECTION('',(0.707106781187,-1.735167508357E-18,0.707106781187)
  );
#4329 = DIRECTION('',(1.226948711654E-18,1.,1.226948711654E-18));
#4330 = ADVANCED_FACE('',(#4331),#4349,.T.);
#4331 = FACE_BOUND('',#4332,.F.);
#4332 = EDGE_LOOP('',(#4333,#4341,#4342,#4343));
#4333 = ORIENTED_EDGE('',*,*,#4334,.F.);
#4334 = EDGE_CURVE('',#3185,#4335,#4337,.T.);
#4335 = VERTEX_POINT('',#4336);
#4336 = CARTESIAN_POINT('',(-0.16,0.16,8.54));
#4337 = LINE('',#4338,#4339);
#4338 = CARTESIAN_POINT('',(-0.16,0.16,8.54));
#4339 = VECTOR('',#4340,1.);
#4340 = DIRECTION('',(0.57735026919,-0.57735026919,0.57735026919));
#4341 = ORIENTED_EDGE('',*,*,#3192,.T.);
#4342 = ORIENTED_EDGE('',*,*,#4312,.T.);
#4343 = ORIENTED_EDGE('',*,*,#4344,.F.);
#4344 = EDGE_CURVE('',#4335,#4313,#4345,.T.);
#4345 = LINE('',#4346,#4347);
#4346 = CARTESIAN_POINT('',(-0.32,0.16,8.54));
#4347 = VECTOR('',#4348,1.);
#4348 = DIRECTION('',(1.,0.,0.));
#4349 = PLANE('',#4350);
#4350 = AXIS2_PLACEMENT_3D('',#4351,#4352,#4353);
#4351 = CARTESIAN_POINT('',(-0.32,0.24,8.46));
#4352 = DIRECTION('',(1.735167508357E-18,0.707106781187,0.707106781187)
  );
#4353 = DIRECTION('',(-1.,1.226948711654E-18,1.226948711654E-18));
#4354 = ADVANCED_FACE('',(#4355),#4373,.F.);
#4355 = FACE_BOUND('',#4356,.F.);
#4356 = EDGE_LOOP('',(#4357,#4365,#4366,#4367));
#4357 = ORIENTED_EDGE('',*,*,#4358,.F.);
#4358 = EDGE_CURVE('',#3207,#4359,#4361,.T.);
#4359 = VERTEX_POINT('',#4360);
#4360 = CARTESIAN_POINT('',(-0.16,-0.16,8.54));
#4361 = LINE('',#4362,#4363);
#4362 = CARTESIAN_POINT('',(-0.266666666667,-0.266666666667,
    8.433333333333));
#4363 = VECTOR('',#4364,1.);
#4364 = DIRECTION('',(0.57735026919,0.57735026919,0.57735026919));
#4365 = ORIENTED_EDGE('',*,*,#3216,.T.);
#4366 = ORIENTED_EDGE('',*,*,#4334,.T.);
#4367 = ORIENTED_EDGE('',*,*,#4368,.F.);
#4368 = EDGE_CURVE('',#4359,#4335,#4369,.T.);
#4369 = LINE('',#4370,#4371);
#4370 = CARTESIAN_POINT('',(-0.16,-0.32,8.54));
#4371 = VECTOR('',#4372,1.);
#4372 = DIRECTION('',(0.,1.,0.));
#4373 = PLANE('',#4374);
#4374 = AXIS2_PLACEMENT_3D('',#4375,#4376,#4377);
#4375 = CARTESIAN_POINT('',(-0.24,-0.32,8.46));
#4376 = DIRECTION('',(0.707106781187,1.735167508357E-18,-0.707106781187)
  );
#4377 = DIRECTION('',(-1.226948711654E-18,1.,1.226948711654E-18));
#4378 = ADVANCED_FACE('',(#4379),#4390,.F.);
#4379 = FACE_BOUND('',#4380,.T.);
#4380 = EDGE_LOOP('',(#4381,#4382,#4383,#4384));
#4381 = ORIENTED_EDGE('',*,*,#4358,.F.);
#4382 = ORIENTED_EDGE('',*,*,#3233,.T.);
#4383 = ORIENTED_EDGE('',*,*,#4303,.T.);
#4384 = ORIENTED_EDGE('',*,*,#4385,.F.);
#4385 = EDGE_CURVE('',#4359,#4304,#4386,.T.);
#4386 = LINE('',#4387,#4388);
#4387 = CARTESIAN_POINT('',(-0.32,-0.16,8.54));
#4388 = VECTOR('',#4389,1.);
#4389 = DIRECTION('',(1.,0.,0.));
#4390 = PLANE('',#4391);
#4391 = AXIS2_PLACEMENT_3D('',#4392,#4393,#4394);
#4392 = CARTESIAN_POINT('',(-0.32,-0.24,8.46));
#4393 = DIRECTION('',(-1.735167508357E-18,0.707106781187,-0.707106781187
    ));
#4394 = DIRECTION('',(-1.,-1.226948711654E-18,1.226948711654E-18));
#4395 = ADVANCED_FACE('',(#4396),#4421,.T.);
#4396 = FACE_BOUND('',#4397,.T.);
#4397 = EDGE_LOOP('',(#4398,#4406,#4407,#4415));
#4398 = ORIENTED_EDGE('',*,*,#4399,.F.);
#4399 = EDGE_CURVE('',#3248,#4400,#4402,.T.);
#4400 = VERTEX_POINT('',#4401);
#4401 = CARTESIAN_POINT('',(0.16,-5.24,8.54));
#4402 = LINE('',#4403,#4404);
#4403 = CARTESIAN_POINT('',(0.16,-5.24,8.54));
#4404 = VECTOR('',#4405,1.);
#4405 = DIRECTION('',(-0.57735026919,0.57735026919,0.57735026919));
#4406 = ORIENTED_EDGE('',*,*,#3264,.T.);
#4407 = ORIENTED_EDGE('',*,*,#4408,.T.);
#4408 = EDGE_CURVE('',#3257,#4409,#4411,.T.);
#4409 = VERTEX_POINT('',#4410);
#4410 = CARTESIAN_POINT('',(0.16,-4.92,8.54));
#4411 = LINE('',#4412,#4413);
#4412 = CARTESIAN_POINT('',(5.333333333333E-02,-5.026666666667,
    8.646666666667));
#4413 = VECTOR('',#4414,1.);
#4414 = DIRECTION('',(-0.57735026919,-0.57735026919,0.57735026919));
#4415 = ORIENTED_EDGE('',*,*,#4416,.F.);
#4416 = EDGE_CURVE('',#4400,#4409,#4417,.T.);
#4417 = LINE('',#4418,#4419);
#4418 = CARTESIAN_POINT('',(0.16,-5.4,8.54));
#4419 = VECTOR('',#4420,1.);
#4420 = DIRECTION('',(0.,1.,0.));
#4421 = PLANE('',#4422);
#4422 = AXIS2_PLACEMENT_3D('',#4423,#4424,#4425);
#4423 = CARTESIAN_POINT('',(0.24,-5.4,8.46));
#4424 = DIRECTION('',(0.707106781187,-1.735167508357E-18,0.707106781187)
  );
#4425 = DIRECTION('',(1.226948711654E-18,1.,1.226948711654E-18));
#4426 = ADVANCED_FACE('',(#4427),#4445,.T.);
#4427 = FACE_BOUND('',#4428,.F.);
#4428 = EDGE_LOOP('',(#4429,#4437,#4438,#4439));
#4429 = ORIENTED_EDGE('',*,*,#4430,.F.);
#4430 = EDGE_CURVE('',#3281,#4431,#4433,.T.);
#4431 = VERTEX_POINT('',#4432);
#4432 = CARTESIAN_POINT('',(-0.16,-4.92,8.54));
#4433 = LINE('',#4434,#4435);
#4434 = CARTESIAN_POINT('',(-0.16,-4.92,8.54));
#4435 = VECTOR('',#4436,1.);
#4436 = DIRECTION('',(0.57735026919,-0.57735026919,0.57735026919));
#4437 = ORIENTED_EDGE('',*,*,#3288,.T.);
#4438 = ORIENTED_EDGE('',*,*,#4408,.T.);
#4439 = ORIENTED_EDGE('',*,*,#4440,.F.);
#4440 = EDGE_CURVE('',#4431,#4409,#4441,.T.);
#4441 = LINE('',#4442,#4443);
#4442 = CARTESIAN_POINT('',(-0.32,-4.92,8.54));
#4443 = VECTOR('',#4444,1.);
#4444 = DIRECTION('',(1.,0.,0.));
#4445 = PLANE('',#4446);
#4446 = AXIS2_PLACEMENT_3D('',#4447,#4448,#4449);
#4447 = CARTESIAN_POINT('',(-0.32,-4.84,8.46));
#4448 = DIRECTION('',(1.735167508357E-18,0.707106781187,0.707106781187)
  );
#4449 = DIRECTION('',(-1.,1.226948711654E-18,1.226948711654E-18));
#4450 = ADVANCED_FACE('',(#4451),#4469,.F.);
#4451 = FACE_BOUND('',#4452,.F.);
#4452 = EDGE_LOOP('',(#4453,#4461,#4462,#4463));
#4453 = ORIENTED_EDGE('',*,*,#4454,.F.);
#4454 = EDGE_CURVE('',#3303,#4455,#4457,.T.);
#4455 = VERTEX_POINT('',#4456);
#4456 = CARTESIAN_POINT('',(-0.16,-5.24,8.54));
#4457 = LINE('',#4458,#4459);
#4458 = CARTESIAN_POINT('',(-0.266666666667,-5.346666666667,
    8.433333333333));
#4459 = VECTOR('',#4460,1.);
#4460 = DIRECTION('',(0.57735026919,0.57735026919,0.57735026919));
#4461 = ORIENTED_EDGE('',*,*,#3312,.T.);
#4462 = ORIENTED_EDGE('',*,*,#4430,.T.);
#4463 = ORIENTED_EDGE('',*,*,#4464,.F.);
#4464 = EDGE_CURVE('',#4455,#4431,#4465,.T.);
#4465 = LINE('',#4466,#4467);
#4466 = CARTESIAN_POINT('',(-0.16,-5.4,8.54));
#4467 = VECTOR('',#4468,1.);
#4468 = DIRECTION('',(0.,1.,0.));
#4469 = PLANE('',#4470);
#4470 = AXIS2_PLACEMENT_3D('',#4471,#4472,#4473);
#4471 = CARTESIAN_POINT('',(-0.24,-5.4,8.46));
#4472 = DIRECTION('',(0.707106781187,1.735167508357E-18,-0.707106781187)
  );
#4473 = DIRECTION('',(-1.226948711654E-18,1.,1.226948711654E-18));
#4474 = ADVANCED_FACE('',(#4475),#4486,.F.);
#4475 = FACE_BOUND('',#4476,.T.);
#4476 = EDGE_LOOP('',(#4477,#4478,#4479,#4480));
#4477 = ORIENTED_EDGE('',*,*,#4454,.F.);
#4478 = ORIENTED_EDGE('',*,*,#3329,.T.);
#4479 = ORIENTED_EDGE('',*,*,#4399,.T.);
#4480 = ORIENTED_EDGE('',*,*,#4481,.F.);
#4481 = EDGE_CURVE('',#4455,#4400,#4482,.T.);
#4482 = LINE('',#4483,#4484);
#4483 = CARTESIAN_POINT('',(-0.32,-5.24,8.54));
#4484 = VECTOR('',#4485,1.);
#4485 = DIRECTION('',(1.,0.,0.));
#4486 = PLANE('',#4487);
#4487 = AXIS2_PLACEMENT_3D('',#4488,#4489,#4490);
#4488 = CARTESIAN_POINT('',(-0.32,-5.32,8.46));
#4489 = DIRECTION('',(-1.735167508357E-18,0.707106781187,-0.707106781187
    ));
#4490 = DIRECTION('',(-1.,-1.226948711654E-18,1.226948711654E-18));
#4491 = ADVANCED_FACE('',(#4492),#4517,.T.);
#4492 = FACE_BOUND('',#4493,.T.);
#4493 = EDGE_LOOP('',(#4494,#4502,#4503,#4511));
#4494 = ORIENTED_EDGE('',*,*,#4495,.F.);
#4495 = EDGE_CURVE('',#3344,#4496,#4498,.T.);
#4496 = VERTEX_POINT('',#4497);
#4497 = CARTESIAN_POINT('',(0.16,-2.7,8.54));
#4498 = LINE('',#4499,#4500);
#4499 = CARTESIAN_POINT('',(0.16,-2.7,8.54));
#4500 = VECTOR('',#4501,1.);
#4501 = DIRECTION('',(-0.57735026919,0.57735026919,0.57735026919));
#4502 = ORIENTED_EDGE('',*,*,#3360,.T.);
#4503 = ORIENTED_EDGE('',*,*,#4504,.T.);
#4504 = EDGE_CURVE('',#3353,#4505,#4507,.T.);
#4505 = VERTEX_POINT('',#4506);
#4506 = CARTESIAN_POINT('',(0.16,-2.38,8.54));
#4507 = LINE('',#4508,#4509);
#4508 = CARTESIAN_POINT('',(5.333333333333E-02,-2.486666666667,
    8.646666666667));
#4509 = VECTOR('',#4510,1.);
#4510 = DIRECTION('',(-0.57735026919,-0.57735026919,0.57735026919));
#4511 = ORIENTED_EDGE('',*,*,#4512,.F.);
#4512 = EDGE_CURVE('',#4496,#4505,#4513,.T.);
#4513 = LINE('',#4514,#4515);
#4514 = CARTESIAN_POINT('',(0.16,-2.86,8.54));
#4515 = VECTOR('',#4516,1.);
#4516 = DIRECTION('',(0.,1.,0.));
#4517 = PLANE('',#4518);
#4518 = AXIS2_PLACEMENT_3D('',#4519,#4520,#4521);
#4519 = CARTESIAN_POINT('',(0.24,-2.86,8.46));
#4520 = DIRECTION('',(0.707106781187,-1.735167508357E-18,0.707106781187)
  );
#4521 = DIRECTION('',(1.226948711654E-18,1.,1.226948711654E-18));
#4522 = ADVANCED_FACE('',(#4523),#4541,.T.);
#4523 = FACE_BOUND('',#4524,.F.);
#4524 = EDGE_LOOP('',(#4525,#4533,#4534,#4535));
#4525 = ORIENTED_EDGE('',*,*,#4526,.F.);
#4526 = EDGE_CURVE('',#3377,#4527,#4529,.T.);
#4527 = VERTEX_POINT('',#4528);
#4528 = CARTESIAN_POINT('',(-0.16,-2.38,8.54));
#4529 = LINE('',#4530,#4531);
#4530 = CARTESIAN_POINT('',(-0.16,-2.38,8.54));
#4531 = VECTOR('',#4532,1.);
#4532 = DIRECTION('',(0.57735026919,-0.57735026919,0.57735026919));
#4533 = ORIENTED_EDGE('',*,*,#3384,.T.);
#4534 = ORIENTED_EDGE('',*,*,#4504,.T.);
#4535 = ORIENTED_EDGE('',*,*,#4536,.F.);
#4536 = EDGE_CURVE('',#4527,#4505,#4537,.T.);
#4537 = LINE('',#4538,#4539);
#4538 = CARTESIAN_POINT('',(-0.32,-2.38,8.54));
#4539 = VECTOR('',#4540,1.);
#4540 = DIRECTION('',(1.,0.,0.));
#4541 = PLANE('',#4542);
#4542 = AXIS2_PLACEMENT_3D('',#4543,#4544,#4545);
#4543 = CARTESIAN_POINT('',(-0.32,-2.3,8.46));
#4544 = DIRECTION('',(1.735167508357E-18,0.707106781187,0.707106781187)
  );
#4545 = DIRECTION('',(-1.,1.226948711654E-18,1.226948711654E-18));
#4546 = ADVANCED_FACE('',(#4547),#4565,.F.);
#4547 = FACE_BOUND('',#4548,.F.);
#4548 = EDGE_LOOP('',(#4549,#4557,#4558,#4559));
#4549 = ORIENTED_EDGE('',*,*,#4550,.F.);
#4550 = EDGE_CURVE('',#3399,#4551,#4553,.T.);
#4551 = VERTEX_POINT('',#4552);
#4552 = CARTESIAN_POINT('',(-0.16,-2.7,8.54));
#4553 = LINE('',#4554,#4555);
#4554 = CARTESIAN_POINT('',(-0.266666666667,-2.806666666667,
    8.433333333333));
#4555 = VECTOR('',#4556,1.);
#4556 = DIRECTION('',(0.57735026919,0.57735026919,0.57735026919));
#4557 = ORIENTED_EDGE('',*,*,#3408,.T.);
#4558 = ORIENTED_EDGE('',*,*,#4526,.T.);
#4559 = ORIENTED_EDGE('',*,*,#4560,.F.);
#4560 = EDGE_CURVE('',#4551,#4527,#4561,.T.);
#4561 = LINE('',#4562,#4563);
#4562 = CARTESIAN_POINT('',(-0.16,-2.86,8.54));
#4563 = VECTOR('',#4564,1.);
#4564 = DIRECTION('',(0.,1.,0.));
#4565 = PLANE('',#4566);
#4566 = AXIS2_PLACEMENT_3D('',#4567,#4568,#4569);
#4567 = CARTESIAN_POINT('',(-0.24,-2.86,8.46));
#4568 = DIRECTION('',(0.707106781187,1.735167508357E-18,-0.707106781187)
  );
#4569 = DIRECTION('',(-1.226948711654E-18,1.,1.226948711654E-18));
#4570 = ADVANCED_FACE('',(#4571),#4582,.F.);
#4571 = FACE_BOUND('',#4572,.T.);
#4572 = EDGE_LOOP('',(#4573,#4574,#4575,#4576));
#4573 = ORIENTED_EDGE('',*,*,#4550,.F.);
#4574 = ORIENTED_EDGE('',*,*,#3425,.T.);
#4575 = ORIENTED_EDGE('',*,*,#4495,.T.);
#4576 = ORIENTED_EDGE('',*,*,#4577,.F.);
#4577 = EDGE_CURVE('',#4551,#4496,#4578,.T.);
#4578 = LINE('',#4579,#4580);
#4579 = CARTESIAN_POINT('',(-0.32,-2.7,8.54));
#4580 = VECTOR('',#4581,1.);
#4581 = DIRECTION('',(1.,0.,0.));
#4582 = PLANE('',#4583);
#4583 = AXIS2_PLACEMENT_3D('',#4584,#4585,#4586);
#4584 = CARTESIAN_POINT('',(-0.32,-2.78,8.46));
#4585 = DIRECTION('',(-1.735167508357E-18,0.707106781187,-0.707106781187
    ));
#4586 = DIRECTION('',(-1.,-1.226948711654E-18,1.226948711654E-18));
#4587 = ADVANCED_FACE('',(#4588),#4613,.F.);
#4588 = FACE_BOUND('',#4589,.T.);
#4589 = EDGE_LOOP('',(#4590,#4598,#4599,#4607));
#4590 = ORIENTED_EDGE('',*,*,#4591,.F.);
#4591 = EDGE_CURVE('',#3449,#4592,#4594,.T.);
#4592 = VERTEX_POINT('',#4593);
#4593 = CARTESIAN_POINT('',(-0.16,-12.86,8.54));
#4594 = LINE('',#4595,#4596);
#4595 = CARTESIAN_POINT('',(-0.266666666667,-12.96666666666,
    8.433333333333));
#4596 = VECTOR('',#4597,1.);
#4597 = DIRECTION('',(0.57735026919,0.57735026919,0.57735026919));
#4598 = ORIENTED_EDGE('',*,*,#3456,.T.);
#4599 = ORIENTED_EDGE('',*,*,#4600,.T.);
#4600 = EDGE_CURVE('',#3440,#4601,#4603,.T.);
#4601 = VERTEX_POINT('',#4602);
#4602 = CARTESIAN_POINT('',(0.16,-12.86,8.54));
#4603 = LINE('',#4604,#4605);
#4604 = CARTESIAN_POINT('',(0.16,-12.86,8.54));
#4605 = VECTOR('',#4606,1.);
#4606 = DIRECTION('',(-0.57735026919,0.57735026919,0.57735026919));
#4607 = ORIENTED_EDGE('',*,*,#4608,.F.);
#4608 = EDGE_CURVE('',#4592,#4601,#4609,.T.);
#4609 = LINE('',#4610,#4611);
#4610 = CARTESIAN_POINT('',(-0.32,-12.86,8.54));
#4611 = VECTOR('',#4612,1.);
#4612 = DIRECTION('',(1.,0.,0.));
#4613 = PLANE('',#4614);
#4614 = AXIS2_PLACEMENT_3D('',#4615,#4616,#4617);
#4615 = CARTESIAN_POINT('',(-0.32,-12.94,8.46));
#4616 = DIRECTION('',(-1.735167508357E-18,0.707106781187,-0.707106781187
    ));
#4617 = DIRECTION('',(-1.,-1.226948711654E-18,1.226948711654E-18));
#4618 = ADVANCED_FACE('',(#4619),#4637,.T.);
#4619 = FACE_BOUND('',#4620,.T.);
#4620 = EDGE_LOOP('',(#4621,#4622,#4623,#4631));
#4621 = ORIENTED_EDGE('',*,*,#4600,.F.);
#4622 = ORIENTED_EDGE('',*,*,#3480,.T.);
#4623 = ORIENTED_EDGE('',*,*,#4624,.T.);
#4624 = EDGE_CURVE('',#3473,#4625,#4627,.T.);
#4625 = VERTEX_POINT('',#4626);
#4626 = CARTESIAN_POINT('',(0.16,-12.54,8.54));
#4627 = LINE('',#4628,#4629);
#4628 = CARTESIAN_POINT('',(5.333333333333E-02,-12.64666666666,
    8.646666666667));
#4629 = VECTOR('',#4630,1.);
#4630 = DIRECTION('',(-0.57735026919,-0.57735026919,0.57735026919));
#4631 = ORIENTED_EDGE('',*,*,#4632,.F.);
#4632 = EDGE_CURVE('',#4601,#4625,#4633,.T.);
#4633 = LINE('',#4634,#4635);
#4634 = CARTESIAN_POINT('',(0.16,-13.02,8.54));
#4635 = VECTOR('',#4636,1.);
#4636 = DIRECTION('',(0.,1.,0.));
#4637 = PLANE('',#4638);
#4638 = AXIS2_PLACEMENT_3D('',#4639,#4640,#4641);
#4639 = CARTESIAN_POINT('',(0.24,-13.02,8.46));
#4640 = DIRECTION('',(0.707106781187,-1.735167508357E-18,0.707106781187)
  );
#4641 = DIRECTION('',(1.226948711654E-18,1.,1.226948711654E-18));
#4642 = ADVANCED_FACE('',(#4643),#4661,.T.);
#4643 = FACE_BOUND('',#4644,.F.);
#4644 = EDGE_LOOP('',(#4645,#4653,#4654,#4655));
#4645 = ORIENTED_EDGE('',*,*,#4646,.F.);
#4646 = EDGE_CURVE('',#3497,#4647,#4649,.T.);
#4647 = VERTEX_POINT('',#4648);
#4648 = CARTESIAN_POINT('',(-0.16,-12.54,8.54));
#4649 = LINE('',#4650,#4651);
#4650 = CARTESIAN_POINT('',(-0.16,-12.54,8.54));
#4651 = VECTOR('',#4652,1.);
#4652 = DIRECTION('',(0.57735026919,-0.57735026919,0.57735026919));
#4653 = ORIENTED_EDGE('',*,*,#3504,.T.);
#4654 = ORIENTED_EDGE('',*,*,#4624,.T.);
#4655 = ORIENTED_EDGE('',*,*,#4656,.F.);
#4656 = EDGE_CURVE('',#4647,#4625,#4657,.T.);
#4657 = LINE('',#4658,#4659);
#4658 = CARTESIAN_POINT('',(-0.32,-12.54,8.54));
#4659 = VECTOR('',#4660,1.);
#4660 = DIRECTION('',(1.,0.,0.));
#4661 = PLANE('',#4662);
#4662 = AXIS2_PLACEMENT_3D('',#4663,#4664,#4665);
#4663 = CARTESIAN_POINT('',(-0.32,-12.46,8.46));
#4664 = DIRECTION('',(1.735167508357E-18,0.707106781187,0.707106781187)
  );
#4665 = DIRECTION('',(-1.,1.226948711654E-18,1.226948711654E-18));
#4666 = ADVANCED_FACE('',(#4667),#4678,.F.);
#4667 = FACE_BOUND('',#4668,.F.);
#4668 = EDGE_LOOP('',(#4669,#4670,#4671,#4672));
#4669 = ORIENTED_EDGE('',*,*,#4591,.F.);
#4670 = ORIENTED_EDGE('',*,*,#3521,.T.);
#4671 = ORIENTED_EDGE('',*,*,#4646,.T.);
#4672 = ORIENTED_EDGE('',*,*,#4673,.F.);
#4673 = EDGE_CURVE('',#4592,#4647,#4674,.T.);
#4674 = LINE('',#4675,#4676);
#4675 = CARTESIAN_POINT('',(-0.16,-13.02,8.54));
#4676 = VECTOR('',#4677,1.);
#4677 = DIRECTION('',(0.,1.,0.));
#4678 = PLANE('',#4679);
#4679 = AXIS2_PLACEMENT_3D('',#4680,#4681,#4682);
#4680 = CARTESIAN_POINT('',(-0.24,-13.02,8.46));
#4681 = DIRECTION('',(0.707106781187,1.735167508357E-18,-0.707106781187)
  );
#4682 = DIRECTION('',(-1.226948711654E-18,1.,1.226948711654E-18));
#4683 = ADVANCED_FACE('',(#4684),#4709,.T.);
#4684 = FACE_BOUND('',#4685,.F.);
#4685 = EDGE_LOOP('',(#4686,#4694,#4695,#4703));
#4686 = ORIENTED_EDGE('',*,*,#4687,.F.);
#4687 = EDGE_CURVE('',#3545,#4688,#4690,.T.);
#4688 = VERTEX_POINT('',#4689);
#4689 = CARTESIAN_POINT('',(-0.16,-10.,8.54));
#4690 = LINE('',#4691,#4692);
#4691 = CARTESIAN_POINT('',(-0.16,-10.,8.54));
#4692 = VECTOR('',#4693,1.);
#4693 = DIRECTION('',(0.57735026919,-0.57735026919,0.57735026919));
#4694 = ORIENTED_EDGE('',*,*,#3552,.T.);
#4695 = ORIENTED_EDGE('',*,*,#4696,.T.);
#4696 = EDGE_CURVE('',#3536,#4697,#4699,.T.);
#4697 = VERTEX_POINT('',#4698);
#4698 = CARTESIAN_POINT('',(0.16,-10.,8.54));
#4699 = LINE('',#4700,#4701);
#4700 = CARTESIAN_POINT('',(5.333333333333E-02,-10.10666666666,
    8.646666666667));
#4701 = VECTOR('',#4702,1.);
#4702 = DIRECTION('',(-0.57735026919,-0.57735026919,0.57735026919));
#4703 = ORIENTED_EDGE('',*,*,#4704,.F.);
#4704 = EDGE_CURVE('',#4688,#4697,#4705,.T.);
#4705 = LINE('',#4706,#4707);
#4706 = CARTESIAN_POINT('',(-0.32,-10.,8.54));
#4707 = VECTOR('',#4708,1.);
#4708 = DIRECTION('',(1.,0.,0.));
#4709 = PLANE('',#4710);
#4710 = AXIS2_PLACEMENT_3D('',#4711,#4712,#4713);
#4711 = CARTESIAN_POINT('',(-0.32,-9.92,8.46));
#4712 = DIRECTION('',(1.735167508357E-18,0.707106781187,0.707106781187)
  );
#4713 = DIRECTION('',(-1.,1.226948711654E-18,1.226948711654E-18));
#4714 = ADVANCED_FACE('',(#4715),#4733,.F.);
#4715 = FACE_BOUND('',#4716,.F.);
#4716 = EDGE_LOOP('',(#4717,#4725,#4726,#4727));
#4717 = ORIENTED_EDGE('',*,*,#4718,.F.);
#4718 = EDGE_CURVE('',#3567,#4719,#4721,.T.);
#4719 = VERTEX_POINT('',#4720);
#4720 = CARTESIAN_POINT('',(-0.16,-10.32,8.54));
#4721 = LINE('',#4722,#4723);
#4722 = CARTESIAN_POINT('',(-0.266666666667,-10.42666666666,
    8.433333333333));
#4723 = VECTOR('',#4724,1.);
#4724 = DIRECTION('',(0.57735026919,0.57735026919,0.57735026919));
#4725 = ORIENTED_EDGE('',*,*,#3576,.T.);
#4726 = ORIENTED_EDGE('',*,*,#4687,.T.);
#4727 = ORIENTED_EDGE('',*,*,#4728,.F.);
#4728 = EDGE_CURVE('',#4719,#4688,#4729,.T.);
#4729 = LINE('',#4730,#4731);
#4730 = CARTESIAN_POINT('',(-0.16,-10.48,8.54));
#4731 = VECTOR('',#4732,1.);
#4732 = DIRECTION('',(0.,1.,0.));
#4733 = PLANE('',#4734);
#4734 = AXIS2_PLACEMENT_3D('',#4735,#4736,#4737);
#4735 = CARTESIAN_POINT('',(-0.24,-10.48,8.46));
#4736 = DIRECTION('',(0.707106781187,1.735167508357E-18,-0.707106781187)
  );
#4737 = DIRECTION('',(-1.226948711654E-18,1.,1.226948711654E-18));
#4738 = ADVANCED_FACE('',(#4739),#4757,.F.);
#4739 = FACE_BOUND('',#4740,.T.);
#4740 = EDGE_LOOP('',(#4741,#4742,#4743,#4751));
#4741 = ORIENTED_EDGE('',*,*,#4718,.F.);
#4742 = ORIENTED_EDGE('',*,*,#3600,.T.);
#4743 = ORIENTED_EDGE('',*,*,#4744,.T.);
#4744 = EDGE_CURVE('',#3591,#4745,#4747,.T.);
#4745 = VERTEX_POINT('',#4746);
#4746 = CARTESIAN_POINT('',(0.16,-10.32,8.54));
#4747 = LINE('',#4748,#4749);
#4748 = CARTESIAN_POINT('',(0.16,-10.32,8.54));
#4749 = VECTOR('',#4750,1.);
#4750 = DIRECTION('',(-0.57735026919,0.57735026919,0.57735026919));
#4751 = ORIENTED_EDGE('',*,*,#4752,.F.);
#4752 = EDGE_CURVE('',#4719,#4745,#4753,.T.);
#4753 = LINE('',#4754,#4755);
#4754 = CARTESIAN_POINT('',(-0.32,-10.32,8.54));
#4755 = VECTOR('',#4756,1.);
#4756 = DIRECTION('',(1.,0.,0.));
#4757 = PLANE('',#4758);
#4758 = AXIS2_PLACEMENT_3D('',#4759,#4760,#4761);
#4759 = CARTESIAN_POINT('',(-0.32,-10.4,8.46));
#4760 = DIRECTION('',(-1.735167508357E-18,0.707106781187,-0.707106781187
    ));
#4761 = DIRECTION('',(-1.,-1.226948711654E-18,1.226948711654E-18));
#4762 = ADVANCED_FACE('',(#4763),#4774,.T.);
#4763 = FACE_BOUND('',#4764,.T.);
#4764 = EDGE_LOOP('',(#4765,#4766,#4767,#4768));
#4765 = ORIENTED_EDGE('',*,*,#4744,.F.);
#4766 = ORIENTED_EDGE('',*,*,#3617,.T.);
#4767 = ORIENTED_EDGE('',*,*,#4696,.T.);
#4768 = ORIENTED_EDGE('',*,*,#4769,.F.);
#4769 = EDGE_CURVE('',#4745,#4697,#4770,.T.);
#4770 = LINE('',#4771,#4772);
#4771 = CARTESIAN_POINT('',(0.16,-10.48,8.54));
#4772 = VECTOR('',#4773,1.);
#4773 = DIRECTION('',(0.,1.,0.));
#4774 = PLANE('',#4775);
#4775 = AXIS2_PLACEMENT_3D('',#4776,#4777,#4778);
#4776 = CARTESIAN_POINT('',(0.24,-10.48,8.46));
#4777 = DIRECTION('',(0.707106781187,-1.735167508357E-18,0.707106781187)
  );
#4778 = DIRECTION('',(1.226948711654E-18,1.,1.226948711654E-18));
#4779 = ADVANCED_FACE('',(#4780),#4805,.F.);
#4780 = FACE_BOUND('',#4781,.T.);
#4781 = EDGE_LOOP('',(#4782,#4790,#4791,#4799));
#4782 = ORIENTED_EDGE('',*,*,#4783,.F.);
#4783 = EDGE_CURVE('',#3641,#4784,#4786,.T.);
#4784 = VERTEX_POINT('',#4785);
#4785 = CARTESIAN_POINT('',(-0.16,-7.78,8.54));
#4786 = LINE('',#4787,#4788);
#4787 = CARTESIAN_POINT('',(-0.266666666667,-7.886666666667,
    8.433333333333));
#4788 = VECTOR('',#4789,1.);
#4789 = DIRECTION('',(0.57735026919,0.57735026919,0.57735026919));
#4790 = ORIENTED_EDGE('',*,*,#3648,.T.);
#4791 = ORIENTED_EDGE('',*,*,#4792,.T.);
#4792 = EDGE_CURVE('',#3632,#4793,#4795,.T.);
#4793 = VERTEX_POINT('',#4794);
#4794 = CARTESIAN_POINT('',(0.16,-7.78,8.54));
#4795 = LINE('',#4796,#4797);
#4796 = CARTESIAN_POINT('',(0.16,-7.78,8.54));
#4797 = VECTOR('',#4798,1.);
#4798 = DIRECTION('',(-0.57735026919,0.57735026919,0.57735026919));
#4799 = ORIENTED_EDGE('',*,*,#4800,.F.);
#4800 = EDGE_CURVE('',#4784,#4793,#4801,.T.);
#4801 = LINE('',#4802,#4803);
#4802 = CARTESIAN_POINT('',(-0.32,-7.78,8.54));
#4803 = VECTOR('',#4804,1.);
#4804 = DIRECTION('',(1.,0.,0.));
#4805 = PLANE('',#4806);
#4806 = AXIS2_PLACEMENT_3D('',#4807,#4808,#4809);
#4807 = CARTESIAN_POINT('',(-0.32,-7.86,8.46));
#4808 = DIRECTION('',(-1.735167508357E-18,0.707106781187,-0.707106781187
    ));
#4809 = DIRECTION('',(-1.,-1.226948711654E-18,1.226948711654E-18));
#4810 = ADVANCED_FACE('',(#4811),#4829,.T.);
#4811 = FACE_BOUND('',#4812,.T.);
#4812 = EDGE_LOOP('',(#4813,#4814,#4815,#4823));
#4813 = ORIENTED_EDGE('',*,*,#4792,.F.);
#4814 = ORIENTED_EDGE('',*,*,#3672,.T.);
#4815 = ORIENTED_EDGE('',*,*,#4816,.T.);
#4816 = EDGE_CURVE('',#3665,#4817,#4819,.T.);
#4817 = VERTEX_POINT('',#4818);
#4818 = CARTESIAN_POINT('',(0.16,-7.46,8.54));
#4819 = LINE('',#4820,#4821);
#4820 = CARTESIAN_POINT('',(5.333333333333E-02,-7.566666666667,
    8.646666666667));
#4821 = VECTOR('',#4822,1.);
#4822 = DIRECTION('',(-0.57735026919,-0.57735026919,0.57735026919));
#4823 = ORIENTED_EDGE('',*,*,#4824,.F.);
#4824 = EDGE_CURVE('',#4793,#4817,#4825,.T.);
#4825 = LINE('',#4826,#4827);
#4826 = CARTESIAN_POINT('',(0.16,-7.94,8.54));
#4827 = VECTOR('',#4828,1.);
#4828 = DIRECTION('',(0.,1.,0.));
#4829 = PLANE('',#4830);
#4830 = AXIS2_PLACEMENT_3D('',#4831,#4832,#4833);
#4831 = CARTESIAN_POINT('',(0.24,-7.94,8.46));
#4832 = DIRECTION('',(0.707106781187,-1.735167508357E-18,0.707106781187)
  );
#4833 = DIRECTION('',(1.226948711654E-18,1.,1.226948711654E-18));
#4834 = ADVANCED_FACE('',(#4835),#4853,.T.);
#4835 = FACE_BOUND('',#4836,.F.);
#4836 = EDGE_LOOP('',(#4837,#4845,#4846,#4847));
#4837 = ORIENTED_EDGE('',*,*,#4838,.F.);
#4838 = EDGE_CURVE('',#3689,#4839,#4841,.T.);
#4839 = VERTEX_POINT('',#4840);
#4840 = CARTESIAN_POINT('',(-0.16,-7.46,8.54));
#4841 = LINE('',#4842,#4843);
#4842 = CARTESIAN_POINT('',(-0.16,-7.46,8.54));
#4843 = VECTOR('',#4844,1.);
#4844 = DIRECTION('',(0.57735026919,-0.57735026919,0.57735026919));
#4845 = ORIENTED_EDGE('',*,*,#3696,.T.);
#4846 = ORIENTED_EDGE('',*,*,#4816,.T.);
#4847 = ORIENTED_EDGE('',*,*,#4848,.F.);
#4848 = EDGE_CURVE('',#4839,#4817,#4849,.T.);
#4849 = LINE('',#4850,#4851);
#4850 = CARTESIAN_POINT('',(-0.32,-7.46,8.54));
#4851 = VECTOR('',#4852,1.);
#4852 = DIRECTION('',(1.,0.,0.));
#4853 = PLANE('',#4854);
#4854 = AXIS2_PLACEMENT_3D('',#4855,#4856,#4857);
#4855 = CARTESIAN_POINT('',(-0.32,-7.38,8.46));
#4856 = DIRECTION('',(1.735167508357E-18,0.707106781187,0.707106781187)
  );
#4857 = DIRECTION('',(-1.,1.226948711654E-18,1.226948711654E-18));
#4858 = ADVANCED_FACE('',(#4859),#4870,.F.);
#4859 = FACE_BOUND('',#4860,.F.);
#4860 = EDGE_LOOP('',(#4861,#4862,#4863,#4864));
#4861 = ORIENTED_EDGE('',*,*,#4783,.F.);
#4862 = ORIENTED_EDGE('',*,*,#3713,.T.);
#4863 = ORIENTED_EDGE('',*,*,#4838,.T.);
#4864 = ORIENTED_EDGE('',*,*,#4865,.F.);
#4865 = EDGE_CURVE('',#4784,#4839,#4866,.T.);
#4866 = LINE('',#4867,#4868);
#4867 = CARTESIAN_POINT('',(-0.16,-7.94,8.54));
#4868 = VECTOR('',#4869,1.);
#4869 = DIRECTION('',(0.,1.,0.));
#4870 = PLANE('',#4871);
#4871 = AXIS2_PLACEMENT_3D('',#4872,#4873,#4874);
#4872 = CARTESIAN_POINT('',(-0.24,-7.94,8.46));
#4873 = DIRECTION('',(0.707106781187,1.735167508357E-18,-0.707106781187)
  );
#4874 = DIRECTION('',(-1.226948711654E-18,1.,1.226948711654E-18));
#4875 = ADVANCED_FACE('',(#4876),#4882,.F.);
#4876 = FACE_BOUND('',#4877,.F.);
#4877 = EDGE_LOOP('',(#4878,#4879,#4880,#4881));
#4878 = ORIENTED_EDGE('',*,*,#3768,.F.);
#4879 = ORIENTED_EDGE('',*,*,#3792,.F.);
#4880 = ORIENTED_EDGE('',*,*,#3809,.T.);
#4881 = ORIENTED_EDGE('',*,*,#3744,.T.);
#4882 = PLANE('',#4883);
#4883 = AXIS2_PLACEMENT_3D('',#4884,#4885,#4886);
#4884 = CARTESIAN_POINT('',(-0.32,-0.32,-3.));
#4885 = DIRECTION('',(0.,0.,1.));
#4886 = DIRECTION('',(1.,0.,-0.));
#4887 = ADVANCED_FACE('',(#4888),#4894,.F.);
#4888 = FACE_BOUND('',#4889,.F.);
#4889 = EDGE_LOOP('',(#4890,#4891,#4892,#4893));
#4890 = ORIENTED_EDGE('',*,*,#3864,.F.);
#4891 = ORIENTED_EDGE('',*,*,#3888,.F.);
#4892 = ORIENTED_EDGE('',*,*,#3905,.T.);
#4893 = ORIENTED_EDGE('',*,*,#3840,.T.);
#4894 = PLANE('',#4895);
#4895 = AXIS2_PLACEMENT_3D('',#4896,#4897,#4898);
#4896 = CARTESIAN_POINT('',(-0.32,-5.4,-3.));
#4897 = DIRECTION('',(0.,0.,1.));
#4898 = DIRECTION('',(1.,0.,-0.));
#4899 = ADVANCED_FACE('',(#4900),#4906,.F.);
#4900 = FACE_BOUND('',#4901,.F.);
#4901 = EDGE_LOOP('',(#4902,#4903,#4904,#4905));
#4902 = ORIENTED_EDGE('',*,*,#3960,.F.);
#4903 = ORIENTED_EDGE('',*,*,#3984,.F.);
#4904 = ORIENTED_EDGE('',*,*,#4001,.T.);
#4905 = ORIENTED_EDGE('',*,*,#3936,.T.);
#4906 = PLANE('',#4907);
#4907 = AXIS2_PLACEMENT_3D('',#4908,#4909,#4910);
#4908 = CARTESIAN_POINT('',(-0.32,-2.86,-3.));
#4909 = DIRECTION('',(0.,0.,1.));
#4910 = DIRECTION('',(1.,0.,-0.));
#4911 = ADVANCED_FACE('',(#4912),#4918,.F.);
#4912 = FACE_BOUND('',#4913,.F.);
#4913 = EDGE_LOOP('',(#4914,#4915,#4916,#4917));
#4914 = ORIENTED_EDGE('',*,*,#4080,.F.);
#4915 = ORIENTED_EDGE('',*,*,#4097,.F.);
#4916 = ORIENTED_EDGE('',*,*,#4032,.T.);
#4917 = ORIENTED_EDGE('',*,*,#4056,.T.);
#4918 = PLANE('',#4919);
#4919 = AXIS2_PLACEMENT_3D('',#4920,#4921,#4922);
#4920 = CARTESIAN_POINT('',(-0.32,-13.02,-3.));
#4921 = DIRECTION('',(0.,0.,1.));
#4922 = DIRECTION('',(1.,0.,-0.));
#4923 = ADVANCED_FACE('',(#4924),#4930,.F.);
#4924 = FACE_BOUND('',#4925,.F.);
#4925 = EDGE_LOOP('',(#4926,#4927,#4928,#4929));
#4926 = ORIENTED_EDGE('',*,*,#4128,.F.);
#4927 = ORIENTED_EDGE('',*,*,#4152,.F.);
#4928 = ORIENTED_EDGE('',*,*,#4176,.T.);
#4929 = ORIENTED_EDGE('',*,*,#4193,.T.);
#4930 = PLANE('',#4931);
#4931 = AXIS2_PLACEMENT_3D('',#4932,#4933,#4934);
#4932 = CARTESIAN_POINT('',(-0.32,-10.48,-3.));
#4933 = DIRECTION('',(0.,0.,1.));
#4934 = DIRECTION('',(1.,0.,-0.));
#4935 = ADVANCED_FACE('',(#4936),#4942,.F.);
#4936 = FACE_BOUND('',#4937,.F.);
#4937 = EDGE_LOOP('',(#4938,#4939,#4940,#4941));
#4938 = ORIENTED_EDGE('',*,*,#4272,.F.);
#4939 = ORIENTED_EDGE('',*,*,#4289,.F.);
#4940 = ORIENTED_EDGE('',*,*,#4224,.T.);
#4941 = ORIENTED_EDGE('',*,*,#4248,.T.);
#4942 = PLANE('',#4943);
#4943 = AXIS2_PLACEMENT_3D('',#4944,#4945,#4946);
#4944 = CARTESIAN_POINT('',(-0.32,-7.94,-3.));
#4945 = DIRECTION('',(0.,0.,1.));
#4946 = DIRECTION('',(1.,0.,-0.));
#4947 = ADVANCED_FACE('',(#4948),#4954,.T.);
#4948 = FACE_BOUND('',#4949,.T.);
#4949 = EDGE_LOOP('',(#4950,#4951,#4952,#4953));
#4950 = ORIENTED_EDGE('',*,*,#4320,.T.);
#4951 = ORIENTED_EDGE('',*,*,#4344,.F.);
#4952 = ORIENTED_EDGE('',*,*,#4368,.F.);
#4953 = ORIENTED_EDGE('',*,*,#4385,.T.);
#4954 = PLANE('',#4955);
#4955 = AXIS2_PLACEMENT_3D('',#4956,#4957,#4958);
#4956 = CARTESIAN_POINT('',(-0.32,-0.32,8.54));
#4957 = DIRECTION('',(0.,0.,1.));
#4958 = DIRECTION('',(1.,0.,-0.));
#4959 = ADVANCED_FACE('',(#4960),#4966,.T.);
#4960 = FACE_BOUND('',#4961,.T.);
#4961 = EDGE_LOOP('',(#4962,#4963,#4964,#4965));
#4962 = ORIENTED_EDGE('',*,*,#4416,.T.);
#4963 = ORIENTED_EDGE('',*,*,#4440,.F.);
#4964 = ORIENTED_EDGE('',*,*,#4464,.F.);
#4965 = ORIENTED_EDGE('',*,*,#4481,.T.);
#4966 = PLANE('',#4967);
#4967 = AXIS2_PLACEMENT_3D('',#4968,#4969,#4970);
#4968 = CARTESIAN_POINT('',(-0.32,-5.4,8.54));
#4969 = DIRECTION('',(0.,0.,1.));
#4970 = DIRECTION('',(1.,0.,-0.));
#4971 = ADVANCED_FACE('',(#4972),#4978,.T.);
#4972 = FACE_BOUND('',#4973,.T.);
#4973 = EDGE_LOOP('',(#4974,#4975,#4976,#4977));
#4974 = ORIENTED_EDGE('',*,*,#4512,.T.);
#4975 = ORIENTED_EDGE('',*,*,#4536,.F.);
#4976 = ORIENTED_EDGE('',*,*,#4560,.F.);
#4977 = ORIENTED_EDGE('',*,*,#4577,.T.);
#4978 = PLANE('',#4979);
#4979 = AXIS2_PLACEMENT_3D('',#4980,#4981,#4982);
#4980 = CARTESIAN_POINT('',(-0.32,-2.86,8.54));
#4981 = DIRECTION('',(0.,0.,1.));
#4982 = DIRECTION('',(1.,0.,-0.));
#4983 = ADVANCED_FACE('',(#4984),#4990,.T.);
#4984 = FACE_BOUND('',#4985,.T.);
#4985 = EDGE_LOOP('',(#4986,#4987,#4988,#4989));
#4986 = ORIENTED_EDGE('',*,*,#4632,.T.);
#4987 = ORIENTED_EDGE('',*,*,#4656,.F.);
#4988 = ORIENTED_EDGE('',*,*,#4673,.F.);
#4989 = ORIENTED_EDGE('',*,*,#4608,.T.);
#4990 = PLANE('',#4991);
#4991 = AXIS2_PLACEMENT_3D('',#4992,#4993,#4994);
#4992 = CARTESIAN_POINT('',(-0.32,-13.02,8.54));
#4993 = DIRECTION('',(0.,0.,1.));
#4994 = DIRECTION('',(1.,0.,-0.));
#4995 = ADVANCED_FACE('',(#4996),#5002,.T.);
#4996 = FACE_BOUND('',#4997,.T.);
#4997 = EDGE_LOOP('',(#4998,#4999,#5000,#5001));
#4998 = ORIENTED_EDGE('',*,*,#4769,.T.);
#4999 = ORIENTED_EDGE('',*,*,#4704,.F.);
#5000 = ORIENTED_EDGE('',*,*,#4728,.F.);
#5001 = ORIENTED_EDGE('',*,*,#4752,.T.);
#5002 = PLANE('',#5003);
#5003 = AXIS2_PLACEMENT_3D('',#5004,#5005,#5006);
#5004 = CARTESIAN_POINT('',(-0.32,-10.48,8.54));
#5005 = DIRECTION('',(0.,0.,1.));
#5006 = DIRECTION('',(1.,0.,-0.));
#5007 = ADVANCED_FACE('',(#5008),#5014,.T.);
#5008 = FACE_BOUND('',#5009,.T.);
#5009 = EDGE_LOOP('',(#5010,#5011,#5012,#5013));
#5010 = ORIENTED_EDGE('',*,*,#4824,.T.);
#5011 = ORIENTED_EDGE('',*,*,#4848,.F.);
#5012 = ORIENTED_EDGE('',*,*,#4865,.F.);
#5013 = ORIENTED_EDGE('',*,*,#4800,.T.);
#5014 = PLANE('',#5015);
#5015 = AXIS2_PLACEMENT_3D('',#5016,#5017,#5018);
#5016 = CARTESIAN_POINT('',(-0.32,-7.94,8.54));
#5017 = DIRECTION('',(0.,0.,1.));
#5018 = DIRECTION('',(1.,0.,-0.));
#5019 = ( GEOMETRIC_REPRESENTATION_CONTEXT(3) 
GLOBAL_UNCERTAINTY_ASSIGNED_CONTEXT((#5023)) 
GLOBAL_UNIT_ASSIGNED_CONTEXT((#5020,#5021,#5022)) REPRESENTATION_CONTEXT
('Context #1','3D Context with UNIT and UNCERTAINTY') );
#5020 = ( LENGTH_UNIT() NAMED_UNIT(*) SI_UNIT(.MILLI.,.METRE.) );
#5021 = ( NAMED_UNIT(*) PLANE_ANGLE_UNIT() SI_UNIT($,.RADIAN.) );
#5022 = ( NAMED_UNIT(*) SI_UNIT($,.STERADIAN.) SOLID_ANGLE_UNIT() );
#5023 = UNCERTAINTY_MEASURE_WITH_UNIT(LENGTH_MEASURE(1.E-07),#5020,
  'distance_accuracy_value','confusion accuracy');
#5024 = CONTEXT_DEPENDENT_SHAPE_REPRESENTATION(#5025,#5027);
#5025 = ( REPRESENTATION_RELATIONSHIP('','',#890,#10) 
REPRESENTATION_RELATIONSHIP_WITH_TRANSFORMATION(#5026) 
SHAPE_REPRESENTATION_RELATIONSHIP() );
#5026 = ITEM_DEFINED_TRANSFORMATION('','',#11,#23);
#5027 = PRODUCT_DEFINITION_SHAPE('Placement','Placement of an item',
  #5028);
#5028 = NEXT_ASSEMBLY_USAGE_OCCURRENCE('3','J2','',#5,#885,$);
#5029 = PRODUCT_RELATED_PRODUCT_CATEGORY('part',$,(#887));
#5030 = SHAPE_DEFINITION_REPRESENTATION(#5031,#5037);
#5031 = PRODUCT_DEFINITION_SHAPE('','',#5032);
#5032 = PRODUCT_DEFINITION('design','',#5033,#5036);
#5033 = PRODUCT_DEFINITION_FORMATION('','',#5034);
#5034 = PRODUCT('PinHeader_1x02_P2.54mm_Vertical',
  'PinHeader_1x02_P2.54mm_Vertical','',(#5035));
#5035 = PRODUCT_CONTEXT('',#2,'mechanical');
#5036 = PRODUCT_DEFINITION_CONTEXT('part definition',#2,'design');
#5037 = ADVANCED_BREP_SHAPE_REPRESENTATION('',(#11,#5038),#6470);
#5038 = MANIFOLD_SOLID_BREP('',#5039);
#5039 = CLOSED_SHELL('',(#5040,#5080,#5111,#5142,#5307,#5472,#5489,#5506
    ,#5523,#5540,#5557,#5574,#5591,#5608,#5625,#5642,#5654,#5685,#5709,
    #5733,#5750,#5781,#5805,#5829,#5846,#5877,#5901,#5925,#5942,#5973,
    #5997,#6021,#6038,#6069,#6093,#6117,#6134,#6165,#6189,#6213,#6230,
    #6261,#6285,#6309,#6326,#6357,#6381,#6405,#6422,#6434,#6446,#6458));
#5040 = ADVANCED_FACE('',(#5041),#5075,.F.);
#5041 = FACE_BOUND('',#5042,.F.);
#5042 = EDGE_LOOP('',(#5043,#5053,#5061,#5069));
#5043 = ORIENTED_EDGE('',*,*,#5044,.T.);
#5044 = EDGE_CURVE('',#5045,#5047,#5049,.T.);
#5045 = VERTEX_POINT('',#5046);
#5046 = CARTESIAN_POINT('',(-1.016,1.27,0.));
#5047 = VERTEX_POINT('',#5048);
#5048 = CARTESIAN_POINT('',(-1.016,1.27,2.54));
#5049 = LINE('',#5050,#5051);
#5050 = CARTESIAN_POINT('',(-1.016,1.27,0.));
#5051 = VECTOR('',#5052,1.);
#5052 = DIRECTION('',(0.,0.,1.));
#5053 = ORIENTED_EDGE('',*,*,#5054,.T.);
#5054 = EDGE_CURVE('',#5047,#5055,#5057,.T.);
#5055 = VERTEX_POINT('',#5056);
#5056 = CARTESIAN_POINT('',(-1.27,1.016,2.54));
#5057 = LINE('',#5058,#5059);
#5058 = CARTESIAN_POINT('',(-1.016,1.27,2.54));
#5059 = VECTOR('',#5060,1.);
#5060 = DIRECTION('',(-0.707106781187,-0.707106781187,0.));
#5061 = ORIENTED_EDGE('',*,*,#5062,.F.);
#5062 = EDGE_CURVE('',#5063,#5055,#5065,.T.);
#5063 = VERTEX_POINT('',#5064);
#5064 = CARTESIAN_POINT('',(-1.27,1.016,0.));
#5065 = LINE('',#5066,#5067);
#5066 = CARTESIAN_POINT('',(-1.27,1.016,0.));
#5067 = VECTOR('',#5068,1.);
#5068 = DIRECTION('',(0.,0.,1.));
#5069 = ORIENTED_EDGE('',*,*,#5070,.F.);
#5070 = EDGE_CURVE('',#5045,#5063,#5071,.T.);
#5071 = LINE('',#5072,#5073);
#5072 = CARTESIAN_POINT('',(-1.016,1.27,0.));
#5073 = VECTOR('',#5074,1.);
#5074 = DIRECTION('',(-0.707106781187,-0.707106781187,0.));
#5075 = PLANE('',#5076);
#5076 = AXIS2_PLACEMENT_3D('',#5077,#5078,#5079);
#5077 = CARTESIAN_POINT('',(-1.016,1.27,0.));
#5078 = DIRECTION('',(0.707106781187,-0.707106781187,0.));
#5079 = DIRECTION('',(-0.707106781187,-0.707106781187,0.));
#5080 = ADVANCED_FACE('',(#5081),#5106,.F.);
#5081 = FACE_BOUND('',#5082,.F.);
#5082 = EDGE_LOOP('',(#5083,#5093,#5099,#5100));
#5083 = ORIENTED_EDGE('',*,*,#5084,.T.);
#5084 = EDGE_CURVE('',#5085,#5087,#5089,.T.);
#5085 = VERTEX_POINT('',#5086);
#5086 = CARTESIAN_POINT('',(1.016,1.27,0.));
#5087 = VERTEX_POINT('',#5088);
#5088 = CARTESIAN_POINT('',(1.016,1.27,2.54));
#5089 = LINE('',#5090,#5091);
#5090 = CARTESIAN_POINT('',(1.016,1.27,0.));
#5091 = VECTOR('',#5092,1.);
#5092 = DIRECTION('',(0.,0.,1.));
#5093 = ORIENTED_EDGE('',*,*,#5094,.T.);
#5094 = EDGE_CURVE('',#5087,#5047,#5095,.T.);
#5095 = LINE('',#5096,#5097);
#5096 = CARTESIAN_POINT('',(1.016,1.27,2.54));
#5097 = VECTOR('',#5098,1.);
#5098 = DIRECTION('',(-1.,0.,0.));
#5099 = ORIENTED_EDGE('',*,*,#5044,.F.);
#5100 = ORIENTED_EDGE('',*,*,#5101,.F.);
#5101 = EDGE_CURVE('',#5085,#5045,#5102,.T.);
#5102 = LINE('',#5103,#5104);
#5103 = CARTESIAN_POINT('',(1.016,1.27,0.));
#5104 = VECTOR('',#5105,1.);
#5105 = DIRECTION('',(-1.,0.,0.));
#5106 = PLANE('',#5107);
#5107 = AXIS2_PLACEMENT_3D('',#5108,#5109,#5110);
#5108 = CARTESIAN_POINT('',(1.016,1.27,0.));
#5109 = DIRECTION('',(0.,-1.,0.));
#5110 = DIRECTION('',(-1.,0.,0.));
#5111 = ADVANCED_FACE('',(#5112),#5137,.F.);
#5112 = FACE_BOUND('',#5113,.F.);
#5113 = EDGE_LOOP('',(#5114,#5115,#5123,#5131));
#5114 = ORIENTED_EDGE('',*,*,#5062,.T.);
#5115 = ORIENTED_EDGE('',*,*,#5116,.T.);
#5116 = EDGE_CURVE('',#5055,#5117,#5119,.T.);
#5117 = VERTEX_POINT('',#5118);
#5118 = CARTESIAN_POINT('',(-1.27,-1.016,2.54));
#5119 = LINE('',#5120,#5121);
#5120 = CARTESIAN_POINT('',(-1.27,1.016,2.54));
#5121 = VECTOR('',#5122,1.);
#5122 = DIRECTION('',(0.,-1.,0.));
#5123 = ORIENTED_EDGE('',*,*,#5124,.F.);
#5124 = EDGE_CURVE('',#5125,#5117,#5127,.T.);
#5125 = VERTEX_POINT('',#5126);
#5126 = CARTESIAN_POINT('',(-1.27,-1.016,0.));
#5127 = LINE('',#5128,#5129);
#5128 = CARTESIAN_POINT('',(-1.27,-1.016,0.));
#5129 = VECTOR('',#5130,1.);
#5130 = DIRECTION('',(0.,0.,1.));
#5131 = ORIENTED_EDGE('',*,*,#5132,.F.);
#5132 = EDGE_CURVE('',#5063,#5125,#5133,.T.);
#5133 = LINE('',#5134,#5135);
#5134 = CARTESIAN_POINT('',(-1.27,1.016,0.));
#5135 = VECTOR('',#5136,1.);
#5136 = DIRECTION('',(0.,-1.,0.));
#5137 = PLANE('',#5138);
#5138 = AXIS2_PLACEMENT_3D('',#5139,#5140,#5141);
#5139 = CARTESIAN_POINT('',(-1.27,1.016,0.));
#5140 = DIRECTION('',(1.,0.,0.));
#5141 = DIRECTION('',(0.,-1.,0.));
#5142 = ADVANCED_FACE('',(#5143,#5234,#5268),#5302,.F.);
#5143 = FACE_BOUND('',#5144,.F.);
#5144 = EDGE_LOOP('',(#5145,#5146,#5147,#5155,#5163,#5171,#5179,#5187,
    #5195,#5203,#5211,#5219,#5227,#5233));
#5145 = ORIENTED_EDGE('',*,*,#5070,.T.);
#5146 = ORIENTED_EDGE('',*,*,#5132,.T.);
#5147 = ORIENTED_EDGE('',*,*,#5148,.T.);
#5148 = EDGE_CURVE('',#5125,#5149,#5151,.T.);
#5149 = VERTEX_POINT('',#5150);
#5150 = CARTESIAN_POINT('',(-1.016,-1.27,0.));
#5151 = LINE('',#5152,#5153);
#5152 = CARTESIAN_POINT('',(-1.27,-1.016,0.));
#5153 = VECTOR('',#5154,1.);
#5154 = DIRECTION('',(0.707106781187,-0.707106781187,0.));
#5155 = ORIENTED_EDGE('',*,*,#5156,.T.);
#5156 = EDGE_CURVE('',#5149,#5157,#5159,.T.);
#5157 = VERTEX_POINT('',#5158);
#5158 = CARTESIAN_POINT('',(-1.27,-1.524,0.));
#5159 = LINE('',#5160,#5161);
#5160 = CARTESIAN_POINT('',(-1.016,-1.27,0.));
#5161 = VECTOR('',#5162,1.);
#5162 = DIRECTION('',(-0.707106781187,-0.707106781187,0.));
#5163 = ORIENTED_EDGE('',*,*,#5164,.T.);
#5164 = EDGE_CURVE('',#5157,#5165,#5167,.T.);
#5165 = VERTEX_POINT('',#5166);
#5166 = CARTESIAN_POINT('',(-1.27,-3.556,0.));
#5167 = LINE('',#5168,#5169);
#5168 = CARTESIAN_POINT('',(-1.27,-1.524,0.));
#5169 = VECTOR('',#5170,1.);
#5170 = DIRECTION('',(0.,-1.,0.));
#5171 = ORIENTED_EDGE('',*,*,#5172,.T.);
#5172 = EDGE_CURVE('',#5165,#5173,#5175,.T.);
#5173 = VERTEX_POINT('',#5174);
#5174 = CARTESIAN_POINT('',(-1.016,-3.81,0.));
#5175 = LINE('',#5176,#5177);
#5176 = CARTESIAN_POINT('',(-1.27,-3.556,0.));
#5177 = VECTOR('',#5178,1.);
#5178 = DIRECTION('',(0.707106781187,-0.707106781187,0.));
#5179 = ORIENTED_EDGE('',*,*,#5180,.T.);
#5180 = EDGE_CURVE('',#5173,#5181,#5183,.T.);
#5181 = VERTEX_POINT('',#5182);
#5182 = CARTESIAN_POINT('',(1.016,-3.81,0.));
#5183 = LINE('',#5184,#5185);
#5184 = CARTESIAN_POINT('',(-1.016,-3.81,0.));
#5185 = VECTOR('',#5186,1.);
#5186 = DIRECTION('',(1.,0.,0.));
#5187 = ORIENTED_EDGE('',*,*,#5188,.T.);
#5188 = EDGE_CURVE('',#5181,#5189,#5191,.T.);
#5189 = VERTEX_POINT('',#5190);
#5190 = CARTESIAN_POINT('',(1.27,-3.556,0.));
#5191 = LINE('',#5192,#5193);
#5192 = CARTESIAN_POINT('',(1.016,-3.81,0.));
#5193 = VECTOR('',#5194,1.);
#5194 = DIRECTION('',(0.707106781187,0.707106781187,0.));
#5195 = ORIENTED_EDGE('',*,*,#5196,.T.);
#5196 = EDGE_CURVE('',#5189,#5197,#5199,.T.);
#5197 = VERTEX_POINT('',#5198);
#5198 = CARTESIAN_POINT('',(1.27,-1.524,0.));
#5199 = LINE('',#5200,#5201);
#5200 = CARTESIAN_POINT('',(1.27,-3.556,0.));
#5201 = VECTOR('',#5202,1.);
#5202 = DIRECTION('',(0.,1.,0.));
#5203 = ORIENTED_EDGE('',*,*,#5204,.T.);
#5204 = EDGE_CURVE('',#5197,#5205,#5207,.T.);
#5205 = VERTEX_POINT('',#5206);
#5206 = CARTESIAN_POINT('',(1.016,-1.27,0.));
#5207 = LINE('',#5208,#5209);
#5208 = CARTESIAN_POINT('',(1.27,-1.524,0.));
#5209 = VECTOR('',#5210,1.);
#5210 = DIRECTION('',(-0.707106781187,0.707106781187,0.));
#5211 = ORIENTED_EDGE('',*,*,#5212,.T.);
#5212 = EDGE_CURVE('',#5205,#5213,#5215,.T.);
#5213 = VERTEX_POINT('',#5214);
#5214 = CARTESIAN_POINT('',(1.27,-1.016,0.));
#5215 = LINE('',#5216,#5217);
#5216 = CARTESIAN_POINT('',(1.016,-1.27,0.));
#5217 = VECTOR('',#5218,1.);
#5218 = DIRECTION('',(0.707106781187,0.707106781187,0.));
#5219 = ORIENTED_EDGE('',*,*,#5220,.T.);
#5220 = EDGE_CURVE('',#5213,#5221,#5223,.T.);
#5221 = VERTEX_POINT('',#5222);
#5222 = CARTESIAN_POINT('',(1.27,1.016,0.));
#5223 = LINE('',#5224,#5225);
#5224 = CARTESIAN_POINT('',(1.27,-1.016,0.));
#5225 = VECTOR('',#5226,1.);
#5226 = DIRECTION('',(0.,1.,0.));
#5227 = ORIENTED_EDGE('',*,*,#5228,.T.);
#5228 = EDGE_CURVE('',#5221,#5085,#5229,.T.);
#5229 = LINE('',#5230,#5231);
#5230 = CARTESIAN_POINT('',(1.27,1.016,0.));
#5231 = VECTOR('',#5232,1.);
#5232 = DIRECTION('',(-0.707106781187,0.707106781187,0.));
#5233 = ORIENTED_EDGE('',*,*,#5101,.T.);
#5234 = FACE_BOUND('',#5235,.F.);
#5235 = EDGE_LOOP('',(#5236,#5246,#5254,#5262));
#5236 = ORIENTED_EDGE('',*,*,#5237,.T.);
#5237 = EDGE_CURVE('',#5238,#5240,#5242,.T.);
#5238 = VERTEX_POINT('',#5239);
#5239 = CARTESIAN_POINT('',(0.32,-0.32,0.));
#5240 = VERTEX_POINT('',#5241);
#5241 = CARTESIAN_POINT('',(-0.32,-0.32,0.));
#5242 = LINE('',#5243,#5244);
#5243 = CARTESIAN_POINT('',(-0.16,-0.32,0.));
#5244 = VECTOR('',#5245,1.);
#5245 = DIRECTION('',(-1.,0.,0.));
#5246 = ORIENTED_EDGE('',*,*,#5247,.T.);
#5247 = EDGE_CURVE('',#5240,#5248,#5250,.T.);
#5248 = VERTEX_POINT('',#5249);
#5249 = CARTESIAN_POINT('',(-0.32,0.32,0.));
#5250 = LINE('',#5251,#5252);
#5251 = CARTESIAN_POINT('',(-0.32,-0.795,0.));
#5252 = VECTOR('',#5253,1.);
#5253 = DIRECTION('',(0.,1.,0.));
#5254 = ORIENTED_EDGE('',*,*,#5255,.F.);
#5255 = EDGE_CURVE('',#5256,#5248,#5258,.T.);
#5256 = VERTEX_POINT('',#5257);
#5257 = CARTESIAN_POINT('',(0.32,0.32,0.));
#5258 = LINE('',#5259,#5260);
#5259 = CARTESIAN_POINT('',(-0.16,0.32,0.));
#5260 = VECTOR('',#5261,1.);
#5261 = DIRECTION('',(-1.,0.,0.));
#5262 = ORIENTED_EDGE('',*,*,#5263,.F.);
#5263 = EDGE_CURVE('',#5238,#5256,#5264,.T.);
#5264 = LINE('',#5265,#5266);
#5265 = CARTESIAN_POINT('',(0.32,-0.795,0.));
#5266 = VECTOR('',#5267,1.);
#5267 = DIRECTION('',(0.,1.,0.));
#5268 = FACE_BOUND('',#5269,.F.);
#5269 = EDGE_LOOP('',(#5270,#5280,#5288,#5296));
#5270 = ORIENTED_EDGE('',*,*,#5271,.T.);
#5271 = EDGE_CURVE('',#5272,#5274,#5276,.T.);
#5272 = VERTEX_POINT('',#5273);
#5273 = CARTESIAN_POINT('',(0.32,-2.86,0.));
#5274 = VERTEX_POINT('',#5275);
#5275 = CARTESIAN_POINT('',(-0.32,-2.86,0.));
#5276 = LINE('',#5277,#5278);
#5277 = CARTESIAN_POINT('',(-0.16,-2.86,0.));
#5278 = VECTOR('',#5279,1.);
#5279 = DIRECTION('',(-1.,0.,0.));
#5280 = ORIENTED_EDGE('',*,*,#5281,.T.);
#5281 = EDGE_CURVE('',#5274,#5282,#5284,.T.);
#5282 = VERTEX_POINT('',#5283);
#5283 = CARTESIAN_POINT('',(-0.32,-2.22,0.));
#5284 = LINE('',#5285,#5286);
#5285 = CARTESIAN_POINT('',(-0.32,-2.065,0.));
#5286 = VECTOR('',#5287,1.);
#5287 = DIRECTION('',(0.,1.,0.));
#5288 = ORIENTED_EDGE('',*,*,#5289,.F.);
#5289 = EDGE_CURVE('',#5290,#5282,#5292,.T.);
#5290 = VERTEX_POINT('',#5291);
#5291 = CARTESIAN_POINT('',(0.32,-2.22,0.));
#5292 = LINE('',#5293,#5294);
#5293 = CARTESIAN_POINT('',(-0.16,-2.22,0.));
#5294 = VECTOR('',#5295,1.);
#5295 = DIRECTION('',(-1.,0.,0.));
#5296 = ORIENTED_EDGE('',*,*,#5297,.F.);
#5297 = EDGE_CURVE('',#5272,#5290,#5298,.T.);
#5298 = LINE('',#5299,#5300);
#5299 = CARTESIAN_POINT('',(0.32,-2.065,0.));
#5300 = VECTOR('',#5301,1.);
#5301 = DIRECTION('',(0.,1.,0.));
#5302 = PLANE('',#5303);
#5303 = AXIS2_PLACEMENT_3D('',#5304,#5305,#5306);
#5304 = CARTESIAN_POINT('',(1.473843703412E-17,-1.27,0.));
#5305 = DIRECTION('',(0.,0.,1.));
#5306 = DIRECTION('',(1.,0.,-0.));
#5307 = ADVANCED_FACE('',(#5308,#5399,#5433),#5467,.T.);
#5308 = FACE_BOUND('',#5309,.T.);
#5309 = EDGE_LOOP('',(#5310,#5311,#5312,#5320,#5328,#5336,#5344,#5352,
    #5360,#5368,#5376,#5384,#5392,#5398));
#5310 = ORIENTED_EDGE('',*,*,#5054,.T.);
#5311 = ORIENTED_EDGE('',*,*,#5116,.T.);
#5312 = ORIENTED_EDGE('',*,*,#5313,.T.);
#5313 = EDGE_CURVE('',#5117,#5314,#5316,.T.);
#5314 = VERTEX_POINT('',#5315);
#5315 = CARTESIAN_POINT('',(-1.016,-1.27,2.54));
#5316 = LINE('',#5317,#5318);
#5317 = CARTESIAN_POINT('',(-1.27,-1.016,2.54));
#5318 = VECTOR('',#5319,1.);
#5319 = DIRECTION('',(0.707106781187,-0.707106781187,0.));
#5320 = ORIENTED_EDGE('',*,*,#5321,.T.);
#5321 = EDGE_CURVE('',#5314,#5322,#5324,.T.);
#5322 = VERTEX_POINT('',#5323);
#5323 = CARTESIAN_POINT('',(-1.27,-1.524,2.54));
#5324 = LINE('',#5325,#5326);
#5325 = CARTESIAN_POINT('',(-1.016,-1.27,2.54));
#5326 = VECTOR('',#5327,1.);
#5327 = DIRECTION('',(-0.707106781187,-0.707106781187,0.));
#5328 = ORIENTED_EDGE('',*,*,#5329,.T.);
#5329 = EDGE_CURVE('',#5322,#5330,#5332,.T.);
#5330 = VERTEX_POINT('',#5331);
#5331 = CARTESIAN_POINT('',(-1.27,-3.556,2.54));
#5332 = LINE('',#5333,#5334);
#5333 = CARTESIAN_POINT('',(-1.27,-1.524,2.54));
#5334 = VECTOR('',#5335,1.);
#5335 = DIRECTION('',(0.,-1.,0.));
#5336 = ORIENTED_EDGE('',*,*,#5337,.T.);
#5337 = EDGE_CURVE('',#5330,#5338,#5340,.T.);
#5338 = VERTEX_POINT('',#5339);
#5339 = CARTESIAN_POINT('',(-1.016,-3.81,2.54));
#5340 = LINE('',#5341,#5342);
#5341 = CARTESIAN_POINT('',(-1.27,-3.556,2.54));
#5342 = VECTOR('',#5343,1.);
#5343 = DIRECTION('',(0.707106781187,-0.707106781187,0.));
#5344 = ORIENTED_EDGE('',*,*,#5345,.T.);
#5345 = EDGE_CURVE('',#5338,#5346,#5348,.T.);
#5346 = VERTEX_POINT('',#5347);
#5347 = CARTESIAN_POINT('',(1.016,-3.81,2.54));
#5348 = LINE('',#5349,#5350);
#5349 = CARTESIAN_POINT('',(-1.016,-3.81,2.54));
#5350 = VECTOR('',#5351,1.);
#5351 = DIRECTION('',(1.,0.,0.));
#5352 = ORIENTED_EDGE('',*,*,#5353,.T.);
#5353 = EDGE_CURVE('',#5346,#5354,#5356,.T.);
#5354 = VERTEX_POINT('',#5355);
#5355 = CARTESIAN_POINT('',(1.27,-3.556,2.54));
#5356 = LINE('',#5357,#5358);
#5357 = CARTESIAN_POINT('',(1.016,-3.81,2.54));
#5358 = VECTOR('',#5359,1.);
#5359 = DIRECTION('',(0.707106781187,0.707106781187,0.));
#5360 = ORIENTED_EDGE('',*,*,#5361,.T.);
#5361 = EDGE_CURVE('',#5354,#5362,#5364,.T.);
#5362 = VERTEX_POINT('',#5363);
#5363 = CARTESIAN_POINT('',(1.27,-1.524,2.54));
#5364 = LINE('',#5365,#5366);
#5365 = CARTESIAN_POINT('',(1.27,-3.556,2.54));
#5366 = VECTOR('',#5367,1.);
#5367 = DIRECTION('',(0.,1.,0.));
#5368 = ORIENTED_EDGE('',*,*,#5369,.T.);
#5369 = EDGE_CURVE('',#5362,#5370,#5372,.T.);
#5370 = VERTEX_POINT('',#5371);
#5371 = CARTESIAN_POINT('',(1.016,-1.27,2.54));
#5372 = LINE('',#5373,#5374);
#5373 = CARTESIAN_POINT('',(1.27,-1.524,2.54));
#5374 = VECTOR('',#5375,1.);
#5375 = DIRECTION('',(-0.707106781187,0.707106781187,0.));
#5376 = ORIENTED_EDGE('',*,*,#5377,.T.);
#5377 = EDGE_CURVE('',#5370,#5378,#5380,.T.);
#5378 = VERTEX_POINT('',#5379);
#5379 = CARTESIAN_POINT('',(1.27,-1.016,2.54));
#5380 = LINE('',#5381,#5382);
#5381 = CARTESIAN_POINT('',(1.016,-1.27,2.54));
#5382 = VECTOR('',#5383,1.);
#5383 = DIRECTION('',(0.707106781187,0.707106781187,0.));
#5384 = ORIENTED_EDGE('',*,*,#5385,.T.);
#5385 = EDGE_CURVE('',#5378,#5386,#5388,.T.);
#5386 = VERTEX_POINT('',#5387);
#5387 = CARTESIAN_POINT('',(1.27,1.016,2.54));
#5388 = LINE('',#5389,#5390);
#5389 = CARTESIAN_POINT('',(1.27,-1.016,2.54));
#5390 = VECTOR('',#5391,1.);
#5391 = DIRECTION('',(0.,1.,0.));
#5392 = ORIENTED_EDGE('',*,*,#5393,.T.);
#5393 = EDGE_CURVE('',#5386,#5087,#5394,.T.);
#5394 = LINE('',#5395,#5396);
#5395 = CARTESIAN_POINT('',(1.27,1.016,2.54));
#5396 = VECTOR('',#5397,1.);
#5397 = DIRECTION('',(-0.707106781187,0.707106781187,0.));
#5398 = ORIENTED_EDGE('',*,*,#5094,.T.);
#5399 = FACE_BOUND('',#5400,.T.);
#5400 = EDGE_LOOP('',(#5401,#5411,#5419,#5427));
#5401 = ORIENTED_EDGE('',*,*,#5402,.T.);
#5402 = EDGE_CURVE('',#5403,#5405,#5407,.T.);
#5403 = VERTEX_POINT('',#5404);
#5404 = CARTESIAN_POINT('',(0.32,-0.32,2.54));
#5405 = VERTEX_POINT('',#5406);
#5406 = CARTESIAN_POINT('',(-0.32,-0.32,2.54));
#5407 = LINE('',#5408,#5409);
#5408 = CARTESIAN_POINT('',(-0.16,-0.32,2.54));
#5409 = VECTOR('',#5410,1.);
#5410 = DIRECTION('',(-1.,0.,0.));
#5411 = ORIENTED_EDGE('',*,*,#5412,.T.);
#5412 = EDGE_CURVE('',#5405,#5413,#5415,.T.);
#5413 = VERTEX_POINT('',#5414);
#5414 = CARTESIAN_POINT('',(-0.32,0.32,2.54));
#5415 = LINE('',#5416,#5417);
#5416 = CARTESIAN_POINT('',(-0.32,-0.795,2.54));
#5417 = VECTOR('',#5418,1.);
#5418 = DIRECTION('',(0.,1.,0.));
#5419 = ORIENTED_EDGE('',*,*,#5420,.F.);
#5420 = EDGE_CURVE('',#5421,#5413,#5423,.T.);
#5421 = VERTEX_POINT('',#5422);
#5422 = CARTESIAN_POINT('',(0.32,0.32,2.54));
#5423 = LINE('',#5424,#5425);
#5424 = CARTESIAN_POINT('',(-0.16,0.32,2.54));
#5425 = VECTOR('',#5426,1.);
#5426 = DIRECTION('',(-1.,0.,0.));
#5427 = ORIENTED_EDGE('',*,*,#5428,.F.);
#5428 = EDGE_CURVE('',#5403,#5421,#5429,.T.);
#5429 = LINE('',#5430,#5431);
#5430 = CARTESIAN_POINT('',(0.32,-0.795,2.54));
#5431 = VECTOR('',#5432,1.);
#5432 = DIRECTION('',(0.,1.,0.));
#5433 = FACE_BOUND('',#5434,.T.);
#5434 = EDGE_LOOP('',(#5435,#5445,#5453,#5461));
#5435 = ORIENTED_EDGE('',*,*,#5436,.T.);
#5436 = EDGE_CURVE('',#5437,#5439,#5441,.T.);
#5437 = VERTEX_POINT('',#5438);
#5438 = CARTESIAN_POINT('',(0.32,-2.86,2.54));
#5439 = VERTEX_POINT('',#5440);
#5440 = CARTESIAN_POINT('',(-0.32,-2.86,2.54));
#5441 = LINE('',#5442,#5443);
#5442 = CARTESIAN_POINT('',(-0.16,-2.86,2.54));
#5443 = VECTOR('',#5444,1.);
#5444 = DIRECTION('',(-1.,0.,0.));
#5445 = ORIENTED_EDGE('',*,*,#5446,.T.);
#5446 = EDGE_CURVE('',#5439,#5447,#5449,.T.);
#5447 = VERTEX_POINT('',#5448);
#5448 = CARTESIAN_POINT('',(-0.32,-2.22,2.54));
#5449 = LINE('',#5450,#5451);
#5450 = CARTESIAN_POINT('',(-0.32,-2.065,2.54));
#5451 = VECTOR('',#5452,1.);
#5452 = DIRECTION('',(0.,1.,0.));
#5453 = ORIENTED_EDGE('',*,*,#5454,.F.);
#5454 = EDGE_CURVE('',#5455,#5447,#5457,.T.);
#5455 = VERTEX_POINT('',#5456);
#5456 = CARTESIAN_POINT('',(0.32,-2.22,2.54));
#5457 = LINE('',#5458,#5459);
#5458 = CARTESIAN_POINT('',(-0.16,-2.22,2.54));
#5459 = VECTOR('',#5460,1.);
#5460 = DIRECTION('',(-1.,0.,0.));
#5461 = ORIENTED_EDGE('',*,*,#5462,.F.);
#5462 = EDGE_CURVE('',#5437,#5455,#5463,.T.);
#5463 = LINE('',#5464,#5465);
#5464 = CARTESIAN_POINT('',(0.32,-2.065,2.54));
#5465 = VECTOR('',#5466,1.);
#5466 = DIRECTION('',(0.,1.,0.));
#5467 = PLANE('',#5468);
#5468 = AXIS2_PLACEMENT_3D('',#5469,#5470,#5471);
#5469 = CARTESIAN_POINT('',(1.473843703412E-17,-1.27,2.54));
#5470 = DIRECTION('',(0.,0.,1.));
#5471 = DIRECTION('',(1.,0.,-0.));
#5472 = ADVANCED_FACE('',(#5473),#5484,.F.);
#5473 = FACE_BOUND('',#5474,.F.);
#5474 = EDGE_LOOP('',(#5475,#5481,#5482,#5483));
#5475 = ORIENTED_EDGE('',*,*,#5476,.T.);
#5476 = EDGE_CURVE('',#5221,#5386,#5477,.T.);
#5477 = LINE('',#5478,#5479);
#5478 = CARTESIAN_POINT('',(1.27,1.016,0.));
#5479 = VECTOR('',#5480,1.);
#5480 = DIRECTION('',(0.,0.,1.));
#5481 = ORIENTED_EDGE('',*,*,#5393,.T.);
#5482 = ORIENTED_EDGE('',*,*,#5084,.F.);
#5483 = ORIENTED_EDGE('',*,*,#5228,.F.);
#5484 = PLANE('',#5485);
#5485 = AXIS2_PLACEMENT_3D('',#5486,#5487,#5488);
#5486 = CARTESIAN_POINT('',(1.27,1.016,0.));
#5487 = DIRECTION('',(-0.707106781187,-0.707106781187,0.));
#5488 = DIRECTION('',(-0.707106781187,0.707106781187,0.));
#5489 = ADVANCED_FACE('',(#5490),#5501,.F.);
#5490 = FACE_BOUND('',#5491,.F.);
#5491 = EDGE_LOOP('',(#5492,#5493,#5494,#5500));
#5492 = ORIENTED_EDGE('',*,*,#5124,.T.);
#5493 = ORIENTED_EDGE('',*,*,#5313,.T.);
#5494 = ORIENTED_EDGE('',*,*,#5495,.F.);
#5495 = EDGE_CURVE('',#5149,#5314,#5496,.T.);
#5496 = LINE('',#5497,#5498);
#5497 = CARTESIAN_POINT('',(-1.016,-1.27,0.));
#5498 = VECTOR('',#5499,1.);
#5499 = DIRECTION('',(0.,0.,1.));
#5500 = ORIENTED_EDGE('',*,*,#5148,.F.);
#5501 = PLANE('',#5502);
#5502 = AXIS2_PLACEMENT_3D('',#5503,#5504,#5505);
#5503 = CARTESIAN_POINT('',(-1.27,-1.016,0.));
#5504 = DIRECTION('',(0.707106781187,0.707106781187,0.));
#5505 = DIRECTION('',(0.707106781187,-0.707106781187,0.));
#5506 = ADVANCED_FACE('',(#5507),#5518,.F.);
#5507 = FACE_BOUND('',#5508,.F.);
#5508 = EDGE_LOOP('',(#5509,#5515,#5516,#5517));
#5509 = ORIENTED_EDGE('',*,*,#5510,.T.);
#5510 = EDGE_CURVE('',#5213,#5378,#5511,.T.);
#5511 = LINE('',#5512,#5513);
#5512 = CARTESIAN_POINT('',(1.27,-1.016,0.));
#5513 = VECTOR('',#5514,1.);
#5514 = DIRECTION('',(0.,0.,1.));
#5515 = ORIENTED_EDGE('',*,*,#5385,.T.);
#5516 = ORIENTED_EDGE('',*,*,#5476,.F.);
#5517 = ORIENTED_EDGE('',*,*,#5220,.F.);
#5518 = PLANE('',#5519);
#5519 = AXIS2_PLACEMENT_3D('',#5520,#5521,#5522);
#5520 = CARTESIAN_POINT('',(1.27,-1.016,0.));
#5521 = DIRECTION('',(-1.,0.,0.));
#5522 = DIRECTION('',(0.,1.,0.));
#5523 = ADVANCED_FACE('',(#5524),#5535,.F.);
#5524 = FACE_BOUND('',#5525,.F.);
#5525 = EDGE_LOOP('',(#5526,#5527,#5528,#5534));
#5526 = ORIENTED_EDGE('',*,*,#5495,.T.);
#5527 = ORIENTED_EDGE('',*,*,#5321,.T.);
#5528 = ORIENTED_EDGE('',*,*,#5529,.F.);
#5529 = EDGE_CURVE('',#5157,#5322,#5530,.T.);
#5530 = LINE('',#5531,#5532);
#5531 = CARTESIAN_POINT('',(-1.27,-1.524,0.));
#5532 = VECTOR('',#5533,1.);
#5533 = DIRECTION('',(0.,0.,1.));
#5534 = ORIENTED_EDGE('',*,*,#5156,.F.);
#5535 = PLANE('',#5536);
#5536 = AXIS2_PLACEMENT_3D('',#5537,#5538,#5539);
#5537 = CARTESIAN_POINT('',(-1.016,-1.27,0.));
#5538 = DIRECTION('',(0.707106781187,-0.707106781187,0.));
#5539 = DIRECTION('',(-0.707106781187,-0.707106781187,0.));
#5540 = ADVANCED_FACE('',(#5541),#5552,.F.);
#5541 = FACE_BOUND('',#5542,.F.);
#5542 = EDGE_LOOP('',(#5543,#5549,#5550,#5551));
#5543 = ORIENTED_EDGE('',*,*,#5544,.T.);
#5544 = EDGE_CURVE('',#5205,#5370,#5545,.T.);
#5545 = LINE('',#5546,#5547);
#5546 = CARTESIAN_POINT('',(1.016,-1.27,0.));
#5547 = VECTOR('',#5548,1.);
#5548 = DIRECTION('',(0.,0.,1.));
#5549 = ORIENTED_EDGE('',*,*,#5377,.T.);
#5550 = ORIENTED_EDGE('',*,*,#5510,.F.);
#5551 = ORIENTED_EDGE('',*,*,#5212,.F.);
#5552 = PLANE('',#5553);
#5553 = AXIS2_PLACEMENT_3D('',#5554,#5555,#5556);
#5554 = CARTESIAN_POINT('',(1.016,-1.27,0.));
#5555 = DIRECTION('',(-0.707106781187,0.707106781187,0.));
#5556 = DIRECTION('',(0.707106781187,0.707106781187,0.));
#5557 = ADVANCED_FACE('',(#5558),#5569,.F.);
#5558 = FACE_BOUND('',#5559,.F.);
#5559 = EDGE_LOOP('',(#5560,#5561,#5562,#5568));
#5560 = ORIENTED_EDGE('',*,*,#5529,.T.);
#5561 = ORIENTED_EDGE('',*,*,#5329,.T.);
#5562 = ORIENTED_EDGE('',*,*,#5563,.F.);
#5563 = EDGE_CURVE('',#5165,#5330,#5564,.T.);
#5564 = LINE('',#5565,#5566);
#5565 = CARTESIAN_POINT('',(-1.27,-3.556,0.));
#5566 = VECTOR('',#5567,1.);
#5567 = DIRECTION('',(0.,0.,1.));
#5568 = ORIENTED_EDGE('',*,*,#5164,.F.);
#5569 = PLANE('',#5570);
#5570 = AXIS2_PLACEMENT_3D('',#5571,#5572,#5573);
#5571 = CARTESIAN_POINT('',(-1.27,-1.524,0.));
#5572 = DIRECTION('',(1.,0.,0.));
#5573 = DIRECTION('',(0.,-1.,0.));
#5574 = ADVANCED_FACE('',(#5575),#5586,.F.);
#5575 = FACE_BOUND('',#5576,.F.);
#5576 = EDGE_LOOP('',(#5577,#5583,#5584,#5585));
#5577 = ORIENTED_EDGE('',*,*,#5578,.T.);
#5578 = EDGE_CURVE('',#5197,#5362,#5579,.T.);
#5579 = LINE('',#5580,#5581);
#5580 = CARTESIAN_POINT('',(1.27,-1.524,0.));
#5581 = VECTOR('',#5582,1.);
#5582 = DIRECTION('',(0.,0.,1.));
#5583 = ORIENTED_EDGE('',*,*,#5369,.T.);
#5584 = ORIENTED_EDGE('',*,*,#5544,.F.);
#5585 = ORIENTED_EDGE('',*,*,#5204,.F.);
#5586 = PLANE('',#5587);
#5587 = AXIS2_PLACEMENT_3D('',#5588,#5589,#5590);
#5588 = CARTESIAN_POINT('',(1.27,-1.524,0.));
#5589 = DIRECTION('',(-0.707106781187,-0.707106781187,0.));
#5590 = DIRECTION('',(-0.707106781187,0.707106781187,0.));
#5591 = ADVANCED_FACE('',(#5592),#5603,.F.);
#5592 = FACE_BOUND('',#5593,.F.);
#5593 = EDGE_LOOP('',(#5594,#5595,#5596,#5602));
#5594 = ORIENTED_EDGE('',*,*,#5563,.T.);
#5595 = ORIENTED_EDGE('',*,*,#5337,.T.);
#5596 = ORIENTED_EDGE('',*,*,#5597,.F.);
#5597 = EDGE_CURVE('',#5173,#5338,#5598,.T.);
#5598 = LINE('',#5599,#5600);
#5599 = CARTESIAN_POINT('',(-1.016,-3.81,0.));
#5600 = VECTOR('',#5601,1.);
#5601 = DIRECTION('',(0.,0.,1.));
#5602 = ORIENTED_EDGE('',*,*,#5172,.F.);
#5603 = PLANE('',#5604);
#5604 = AXIS2_PLACEMENT_3D('',#5605,#5606,#5607);
#5605 = CARTESIAN_POINT('',(-1.27,-3.556,0.));
#5606 = DIRECTION('',(0.707106781187,0.707106781187,0.));
#5607 = DIRECTION('',(0.707106781187,-0.707106781187,0.));
#5608 = ADVANCED_FACE('',(#5609),#5620,.F.);
#5609 = FACE_BOUND('',#5610,.F.);
#5610 = EDGE_LOOP('',(#5611,#5617,#5618,#5619));
#5611 = ORIENTED_EDGE('',*,*,#5612,.T.);
#5612 = EDGE_CURVE('',#5189,#5354,#5613,.T.);
#5613 = LINE('',#5614,#5615);
#5614 = CARTESIAN_POINT('',(1.27,-3.556,0.));
#5615 = VECTOR('',#5616,1.);
#5616 = DIRECTION('',(0.,0.,1.));
#5617 = ORIENTED_EDGE('',*,*,#5361,.T.);
#5618 = ORIENTED_EDGE('',*,*,#5578,.F.);
#5619 = ORIENTED_EDGE('',*,*,#5196,.F.);
#5620 = PLANE('',#5621);
#5621 = AXIS2_PLACEMENT_3D('',#5622,#5623,#5624);
#5622 = CARTESIAN_POINT('',(1.27,-3.556,0.));
#5623 = DIRECTION('',(-1.,0.,0.));
#5624 = DIRECTION('',(0.,1.,0.));
#5625 = ADVANCED_FACE('',(#5626),#5637,.F.);
#5626 = FACE_BOUND('',#5627,.F.);
#5627 = EDGE_LOOP('',(#5628,#5629,#5630,#5636));
#5628 = ORIENTED_EDGE('',*,*,#5597,.T.);
#5629 = ORIENTED_EDGE('',*,*,#5345,.T.);
#5630 = ORIENTED_EDGE('',*,*,#5631,.F.);
#5631 = EDGE_CURVE('',#5181,#5346,#5632,.T.);
#5632 = LINE('',#5633,#5634);
#5633 = CARTESIAN_POINT('',(1.016,-3.81,0.));
#5634 = VECTOR('',#5635,1.);
#5635 = DIRECTION('',(0.,0.,1.));
#5636 = ORIENTED_EDGE('',*,*,#5180,.F.);
#5637 = PLANE('',#5638);
#5638 = AXIS2_PLACEMENT_3D('',#5639,#5640,#5641);
#5639 = CARTESIAN_POINT('',(-1.016,-3.81,0.));
#5640 = DIRECTION('',(0.,1.,0.));
#5641 = DIRECTION('',(1.,0.,0.));
#5642 = ADVANCED_FACE('',(#5643),#5649,.F.);
#5643 = FACE_BOUND('',#5644,.F.);
#5644 = EDGE_LOOP('',(#5645,#5646,#5647,#5648));
#5645 = ORIENTED_EDGE('',*,*,#5631,.T.);
#5646 = ORIENTED_EDGE('',*,*,#5353,.T.);
#5647 = ORIENTED_EDGE('',*,*,#5612,.F.);
#5648 = ORIENTED_EDGE('',*,*,#5188,.F.);
#5649 = PLANE('',#5650);
#5650 = AXIS2_PLACEMENT_3D('',#5651,#5652,#5653);
#5651 = CARTESIAN_POINT('',(1.016,-3.81,0.));
#5652 = DIRECTION('',(-0.707106781187,0.707106781187,0.));
#5653 = DIRECTION('',(0.707106781187,0.707106781187,0.));
#5654 = ADVANCED_FACE('',(#5655),#5680,.F.);
#5655 = FACE_BOUND('',#5656,.F.);
#5656 = EDGE_LOOP('',(#5657,#5665,#5673,#5679));
#5657 = ORIENTED_EDGE('',*,*,#5658,.F.);
#5658 = EDGE_CURVE('',#5659,#5238,#5661,.T.);
#5659 = VERTEX_POINT('',#5660);
#5660 = CARTESIAN_POINT('',(0.32,-0.32,-2.84));
#5661 = LINE('',#5662,#5663);
#5662 = CARTESIAN_POINT('',(0.32,-0.32,-3.));
#5663 = VECTOR('',#5664,1.);
#5664 = DIRECTION('',(0.,0.,1.));
#5665 = ORIENTED_EDGE('',*,*,#5666,.F.);
#5666 = EDGE_CURVE('',#5667,#5659,#5669,.T.);
#5667 = VERTEX_POINT('',#5668);
#5668 = CARTESIAN_POINT('',(-0.32,-0.32,-2.84));
#5669 = LINE('',#5670,#5671);
#5670 = CARTESIAN_POINT('',(-0.32,-0.32,-2.84));
#5671 = VECTOR('',#5672,1.);
#5672 = DIRECTION('',(1.,0.,0.));
#5673 = ORIENTED_EDGE('',*,*,#5674,.T.);
#5674 = EDGE_CURVE('',#5667,#5240,#5675,.T.);
#5675 = LINE('',#5676,#5677);
#5676 = CARTESIAN_POINT('',(-0.32,-0.32,-3.));
#5677 = VECTOR('',#5678,1.);
#5678 = DIRECTION('',(0.,0.,1.));
#5679 = ORIENTED_EDGE('',*,*,#5237,.F.);
#5680 = PLANE('',#5681);
#5681 = AXIS2_PLACEMENT_3D('',#5682,#5683,#5684);
#5682 = CARTESIAN_POINT('',(-0.32,-0.32,-3.));
#5683 = DIRECTION('',(0.,1.,0.));
#5684 = DIRECTION('',(0.,-0.,1.));
#5685 = ADVANCED_FACE('',(#5686),#5704,.T.);
#5686 = FACE_BOUND('',#5687,.T.);
#5687 = EDGE_LOOP('',(#5688,#5689,#5697,#5703));
#5688 = ORIENTED_EDGE('',*,*,#5658,.F.);
#5689 = ORIENTED_EDGE('',*,*,#5690,.T.);
#5690 = EDGE_CURVE('',#5659,#5691,#5693,.T.);
#5691 = VERTEX_POINT('',#5692);
#5692 = CARTESIAN_POINT('',(0.32,0.32,-2.84));
#5693 = LINE('',#5694,#5695);
#5694 = CARTESIAN_POINT('',(0.32,-0.32,-2.84));
#5695 = VECTOR('',#5696,1.);
#5696 = DIRECTION('',(0.,1.,0.));
#5697 = ORIENTED_EDGE('',*,*,#5698,.T.);
#5698 = EDGE_CURVE('',#5691,#5256,#5699,.T.);
#5699 = LINE('',#5700,#5701);
#5700 = CARTESIAN_POINT('',(0.32,0.32,-3.));
#5701 = VECTOR('',#5702,1.);
#5702 = DIRECTION('',(0.,0.,1.));
#5703 = ORIENTED_EDGE('',*,*,#5263,.F.);
#5704 = PLANE('',#5705);
#5705 = AXIS2_PLACEMENT_3D('',#5706,#5707,#5708);
#5706 = CARTESIAN_POINT('',(0.32,-0.32,-3.));
#5707 = DIRECTION('',(1.,0.,0.));
#5708 = DIRECTION('',(0.,0.,1.));
#5709 = ADVANCED_FACE('',(#5710),#5728,.T.);
#5710 = FACE_BOUND('',#5711,.T.);
#5711 = EDGE_LOOP('',(#5712,#5713,#5721,#5727));
#5712 = ORIENTED_EDGE('',*,*,#5698,.F.);
#5713 = ORIENTED_EDGE('',*,*,#5714,.F.);
#5714 = EDGE_CURVE('',#5715,#5691,#5717,.T.);
#5715 = VERTEX_POINT('',#5716);
#5716 = CARTESIAN_POINT('',(-0.32,0.32,-2.84));
#5717 = LINE('',#5718,#5719);
#5718 = CARTESIAN_POINT('',(-0.32,0.32,-2.84));
#5719 = VECTOR('',#5720,1.);
#5720 = DIRECTION('',(1.,0.,0.));
#5721 = ORIENTED_EDGE('',*,*,#5722,.T.);
#5722 = EDGE_CURVE('',#5715,#5248,#5723,.T.);
#5723 = LINE('',#5724,#5725);
#5724 = CARTESIAN_POINT('',(-0.32,0.32,-3.));
#5725 = VECTOR('',#5726,1.);
#5726 = DIRECTION('',(0.,0.,1.));
#5727 = ORIENTED_EDGE('',*,*,#5255,.F.);
#5728 = PLANE('',#5729);
#5729 = AXIS2_PLACEMENT_3D('',#5730,#5731,#5732);
#5730 = CARTESIAN_POINT('',(-0.32,0.32,-3.));
#5731 = DIRECTION('',(0.,1.,0.));
#5732 = DIRECTION('',(0.,-0.,1.));
#5733 = ADVANCED_FACE('',(#5734),#5745,.F.);
#5734 = FACE_BOUND('',#5735,.F.);
#5735 = EDGE_LOOP('',(#5736,#5737,#5743,#5744));
#5736 = ORIENTED_EDGE('',*,*,#5674,.F.);
#5737 = ORIENTED_EDGE('',*,*,#5738,.T.);
#5738 = EDGE_CURVE('',#5667,#5715,#5739,.T.);
#5739 = LINE('',#5740,#5741);
#5740 = CARTESIAN_POINT('',(-0.32,-0.32,-2.84));
#5741 = VECTOR('',#5742,1.);
#5742 = DIRECTION('',(0.,1.,0.));
#5743 = ORIENTED_EDGE('',*,*,#5722,.T.);
#5744 = ORIENTED_EDGE('',*,*,#5247,.F.);
#5745 = PLANE('',#5746);
#5746 = AXIS2_PLACEMENT_3D('',#5747,#5748,#5749);
#5747 = CARTESIAN_POINT('',(-0.32,-0.32,-3.));
#5748 = DIRECTION('',(1.,0.,0.));
#5749 = DIRECTION('',(0.,0.,1.));
#5750 = ADVANCED_FACE('',(#5751),#5776,.F.);
#5751 = FACE_BOUND('',#5752,.F.);
#5752 = EDGE_LOOP('',(#5753,#5761,#5769,#5775));
#5753 = ORIENTED_EDGE('',*,*,#5754,.F.);
#5754 = EDGE_CURVE('',#5755,#5272,#5757,.T.);
#5755 = VERTEX_POINT('',#5756);
#5756 = CARTESIAN_POINT('',(0.32,-2.86,-2.84));
#5757 = LINE('',#5758,#5759);
#5758 = CARTESIAN_POINT('',(0.32,-2.86,-3.));
#5759 = VECTOR('',#5760,1.);
#5760 = DIRECTION('',(0.,0.,1.));
#5761 = ORIENTED_EDGE('',*,*,#5762,.F.);
#5762 = EDGE_CURVE('',#5763,#5755,#5765,.T.);
#5763 = VERTEX_POINT('',#5764);
#5764 = CARTESIAN_POINT('',(-0.32,-2.86,-2.84));
#5765 = LINE('',#5766,#5767);
#5766 = CARTESIAN_POINT('',(-0.32,-2.86,-2.84));
#5767 = VECTOR('',#5768,1.);
#5768 = DIRECTION('',(1.,0.,0.));
#5769 = ORIENTED_EDGE('',*,*,#5770,.T.);
#5770 = EDGE_CURVE('',#5763,#5274,#5771,.T.);
#5771 = LINE('',#5772,#5773);
#5772 = CARTESIAN_POINT('',(-0.32,-2.86,-3.));
#5773 = VECTOR('',#5774,1.);
#5774 = DIRECTION('',(0.,0.,1.));
#5775 = ORIENTED_EDGE('',*,*,#5271,.F.);
#5776 = PLANE('',#5777);
#5777 = AXIS2_PLACEMENT_3D('',#5778,#5779,#5780);
#5778 = CARTESIAN_POINT('',(-0.32,-2.86,-3.));
#5779 = DIRECTION('',(0.,1.,0.));
#5780 = DIRECTION('',(0.,-0.,1.));
#5781 = ADVANCED_FACE('',(#5782),#5800,.T.);
#5782 = FACE_BOUND('',#5783,.T.);
#5783 = EDGE_LOOP('',(#5784,#5785,#5793,#5799));
#5784 = ORIENTED_EDGE('',*,*,#5754,.F.);
#5785 = ORIENTED_EDGE('',*,*,#5786,.T.);
#5786 = EDGE_CURVE('',#5755,#5787,#5789,.T.);
#5787 = VERTEX_POINT('',#5788);
#5788 = CARTESIAN_POINT('',(0.32,-2.22,-2.84));
#5789 = LINE('',#5790,#5791);
#5790 = CARTESIAN_POINT('',(0.32,-2.86,-2.84));
#5791 = VECTOR('',#5792,1.);
#5792 = DIRECTION('',(0.,1.,0.));
#5793 = ORIENTED_EDGE('',*,*,#5794,.T.);
#5794 = EDGE_CURVE('',#5787,#5290,#5795,.T.);
#5795 = LINE('',#5796,#5797);
#5796 = CARTESIAN_POINT('',(0.32,-2.22,-3.));
#5797 = VECTOR('',#5798,1.);
#5798 = DIRECTION('',(0.,0.,1.));
#5799 = ORIENTED_EDGE('',*,*,#5297,.F.);
#5800 = PLANE('',#5801);
#5801 = AXIS2_PLACEMENT_3D('',#5802,#5803,#5804);
#5802 = CARTESIAN_POINT('',(0.32,-2.86,-3.));
#5803 = DIRECTION('',(1.,0.,0.));
#5804 = DIRECTION('',(0.,0.,1.));
#5805 = ADVANCED_FACE('',(#5806),#5824,.T.);
#5806 = FACE_BOUND('',#5807,.T.);
#5807 = EDGE_LOOP('',(#5808,#5809,#5817,#5823));
#5808 = ORIENTED_EDGE('',*,*,#5794,.F.);
#5809 = ORIENTED_EDGE('',*,*,#5810,.F.);
#5810 = EDGE_CURVE('',#5811,#5787,#5813,.T.);
#5811 = VERTEX_POINT('',#5812);
#5812 = CARTESIAN_POINT('',(-0.32,-2.22,-2.84));
#5813 = LINE('',#5814,#5815);
#5814 = CARTESIAN_POINT('',(-0.32,-2.22,-2.84));
#5815 = VECTOR('',#5816,1.);
#5816 = DIRECTION('',(1.,0.,0.));
#5817 = ORIENTED_EDGE('',*,*,#5818,.T.);
#5818 = EDGE_CURVE('',#5811,#5282,#5819,.T.);
#5819 = LINE('',#5820,#5821);
#5820 = CARTESIAN_POINT('',(-0.32,-2.22,-3.));
#5821 = VECTOR('',#5822,1.);
#5822 = DIRECTION('',(0.,0.,1.));
#5823 = ORIENTED_EDGE('',*,*,#5289,.F.);
#5824 = PLANE('',#5825);
#5825 = AXIS2_PLACEMENT_3D('',#5826,#5827,#5828);
#5826 = CARTESIAN_POINT('',(-0.32,-2.22,-3.));
#5827 = DIRECTION('',(0.,1.,0.));
#5828 = DIRECTION('',(0.,-0.,1.));
#5829 = ADVANCED_FACE('',(#5830),#5841,.F.);
#5830 = FACE_BOUND('',#5831,.F.);
#5831 = EDGE_LOOP('',(#5832,#5833,#5839,#5840));
#5832 = ORIENTED_EDGE('',*,*,#5770,.F.);
#5833 = ORIENTED_EDGE('',*,*,#5834,.T.);
#5834 = EDGE_CURVE('',#5763,#5811,#5835,.T.);
#5835 = LINE('',#5836,#5837);
#5836 = CARTESIAN_POINT('',(-0.32,-2.86,-2.84));
#5837 = VECTOR('',#5838,1.);
#5838 = DIRECTION('',(0.,1.,0.));
#5839 = ORIENTED_EDGE('',*,*,#5818,.T.);
#5840 = ORIENTED_EDGE('',*,*,#5281,.F.);
#5841 = PLANE('',#5842);
#5842 = AXIS2_PLACEMENT_3D('',#5843,#5844,#5845);
#5843 = CARTESIAN_POINT('',(-0.32,-2.86,-3.));
#5844 = DIRECTION('',(1.,0.,0.));
#5845 = DIRECTION('',(0.,0.,1.));
#5846 = ADVANCED_FACE('',(#5847),#5872,.F.);
#5847 = FACE_BOUND('',#5848,.F.);
#5848 = EDGE_LOOP('',(#5849,#5857,#5858,#5866));
#5849 = ORIENTED_EDGE('',*,*,#5850,.F.);
#5850 = EDGE_CURVE('',#5403,#5851,#5853,.T.);
#5851 = VERTEX_POINT('',#5852);
#5852 = CARTESIAN_POINT('',(0.32,-0.32,8.38));
#5853 = LINE('',#5854,#5855);
#5854 = CARTESIAN_POINT('',(0.32,-0.32,-3.));
#5855 = VECTOR('',#5856,1.);
#5856 = DIRECTION('',(0.,0.,1.));
#5857 = ORIENTED_EDGE('',*,*,#5402,.T.);
#5858 = ORIENTED_EDGE('',*,*,#5859,.T.);
#5859 = EDGE_CURVE('',#5405,#5860,#5862,.T.);
#5860 = VERTEX_POINT('',#5861);
#5861 = CARTESIAN_POINT('',(-0.32,-0.32,8.38));
#5862 = LINE('',#5863,#5864);
#5863 = CARTESIAN_POINT('',(-0.32,-0.32,-3.));
#5864 = VECTOR('',#5865,1.);
#5865 = DIRECTION('',(0.,0.,1.));
#5866 = ORIENTED_EDGE('',*,*,#5867,.T.);
#5867 = EDGE_CURVE('',#5860,#5851,#5868,.T.);
#5868 = LINE('',#5869,#5870);
#5869 = CARTESIAN_POINT('',(-0.32,-0.32,8.38));
#5870 = VECTOR('',#5871,1.);
#5871 = DIRECTION('',(1.,0.,0.));
#5872 = PLANE('',#5873);
#5873 = AXIS2_PLACEMENT_3D('',#5874,#5875,#5876);
#5874 = CARTESIAN_POINT('',(-0.32,-0.32,-3.));
#5875 = DIRECTION('',(0.,1.,0.));
#5876 = DIRECTION('',(0.,-0.,1.));
#5877 = ADVANCED_FACE('',(#5878),#5896,.T.);
#5878 = FACE_BOUND('',#5879,.T.);
#5879 = EDGE_LOOP('',(#5880,#5881,#5882,#5890));
#5880 = ORIENTED_EDGE('',*,*,#5850,.F.);
#5881 = ORIENTED_EDGE('',*,*,#5428,.T.);
#5882 = ORIENTED_EDGE('',*,*,#5883,.T.);
#5883 = EDGE_CURVE('',#5421,#5884,#5886,.T.);
#5884 = VERTEX_POINT('',#5885);
#5885 = CARTESIAN_POINT('',(0.32,0.32,8.38));
#5886 = LINE('',#5887,#5888);
#5887 = CARTESIAN_POINT('',(0.32,0.32,-3.));
#5888 = VECTOR('',#5889,1.);
#5889 = DIRECTION('',(0.,0.,1.));
#5890 = ORIENTED_EDGE('',*,*,#5891,.F.);
#5891 = EDGE_CURVE('',#5851,#5884,#5892,.T.);
#5892 = LINE('',#5893,#5894);
#5893 = CARTESIAN_POINT('',(0.32,-0.32,8.38));
#5894 = VECTOR('',#5895,1.);
#5895 = DIRECTION('',(0.,1.,0.));
#5896 = PLANE('',#5897);
#5897 = AXIS2_PLACEMENT_3D('',#5898,#5899,#5900);
#5898 = CARTESIAN_POINT('',(0.32,-0.32,-3.));
#5899 = DIRECTION('',(1.,0.,0.));
#5900 = DIRECTION('',(0.,0.,1.));
#5901 = ADVANCED_FACE('',(#5902),#5920,.T.);
#5902 = FACE_BOUND('',#5903,.T.);
#5903 = EDGE_LOOP('',(#5904,#5905,#5906,#5914));
#5904 = ORIENTED_EDGE('',*,*,#5883,.F.);
#5905 = ORIENTED_EDGE('',*,*,#5420,.T.);
#5906 = ORIENTED_EDGE('',*,*,#5907,.T.);
#5907 = EDGE_CURVE('',#5413,#5908,#5910,.T.);
#5908 = VERTEX_POINT('',#5909);
#5909 = CARTESIAN_POINT('',(-0.32,0.32,8.38));
#5910 = LINE('',#5911,#5912);
#5911 = CARTESIAN_POINT('',(-0.32,0.32,-3.));
#5912 = VECTOR('',#5913,1.);
#5913 = DIRECTION('',(0.,0.,1.));
#5914 = ORIENTED_EDGE('',*,*,#5915,.T.);
#5915 = EDGE_CURVE('',#5908,#5884,#5916,.T.);
#5916 = LINE('',#5917,#5918);
#5917 = CARTESIAN_POINT('',(-0.32,0.32,8.38));
#5918 = VECTOR('',#5919,1.);
#5919 = DIRECTION('',(1.,0.,0.));
#5920 = PLANE('',#5921);
#5921 = AXIS2_PLACEMENT_3D('',#5922,#5923,#5924);
#5922 = CARTESIAN_POINT('',(-0.32,0.32,-3.));
#5923 = DIRECTION('',(0.,1.,0.));
#5924 = DIRECTION('',(0.,-0.,1.));
#5925 = ADVANCED_FACE('',(#5926),#5937,.F.);
#5926 = FACE_BOUND('',#5927,.F.);
#5927 = EDGE_LOOP('',(#5928,#5929,#5930,#5931));
#5928 = ORIENTED_EDGE('',*,*,#5859,.F.);
#5929 = ORIENTED_EDGE('',*,*,#5412,.T.);
#5930 = ORIENTED_EDGE('',*,*,#5907,.T.);
#5931 = ORIENTED_EDGE('',*,*,#5932,.F.);
#5932 = EDGE_CURVE('',#5860,#5908,#5933,.T.);
#5933 = LINE('',#5934,#5935);
#5934 = CARTESIAN_POINT('',(-0.32,-0.32,8.38));
#5935 = VECTOR('',#5936,1.);
#5936 = DIRECTION('',(0.,1.,0.));
#5937 = PLANE('',#5938);
#5938 = AXIS2_PLACEMENT_3D('',#5939,#5940,#5941);
#5939 = CARTESIAN_POINT('',(-0.32,-0.32,-3.));
#5940 = DIRECTION('',(1.,0.,0.));
#5941 = DIRECTION('',(0.,0.,1.));
#5942 = ADVANCED_FACE('',(#5943),#5968,.F.);
#5943 = FACE_BOUND('',#5944,.F.);
#5944 = EDGE_LOOP('',(#5945,#5953,#5954,#5962));
#5945 = ORIENTED_EDGE('',*,*,#5946,.F.);
#5946 = EDGE_CURVE('',#5437,#5947,#5949,.T.);
#5947 = VERTEX_POINT('',#5948);
#5948 = CARTESIAN_POINT('',(0.32,-2.86,8.38));
#5949 = LINE('',#5950,#5951);
#5950 = CARTESIAN_POINT('',(0.32,-2.86,-3.));
#5951 = VECTOR('',#5952,1.);
#5952 = DIRECTION('',(0.,0.,1.));
#5953 = ORIENTED_EDGE('',*,*,#5436,.T.);
#5954 = ORIENTED_EDGE('',*,*,#5955,.T.);
#5955 = EDGE_CURVE('',#5439,#5956,#5958,.T.);
#5956 = VERTEX_POINT('',#5957);
#5957 = CARTESIAN_POINT('',(-0.32,-2.86,8.38));
#5958 = LINE('',#5959,#5960);
#5959 = CARTESIAN_POINT('',(-0.32,-2.86,-3.));
#5960 = VECTOR('',#5961,1.);
#5961 = DIRECTION('',(0.,0.,1.));
#5962 = ORIENTED_EDGE('',*,*,#5963,.T.);
#5963 = EDGE_CURVE('',#5956,#5947,#5964,.T.);
#5964 = LINE('',#5965,#5966);
#5965 = CARTESIAN_POINT('',(-0.32,-2.86,8.38));
#5966 = VECTOR('',#5967,1.);
#5967 = DIRECTION('',(1.,0.,0.));
#5968 = PLANE('',#5969);
#5969 = AXIS2_PLACEMENT_3D('',#5970,#5971,#5972);
#5970 = CARTESIAN_POINT('',(-0.32,-2.86,-3.));
#5971 = DIRECTION('',(0.,1.,0.));
#5972 = DIRECTION('',(0.,-0.,1.));
#5973 = ADVANCED_FACE('',(#5974),#5992,.T.);
#5974 = FACE_BOUND('',#5975,.T.);
#5975 = EDGE_LOOP('',(#5976,#5977,#5978,#5986));
#5976 = ORIENTED_EDGE('',*,*,#5946,.F.);
#5977 = ORIENTED_EDGE('',*,*,#5462,.T.);
#5978 = ORIENTED_EDGE('',*,*,#5979,.T.);
#5979 = EDGE_CURVE('',#5455,#5980,#5982,.T.);
#5980 = VERTEX_POINT('',#5981);
#5981 = CARTESIAN_POINT('',(0.32,-2.22,8.38));
#5982 = LINE('',#5983,#5984);
#5983 = CARTESIAN_POINT('',(0.32,-2.22,-3.));
#5984 = VECTOR('',#5985,1.);
#5985 = DIRECTION('',(0.,0.,1.));
#5986 = ORIENTED_EDGE('',*,*,#5987,.F.);
#5987 = EDGE_CURVE('',#5947,#5980,#5988,.T.);
#5988 = LINE('',#5989,#5990);
#5989 = CARTESIAN_POINT('',(0.32,-2.86,8.38));
#5990 = VECTOR('',#5991,1.);
#5991 = DIRECTION('',(0.,1.,0.));
#5992 = PLANE('',#5993);
#5993 = AXIS2_PLACEMENT_3D('',#5994,#5995,#5996);
#5994 = CARTESIAN_POINT('',(0.32,-2.86,-3.));
#5995 = DIRECTION('',(1.,0.,0.));
#5996 = DIRECTION('',(0.,0.,1.));
#5997 = ADVANCED_FACE('',(#5998),#6016,.T.);
#5998 = FACE_BOUND('',#5999,.T.);
#5999 = EDGE_LOOP('',(#6000,#6001,#6002,#6010));
#6000 = ORIENTED_EDGE('',*,*,#5979,.F.);
#6001 = ORIENTED_EDGE('',*,*,#5454,.T.);
#6002 = ORIENTED_EDGE('',*,*,#6003,.T.);
#6003 = EDGE_CURVE('',#5447,#6004,#6006,.T.);
#6004 = VERTEX_POINT('',#6005);
#6005 = CARTESIAN_POINT('',(-0.32,-2.22,8.38));
#6006 = LINE('',#6007,#6008);
#6007 = CARTESIAN_POINT('',(-0.32,-2.22,-3.));
#6008 = VECTOR('',#6009,1.);
#6009 = DIRECTION('',(0.,0.,1.));
#6010 = ORIENTED_EDGE('',*,*,#6011,.T.);
#6011 = EDGE_CURVE('',#6004,#5980,#6012,.T.);
#6012 = LINE('',#6013,#6014);
#6013 = CARTESIAN_POINT('',(-0.32,-2.22,8.38));
#6014 = VECTOR('',#6015,1.);
#6015 = DIRECTION('',(1.,0.,0.));
#6016 = PLANE('',#6017);
#6017 = AXIS2_PLACEMENT_3D('',#6018,#6019,#6020);
#6018 = CARTESIAN_POINT('',(-0.32,-2.22,-3.));
#6019 = DIRECTION('',(0.,1.,0.));
#6020 = DIRECTION('',(0.,-0.,1.));
#6021 = ADVANCED_FACE('',(#6022),#6033,.F.);
#6022 = FACE_BOUND('',#6023,.F.);
#6023 = EDGE_LOOP('',(#6024,#6025,#6026,#6027));
#6024 = ORIENTED_EDGE('',*,*,#5955,.F.);
#6025 = ORIENTED_EDGE('',*,*,#5446,.T.);
#6026 = ORIENTED_EDGE('',*,*,#6003,.T.);
#6027 = ORIENTED_EDGE('',*,*,#6028,.F.);
#6028 = EDGE_CURVE('',#5956,#6004,#6029,.T.);
#6029 = LINE('',#6030,#6031);
#6030 = CARTESIAN_POINT('',(-0.32,-2.86,8.38));
#6031 = VECTOR('',#6032,1.);
#6032 = DIRECTION('',(0.,1.,0.));
#6033 = PLANE('',#6034);
#6034 = AXIS2_PLACEMENT_3D('',#6035,#6036,#6037);
#6035 = CARTESIAN_POINT('',(-0.32,-2.86,-3.));
#6036 = DIRECTION('',(1.,0.,0.));
#6037 = DIRECTION('',(0.,0.,1.));
#6038 = ADVANCED_FACE('',(#6039),#6064,.T.);
#6039 = FACE_BOUND('',#6040,.F.);
#6040 = EDGE_LOOP('',(#6041,#6049,#6050,#6058));
#6041 = ORIENTED_EDGE('',*,*,#6042,.F.);
#6042 = EDGE_CURVE('',#5667,#6043,#6045,.T.);
#6043 = VERTEX_POINT('',#6044);
#6044 = CARTESIAN_POINT('',(-0.16,-0.16,-3.));
#6045 = LINE('',#6046,#6047);
#6046 = CARTESIAN_POINT('',(-0.266666666667,-0.266666666667,
    -2.893333333333));
#6047 = VECTOR('',#6048,1.);
#6048 = DIRECTION('',(0.57735026919,0.57735026919,-0.57735026919));
#6049 = ORIENTED_EDGE('',*,*,#5666,.T.);
#6050 = ORIENTED_EDGE('',*,*,#6051,.T.);
#6051 = EDGE_CURVE('',#5659,#6052,#6054,.T.);
#6052 = VERTEX_POINT('',#6053);
#6053 = CARTESIAN_POINT('',(0.16,-0.16,-3.));
#6054 = LINE('',#6055,#6056);
#6055 = CARTESIAN_POINT('',(0.16,-0.16,-3.));
#6056 = VECTOR('',#6057,1.);
#6057 = DIRECTION('',(-0.57735026919,0.57735026919,-0.57735026919));
#6058 = ORIENTED_EDGE('',*,*,#6059,.F.);
#6059 = EDGE_CURVE('',#6043,#6052,#6060,.T.);
#6060 = LINE('',#6061,#6062);
#6061 = CARTESIAN_POINT('',(-0.32,-0.16,-3.));
#6062 = VECTOR('',#6063,1.);
#6063 = DIRECTION('',(1.,0.,0.));
#6064 = PLANE('',#6065);
#6065 = AXIS2_PLACEMENT_3D('',#6066,#6067,#6068);
#6066 = CARTESIAN_POINT('',(-0.32,-0.24,-2.92));
#6067 = DIRECTION('',(1.735167508357E-18,-0.707106781187,-0.707106781187
    ));
#6068 = DIRECTION('',(-1.,-1.226948711654E-18,-1.226948711654E-18));
#6069 = ADVANCED_FACE('',(#6070),#6088,.F.);
#6070 = FACE_BOUND('',#6071,.F.);
#6071 = EDGE_LOOP('',(#6072,#6073,#6074,#6082));
#6072 = ORIENTED_EDGE('',*,*,#6051,.F.);
#6073 = ORIENTED_EDGE('',*,*,#5690,.T.);
#6074 = ORIENTED_EDGE('',*,*,#6075,.T.);
#6075 = EDGE_CURVE('',#5691,#6076,#6078,.T.);
#6076 = VERTEX_POINT('',#6077);
#6077 = CARTESIAN_POINT('',(0.16,0.16,-3.));
#6078 = LINE('',#6079,#6080);
#6079 = CARTESIAN_POINT('',(5.333333333333E-02,5.333333333333E-02,
    -3.106666666667));
#6080 = VECTOR('',#6081,1.);
#6081 = DIRECTION('',(-0.57735026919,-0.57735026919,-0.57735026919));
#6082 = ORIENTED_EDGE('',*,*,#6083,.F.);
#6083 = EDGE_CURVE('',#6052,#6076,#6084,.T.);
#6084 = LINE('',#6085,#6086);
#6085 = CARTESIAN_POINT('',(0.16,-0.32,-3.));
#6086 = VECTOR('',#6087,1.);
#6087 = DIRECTION('',(0.,1.,0.));
#6088 = PLANE('',#6089);
#6089 = AXIS2_PLACEMENT_3D('',#6090,#6091,#6092);
#6090 = CARTESIAN_POINT('',(0.24,-0.32,-2.92));
#6091 = DIRECTION('',(-0.707106781187,1.735167508357E-18,0.707106781187)
  );
#6092 = DIRECTION('',(1.226948711654E-18,1.,-1.226948711654E-18));
#6093 = ADVANCED_FACE('',(#6094),#6112,.F.);
#6094 = FACE_BOUND('',#6095,.T.);
#6095 = EDGE_LOOP('',(#6096,#6104,#6105,#6106));
#6096 = ORIENTED_EDGE('',*,*,#6097,.F.);
#6097 = EDGE_CURVE('',#5715,#6098,#6100,.T.);
#6098 = VERTEX_POINT('',#6099);
#6099 = CARTESIAN_POINT('',(-0.16,0.16,-3.));
#6100 = LINE('',#6101,#6102);
#6101 = CARTESIAN_POINT('',(-0.16,0.16,-3.));
#6102 = VECTOR('',#6103,1.);
#6103 = DIRECTION('',(0.57735026919,-0.57735026919,-0.57735026919));
#6104 = ORIENTED_EDGE('',*,*,#5714,.T.);
#6105 = ORIENTED_EDGE('',*,*,#6075,.T.);
#6106 = ORIENTED_EDGE('',*,*,#6107,.F.);
#6107 = EDGE_CURVE('',#6098,#6076,#6108,.T.);
#6108 = LINE('',#6109,#6110);
#6109 = CARTESIAN_POINT('',(-0.32,0.16,-3.));
#6110 = VECTOR('',#6111,1.);
#6111 = DIRECTION('',(1.,0.,0.));
#6112 = PLANE('',#6113);
#6113 = AXIS2_PLACEMENT_3D('',#6114,#6115,#6116);
#6114 = CARTESIAN_POINT('',(-0.32,0.24,-2.92));
#6115 = DIRECTION('',(-1.735167508357E-18,-0.707106781187,0.707106781187
    ));
#6116 = DIRECTION('',(-1.,1.226948711654E-18,-1.226948711654E-18));
#6117 = ADVANCED_FACE('',(#6118),#6129,.T.);
#6118 = FACE_BOUND('',#6119,.T.);
#6119 = EDGE_LOOP('',(#6120,#6121,#6122,#6123));
#6120 = ORIENTED_EDGE('',*,*,#6042,.F.);
#6121 = ORIENTED_EDGE('',*,*,#5738,.T.);
#6122 = ORIENTED_EDGE('',*,*,#6097,.T.);
#6123 = ORIENTED_EDGE('',*,*,#6124,.F.);
#6124 = EDGE_CURVE('',#6043,#6098,#6125,.T.);
#6125 = LINE('',#6126,#6127);
#6126 = CARTESIAN_POINT('',(-0.16,-0.32,-3.));
#6127 = VECTOR('',#6128,1.);
#6128 = DIRECTION('',(0.,1.,0.));
#6129 = PLANE('',#6130);
#6130 = AXIS2_PLACEMENT_3D('',#6131,#6132,#6133);
#6131 = CARTESIAN_POINT('',(-0.24,-0.32,-2.92));
#6132 = DIRECTION('',(-0.707106781187,-1.735167508357E-18,
    -0.707106781187));
#6133 = DIRECTION('',(-1.226948711654E-18,1.,-1.226948711654E-18));
#6134 = ADVANCED_FACE('',(#6135),#6160,.T.);
#6135 = FACE_BOUND('',#6136,.F.);
#6136 = EDGE_LOOP('',(#6137,#6145,#6146,#6154));
#6137 = ORIENTED_EDGE('',*,*,#6138,.F.);
#6138 = EDGE_CURVE('',#5763,#6139,#6141,.T.);
#6139 = VERTEX_POINT('',#6140);
#6140 = CARTESIAN_POINT('',(-0.16,-2.7,-3.));
#6141 = LINE('',#6142,#6143);
#6142 = CARTESIAN_POINT('',(-0.266666666667,-2.806666666667,
    -2.893333333333));
#6143 = VECTOR('',#6144,1.);
#6144 = DIRECTION('',(0.57735026919,0.57735026919,-0.57735026919));
#6145 = ORIENTED_EDGE('',*,*,#5762,.T.);
#6146 = ORIENTED_EDGE('',*,*,#6147,.T.);
#6147 = EDGE_CURVE('',#5755,#6148,#6150,.T.);
#6148 = VERTEX_POINT('',#6149);
#6149 = CARTESIAN_POINT('',(0.16,-2.7,-3.));
#6150 = LINE('',#6151,#6152);
#6151 = CARTESIAN_POINT('',(0.16,-2.7,-3.));
#6152 = VECTOR('',#6153,1.);
#6153 = DIRECTION('',(-0.57735026919,0.57735026919,-0.57735026919));
#6154 = ORIENTED_EDGE('',*,*,#6155,.F.);
#6155 = EDGE_CURVE('',#6139,#6148,#6156,.T.);
#6156 = LINE('',#6157,#6158);
#6157 = CARTESIAN_POINT('',(-0.32,-2.7,-3.));
#6158 = VECTOR('',#6159,1.);
#6159 = DIRECTION('',(1.,0.,0.));
#6160 = PLANE('',#6161);
#6161 = AXIS2_PLACEMENT_3D('',#6162,#6163,#6164);
#6162 = CARTESIAN_POINT('',(-0.32,-2.78,-2.92));
#6163 = DIRECTION('',(1.735167508357E-18,-0.707106781187,-0.707106781187
    ));
#6164 = DIRECTION('',(-1.,-1.226948711654E-18,-1.226948711654E-18));
#6165 = ADVANCED_FACE('',(#6166),#6184,.F.);
#6166 = FACE_BOUND('',#6167,.F.);
#6167 = EDGE_LOOP('',(#6168,#6169,#6170,#6178));
#6168 = ORIENTED_EDGE('',*,*,#6147,.F.);
#6169 = ORIENTED_EDGE('',*,*,#5786,.T.);
#6170 = ORIENTED_EDGE('',*,*,#6171,.T.);
#6171 = EDGE_CURVE('',#5787,#6172,#6174,.T.);
#6172 = VERTEX_POINT('',#6173);
#6173 = CARTESIAN_POINT('',(0.16,-2.38,-3.));
#6174 = LINE('',#6175,#6176);
#6175 = CARTESIAN_POINT('',(5.333333333333E-02,-2.486666666667,
    -3.106666666667));
#6176 = VECTOR('',#6177,1.);
#6177 = DIRECTION('',(-0.57735026919,-0.57735026919,-0.57735026919));
#6178 = ORIENTED_EDGE('',*,*,#6179,.F.);
#6179 = EDGE_CURVE('',#6148,#6172,#6180,.T.);
#6180 = LINE('',#6181,#6182);
#6181 = CARTESIAN_POINT('',(0.16,-2.86,-3.));
#6182 = VECTOR('',#6183,1.);
#6183 = DIRECTION('',(0.,1.,0.));
#6184 = PLANE('',#6185);
#6185 = AXIS2_PLACEMENT_3D('',#6186,#6187,#6188);
#6186 = CARTESIAN_POINT('',(0.24,-2.86,-2.92));
#6187 = DIRECTION('',(-0.707106781187,1.735167508357E-18,0.707106781187)
  );
#6188 = DIRECTION('',(1.226948711654E-18,1.,-1.226948711654E-18));
#6189 = ADVANCED_FACE('',(#6190),#6208,.F.);
#6190 = FACE_BOUND('',#6191,.T.);
#6191 = EDGE_LOOP('',(#6192,#6200,#6201,#6202));
#6192 = ORIENTED_EDGE('',*,*,#6193,.F.);
#6193 = EDGE_CURVE('',#5811,#6194,#6196,.T.);
#6194 = VERTEX_POINT('',#6195);
#6195 = CARTESIAN_POINT('',(-0.16,-2.38,-3.));
#6196 = LINE('',#6197,#6198);
#6197 = CARTESIAN_POINT('',(-0.16,-2.38,-3.));
#6198 = VECTOR('',#6199,1.);
#6199 = DIRECTION('',(0.57735026919,-0.57735026919,-0.57735026919));
#6200 = ORIENTED_EDGE('',*,*,#5810,.T.);
#6201 = ORIENTED_EDGE('',*,*,#6171,.T.);
#6202 = ORIENTED_EDGE('',*,*,#6203,.F.);
#6203 = EDGE_CURVE('',#6194,#6172,#6204,.T.);
#6204 = LINE('',#6205,#6206);
#6205 = CARTESIAN_POINT('',(-0.32,-2.38,-3.));
#6206 = VECTOR('',#6207,1.);
#6207 = DIRECTION('',(1.,0.,0.));
#6208 = PLANE('',#6209);
#6209 = AXIS2_PLACEMENT_3D('',#6210,#6211,#6212);
#6210 = CARTESIAN_POINT('',(-0.32,-2.3,-2.92));
#6211 = DIRECTION('',(-1.735167508357E-18,-0.707106781187,0.707106781187
    ));
#6212 = DIRECTION('',(-1.,1.226948711654E-18,-1.226948711654E-18));
#6213 = ADVANCED_FACE('',(#6214),#6225,.T.);
#6214 = FACE_BOUND('',#6215,.T.);
#6215 = EDGE_LOOP('',(#6216,#6217,#6218,#6219));
#6216 = ORIENTED_EDGE('',*,*,#6138,.F.);
#6217 = ORIENTED_EDGE('',*,*,#5834,.T.);
#6218 = ORIENTED_EDGE('',*,*,#6193,.T.);
#6219 = ORIENTED_EDGE('',*,*,#6220,.F.);
#6220 = EDGE_CURVE('',#6139,#6194,#6221,.T.);
#6221 = LINE('',#6222,#6223);
#6222 = CARTESIAN_POINT('',(-0.16,-2.86,-3.));
#6223 = VECTOR('',#6224,1.);
#6224 = DIRECTION('',(0.,1.,0.));
#6225 = PLANE('',#6226);
#6226 = AXIS2_PLACEMENT_3D('',#6227,#6228,#6229);
#6227 = CARTESIAN_POINT('',(-0.24,-2.86,-2.92));
#6228 = DIRECTION('',(-0.707106781187,-1.735167508357E-18,
    -0.707106781187));
#6229 = DIRECTION('',(-1.226948711654E-18,1.,-1.226948711654E-18));
#6230 = ADVANCED_FACE('',(#6231),#6256,.F.);
#6231 = FACE_BOUND('',#6232,.T.);
#6232 = EDGE_LOOP('',(#6233,#6241,#6242,#6250));
#6233 = ORIENTED_EDGE('',*,*,#6234,.F.);
#6234 = EDGE_CURVE('',#5860,#6235,#6237,.T.);
#6235 = VERTEX_POINT('',#6236);
#6236 = CARTESIAN_POINT('',(-0.16,-0.16,8.54));
#6237 = LINE('',#6238,#6239);
#6238 = CARTESIAN_POINT('',(-0.266666666667,-0.266666666667,
    8.433333333333));
#6239 = VECTOR('',#6240,1.);
#6240 = DIRECTION('',(0.57735026919,0.57735026919,0.57735026919));
#6241 = ORIENTED_EDGE('',*,*,#5867,.T.);
#6242 = ORIENTED_EDGE('',*,*,#6243,.T.);
#6243 = EDGE_CURVE('',#5851,#6244,#6246,.T.);
#6244 = VERTEX_POINT('',#6245);
#6245 = CARTESIAN_POINT('',(0.16,-0.16,8.54));
#6246 = LINE('',#6247,#6248);
#6247 = CARTESIAN_POINT('',(0.16,-0.16,8.54));
#6248 = VECTOR('',#6249,1.);
#6249 = DIRECTION('',(-0.57735026919,0.57735026919,0.57735026919));
#6250 = ORIENTED_EDGE('',*,*,#6251,.F.);
#6251 = EDGE_CURVE('',#6235,#6244,#6252,.T.);
#6252 = LINE('',#6253,#6254);
#6253 = CARTESIAN_POINT('',(-0.32,-0.16,8.54));
#6254 = VECTOR('',#6255,1.);
#6255 = DIRECTION('',(1.,0.,0.));
#6256 = PLANE('',#6257);
#6257 = AXIS2_PLACEMENT_3D('',#6258,#6259,#6260);
#6258 = CARTESIAN_POINT('',(-0.32,-0.24,8.46));
#6259 = DIRECTION('',(-1.735167508357E-18,0.707106781187,-0.707106781187
    ));
#6260 = DIRECTION('',(-1.,-1.226948711654E-18,1.226948711654E-18));
#6261 = ADVANCED_FACE('',(#6262),#6280,.T.);
#6262 = FACE_BOUND('',#6263,.T.);
#6263 = EDGE_LOOP('',(#6264,#6265,#6266,#6274));
#6264 = ORIENTED_EDGE('',*,*,#6243,.F.);
#6265 = ORIENTED_EDGE('',*,*,#5891,.T.);
#6266 = ORIENTED_EDGE('',*,*,#6267,.T.);
#6267 = EDGE_CURVE('',#5884,#6268,#6270,.T.);
#6268 = VERTEX_POINT('',#6269);
#6269 = CARTESIAN_POINT('',(0.16,0.16,8.54));
#6270 = LINE('',#6271,#6272);
#6271 = CARTESIAN_POINT('',(5.333333333333E-02,5.333333333333E-02,
    8.646666666667));
#6272 = VECTOR('',#6273,1.);
#6273 = DIRECTION('',(-0.57735026919,-0.57735026919,0.57735026919));
#6274 = ORIENTED_EDGE('',*,*,#6275,.F.);
#6275 = EDGE_CURVE('',#6244,#6268,#6276,.T.);
#6276 = LINE('',#6277,#6278);
#6277 = CARTESIAN_POINT('',(0.16,-0.32,8.54));
#6278 = VECTOR('',#6279,1.);
#6279 = DIRECTION('',(0.,1.,0.));
#6280 = PLANE('',#6281);
#6281 = AXIS2_PLACEMENT_3D('',#6282,#6283,#6284);
#6282 = CARTESIAN_POINT('',(0.24,-0.32,8.46));
#6283 = DIRECTION('',(0.707106781187,-1.735167508357E-18,0.707106781187)
  );
#6284 = DIRECTION('',(1.226948711654E-18,1.,1.226948711654E-18));
#6285 = ADVANCED_FACE('',(#6286),#6304,.T.);
#6286 = FACE_BOUND('',#6287,.F.);
#6287 = EDGE_LOOP('',(#6288,#6296,#6297,#6298));
#6288 = ORIENTED_EDGE('',*,*,#6289,.F.);
#6289 = EDGE_CURVE('',#5908,#6290,#6292,.T.);
#6290 = VERTEX_POINT('',#6291);
#6291 = CARTESIAN_POINT('',(-0.16,0.16,8.54));
#6292 = LINE('',#6293,#6294);
#6293 = CARTESIAN_POINT('',(-0.16,0.16,8.54));
#6294 = VECTOR('',#6295,1.);
#6295 = DIRECTION('',(0.57735026919,-0.57735026919,0.57735026919));
#6296 = ORIENTED_EDGE('',*,*,#5915,.T.);
#6297 = ORIENTED_EDGE('',*,*,#6267,.T.);
#6298 = ORIENTED_EDGE('',*,*,#6299,.F.);
#6299 = EDGE_CURVE('',#6290,#6268,#6300,.T.);
#6300 = LINE('',#6301,#6302);
#6301 = CARTESIAN_POINT('',(-0.32,0.16,8.54));
#6302 = VECTOR('',#6303,1.);
#6303 = DIRECTION('',(1.,0.,0.));
#6304 = PLANE('',#6305);
#6305 = AXIS2_PLACEMENT_3D('',#6306,#6307,#6308);
#6306 = CARTESIAN_POINT('',(-0.32,0.24,8.46));
#6307 = DIRECTION('',(1.735167508357E-18,0.707106781187,0.707106781187)
  );
#6308 = DIRECTION('',(-1.,1.226948711654E-18,1.226948711654E-18));
#6309 = ADVANCED_FACE('',(#6310),#6321,.F.);
#6310 = FACE_BOUND('',#6311,.F.);
#6311 = EDGE_LOOP('',(#6312,#6313,#6314,#6315));
#6312 = ORIENTED_EDGE('',*,*,#6234,.F.);
#6313 = ORIENTED_EDGE('',*,*,#5932,.T.);
#6314 = ORIENTED_EDGE('',*,*,#6289,.T.);
#6315 = ORIENTED_EDGE('',*,*,#6316,.F.);
#6316 = EDGE_CURVE('',#6235,#6290,#6317,.T.);
#6317 = LINE('',#6318,#6319);
#6318 = CARTESIAN_POINT('',(-0.16,-0.32,8.54));
#6319 = VECTOR('',#6320,1.);
#6320 = DIRECTION('',(0.,1.,0.));
#6321 = PLANE('',#6322);
#6322 = AXIS2_PLACEMENT_3D('',#6323,#6324,#6325);
#6323 = CARTESIAN_POINT('',(-0.24,-0.32,8.46));
#6324 = DIRECTION('',(0.707106781187,1.735167508357E-18,-0.707106781187)
  );
#6325 = DIRECTION('',(-1.226948711654E-18,1.,1.226948711654E-18));
#6326 = ADVANCED_FACE('',(#6327),#6352,.F.);
#6327 = FACE_BOUND('',#6328,.T.);
#6328 = EDGE_LOOP('',(#6329,#6337,#6338,#6346));
#6329 = ORIENTED_EDGE('',*,*,#6330,.F.);
#6330 = EDGE_CURVE('',#5956,#6331,#6333,.T.);
#6331 = VERTEX_POINT('',#6332);
#6332 = CARTESIAN_POINT('',(-0.16,-2.7,8.54));
#6333 = LINE('',#6334,#6335);
#6334 = CARTESIAN_POINT('',(-0.266666666667,-2.806666666667,
    8.433333333333));
#6335 = VECTOR('',#6336,1.);
#6336 = DIRECTION('',(0.57735026919,0.57735026919,0.57735026919));
#6337 = ORIENTED_EDGE('',*,*,#5963,.T.);
#6338 = ORIENTED_EDGE('',*,*,#6339,.T.);
#6339 = EDGE_CURVE('',#5947,#6340,#6342,.T.);
#6340 = VERTEX_POINT('',#6341);
#6341 = CARTESIAN_POINT('',(0.16,-2.7,8.54));
#6342 = LINE('',#6343,#6344);
#6343 = CARTESIAN_POINT('',(0.16,-2.7,8.54));
#6344 = VECTOR('',#6345,1.);
#6345 = DIRECTION('',(-0.57735026919,0.57735026919,0.57735026919));
#6346 = ORIENTED_EDGE('',*,*,#6347,.F.);
#6347 = EDGE_CURVE('',#6331,#6340,#6348,.T.);
#6348 = LINE('',#6349,#6350);
#6349 = CARTESIAN_POINT('',(-0.32,-2.7,8.54));
#6350 = VECTOR('',#6351,1.);
#6351 = DIRECTION('',(1.,0.,0.));
#6352 = PLANE('',#6353);
#6353 = AXIS2_PLACEMENT_3D('',#6354,#6355,#6356);
#6354 = CARTESIAN_POINT('',(-0.32,-2.78,8.46));
#6355 = DIRECTION('',(-1.735167508357E-18,0.707106781187,-0.707106781187
    ));
#6356 = DIRECTION('',(-1.,-1.226948711654E-18,1.226948711654E-18));
#6357 = ADVANCED_FACE('',(#6358),#6376,.T.);
#6358 = FACE_BOUND('',#6359,.T.);
#6359 = EDGE_LOOP('',(#6360,#6361,#6362,#6370));
#6360 = ORIENTED_EDGE('',*,*,#6339,.F.);
#6361 = ORIENTED_EDGE('',*,*,#5987,.T.);
#6362 = ORIENTED_EDGE('',*,*,#6363,.T.);
#6363 = EDGE_CURVE('',#5980,#6364,#6366,.T.);
#6364 = VERTEX_POINT('',#6365);
#6365 = CARTESIAN_POINT('',(0.16,-2.38,8.54));
#6366 = LINE('',#6367,#6368);
#6367 = CARTESIAN_POINT('',(5.333333333333E-02,-2.486666666667,
    8.646666666667));
#6368 = VECTOR('',#6369,1.);
#6369 = DIRECTION('',(-0.57735026919,-0.57735026919,0.57735026919));
#6370 = ORIENTED_EDGE('',*,*,#6371,.F.);
#6371 = EDGE_CURVE('',#6340,#6364,#6372,.T.);
#6372 = LINE('',#6373,#6374);
#6373 = CARTESIAN_POINT('',(0.16,-2.86,8.54));
#6374 = VECTOR('',#6375,1.);
#6375 = DIRECTION('',(0.,1.,0.));
#6376 = PLANE('',#6377);
#6377 = AXIS2_PLACEMENT_3D('',#6378,#6379,#6380);
#6378 = CARTESIAN_POINT('',(0.24,-2.86,8.46));
#6379 = DIRECTION('',(0.707106781187,-1.735167508357E-18,0.707106781187)
  );
#6380 = DIRECTION('',(1.226948711654E-18,1.,1.226948711654E-18));
#6381 = ADVANCED_FACE('',(#6382),#6400,.T.);
#6382 = FACE_BOUND('',#6383,.F.);
#6383 = EDGE_LOOP('',(#6384,#6392,#6393,#6394));
#6384 = ORIENTED_EDGE('',*,*,#6385,.F.);
#6385 = EDGE_CURVE('',#6004,#6386,#6388,.T.);
#6386 = VERTEX_POINT('',#6387);
#6387 = CARTESIAN_POINT('',(-0.16,-2.38,8.54));
#6388 = LINE('',#6389,#6390);
#6389 = CARTESIAN_POINT('',(-0.16,-2.38,8.54));
#6390 = VECTOR('',#6391,1.);
#6391 = DIRECTION('',(0.57735026919,-0.57735026919,0.57735026919));
#6392 = ORIENTED_EDGE('',*,*,#6011,.T.);
#6393 = ORIENTED_EDGE('',*,*,#6363,.T.);
#6394 = ORIENTED_EDGE('',*,*,#6395,.F.);
#6395 = EDGE_CURVE('',#6386,#6364,#6396,.T.);
#6396 = LINE('',#6397,#6398);
#6397 = CARTESIAN_POINT('',(-0.32,-2.38,8.54));
#6398 = VECTOR('',#6399,1.);
#6399 = DIRECTION('',(1.,0.,0.));
#6400 = PLANE('',#6401);
#6401 = AXIS2_PLACEMENT_3D('',#6402,#6403,#6404);
#6402 = CARTESIAN_POINT('',(-0.32,-2.3,8.46));
#6403 = DIRECTION('',(1.735167508357E-18,0.707106781187,0.707106781187)
  );
#6404 = DIRECTION('',(-1.,1.226948711654E-18,1.226948711654E-18));
#6405 = ADVANCED_FACE('',(#6406),#6417,.F.);
#6406 = FACE_BOUND('',#6407,.F.);
#6407 = EDGE_LOOP('',(#6408,#6409,#6410,#6411));
#6408 = ORIENTED_EDGE('',*,*,#6330,.F.);
#6409 = ORIENTED_EDGE('',*,*,#6028,.T.);
#6410 = ORIENTED_EDGE('',*,*,#6385,.T.);
#6411 = ORIENTED_EDGE('',*,*,#6412,.F.);
#6412 = EDGE_CURVE('',#6331,#6386,#6413,.T.);
#6413 = LINE('',#6414,#6415);
#6414 = CARTESIAN_POINT('',(-0.16,-2.86,8.54));
#6415 = VECTOR('',#6416,1.);
#6416 = DIRECTION('',(0.,1.,0.));
#6417 = PLANE('',#6418);
#6418 = AXIS2_PLACEMENT_3D('',#6419,#6420,#6421);
#6419 = CARTESIAN_POINT('',(-0.24,-2.86,8.46));
#6420 = DIRECTION('',(0.707106781187,1.735167508357E-18,-0.707106781187)
  );
#6421 = DIRECTION('',(-1.226948711654E-18,1.,1.226948711654E-18));
#6422 = ADVANCED_FACE('',(#6423),#6429,.F.);
#6423 = FACE_BOUND('',#6424,.F.);
#6424 = EDGE_LOOP('',(#6425,#6426,#6427,#6428));
#6425 = ORIENTED_EDGE('',*,*,#6124,.F.);
#6426 = ORIENTED_EDGE('',*,*,#6059,.T.);
#6427 = ORIENTED_EDGE('',*,*,#6083,.T.);
#6428 = ORIENTED_EDGE('',*,*,#6107,.F.);
#6429 = PLANE('',#6430);
#6430 = AXIS2_PLACEMENT_3D('',#6431,#6432,#6433);
#6431 = CARTESIAN_POINT('',(-0.32,-0.32,-3.));
#6432 = DIRECTION('',(0.,0.,1.));
#6433 = DIRECTION('',(1.,0.,-0.));
#6434 = ADVANCED_FACE('',(#6435),#6441,.F.);
#6435 = FACE_BOUND('',#6436,.F.);
#6436 = EDGE_LOOP('',(#6437,#6438,#6439,#6440));
#6437 = ORIENTED_EDGE('',*,*,#6220,.F.);
#6438 = ORIENTED_EDGE('',*,*,#6155,.T.);
#6439 = ORIENTED_EDGE('',*,*,#6179,.T.);
#6440 = ORIENTED_EDGE('',*,*,#6203,.F.);
#6441 = PLANE('',#6442);
#6442 = AXIS2_PLACEMENT_3D('',#6443,#6444,#6445);
#6443 = CARTESIAN_POINT('',(-0.32,-2.86,-3.));
#6444 = DIRECTION('',(0.,0.,1.));
#6445 = DIRECTION('',(1.,0.,-0.));
#6446 = ADVANCED_FACE('',(#6447),#6453,.T.);
#6447 = FACE_BOUND('',#6448,.T.);
#6448 = EDGE_LOOP('',(#6449,#6450,#6451,#6452));
#6449 = ORIENTED_EDGE('',*,*,#6299,.F.);
#6450 = ORIENTED_EDGE('',*,*,#6316,.F.);
#6451 = ORIENTED_EDGE('',*,*,#6251,.T.);
#6452 = ORIENTED_EDGE('',*,*,#6275,.T.);
#6453 = PLANE('',#6454);
#6454 = AXIS2_PLACEMENT_3D('',#6455,#6456,#6457);
#6455 = CARTESIAN_POINT('',(-0.32,-0.32,8.54));
#6456 = DIRECTION('',(0.,0.,1.));
#6457 = DIRECTION('',(1.,0.,-0.));
#6458 = ADVANCED_FACE('',(#6459),#6465,.T.);
#6459 = FACE_BOUND('',#6460,.T.);
#6460 = EDGE_LOOP('',(#6461,#6462,#6463,#6464));
#6461 = ORIENTED_EDGE('',*,*,#6395,.F.);
#6462 = ORIENTED_EDGE('',*,*,#6412,.F.);
#6463 = ORIENTED_EDGE('',*,*,#6347,.T.);
#6464 = ORIENTED_EDGE('',*,*,#6371,.T.);
#6465 = PLANE('',#6466);
#6466 = AXIS2_PLACEMENT_3D('',#6467,#6468,#6469);
#6467 = CARTESIAN_POINT('',(-0.32,-2.86,8.54));
#6468 = DIRECTION('',(0.,0.,1.));
#6469 = DIRECTION('',(1.,0.,-0.));
#6470 = ( GEOMETRIC_REPRESENTATION_CONTEXT(3) 
GLOBAL_UNCERTAINTY_ASSIGNED_CONTEXT((#6474)) 
GLOBAL_UNIT_ASSIGNED_CONTEXT((#6471,#6472,#6473)) REPRESENTATION_CONTEXT
('Context #1','3D Context with UNIT and UNCERTAINTY') );
#6471 = ( LENGTH_UNIT() NAMED_UNIT(*) SI_UNIT(.MILLI.,.METRE.) );
#6472 = ( NAMED_UNIT(*) PLANE_ANGLE_UNIT() SI_UNIT($,.RADIAN.) );
#6473 = ( NAMED_UNIT(*) SI_UNIT($,.STERADIAN.) SOLID_ANGLE_UNIT() );
#6474 = UNCERTAINTY_MEASURE_WITH_UNIT(LENGTH_MEASURE(1.E-07),#6471,
  'distance_accuracy_value','confusion accuracy');
#6475 = CONTEXT_DEPENDENT_SHAPE_REPRESENTATION(#6476,#6478);
#6476 = ( REPRESENTATION_RELATIONSHIP('','',#5037,#10) 
REPRESENTATION_RELATIONSHIP_WITH_TRANSFORMATION(#6477) 
SHAPE_REPRESENTATION_RELATIONSHIP() );
#6477 = ITEM_DEFINED_TRANSFORMATION('','',#11,#27);
#6478 = PRODUCT_DEFINITION_SHAPE('Placement','Placement of an item',
  #6479);
#6479 = NEXT_ASSEMBLY_USAGE_OCCURRENCE('4','BATT1','',#5,#5032,$);
#6480 = PRODUCT_RELATED_PRODUCT_CATEGORY('part',$,(#5034));
#6481 = CONTEXT_DEPENDENT_SHAPE_REPRESENTATION(#6482,#6484);
#6482 = ( REPRESENTATION_RELATIONSHIP('','',#76,#10) 
REPRESENTATION_RELATIONSHIP_WITH_TRANSFORMATION(#6483) 
SHAPE_REPRESENTATION_RELATIONSHIP() );
#6483 = ITEM_DEFINED_TRANSFORMATION('','',#11,#31);
#6484 = PRODUCT_DEFINITION_SHAPE('Placement','Placement of an item',
  #6485);
#6485 = NEXT_ASSEMBLY_USAGE_OCCURRENCE('5','SCL1','',#5,#71,$);
#6486 = SHAPE_DEFINITION_REPRESENTATION(#6487,#6493);
#6487 = PRODUCT_DEFINITION_SHAPE('','',#6488);
#6488 = PRODUCT_DEFINITION('design','',#6489,#6492);
#6489 = PRODUCT_DEFINITION_FORMATION('','',#6490);
#6490 = PRODUCT('C_0805_2012Metric','C_0805_2012Metric','',(#6491));
#6491 = PRODUCT_CONTEXT('',#2,'mechanical');
#6492 = PRODUCT_DEFINITION_CONTEXT('part definition',#2,'design');
#6493 = ADVANCED_BREP_SHAPE_REPRESENTATION('',(#11,#6494),#7348);
#6494 = MANIFOLD_SOLID_BREP('',#6495);
#6495 = CLOSED_SHELL('',(#6496,#6572,#6603,#6628,#6653,#6677,#6701,#6726
    ,#6751,#6768,#6854,#6886,#6910,#6935,#6959,#6984,#7008,#7033,#7050,
    #7136,#7167,#7192,#7217,#7241,#7265,#7290,#7315,#7332));
#6496 = ADVANCED_FACE('',(#6497),#6567,.F.);
#6497 = FACE_BOUND('',#6498,.F.);
#6498 = EDGE_LOOP('',(#6499,#6509,#6518,#6526,#6535,#6543,#6552,#6560));
#6499 = ORIENTED_EDGE('',*,*,#6500,.F.);
#6500 = EDGE_CURVE('',#6501,#6503,#6505,.T.);
#6501 = VERTEX_POINT('',#6502);
#6502 = CARTESIAN_POINT('',(-1.,-0.625,4.E-02));
#6503 = VERTEX_POINT('',#6504);
#6504 = CARTESIAN_POINT('',(-1.,-0.625,1.21));
#6505 = LINE('',#6506,#6507);
#6506 = CARTESIAN_POINT('',(-1.,-0.625,0.));
#6507 = VECTOR('',#6508,1.);
#6508 = DIRECTION('',(0.,0.,1.));
#6509 = ORIENTED_EDGE('',*,*,#6510,.T.);
#6510 = EDGE_CURVE('',#6501,#6511,#6513,.T.);
#6511 = VERTEX_POINT('',#6512);
#6512 = CARTESIAN_POINT('',(-1.,-0.585,0.));
#6513 = CIRCLE('',#6514,4.E-02);
#6514 = AXIS2_PLACEMENT_3D('',#6515,#6516,#6517);
#6515 = CARTESIAN_POINT('',(-1.,-0.585,4.E-02));
#6516 = DIRECTION('',(1.,0.,-0.));
#6517 = DIRECTION('',(0.,0.,1.));
#6518 = ORIENTED_EDGE('',*,*,#6519,.T.);
#6519 = EDGE_CURVE('',#6511,#6520,#6522,.T.);
#6520 = VERTEX_POINT('',#6521);
#6521 = CARTESIAN_POINT('',(-1.,0.585,0.));
#6522 = LINE('',#6523,#6524);
#6523 = CARTESIAN_POINT('',(-1.,-0.625,0.));
#6524 = VECTOR('',#6525,1.);
#6525 = DIRECTION('',(0.,1.,0.));
#6526 = ORIENTED_EDGE('',*,*,#6527,.F.);
#6527 = EDGE_CURVE('',#6528,#6520,#6530,.T.);
#6528 = VERTEX_POINT('',#6529);
#6529 = CARTESIAN_POINT('',(-1.,0.625,4.E-02));
#6530 = CIRCLE('',#6531,4.E-02);
#6531 = AXIS2_PLACEMENT_3D('',#6532,#6533,#6534);
#6532 = CARTESIAN_POINT('',(-1.,0.585,4.E-02));
#6533 = DIRECTION('',(-1.,0.,0.));
#6534 = DIRECTION('',(0.,0.,1.));
#6535 = ORIENTED_EDGE('',*,*,#6536,.T.);
#6536 = EDGE_CURVE('',#6528,#6537,#6539,.T.);
#6537 = VERTEX_POINT('',#6538);
#6538 = CARTESIAN_POINT('',(-1.,0.625,1.21));
#6539 = LINE('',#6540,#6541);
#6540 = CARTESIAN_POINT('',(-1.,0.625,0.));
#6541 = VECTOR('',#6542,1.);
#6542 = DIRECTION('',(0.,0.,1.));
#6543 = ORIENTED_EDGE('',*,*,#6544,.T.);
#6544 = EDGE_CURVE('',#6537,#6545,#6547,.T.);
#6545 = VERTEX_POINT('',#6546);
#6546 = CARTESIAN_POINT('',(-1.,0.585,1.25));
#6547 = CIRCLE('',#6548,4.E-02);
#6548 = AXIS2_PLACEMENT_3D('',#6549,#6550,#6551);
#6549 = CARTESIAN_POINT('',(-1.,0.585,1.21));
#6550 = DIRECTION('',(1.,0.,-0.));
#6551 = DIRECTION('',(0.,0.,1.));
#6552 = ORIENTED_EDGE('',*,*,#6553,.F.);
#6553 = EDGE_CURVE('',#6554,#6545,#6556,.T.);
#6554 = VERTEX_POINT('',#6555);
#6555 = CARTESIAN_POINT('',(-1.,-0.585,1.25));
#6556 = LINE('',#6557,#6558);
#6557 = CARTESIAN_POINT('',(-1.,-0.625,1.25));
#6558 = VECTOR('',#6559,1.);
#6559 = DIRECTION('',(0.,1.,0.));
#6560 = ORIENTED_EDGE('',*,*,#6561,.F.);
#6561 = EDGE_CURVE('',#6503,#6554,#6562,.T.);
#6562 = CIRCLE('',#6563,4.E-02);
#6563 = AXIS2_PLACEMENT_3D('',#6564,#6565,#6566);
#6564 = CARTESIAN_POINT('',(-1.,-0.585,1.21));
#6565 = DIRECTION('',(-1.,0.,0.));
#6566 = DIRECTION('',(0.,0.,1.));
#6567 = PLANE('',#6568);
#6568 = AXIS2_PLACEMENT_3D('',#6569,#6570,#6571);
#6569 = CARTESIAN_POINT('',(-1.,-0.625,0.));
#6570 = DIRECTION('',(1.,0.,0.));
#6571 = DIRECTION('',(0.,0.,1.));
#6572 = ADVANCED_FACE('',(#6573),#6598,.F.);
#6573 = FACE_BOUND('',#6574,.F.);
#6574 = EDGE_LOOP('',(#6575,#6585,#6591,#6592));
#6575 = ORIENTED_EDGE('',*,*,#6576,.F.);
#6576 = EDGE_CURVE('',#6577,#6579,#6581,.T.);
#6577 = VERTEX_POINT('',#6578);
#6578 = CARTESIAN_POINT('',(-0.6,-0.625,4.E-02));
#6579 = VERTEX_POINT('',#6580);
#6580 = CARTESIAN_POINT('',(-0.6,-0.625,1.21));
#6581 = LINE('',#6582,#6583);
#6582 = CARTESIAN_POINT('',(-0.6,-0.625,0.));
#6583 = VECTOR('',#6584,1.);
#6584 = DIRECTION('',(0.,0.,1.));
#6585 = ORIENTED_EDGE('',*,*,#6586,.F.);
#6586 = EDGE_CURVE('',#6501,#6577,#6587,.T.);
#6587 = LINE('',#6588,#6589);
#6588 = CARTESIAN_POINT('',(-1.,-0.625,4.E-02));
#6589 = VECTOR('',#6590,1.);
#6590 = DIRECTION('',(1.,0.,0.));
#6591 = ORIENTED_EDGE('',*,*,#6500,.T.);
#6592 = ORIENTED_EDGE('',*,*,#6593,.T.);
#6593 = EDGE_CURVE('',#6503,#6579,#6594,.T.);
#6594 = LINE('',#6595,#6596);
#6595 = CARTESIAN_POINT('',(-1.,-0.625,1.21));
#6596 = VECTOR('',#6597,1.);
#6597 = DIRECTION('',(1.,0.,0.));
#6598 = PLANE('',#6599);
#6599 = AXIS2_PLACEMENT_3D('',#6600,#6601,#6602);
#6600 = CARTESIAN_POINT('',(-1.,-0.625,0.));
#6601 = DIRECTION('',(0.,1.,0.));
#6602 = DIRECTION('',(0.,-0.,1.));
#6603 = ADVANCED_FACE('',(#6604),#6623,.T.);
#6604 = FACE_BOUND('',#6605,.T.);
#6605 = EDGE_LOOP('',(#6606,#6607,#6615,#6622));
#6606 = ORIENTED_EDGE('',*,*,#6510,.T.);
#6607 = ORIENTED_EDGE('',*,*,#6608,.T.);
#6608 = EDGE_CURVE('',#6511,#6609,#6611,.T.);
#6609 = VERTEX_POINT('',#6610);
#6610 = CARTESIAN_POINT('',(-0.6,-0.585,0.));
#6611 = LINE('',#6612,#6613);
#6612 = CARTESIAN_POINT('',(-1.,-0.585,0.));
#6613 = VECTOR('',#6614,1.);
#6614 = DIRECTION('',(1.,0.,0.));
#6615 = ORIENTED_EDGE('',*,*,#6616,.F.);
#6616 = EDGE_CURVE('',#6577,#6609,#6617,.T.);
#6617 = CIRCLE('',#6618,4.E-02);
#6618 = AXIS2_PLACEMENT_3D('',#6619,#6620,#6621);
#6619 = CARTESIAN_POINT('',(-0.6,-0.585,4.E-02));
#6620 = DIRECTION('',(1.,0.,-0.));
#6621 = DIRECTION('',(0.,0.,1.));
#6622 = ORIENTED_EDGE('',*,*,#6586,.F.);
#6623 = CYLINDRICAL_SURFACE('',#6624,4.E-02);
#6624 = AXIS2_PLACEMENT_3D('',#6625,#6626,#6627);
#6625 = CARTESIAN_POINT('',(-1.,-0.585,4.E-02));
#6626 = DIRECTION('',(1.,0.,0.));
#6627 = DIRECTION('',(0.,-1.,0.));
#6628 = ADVANCED_FACE('',(#6629),#6648,.T.);
#6629 = FACE_BOUND('',#6630,.T.);
#6630 = EDGE_LOOP('',(#6631,#6632,#6641,#6647));
#6631 = ORIENTED_EDGE('',*,*,#6593,.T.);
#6632 = ORIENTED_EDGE('',*,*,#6633,.T.);
#6633 = EDGE_CURVE('',#6579,#6634,#6636,.T.);
#6634 = VERTEX_POINT('',#6635);
#6635 = CARTESIAN_POINT('',(-0.6,-0.585,1.25));
#6636 = CIRCLE('',#6637,4.E-02);
#6637 = AXIS2_PLACEMENT_3D('',#6638,#6639,#6640);
#6638 = CARTESIAN_POINT('',(-0.6,-0.585,1.21));
#6639 = DIRECTION('',(-1.,0.,0.));
#6640 = DIRECTION('',(0.,0.,1.));
#6641 = ORIENTED_EDGE('',*,*,#6642,.F.);
#6642 = EDGE_CURVE('',#6554,#6634,#6643,.T.);
#6643 = LINE('',#6644,#6645);
#6644 = CARTESIAN_POINT('',(-1.,-0.585,1.25));
#6645 = VECTOR('',#6646,1.);
#6646 = DIRECTION('',(1.,0.,0.));
#6647 = ORIENTED_EDGE('',*,*,#6561,.F.);
#6648 = CYLINDRICAL_SURFACE('',#6649,4.E-02);
#6649 = AXIS2_PLACEMENT_3D('',#6650,#6651,#6652);
#6650 = CARTESIAN_POINT('',(-1.,-0.585,1.21));
#6651 = DIRECTION('',(1.,0.,0.));
#6652 = DIRECTION('',(0.,-1.,0.));
#6653 = ADVANCED_FACE('',(#6654),#6672,.F.);
#6654 = FACE_BOUND('',#6655,.F.);
#6655 = EDGE_LOOP('',(#6656,#6657,#6658,#6666));
#6656 = ORIENTED_EDGE('',*,*,#6519,.F.);
#6657 = ORIENTED_EDGE('',*,*,#6608,.T.);
#6658 = ORIENTED_EDGE('',*,*,#6659,.T.);
#6659 = EDGE_CURVE('',#6609,#6660,#6662,.T.);
#6660 = VERTEX_POINT('',#6661);
#6661 = CARTESIAN_POINT('',(-0.6,0.585,0.));
#6662 = LINE('',#6663,#6664);
#6663 = CARTESIAN_POINT('',(-0.6,-0.625,0.));
#6664 = VECTOR('',#6665,1.);
#6665 = DIRECTION('',(0.,1.,0.));
#6666 = ORIENTED_EDGE('',*,*,#6667,.F.);
#6667 = EDGE_CURVE('',#6520,#6660,#6668,.T.);
#6668 = LINE('',#6669,#6670);
#6669 = CARTESIAN_POINT('',(-1.,0.585,0.));
#6670 = VECTOR('',#6671,1.);
#6671 = DIRECTION('',(1.,0.,0.));
#6672 = PLANE('',#6673);
#6673 = AXIS2_PLACEMENT_3D('',#6674,#6675,#6676);
#6674 = CARTESIAN_POINT('',(-1.,-0.625,0.));
#6675 = DIRECTION('',(0.,0.,1.));
#6676 = DIRECTION('',(1.,0.,-0.));
#6677 = ADVANCED_FACE('',(#6678),#6696,.T.);
#6678 = FACE_BOUND('',#6679,.T.);
#6679 = EDGE_LOOP('',(#6680,#6681,#6682,#6690));
#6680 = ORIENTED_EDGE('',*,*,#6553,.F.);
#6681 = ORIENTED_EDGE('',*,*,#6642,.T.);
#6682 = ORIENTED_EDGE('',*,*,#6683,.T.);
#6683 = EDGE_CURVE('',#6634,#6684,#6686,.T.);
#6684 = VERTEX_POINT('',#6685);
#6685 = CARTESIAN_POINT('',(-0.6,0.585,1.25));
#6686 = LINE('',#6687,#6688);
#6687 = CARTESIAN_POINT('',(-0.6,-0.625,1.25));
#6688 = VECTOR('',#6689,1.);
#6689 = DIRECTION('',(0.,1.,0.));
#6690 = ORIENTED_EDGE('',*,*,#6691,.F.);
#6691 = EDGE_CURVE('',#6545,#6684,#6692,.T.);
#6692 = LINE('',#6693,#6694);
#6693 = CARTESIAN_POINT('',(-1.,0.585,1.25));
#6694 = VECTOR('',#6695,1.);
#6695 = DIRECTION('',(1.,0.,0.));
#6696 = PLANE('',#6697);
#6697 = AXIS2_PLACEMENT_3D('',#6698,#6699,#6700);
#6698 = CARTESIAN_POINT('',(-1.,-0.625,1.25));
#6699 = DIRECTION('',(0.,0.,1.));
#6700 = DIRECTION('',(1.,0.,-0.));
#6701 = ADVANCED_FACE('',(#6702),#6721,.T.);
#6702 = FACE_BOUND('',#6703,.T.);
#6703 = EDGE_LOOP('',(#6704,#6712,#6719,#6720));
#6704 = ORIENTED_EDGE('',*,*,#6705,.T.);
#6705 = EDGE_CURVE('',#6528,#6706,#6708,.T.);
#6706 = VERTEX_POINT('',#6707);
#6707 = CARTESIAN_POINT('',(-0.6,0.625,4.E-02));
#6708 = LINE('',#6709,#6710);
#6709 = CARTESIAN_POINT('',(-1.,0.625,4.E-02));
#6710 = VECTOR('',#6711,1.);
#6711 = DIRECTION('',(1.,0.,0.));
#6712 = ORIENTED_EDGE('',*,*,#6713,.T.);
#6713 = EDGE_CURVE('',#6706,#6660,#6714,.T.);
#6714 = CIRCLE('',#6715,4.E-02);
#6715 = AXIS2_PLACEMENT_3D('',#6716,#6717,#6718);
#6716 = CARTESIAN_POINT('',(-0.6,0.585,4.E-02));
#6717 = DIRECTION('',(-1.,0.,0.));
#6718 = DIRECTION('',(0.,0.,1.));
#6719 = ORIENTED_EDGE('',*,*,#6667,.F.);
#6720 = ORIENTED_EDGE('',*,*,#6527,.F.);
#6721 = CYLINDRICAL_SURFACE('',#6722,4.E-02);
#6722 = AXIS2_PLACEMENT_3D('',#6723,#6724,#6725);
#6723 = CARTESIAN_POINT('',(-1.,0.585,4.E-02));
#6724 = DIRECTION('',(1.,0.,0.));
#6725 = DIRECTION('',(-0.,1.,0.));
#6726 = ADVANCED_FACE('',(#6727),#6746,.T.);
#6727 = FACE_BOUND('',#6728,.T.);
#6728 = EDGE_LOOP('',(#6729,#6730,#6731,#6740));
#6729 = ORIENTED_EDGE('',*,*,#6544,.T.);
#6730 = ORIENTED_EDGE('',*,*,#6691,.T.);
#6731 = ORIENTED_EDGE('',*,*,#6732,.F.);
#6732 = EDGE_CURVE('',#6733,#6684,#6735,.T.);
#6733 = VERTEX_POINT('',#6734);
#6734 = CARTESIAN_POINT('',(-0.6,0.625,1.21));
#6735 = CIRCLE('',#6736,4.E-02);
#6736 = AXIS2_PLACEMENT_3D('',#6737,#6738,#6739);
#6737 = CARTESIAN_POINT('',(-0.6,0.585,1.21));
#6738 = DIRECTION('',(1.,0.,-0.));
#6739 = DIRECTION('',(0.,0.,1.));
#6740 = ORIENTED_EDGE('',*,*,#6741,.F.);
#6741 = EDGE_CURVE('',#6537,#6733,#6742,.T.);
#6742 = LINE('',#6743,#6744);
#6743 = CARTESIAN_POINT('',(-1.,0.625,1.21));
#6744 = VECTOR('',#6745,1.);
#6745 = DIRECTION('',(1.,0.,0.));
#6746 = CYLINDRICAL_SURFACE('',#6747,4.E-02);
#6747 = AXIS2_PLACEMENT_3D('',#6748,#6749,#6750);
#6748 = CARTESIAN_POINT('',(-1.,0.585,1.21));
#6749 = DIRECTION('',(1.,0.,0.));
#6750 = DIRECTION('',(-0.,1.,0.));
#6751 = ADVANCED_FACE('',(#6752),#6763,.T.);
#6752 = FACE_BOUND('',#6753,.T.);
#6753 = EDGE_LOOP('',(#6754,#6760,#6761,#6762));
#6754 = ORIENTED_EDGE('',*,*,#6755,.F.);
#6755 = EDGE_CURVE('',#6706,#6733,#6756,.T.);
#6756 = LINE('',#6757,#6758);
#6757 = CARTESIAN_POINT('',(-0.6,0.625,0.));
#6758 = VECTOR('',#6759,1.);
#6759 = DIRECTION('',(0.,0.,1.));
#6760 = ORIENTED_EDGE('',*,*,#6705,.F.);
#6761 = ORIENTED_EDGE('',*,*,#6536,.T.);
#6762 = ORIENTED_EDGE('',*,*,#6741,.T.);
#6763 = PLANE('',#6764);
#6764 = AXIS2_PLACEMENT_3D('',#6765,#6766,#6767);
#6765 = CARTESIAN_POINT('',(-1.,0.625,0.));
#6766 = DIRECTION('',(0.,1.,0.));
#6767 = DIRECTION('',(0.,-0.,1.));
#6768 = ADVANCED_FACE('',(#6769,#6779),#6849,.T.);
#6769 = FACE_BOUND('',#6770,.T.);
#6770 = EDGE_LOOP('',(#6771,#6772,#6773,#6774,#6775,#6776,#6777,#6778));
#6771 = ORIENTED_EDGE('',*,*,#6576,.F.);
#6772 = ORIENTED_EDGE('',*,*,#6616,.T.);
#6773 = ORIENTED_EDGE('',*,*,#6659,.T.);
#6774 = ORIENTED_EDGE('',*,*,#6713,.F.);
#6775 = ORIENTED_EDGE('',*,*,#6755,.T.);
#6776 = ORIENTED_EDGE('',*,*,#6732,.T.);
#6777 = ORIENTED_EDGE('',*,*,#6683,.F.);
#6778 = ORIENTED_EDGE('',*,*,#6633,.F.);
#6779 = FACE_BOUND('',#6780,.T.);
#6780 = EDGE_LOOP('',(#6781,#6792,#6800,#6809,#6817,#6826,#6834,#6843));
#6781 = ORIENTED_EDGE('',*,*,#6782,.F.);
#6782 = EDGE_CURVE('',#6783,#6785,#6787,.T.);
#6783 = VERTEX_POINT('',#6784);
#6784 = CARTESIAN_POINT('',(-0.6,-0.585,8.E-02));
#6785 = VERTEX_POINT('',#6786);
#6786 = CARTESIAN_POINT('',(-0.6,-0.545,4.E-02));
#6787 = CIRCLE('',#6788,4.E-02);
#6788 = AXIS2_PLACEMENT_3D('',#6789,#6790,#6791);
#6789 = CARTESIAN_POINT('',(-0.6,-0.545,8.E-02));
#6790 = DIRECTION('',(1.,0.,-0.));
#6791 = DIRECTION('',(0.,0.,1.));
#6792 = ORIENTED_EDGE('',*,*,#6793,.T.);
#6793 = EDGE_CURVE('',#6783,#6794,#6796,.T.);
#6794 = VERTEX_POINT('',#6795);
#6795 = CARTESIAN_POINT('',(-0.6,-0.585,1.17));
#6796 = LINE('',#6797,#6798);
#6797 = CARTESIAN_POINT('',(-0.6,-0.585,4.E-02));
#6798 = VECTOR('',#6799,1.);
#6799 = DIRECTION('',(0.,0.,1.));
#6800 = ORIENTED_EDGE('',*,*,#6801,.T.);
#6801 = EDGE_CURVE('',#6794,#6802,#6804,.T.);
#6802 = VERTEX_POINT('',#6803);
#6803 = CARTESIAN_POINT('',(-0.6,-0.545,1.21));
#6804 = CIRCLE('',#6805,4.E-02);
#6805 = AXIS2_PLACEMENT_3D('',#6806,#6807,#6808);
#6806 = CARTESIAN_POINT('',(-0.6,-0.545,1.17));
#6807 = DIRECTION('',(-1.,0.,0.));
#6808 = DIRECTION('',(0.,0.,1.));
#6809 = ORIENTED_EDGE('',*,*,#6810,.T.);
#6810 = EDGE_CURVE('',#6802,#6811,#6813,.T.);
#6811 = VERTEX_POINT('',#6812);
#6812 = CARTESIAN_POINT('',(-0.6,0.545,1.21));
#6813 = LINE('',#6814,#6815);
#6814 = CARTESIAN_POINT('',(-0.6,-0.585,1.21));
#6815 = VECTOR('',#6816,1.);
#6816 = DIRECTION('',(0.,1.,0.));
#6817 = ORIENTED_EDGE('',*,*,#6818,.F.);
#6818 = EDGE_CURVE('',#6819,#6811,#6821,.T.);
#6819 = VERTEX_POINT('',#6820);
#6820 = CARTESIAN_POINT('',(-0.6,0.585,1.17));
#6821 = CIRCLE('',#6822,4.E-02);
#6822 = AXIS2_PLACEMENT_3D('',#6823,#6824,#6825);
#6823 = CARTESIAN_POINT('',(-0.6,0.545,1.17));
#6824 = DIRECTION('',(1.,0.,-0.));
#6825 = DIRECTION('',(0.,0.,1.));
#6826 = ORIENTED_EDGE('',*,*,#6827,.F.);
#6827 = EDGE_CURVE('',#6828,#6819,#6830,.T.);
#6828 = VERTEX_POINT('',#6829);
#6829 = CARTESIAN_POINT('',(-0.6,0.585,8.E-02));
#6830 = LINE('',#6831,#6832);
#6831 = CARTESIAN_POINT('',(-0.6,0.585,4.E-02));
#6832 = VECTOR('',#6833,1.);
#6833 = DIRECTION('',(0.,0.,1.));
#6834 = ORIENTED_EDGE('',*,*,#6835,.T.);
#6835 = EDGE_CURVE('',#6828,#6836,#6838,.T.);
#6836 = VERTEX_POINT('',#6837);
#6837 = CARTESIAN_POINT('',(-0.6,0.545,4.E-02));
#6838 = CIRCLE('',#6839,4.E-02);
#6839 = AXIS2_PLACEMENT_3D('',#6840,#6841,#6842);
#6840 = CARTESIAN_POINT('',(-0.6,0.545,8.E-02));
#6841 = DIRECTION('',(-1.,0.,0.));
#6842 = DIRECTION('',(0.,0.,1.));
#6843 = ORIENTED_EDGE('',*,*,#6844,.F.);
#6844 = EDGE_CURVE('',#6785,#6836,#6845,.T.);
#6845 = LINE('',#6846,#6847);
#6846 = CARTESIAN_POINT('',(-0.6,-0.585,4.E-02));
#6847 = VECTOR('',#6848,1.);
#6848 = DIRECTION('',(0.,1.,0.));
#6849 = PLANE('',#6850);
#6850 = AXIS2_PLACEMENT_3D('',#6851,#6852,#6853);
#6851 = CARTESIAN_POINT('',(-0.6,-0.625,0.));
#6852 = DIRECTION('',(1.,0.,0.));
#6853 = DIRECTION('',(0.,0.,1.));
#6854 = ADVANCED_FACE('',(#6855),#6881,.T.);
#6855 = FACE_BOUND('',#6856,.T.);
#6856 = EDGE_LOOP('',(#6857,#6858,#6866,#6875));
#6857 = ORIENTED_EDGE('',*,*,#6782,.T.);
#6858 = ORIENTED_EDGE('',*,*,#6859,.T.);
#6859 = EDGE_CURVE('',#6785,#6860,#6862,.T.);
#6860 = VERTEX_POINT('',#6861);
#6861 = CARTESIAN_POINT('',(0.6,-0.545,4.E-02));
#6862 = LINE('',#6863,#6864);
#6863 = CARTESIAN_POINT('',(-0.6,-0.545,4.E-02));
#6864 = VECTOR('',#6865,1.);
#6865 = DIRECTION('',(1.,0.,0.));
#6866 = ORIENTED_EDGE('',*,*,#6867,.F.);
#6867 = EDGE_CURVE('',#6868,#6860,#6870,.T.);
#6868 = VERTEX_POINT('',#6869);
#6869 = CARTESIAN_POINT('',(0.6,-0.585,8.E-02));
#6870 = CIRCLE('',#6871,4.E-02);
#6871 = AXIS2_PLACEMENT_3D('',#6872,#6873,#6874);
#6872 = CARTESIAN_POINT('',(0.6,-0.545,8.E-02));
#6873 = DIRECTION('',(1.,0.,-0.));
#6874 = DIRECTION('',(0.,0.,1.));
#6875 = ORIENTED_EDGE('',*,*,#6876,.F.);
#6876 = EDGE_CURVE('',#6783,#6868,#6877,.T.);
#6877 = LINE('',#6878,#6879);
#6878 = CARTESIAN_POINT('',(-0.6,-0.585,8.E-02));
#6879 = VECTOR('',#6880,1.);
#6880 = DIRECTION('',(1.,0.,0.));
#6881 = CYLINDRICAL_SURFACE('',#6882,4.E-02);
#6882 = AXIS2_PLACEMENT_3D('',#6883,#6884,#6885);
#6883 = CARTESIAN_POINT('',(-0.6,-0.545,8.E-02));
#6884 = DIRECTION('',(1.,0.,0.));
#6885 = DIRECTION('',(0.,-1.,0.));
#6886 = ADVANCED_FACE('',(#6887),#6905,.F.);
#6887 = FACE_BOUND('',#6888,.F.);
#6888 = EDGE_LOOP('',(#6889,#6890,#6891,#6899));
#6889 = ORIENTED_EDGE('',*,*,#6844,.F.);
#6890 = ORIENTED_EDGE('',*,*,#6859,.T.);
#6891 = ORIENTED_EDGE('',*,*,#6892,.T.);
#6892 = EDGE_CURVE('',#6860,#6893,#6895,.T.);
#6893 = VERTEX_POINT('',#6894);
#6894 = CARTESIAN_POINT('',(0.6,0.545,4.E-02));
#6895 = LINE('',#6896,#6897);
#6896 = CARTESIAN_POINT('',(0.6,-0.585,4.E-02));
#6897 = VECTOR('',#6898,1.);
#6898 = DIRECTION('',(0.,1.,0.));
#6899 = ORIENTED_EDGE('',*,*,#6900,.F.);
#6900 = EDGE_CURVE('',#6836,#6893,#6901,.T.);
#6901 = LINE('',#6902,#6903);
#6902 = CARTESIAN_POINT('',(-0.6,0.545,4.E-02));
#6903 = VECTOR('',#6904,1.);
#6904 = DIRECTION('',(1.,0.,0.));
#6905 = PLANE('',#6906);
#6906 = AXIS2_PLACEMENT_3D('',#6907,#6908,#6909);
#6907 = CARTESIAN_POINT('',(-0.6,-0.585,4.E-02));
#6908 = DIRECTION('',(0.,0.,1.));
#6909 = DIRECTION('',(1.,0.,-0.));
#6910 = ADVANCED_FACE('',(#6911),#6930,.T.);
#6911 = FACE_BOUND('',#6912,.T.);
#6912 = EDGE_LOOP('',(#6913,#6921,#6928,#6929));
#6913 = ORIENTED_EDGE('',*,*,#6914,.T.);
#6914 = EDGE_CURVE('',#6828,#6915,#6917,.T.);
#6915 = VERTEX_POINT('',#6916);
#6916 = CARTESIAN_POINT('',(0.6,0.585,8.E-02));
#6917 = LINE('',#6918,#6919);
#6918 = CARTESIAN_POINT('',(-0.6,0.585,8.E-02));
#6919 = VECTOR('',#6920,1.);
#6920 = DIRECTION('',(1.,0.,0.));
#6921 = ORIENTED_EDGE('',*,*,#6922,.T.);
#6922 = EDGE_CURVE('',#6915,#6893,#6923,.T.);
#6923 = CIRCLE('',#6924,4.E-02);
#6924 = AXIS2_PLACEMENT_3D('',#6925,#6926,#6927);
#6925 = CARTESIAN_POINT('',(0.6,0.545,8.E-02));
#6926 = DIRECTION('',(-1.,0.,0.));
#6927 = DIRECTION('',(0.,0.,1.));
#6928 = ORIENTED_EDGE('',*,*,#6900,.F.);
#6929 = ORIENTED_EDGE('',*,*,#6835,.F.);
#6930 = CYLINDRICAL_SURFACE('',#6931,4.E-02);
#6931 = AXIS2_PLACEMENT_3D('',#6932,#6933,#6934);
#6932 = CARTESIAN_POINT('',(-0.6,0.545,8.E-02));
#6933 = DIRECTION('',(1.,0.,0.));
#6934 = DIRECTION('',(-0.,1.,0.));
#6935 = ADVANCED_FACE('',(#6936),#6954,.T.);
#6936 = FACE_BOUND('',#6937,.T.);
#6937 = EDGE_LOOP('',(#6938,#6946,#6947,#6948));
#6938 = ORIENTED_EDGE('',*,*,#6939,.F.);
#6939 = EDGE_CURVE('',#6915,#6940,#6942,.T.);
#6940 = VERTEX_POINT('',#6941);
#6941 = CARTESIAN_POINT('',(0.6,0.585,1.17));
#6942 = LINE('',#6943,#6944);
#6943 = CARTESIAN_POINT('',(0.6,0.585,4.E-02));
#6944 = VECTOR('',#6945,1.);
#6945 = DIRECTION('',(0.,0.,1.));
#6946 = ORIENTED_EDGE('',*,*,#6914,.F.);
#6947 = ORIENTED_EDGE('',*,*,#6827,.T.);
#6948 = ORIENTED_EDGE('',*,*,#6949,.T.);
#6949 = EDGE_CURVE('',#6819,#6940,#6950,.T.);
#6950 = LINE('',#6951,#6952);
#6951 = CARTESIAN_POINT('',(-0.6,0.585,1.17));
#6952 = VECTOR('',#6953,1.);
#6953 = DIRECTION('',(1.,0.,0.));
#6954 = PLANE('',#6955);
#6955 = AXIS2_PLACEMENT_3D('',#6956,#6957,#6958);
#6956 = CARTESIAN_POINT('',(-0.6,0.585,4.E-02));
#6957 = DIRECTION('',(0.,1.,0.));
#6958 = DIRECTION('',(0.,-0.,1.));
#6959 = ADVANCED_FACE('',(#6960),#6979,.T.);
#6960 = FACE_BOUND('',#6961,.T.);
#6961 = EDGE_LOOP('',(#6962,#6963,#6971,#6978));
#6962 = ORIENTED_EDGE('',*,*,#6818,.T.);
#6963 = ORIENTED_EDGE('',*,*,#6964,.T.);
#6964 = EDGE_CURVE('',#6811,#6965,#6967,.T.);
#6965 = VERTEX_POINT('',#6966);
#6966 = CARTESIAN_POINT('',(0.6,0.545,1.21));
#6967 = LINE('',#6968,#6969);
#6968 = CARTESIAN_POINT('',(-0.6,0.545,1.21));
#6969 = VECTOR('',#6970,1.);
#6970 = DIRECTION('',(1.,0.,0.));
#6971 = ORIENTED_EDGE('',*,*,#6972,.F.);
#6972 = EDGE_CURVE('',#6940,#6965,#6973,.T.);
#6973 = CIRCLE('',#6974,4.E-02);
#6974 = AXIS2_PLACEMENT_3D('',#6975,#6976,#6977);
#6975 = CARTESIAN_POINT('',(0.6,0.545,1.17));
#6976 = DIRECTION('',(1.,0.,-0.));
#6977 = DIRECTION('',(0.,0.,1.));
#6978 = ORIENTED_EDGE('',*,*,#6949,.F.);
#6979 = CYLINDRICAL_SURFACE('',#6980,4.E-02);
#6980 = AXIS2_PLACEMENT_3D('',#6981,#6982,#6983);
#6981 = CARTESIAN_POINT('',(-0.6,0.545,1.17));
#6982 = DIRECTION('',(1.,0.,0.));
#6983 = DIRECTION('',(-0.,1.,0.));
#6984 = ADVANCED_FACE('',(#6985),#7003,.T.);
#6985 = FACE_BOUND('',#6986,.T.);
#6986 = EDGE_LOOP('',(#6987,#6988,#6996,#7002));
#6987 = ORIENTED_EDGE('',*,*,#6810,.F.);
#6988 = ORIENTED_EDGE('',*,*,#6989,.T.);
#6989 = EDGE_CURVE('',#6802,#6990,#6992,.T.);
#6990 = VERTEX_POINT('',#6991);
#6991 = CARTESIAN_POINT('',(0.6,-0.545,1.21));
#6992 = LINE('',#6993,#6994);
#6993 = CARTESIAN_POINT('',(-0.6,-0.545,1.21));
#6994 = VECTOR('',#6995,1.);
#6995 = DIRECTION('',(1.,0.,0.));
#6996 = ORIENTED_EDGE('',*,*,#6997,.T.);
#6997 = EDGE_CURVE('',#6990,#6965,#6998,.T.);
#6998 = LINE('',#6999,#7000);
#6999 = CARTESIAN_POINT('',(0.6,-0.585,1.21));
#7000 = VECTOR('',#7001,1.);
#7001 = DIRECTION('',(0.,1.,0.));
#7002 = ORIENTED_EDGE('',*,*,#6964,.F.);
#7003 = PLANE('',#7004);
#7004 = AXIS2_PLACEMENT_3D('',#7005,#7006,#7007);
#7005 = CARTESIAN_POINT('',(-0.6,-0.585,1.21));
#7006 = DIRECTION('',(0.,0.,1.));
#7007 = DIRECTION('',(1.,0.,-0.));
#7008 = ADVANCED_FACE('',(#7009),#7028,.T.);
#7009 = FACE_BOUND('',#7010,.T.);
#7010 = EDGE_LOOP('',(#7011,#7019,#7026,#7027));
#7011 = ORIENTED_EDGE('',*,*,#7012,.T.);
#7012 = EDGE_CURVE('',#6794,#7013,#7015,.T.);
#7013 = VERTEX_POINT('',#7014);
#7014 = CARTESIAN_POINT('',(0.6,-0.585,1.17));
#7015 = LINE('',#7016,#7017);
#7016 = CARTESIAN_POINT('',(-0.6,-0.585,1.17));
#7017 = VECTOR('',#7018,1.);
#7018 = DIRECTION('',(1.,0.,0.));
#7019 = ORIENTED_EDGE('',*,*,#7020,.T.);
#7020 = EDGE_CURVE('',#7013,#6990,#7021,.T.);
#7021 = CIRCLE('',#7022,4.E-02);
#7022 = AXIS2_PLACEMENT_3D('',#7023,#7024,#7025);
#7023 = CARTESIAN_POINT('',(0.6,-0.545,1.17));
#7024 = DIRECTION('',(-1.,0.,0.));
#7025 = DIRECTION('',(0.,0.,1.));
#7026 = ORIENTED_EDGE('',*,*,#6989,.F.);
#7027 = ORIENTED_EDGE('',*,*,#6801,.F.);
#7028 = CYLINDRICAL_SURFACE('',#7029,4.E-02);
#7029 = AXIS2_PLACEMENT_3D('',#7030,#7031,#7032);
#7030 = CARTESIAN_POINT('',(-0.6,-0.545,1.17));
#7031 = DIRECTION('',(1.,0.,0.));
#7032 = DIRECTION('',(0.,-1.,0.));
#7033 = ADVANCED_FACE('',(#7034),#7045,.F.);
#7034 = FACE_BOUND('',#7035,.F.);
#7035 = EDGE_LOOP('',(#7036,#7042,#7043,#7044));
#7036 = ORIENTED_EDGE('',*,*,#7037,.F.);
#7037 = EDGE_CURVE('',#6868,#7013,#7038,.T.);
#7038 = LINE('',#7039,#7040);
#7039 = CARTESIAN_POINT('',(0.6,-0.585,4.E-02));
#7040 = VECTOR('',#7041,1.);
#7041 = DIRECTION('',(0.,0.,1.));
#7042 = ORIENTED_EDGE('',*,*,#6876,.F.);
#7043 = ORIENTED_EDGE('',*,*,#6793,.T.);
#7044 = ORIENTED_EDGE('',*,*,#7012,.T.);
#7045 = PLANE('',#7046);
#7046 = AXIS2_PLACEMENT_3D('',#7047,#7048,#7049);
#7047 = CARTESIAN_POINT('',(-0.6,-0.585,4.E-02));
#7048 = DIRECTION('',(0.,1.,0.));
#7049 = DIRECTION('',(0.,-0.,1.));
#7050 = ADVANCED_FACE('',(#7051,#7121),#7131,.F.);
#7051 = FACE_BOUND('',#7052,.F.);
#7052 = EDGE_LOOP('',(#7053,#7063,#7072,#7080,#7089,#7097,#7106,#7114));
#7053 = ORIENTED_EDGE('',*,*,#7054,.F.);
#7054 = EDGE_CURVE('',#7055,#7057,#7059,.T.);
#7055 = VERTEX_POINT('',#7056);
#7056 = CARTESIAN_POINT('',(0.6,-0.625,4.E-02));
#7057 = VERTEX_POINT('',#7058);
#7058 = CARTESIAN_POINT('',(0.6,-0.625,1.21));
#7059 = LINE('',#7060,#7061);
#7060 = CARTESIAN_POINT('',(0.6,-0.625,0.));
#7061 = VECTOR('',#7062,1.);
#7062 = DIRECTION('',(0.,0.,1.));
#7063 = ORIENTED_EDGE('',*,*,#7064,.T.);
#7064 = EDGE_CURVE('',#7055,#7065,#7067,.T.);
#7065 = VERTEX_POINT('',#7066);
#7066 = CARTESIAN_POINT('',(0.6,-0.585,0.));
#7067 = CIRCLE('',#7068,4.E-02);
#7068 = AXIS2_PLACEMENT_3D('',#7069,#7070,#7071);
#7069 = CARTESIAN_POINT('',(0.6,-0.585,4.E-02));
#7070 = DIRECTION('',(1.,0.,-0.));
#7071 = DIRECTION('',(0.,0.,1.));
#7072 = ORIENTED_EDGE('',*,*,#7073,.T.);
#7073 = EDGE_CURVE('',#7065,#7074,#7076,.T.);
#7074 = VERTEX_POINT('',#7075);
#7075 = CARTESIAN_POINT('',(0.6,0.585,0.));
#7076 = LINE('',#7077,#7078);
#7077 = CARTESIAN_POINT('',(0.6,-0.625,0.));
#7078 = VECTOR('',#7079,1.);
#7079 = DIRECTION('',(0.,1.,0.));
#7080 = ORIENTED_EDGE('',*,*,#7081,.F.);
#7081 = EDGE_CURVE('',#7082,#7074,#7084,.T.);
#7082 = VERTEX_POINT('',#7083);
#7083 = CARTESIAN_POINT('',(0.6,0.625,4.E-02));
#7084 = CIRCLE('',#7085,4.E-02);
#7085 = AXIS2_PLACEMENT_3D('',#7086,#7087,#7088);
#7086 = CARTESIAN_POINT('',(0.6,0.585,4.E-02));
#7087 = DIRECTION('',(-1.,0.,0.));
#7088 = DIRECTION('',(0.,0.,1.));
#7089 = ORIENTED_EDGE('',*,*,#7090,.T.);
#7090 = EDGE_CURVE('',#7082,#7091,#7093,.T.);
#7091 = VERTEX_POINT('',#7092);
#7092 = CARTESIAN_POINT('',(0.6,0.625,1.21));
#7093 = LINE('',#7094,#7095);
#7094 = CARTESIAN_POINT('',(0.6,0.625,0.));
#7095 = VECTOR('',#7096,1.);
#7096 = DIRECTION('',(0.,0.,1.));
#7097 = ORIENTED_EDGE('',*,*,#7098,.T.);
#7098 = EDGE_CURVE('',#7091,#7099,#7101,.T.);
#7099 = VERTEX_POINT('',#7100);
#7100 = CARTESIAN_POINT('',(0.6,0.585,1.25));
#7101 = CIRCLE('',#7102,4.E-02);
#7102 = AXIS2_PLACEMENT_3D('',#7103,#7104,#7105);
#7103 = CARTESIAN_POINT('',(0.6,0.585,1.21));
#7104 = DIRECTION('',(1.,0.,-0.));
#7105 = DIRECTION('',(0.,0.,1.));
#7106 = ORIENTED_EDGE('',*,*,#7107,.F.);
#7107 = EDGE_CURVE('',#7108,#7099,#7110,.T.);
#7108 = VERTEX_POINT('',#7109);
#7109 = CARTESIAN_POINT('',(0.6,-0.585,1.25));
#7110 = LINE('',#7111,#7112);
#7111 = CARTESIAN_POINT('',(0.6,-0.625,1.25));
#7112 = VECTOR('',#7113,1.);
#7113 = DIRECTION('',(0.,1.,0.));
#7114 = ORIENTED_EDGE('',*,*,#7115,.F.);
#7115 = EDGE_CURVE('',#7057,#7108,#7116,.T.);
#7116 = CIRCLE('',#7117,4.E-02);
#7117 = AXIS2_PLACEMENT_3D('',#7118,#7119,#7120);
#7118 = CARTESIAN_POINT('',(0.6,-0.585,1.21));
#7119 = DIRECTION('',(-1.,0.,0.));
#7120 = DIRECTION('',(0.,0.,1.));
#7121 = FACE_BOUND('',#7122,.F.);
#7122 = EDGE_LOOP('',(#7123,#7124,#7125,#7126,#7127,#7128,#7129,#7130));
#7123 = ORIENTED_EDGE('',*,*,#6867,.F.);
#7124 = ORIENTED_EDGE('',*,*,#7037,.T.);
#7125 = ORIENTED_EDGE('',*,*,#7020,.T.);
#7126 = ORIENTED_EDGE('',*,*,#6997,.T.);
#7127 = ORIENTED_EDGE('',*,*,#6972,.F.);
#7128 = ORIENTED_EDGE('',*,*,#6939,.F.);
#7129 = ORIENTED_EDGE('',*,*,#6922,.T.);
#7130 = ORIENTED_EDGE('',*,*,#6892,.F.);
#7131 = PLANE('',#7132);
#7132 = AXIS2_PLACEMENT_3D('',#7133,#7134,#7135);
#7133 = CARTESIAN_POINT('',(0.6,-0.625,0.));
#7134 = DIRECTION('',(1.,0.,0.));
#7135 = DIRECTION('',(0.,0.,1.));
#7136 = ADVANCED_FACE('',(#7137),#7162,.F.);
#7137 = FACE_BOUND('',#7138,.F.);
#7138 = EDGE_LOOP('',(#7139,#7149,#7155,#7156));
#7139 = ORIENTED_EDGE('',*,*,#7140,.F.);
#7140 = EDGE_CURVE('',#7141,#7143,#7145,.T.);
#7141 = VERTEX_POINT('',#7142);
#7142 = CARTESIAN_POINT('',(1.,-0.625,4.E-02));
#7143 = VERTEX_POINT('',#7144);
#7144 = CARTESIAN_POINT('',(1.,-0.625,1.21));
#7145 = LINE('',#7146,#7147);
#7146 = CARTESIAN_POINT('',(1.,-0.625,0.));
#7147 = VECTOR('',#7148,1.);
#7148 = DIRECTION('',(0.,0.,1.));
#7149 = ORIENTED_EDGE('',*,*,#7150,.F.);
#7150 = EDGE_CURVE('',#7055,#7141,#7151,.T.);
#7151 = LINE('',#7152,#7153);
#7152 = CARTESIAN_POINT('',(0.6,-0.625,4.E-02));
#7153 = VECTOR('',#7154,1.);
#7154 = DIRECTION('',(1.,0.,0.));
#7155 = ORIENTED_EDGE('',*,*,#7054,.T.);
#7156 = ORIENTED_EDGE('',*,*,#7157,.T.);
#7157 = EDGE_CURVE('',#7057,#7143,#7158,.T.);
#7158 = LINE('',#7159,#7160);
#7159 = CARTESIAN_POINT('',(0.6,-0.625,1.21));
#7160 = VECTOR('',#7161,1.);
#7161 = DIRECTION('',(1.,0.,0.));
#7162 = PLANE('',#7163);
#7163 = AXIS2_PLACEMENT_3D('',#7164,#7165,#7166);
#7164 = CARTESIAN_POINT('',(0.6,-0.625,0.));
#7165 = DIRECTION('',(0.,1.,0.));
#7166 = DIRECTION('',(0.,-0.,1.));
#7167 = ADVANCED_FACE('',(#7168),#7187,.T.);
#7168 = FACE_BOUND('',#7169,.T.);
#7169 = EDGE_LOOP('',(#7170,#7171,#7179,#7186));
#7170 = ORIENTED_EDGE('',*,*,#7064,.T.);
#7171 = ORIENTED_EDGE('',*,*,#7172,.T.);
#7172 = EDGE_CURVE('',#7065,#7173,#7175,.T.);
#7173 = VERTEX_POINT('',#7174);
#7174 = CARTESIAN_POINT('',(1.,-0.585,0.));
#7175 = LINE('',#7176,#7177);
#7176 = CARTESIAN_POINT('',(0.6,-0.585,0.));
#7177 = VECTOR('',#7178,1.);
#7178 = DIRECTION('',(1.,0.,0.));
#7179 = ORIENTED_EDGE('',*,*,#7180,.F.);
#7180 = EDGE_CURVE('',#7141,#7173,#7181,.T.);
#7181 = CIRCLE('',#7182,4.E-02);
#7182 = AXIS2_PLACEMENT_3D('',#7183,#7184,#7185);
#7183 = CARTESIAN_POINT('',(1.,-0.585,4.E-02));
#7184 = DIRECTION('',(1.,0.,-0.));
#7185 = DIRECTION('',(0.,0.,1.));
#7186 = ORIENTED_EDGE('',*,*,#7150,.F.);
#7187 = CYLINDRICAL_SURFACE('',#7188,4.E-02);
#7188 = AXIS2_PLACEMENT_3D('',#7189,#7190,#7191);
#7189 = CARTESIAN_POINT('',(0.6,-0.585,4.E-02));
#7190 = DIRECTION('',(1.,0.,0.));
#7191 = DIRECTION('',(0.,-1.,0.));
#7192 = ADVANCED_FACE('',(#7193),#7212,.T.);
#7193 = FACE_BOUND('',#7194,.T.);
#7194 = EDGE_LOOP('',(#7195,#7196,#7205,#7211));
#7195 = ORIENTED_EDGE('',*,*,#7157,.T.);
#7196 = ORIENTED_EDGE('',*,*,#7197,.T.);
#7197 = EDGE_CURVE('',#7143,#7198,#7200,.T.);
#7198 = VERTEX_POINT('',#7199);
#7199 = CARTESIAN_POINT('',(1.,-0.585,1.25));
#7200 = CIRCLE('',#7201,4.E-02);
#7201 = AXIS2_PLACEMENT_3D('',#7202,#7203,#7204);
#7202 = CARTESIAN_POINT('',(1.,-0.585,1.21));
#7203 = DIRECTION('',(-1.,0.,0.));
#7204 = DIRECTION('',(0.,0.,1.));
#7205 = ORIENTED_EDGE('',*,*,#7206,.F.);
#7206 = EDGE_CURVE('',#7108,#7198,#7207,.T.);
#7207 = LINE('',#7208,#7209);
#7208 = CARTESIAN_POINT('',(0.6,-0.585,1.25));
#7209 = VECTOR('',#7210,1.);
#7210 = DIRECTION('',(1.,0.,0.));
#7211 = ORIENTED_EDGE('',*,*,#7115,.F.);
#7212 = CYLINDRICAL_SURFACE('',#7213,4.E-02);
#7213 = AXIS2_PLACEMENT_3D('',#7214,#7215,#7216);
#7214 = CARTESIAN_POINT('',(0.6,-0.585,1.21));
#7215 = DIRECTION('',(1.,0.,0.));
#7216 = DIRECTION('',(0.,-1.,0.));
#7217 = ADVANCED_FACE('',(#7218),#7236,.F.);
#7218 = FACE_BOUND('',#7219,.F.);
#7219 = EDGE_LOOP('',(#7220,#7221,#7222,#7230));
#7220 = ORIENTED_EDGE('',*,*,#7073,.F.);
#7221 = ORIENTED_EDGE('',*,*,#7172,.T.);
#7222 = ORIENTED_EDGE('',*,*,#7223,.T.);
#7223 = EDGE_CURVE('',#7173,#7224,#7226,.T.);
#7224 = VERTEX_POINT('',#7225);
#7225 = CARTESIAN_POINT('',(1.,0.585,0.));
#7226 = LINE('',#7227,#7228);
#7227 = CARTESIAN_POINT('',(1.,-0.625,0.));
#7228 = VECTOR('',#7229,1.);
#7229 = DIRECTION('',(0.,1.,0.));
#7230 = ORIENTED_EDGE('',*,*,#7231,.F.);
#7231 = EDGE_CURVE('',#7074,#7224,#7232,.T.);
#7232 = LINE('',#7233,#7234);
#7233 = CARTESIAN_POINT('',(0.6,0.585,0.));
#7234 = VECTOR('',#7235,1.);
#7235 = DIRECTION('',(1.,0.,0.));
#7236 = PLANE('',#7237);
#7237 = AXIS2_PLACEMENT_3D('',#7238,#7239,#7240);
#7238 = CARTESIAN_POINT('',(0.6,-0.625,0.));
#7239 = DIRECTION('',(0.,0.,1.));
#7240 = DIRECTION('',(1.,0.,-0.));
#7241 = ADVANCED_FACE('',(#7242),#7260,.T.);
#7242 = FACE_BOUND('',#7243,.T.);
#7243 = EDGE_LOOP('',(#7244,#7245,#7246,#7254));
#7244 = ORIENTED_EDGE('',*,*,#7107,.F.);
#7245 = ORIENTED_EDGE('',*,*,#7206,.T.);
#7246 = ORIENTED_EDGE('',*,*,#7247,.T.);
#7247 = EDGE_CURVE('',#7198,#7248,#7250,.T.);
#7248 = VERTEX_POINT('',#7249);
#7249 = CARTESIAN_POINT('',(1.,0.585,1.25));
#7250 = LINE('',#7251,#7252);
#7251 = CARTESIAN_POINT('',(1.,-0.625,1.25));
#7252 = VECTOR('',#7253,1.);
#7253 = DIRECTION('',(0.,1.,0.));
#7254 = ORIENTED_EDGE('',*,*,#7255,.F.);
#7255 = EDGE_CURVE('',#7099,#7248,#7256,.T.);
#7256 = LINE('',#7257,#7258);
#7257 = CARTESIAN_POINT('',(0.6,0.585,1.25));
#7258 = VECTOR('',#7259,1.);
#7259 = DIRECTION('',(1.,0.,0.));
#7260 = PLANE('',#7261);
#7261 = AXIS2_PLACEMENT_3D('',#7262,#7263,#7264);
#7262 = CARTESIAN_POINT('',(0.6,-0.625,1.25));
#7263 = DIRECTION('',(0.,0.,1.));
#7264 = DIRECTION('',(1.,0.,-0.));
#7265 = ADVANCED_FACE('',(#7266),#7285,.T.);
#7266 = FACE_BOUND('',#7267,.T.);
#7267 = EDGE_LOOP('',(#7268,#7276,#7283,#7284));
#7268 = ORIENTED_EDGE('',*,*,#7269,.T.);
#7269 = EDGE_CURVE('',#7082,#7270,#7272,.T.);
#7270 = VERTEX_POINT('',#7271);
#7271 = CARTESIAN_POINT('',(1.,0.625,4.E-02));
#7272 = LINE('',#7273,#7274);
#7273 = CARTESIAN_POINT('',(0.6,0.625,4.E-02));
#7274 = VECTOR('',#7275,1.);
#7275 = DIRECTION('',(1.,0.,0.));
#7276 = ORIENTED_EDGE('',*,*,#7277,.T.);
#7277 = EDGE_CURVE('',#7270,#7224,#7278,.T.);
#7278 = CIRCLE('',#7279,4.E-02);
#7279 = AXIS2_PLACEMENT_3D('',#7280,#7281,#7282);
#7280 = CARTESIAN_POINT('',(1.,0.585,4.E-02));
#7281 = DIRECTION('',(-1.,0.,0.));
#7282 = DIRECTION('',(0.,0.,1.));
#7283 = ORIENTED_EDGE('',*,*,#7231,.F.);
#7284 = ORIENTED_EDGE('',*,*,#7081,.F.);
#7285 = CYLINDRICAL_SURFACE('',#7286,4.E-02);
#7286 = AXIS2_PLACEMENT_3D('',#7287,#7288,#7289);
#7287 = CARTESIAN_POINT('',(0.6,0.585,4.E-02));
#7288 = DIRECTION('',(1.,0.,0.));
#7289 = DIRECTION('',(-0.,1.,0.));
#7290 = ADVANCED_FACE('',(#7291),#7310,.T.);
#7291 = FACE_BOUND('',#7292,.T.);
#7292 = EDGE_LOOP('',(#7293,#7294,#7295,#7304));
#7293 = ORIENTED_EDGE('',*,*,#7098,.T.);
#7294 = ORIENTED_EDGE('',*,*,#7255,.T.);
#7295 = ORIENTED_EDGE('',*,*,#7296,.F.);
#7296 = EDGE_CURVE('',#7297,#7248,#7299,.T.);
#7297 = VERTEX_POINT('',#7298);
#7298 = CARTESIAN_POINT('',(1.,0.625,1.21));
#7299 = CIRCLE('',#7300,4.E-02);
#7300 = AXIS2_PLACEMENT_3D('',#7301,#7302,#7303);
#7301 = CARTESIAN_POINT('',(1.,0.585,1.21));
#7302 = DIRECTION('',(1.,0.,-0.));
#7303 = DIRECTION('',(0.,0.,1.));
#7304 = ORIENTED_EDGE('',*,*,#7305,.F.);
#7305 = EDGE_CURVE('',#7091,#7297,#7306,.T.);
#7306 = LINE('',#7307,#7308);
#7307 = CARTESIAN_POINT('',(0.6,0.625,1.21));
#7308 = VECTOR('',#7309,1.);
#7309 = DIRECTION('',(1.,0.,0.));
#7310 = CYLINDRICAL_SURFACE('',#7311,4.E-02);
#7311 = AXIS2_PLACEMENT_3D('',#7312,#7313,#7314);
#7312 = CARTESIAN_POINT('',(0.6,0.585,1.21));
#7313 = DIRECTION('',(1.,0.,0.));
#7314 = DIRECTION('',(-0.,1.,0.));
#7315 = ADVANCED_FACE('',(#7316),#7327,.T.);
#7316 = FACE_BOUND('',#7317,.T.);
#7317 = EDGE_LOOP('',(#7318,#7324,#7325,#7326));
#7318 = ORIENTED_EDGE('',*,*,#7319,.F.);
#7319 = EDGE_CURVE('',#7270,#7297,#7320,.T.);
#7320 = LINE('',#7321,#7322);
#7321 = CARTESIAN_POINT('',(1.,0.625,0.));
#7322 = VECTOR('',#7323,1.);
#7323 = DIRECTION('',(0.,0.,1.));
#7324 = ORIENTED_EDGE('',*,*,#7269,.F.);
#7325 = ORIENTED_EDGE('',*,*,#7090,.T.);
#7326 = ORIENTED_EDGE('',*,*,#7305,.T.);
#7327 = PLANE('',#7328);
#7328 = AXIS2_PLACEMENT_3D('',#7329,#7330,#7331);
#7329 = CARTESIAN_POINT('',(0.6,0.625,0.));
#7330 = DIRECTION('',(0.,1.,0.));
#7331 = DIRECTION('',(0.,-0.,1.));
#7332 = ADVANCED_FACE('',(#7333),#7343,.T.);
#7333 = FACE_BOUND('',#7334,.T.);
#7334 = EDGE_LOOP('',(#7335,#7336,#7337,#7338,#7339,#7340,#7341,#7342));
#7335 = ORIENTED_EDGE('',*,*,#7140,.F.);
#7336 = ORIENTED_EDGE('',*,*,#7180,.T.);
#7337 = ORIENTED_EDGE('',*,*,#7223,.T.);
#7338 = ORIENTED_EDGE('',*,*,#7277,.F.);
#7339 = ORIENTED_EDGE('',*,*,#7319,.T.);
#7340 = ORIENTED_EDGE('',*,*,#7296,.T.);
#7341 = ORIENTED_EDGE('',*,*,#7247,.F.);
#7342 = ORIENTED_EDGE('',*,*,#7197,.F.);
#7343 = PLANE('',#7344);
#7344 = AXIS2_PLACEMENT_3D('',#7345,#7346,#7347);
#7345 = CARTESIAN_POINT('',(1.,-0.625,0.));
#7346 = DIRECTION('',(1.,0.,0.));
#7347 = DIRECTION('',(0.,0.,1.));
#7348 = ( GEOMETRIC_REPRESENTATION_CONTEXT(3) 
GLOBAL_UNCERTAINTY_ASSIGNED_CONTEXT((#7352)) 
GLOBAL_UNIT_ASSIGNED_CONTEXT((#7349,#7350,#7351)) REPRESENTATION_CONTEXT
('Context #1','3D Context with UNIT and UNCERTAINTY') );
#7349 = ( LENGTH_UNIT() NAMED_UNIT(*) SI_UNIT(.MILLI.,.METRE.) );
#7350 = ( NAMED_UNIT(*) PLANE_ANGLE_UNIT() SI_UNIT($,.RADIAN.) );
#7351 = ( NAMED_UNIT(*) SI_UNIT($,.STERADIAN.) SOLID_ANGLE_UNIT() );
#7352 = UNCERTAINTY_MEASURE_WITH_UNIT(LENGTH_MEASURE(1.E-07),#7349,
  'distance_accuracy_value','confusion accuracy');
#7353 = CONTEXT_DEPENDENT_SHAPE_REPRESENTATION(#7354,#7356);
#7354 = ( REPRESENTATION_RELATIONSHIP('','',#6493,#10) 
REPRESENTATION_RELATIONSHIP_WITH_TRANSFORMATION(#7355) 
SHAPE_REPRESENTATION_RELATIONSHIP() );
#7355 = ITEM_DEFINED_TRANSFORMATION('','',#11,#35);
#7356 = PRODUCT_DEFINITION_SHAPE('Placement','Placement of an item',
  #7357);
#7357 = NEXT_ASSEMBLY_USAGE_OCCURRENCE('6','C1','',#5,#6488,$);
#7358 = PRODUCT_RELATED_PRODUCT_CATEGORY('part',$,(#6490));
#7359 = SHAPE_DEFINITION_REPRESENTATION(#7360,#7366);
#7360 = PRODUCT_DEFINITION_SHAPE('','',#7361);
#7361 = PRODUCT_DEFINITION('design','',#7362,#7365);
#7362 = PRODUCT_DEFINITION_FORMATION('','',#7363);
#7363 = PRODUCT('LED_WS2812B_PLCC4_5.0x5.0mm_P3.2mm',
  'LED_WS2812B_PLCC4_5.0x5.0mm_P3.2mm','',(#7364));
#7364 = PRODUCT_CONTEXT('',#2,'mechanical');
#7365 = PRODUCT_DEFINITION_CONTEXT('part definition',#2,'design');
#7366 = ADVANCED_BREP_SHAPE_REPRESENTATION('',(#11,#7367),#9634);
#7367 = MANIFOLD_SOLID_BREP('',#7368);
#7368 = CLOSED_SHELL('',(#7369,#7428,#7453,#7486,#7511,#7536,#7561,#7578
    ,#7603,#7634,#7674,#7805,#7929,#7946,#7955,#7966,#8134,#8165,#8196,
    #8227,#8312,#8336,#8414,#8445,#8530,#8554,#8632,#8663,#8694,#8725,
    #8810,#8834,#8912,#8943,#9028,#9052,#9130,#9147,#9164,#9181,#9198,
    #9215,#9232,#9249,#9271,#9283,#9295,#9312,#9324,#9341,#9363,#9375,
    #9392,#9404,#9416,#9433,#9450,#9467,#9489,#9501,#9518,#9530,#9542,
    #9559,#9581,#9593,#9610,#9622));
#7369 = ADVANCED_FACE('',(#7370,#7381),#7423,.T.);
#7370 = FACE_BOUND('',#7371,.T.);
#7371 = EDGE_LOOP('',(#7372));
#7372 = ORIENTED_EDGE('',*,*,#7373,.T.);
#7373 = EDGE_CURVE('',#7374,#7374,#7376,.T.);
#7374 = VERTEX_POINT('',#7375);
#7375 = CARTESIAN_POINT('',(-1.966666666667,2.408472038323E-16,1.6));
#7376 = CIRCLE('',#7377,1.966666666667);
#7377 = AXIS2_PLACEMENT_3D('',#7378,#7379,#7380);
#7378 = CARTESIAN_POINT('',(0.,0.,1.6));
#7379 = DIRECTION('',(0.,0.,-1.));
#7380 = DIRECTION('',(-1.,1.224646799147E-16,0.));
#7381 = FACE_BOUND('',#7382,.T.);
#7382 = EDGE_LOOP('',(#7383,#7393,#7401,#7409,#7417));
#7383 = ORIENTED_EDGE('',*,*,#7384,.T.);
#7384 = EDGE_CURVE('',#7385,#7387,#7389,.T.);
#7385 = VERTEX_POINT('',#7386);
#7386 = CARTESIAN_POINT('',(1.433400076889,-2.425,1.6));
#7387 = VERTEX_POINT('',#7388);
#7388 = CARTESIAN_POINT('',(2.425,-1.433400076889,1.6));
#7389 = LINE('',#7390,#7391);
#7390 = CARTESIAN_POINT('',(1.411433085478,-2.446966991411,1.6));
#7391 = VECTOR('',#7392,1.);
#7392 = DIRECTION('',(0.707106781187,0.707106781187,0.));
#7393 = ORIENTED_EDGE('',*,*,#7394,.T.);
#7394 = EDGE_CURVE('',#7387,#7395,#7397,.T.);
#7395 = VERTEX_POINT('',#7396);
#7396 = CARTESIAN_POINT('',(2.425,2.425,1.6));
#7397 = LINE('',#7398,#7399);
#7398 = CARTESIAN_POINT('',(2.425,-1.464466094067,1.6));
#7399 = VECTOR('',#7400,1.);
#7400 = DIRECTION('',(1.224646799147E-16,1.,0.));
#7401 = ORIENTED_EDGE('',*,*,#7402,.T.);
#7402 = EDGE_CURVE('',#7395,#7403,#7405,.T.);
#7403 = VERTEX_POINT('',#7404);
#7404 = CARTESIAN_POINT('',(-2.425,2.425,1.6));
#7405 = LINE('',#7406,#7407);
#7406 = CARTESIAN_POINT('',(2.5,2.425,1.6));
#7407 = VECTOR('',#7408,1.);
#7408 = DIRECTION('',(-1.,1.224646799147E-16,0.));
#7409 = ORIENTED_EDGE('',*,*,#7410,.T.);
#7410 = EDGE_CURVE('',#7403,#7411,#7413,.T.);
#7411 = VERTEX_POINT('',#7412);
#7412 = CARTESIAN_POINT('',(-2.425,-2.425,1.6));
#7413 = LINE('',#7414,#7415);
#7414 = CARTESIAN_POINT('',(-2.425,2.5,1.6));
#7415 = VECTOR('',#7416,1.);
#7416 = DIRECTION('',(-1.224646799147E-16,-1.,0.));
#7417 = ORIENTED_EDGE('',*,*,#7418,.T.);
#7418 = EDGE_CURVE('',#7411,#7385,#7419,.T.);
#7419 = LINE('',#7420,#7421);
#7420 = CARTESIAN_POINT('',(-2.5,-2.425,1.6));
#7421 = VECTOR('',#7422,1.);
#7422 = DIRECTION('',(1.,-1.224646799147E-16,0.));
#7423 = PLANE('',#7424);
#7424 = AXIS2_PLACEMENT_3D('',#7425,#7426,#7427);
#7425 = CARTESIAN_POINT('',(0.,0.,1.6));
#7426 = DIRECTION('',(0.,0.,1.));
#7427 = DIRECTION('',(-1.,1.224646799147E-16,0.));
#7428 = ADVANCED_FACE('',(#7429),#7448,.F.);
#7429 = FACE_BOUND('',#7430,.F.);
#7430 = EDGE_LOOP('',(#7431,#7439,#7440,#7441));
#7431 = ORIENTED_EDGE('',*,*,#7432,.F.);
#7432 = EDGE_CURVE('',#7374,#7433,#7435,.T.);
#7433 = VERTEX_POINT('',#7434);
#7434 = CARTESIAN_POINT('',(-1.666666666667,2.041077998579E-16,1.3));
#7435 = LINE('',#7436,#7437);
#7436 = CARTESIAN_POINT('',(-1.666666666667,2.041077998579E-16,1.3));
#7437 = VECTOR('',#7438,1.);
#7438 = DIRECTION('',(0.707106781187,-8.659560562349E-17,-0.707106781187
    ));
#7439 = ORIENTED_EDGE('',*,*,#7373,.T.);
#7440 = ORIENTED_EDGE('',*,*,#7432,.T.);
#7441 = ORIENTED_EDGE('',*,*,#7442,.F.);
#7442 = EDGE_CURVE('',#7433,#7433,#7443,.T.);
#7443 = CIRCLE('',#7444,1.666666666667);
#7444 = AXIS2_PLACEMENT_3D('',#7445,#7446,#7447);
#7445 = CARTESIAN_POINT('',(0.,0.,1.3));
#7446 = DIRECTION('',(0.,0.,-1.));
#7447 = DIRECTION('',(-1.,1.224646799147E-16,0.));
#7448 = CONICAL_SURFACE('',#7449,1.666666666667,0.785398163397);
#7449 = AXIS2_PLACEMENT_3D('',#7450,#7451,#7452);
#7450 = CARTESIAN_POINT('',(0.,0.,1.3));
#7451 = DIRECTION('',(0.,0.,1.));
#7452 = DIRECTION('',(-1.,1.224646799147E-16,0.));
#7453 = ADVANCED_FACE('',(#7454),#7481,.T.);
#7454 = FACE_BOUND('',#7455,.T.);
#7455 = EDGE_LOOP('',(#7456,#7465,#7473,#7480));
#7456 = ORIENTED_EDGE('',*,*,#7457,.T.);
#7457 = EDGE_CURVE('',#7385,#7458,#7460,.T.);
#7458 = VERTEX_POINT('',#7459);
#7459 = CARTESIAN_POINT('',(1.464466094067,-2.5,1.525));
#7460 = ELLIPSE('',#7461,8.117941502193E-02,7.5E-02);
#7461 = AXIS2_PLACEMENT_3D('',#7462,#7463,#7464);
#7462 = CARTESIAN_POINT('',(1.433400076889,-2.425,1.525));
#7463 = DIRECTION('',(0.923879532511,0.382683432365,-0.));
#7464 = DIRECTION('',(-0.382683432365,0.923879532511,0.));
#7465 = ORIENTED_EDGE('',*,*,#7466,.T.);
#7466 = EDGE_CURVE('',#7458,#7467,#7469,.T.);
#7467 = VERTEX_POINT('',#7468);
#7468 = CARTESIAN_POINT('',(2.5,-1.464466094067,1.525));
#7469 = LINE('',#7470,#7471);
#7470 = CARTESIAN_POINT('',(1.464466094067,-2.5,1.525));
#7471 = VECTOR('',#7472,1.);
#7472 = DIRECTION('',(0.707106781187,0.707106781187,0.));
#7473 = ORIENTED_EDGE('',*,*,#7474,.F.);
#7474 = EDGE_CURVE('',#7387,#7467,#7475,.T.);
#7475 = ELLIPSE('',#7476,8.117941502193E-02,7.5E-02);
#7476 = AXIS2_PLACEMENT_3D('',#7477,#7478,#7479);
#7477 = CARTESIAN_POINT('',(2.425,-1.433400076889,1.525));
#7478 = DIRECTION('',(0.382683432365,0.923879532511,0.));
#7479 = DIRECTION('',(0.923879532511,-0.382683432365,0.));
#7480 = ORIENTED_EDGE('',*,*,#7384,.F.);
#7481 = CYLINDRICAL_SURFACE('',#7482,7.5E-02);
#7482 = AXIS2_PLACEMENT_3D('',#7483,#7484,#7485);
#7483 = CARTESIAN_POINT('',(1.411433085478,-2.446966991411,1.525));
#7484 = DIRECTION('',(0.707106781187,0.707106781187,0.));
#7485 = DIRECTION('',(0.,-0.,1.));
#7486 = ADVANCED_FACE('',(#7487),#7506,.T.);
#7487 = FACE_BOUND('',#7488,.T.);
#7488 = EDGE_LOOP('',(#7489,#7498,#7504,#7505));
#7489 = ORIENTED_EDGE('',*,*,#7490,.F.);
#7490 = EDGE_CURVE('',#7491,#7411,#7493,.T.);
#7491 = VERTEX_POINT('',#7492);
#7492 = CARTESIAN_POINT('',(-2.5,-2.5,1.525));
#7493 = ELLIPSE('',#7494,0.106066017178,7.5E-02);
#7494 = AXIS2_PLACEMENT_3D('',#7495,#7496,#7497);
#7495 = CARTESIAN_POINT('',(-2.425,-2.425,1.525));
#7496 = DIRECTION('',(-0.707106781187,0.707106781187,0.));
#7497 = DIRECTION('',(-0.707106781187,-0.707106781187,0.));
#7498 = ORIENTED_EDGE('',*,*,#7499,.T.);
#7499 = EDGE_CURVE('',#7491,#7458,#7500,.T.);
#7500 = LINE('',#7501,#7502);
#7501 = CARTESIAN_POINT('',(-2.5,-2.5,1.525));
#7502 = VECTOR('',#7503,1.);
#7503 = DIRECTION('',(1.,-1.224646799147E-16,0.));
#7504 = ORIENTED_EDGE('',*,*,#7457,.F.);
#7505 = ORIENTED_EDGE('',*,*,#7418,.F.);
#7506 = CYLINDRICAL_SURFACE('',#7507,7.5E-02);
#7507 = AXIS2_PLACEMENT_3D('',#7508,#7509,#7510);
#7508 = CARTESIAN_POINT('',(-2.5,-2.425,1.525));
#7509 = DIRECTION('',(1.,-1.224646799147E-16,0.));
#7510 = DIRECTION('',(0.,0.,1.));
#7511 = ADVANCED_FACE('',(#7512),#7531,.T.);
#7512 = FACE_BOUND('',#7513,.T.);
#7513 = EDGE_LOOP('',(#7514,#7522,#7529,#7530));
#7514 = ORIENTED_EDGE('',*,*,#7515,.T.);
#7515 = EDGE_CURVE('',#7467,#7516,#7518,.T.);
#7516 = VERTEX_POINT('',#7517);
#7517 = CARTESIAN_POINT('',(2.5,2.5,1.525));
#7518 = LINE('',#7519,#7520);
#7519 = CARTESIAN_POINT('',(2.5,-1.464466094067,1.525));
#7520 = VECTOR('',#7521,1.);
#7521 = DIRECTION('',(1.224646799147E-16,1.,0.));
#7522 = ORIENTED_EDGE('',*,*,#7523,.T.);
#7523 = EDGE_CURVE('',#7516,#7395,#7524,.T.);
#7524 = ELLIPSE('',#7525,0.106066017178,7.5E-02);
#7525 = AXIS2_PLACEMENT_3D('',#7526,#7527,#7528);
#7526 = CARTESIAN_POINT('',(2.425,2.425,1.525));
#7527 = DIRECTION('',(0.707106781187,-0.707106781187,-0.));
#7528 = DIRECTION('',(-0.707106781187,-0.707106781187,0.));
#7529 = ORIENTED_EDGE('',*,*,#7394,.F.);
#7530 = ORIENTED_EDGE('',*,*,#7474,.T.);
#7531 = CYLINDRICAL_SURFACE('',#7532,7.5E-02);
#7532 = AXIS2_PLACEMENT_3D('',#7533,#7534,#7535);
#7533 = CARTESIAN_POINT('',(2.425,-1.464466094067,1.525));
#7534 = DIRECTION('',(1.224646799147E-16,1.,0.));
#7535 = DIRECTION('',(1.,-1.224646799147E-16,0.));
#7536 = ADVANCED_FACE('',(#7537),#7556,.T.);
#7537 = FACE_BOUND('',#7538,.T.);
#7538 = EDGE_LOOP('',(#7539,#7547,#7548,#7549));
#7539 = ORIENTED_EDGE('',*,*,#7540,.T.);
#7540 = EDGE_CURVE('',#7541,#7491,#7543,.T.);
#7541 = VERTEX_POINT('',#7542);
#7542 = CARTESIAN_POINT('',(-2.5,2.5,1.525));
#7543 = LINE('',#7544,#7545);
#7544 = CARTESIAN_POINT('',(-2.5,2.5,1.525));
#7545 = VECTOR('',#7546,1.);
#7546 = DIRECTION('',(-1.224646799147E-16,-1.,0.));
#7547 = ORIENTED_EDGE('',*,*,#7490,.T.);
#7548 = ORIENTED_EDGE('',*,*,#7410,.F.);
#7549 = ORIENTED_EDGE('',*,*,#7550,.F.);
#7550 = EDGE_CURVE('',#7541,#7403,#7551,.T.);
#7551 = ELLIPSE('',#7552,0.106066017178,7.5E-02);
#7552 = AXIS2_PLACEMENT_3D('',#7553,#7554,#7555);
#7553 = CARTESIAN_POINT('',(-2.425,2.425,1.525));
#7554 = DIRECTION('',(0.707106781187,0.707106781187,-0.));
#7555 = DIRECTION('',(-0.707106781187,0.707106781187,0.));
#7556 = CYLINDRICAL_SURFACE('',#7557,7.5E-02);
#7557 = AXIS2_PLACEMENT_3D('',#7558,#7559,#7560);
#7558 = CARTESIAN_POINT('',(-2.425,2.5,1.525));
#7559 = DIRECTION('',(-1.224646799147E-16,-1.,0.));
#7560 = DIRECTION('',(-1.,1.224646799147E-16,0.));
#7561 = ADVANCED_FACE('',(#7562),#7573,.T.);
#7562 = FACE_BOUND('',#7563,.T.);
#7563 = EDGE_LOOP('',(#7564,#7570,#7571,#7572));
#7564 = ORIENTED_EDGE('',*,*,#7565,.T.);
#7565 = EDGE_CURVE('',#7516,#7541,#7566,.T.);
#7566 = LINE('',#7567,#7568);
#7567 = CARTESIAN_POINT('',(2.5,2.5,1.525));
#7568 = VECTOR('',#7569,1.);
#7569 = DIRECTION('',(-1.,1.224646799147E-16,0.));
#7570 = ORIENTED_EDGE('',*,*,#7550,.T.);
#7571 = ORIENTED_EDGE('',*,*,#7402,.F.);
#7572 = ORIENTED_EDGE('',*,*,#7523,.F.);
#7573 = CYLINDRICAL_SURFACE('',#7574,7.5E-02);
#7574 = AXIS2_PLACEMENT_3D('',#7575,#7576,#7577);
#7575 = CARTESIAN_POINT('',(2.5,2.425,1.525));
#7576 = DIRECTION('',(-1.,1.224646799147E-16,0.));
#7577 = DIRECTION('',(1.224646799147E-16,1.,0.));
#7578 = ADVANCED_FACE('',(#7579),#7598,.F.);
#7579 = FACE_BOUND('',#7580,.F.);
#7580 = EDGE_LOOP('',(#7581,#7589,#7590,#7591));
#7581 = ORIENTED_EDGE('',*,*,#7582,.T.);
#7582 = EDGE_CURVE('',#7583,#7433,#7585,.T.);
#7583 = VERTEX_POINT('',#7584);
#7584 = CARTESIAN_POINT('',(-1.666666666667,2.041077998579E-16,1.225));
#7585 = LINE('',#7586,#7587);
#7586 = CARTESIAN_POINT('',(-1.666666666667,2.041077998579E-16,0.85));
#7587 = VECTOR('',#7588,1.);
#7588 = DIRECTION('',(0.,0.,1.));
#7589 = ORIENTED_EDGE('',*,*,#7442,.T.);
#7590 = ORIENTED_EDGE('',*,*,#7582,.F.);
#7591 = ORIENTED_EDGE('',*,*,#7592,.T.);
#7592 = EDGE_CURVE('',#7583,#7583,#7593,.T.);
#7593 = CIRCLE('',#7594,1.666666666667);
#7594 = AXIS2_PLACEMENT_3D('',#7595,#7596,#7597);
#7595 = CARTESIAN_POINT('',(0.,0.,1.225));
#7596 = DIRECTION('',(0.,0.,1.));
#7597 = DIRECTION('',(-1.,1.224646799147E-16,0.));
#7598 = CYLINDRICAL_SURFACE('',#7599,1.666666666667);
#7599 = AXIS2_PLACEMENT_3D('',#7600,#7601,#7602);
#7600 = CARTESIAN_POINT('',(0.,0.,0.85));
#7601 = DIRECTION('',(0.,0.,-1.));
#7602 = DIRECTION('',(-1.,1.224646799147E-16,0.));
#7603 = ADVANCED_FACE('',(#7604),#7629,.T.);
#7604 = FACE_BOUND('',#7605,.T.);
#7605 = EDGE_LOOP('',(#7606,#7614,#7622,#7628));
#7606 = ORIENTED_EDGE('',*,*,#7607,.T.);
#7607 = EDGE_CURVE('',#7458,#7608,#7610,.T.);
#7608 = VERTEX_POINT('',#7609);
#7609 = CARTESIAN_POINT('',(1.464466094067,-2.5,1.3));
#7610 = LINE('',#7611,#7612);
#7611 = CARTESIAN_POINT('',(1.464466094067,-2.5,0.7));
#7612 = VECTOR('',#7613,1.);
#7613 = DIRECTION('',(0.,0.,-1.));
#7614 = ORIENTED_EDGE('',*,*,#7615,.F.);
#7615 = EDGE_CURVE('',#7616,#7608,#7618,.T.);
#7616 = VERTEX_POINT('',#7617);
#7617 = CARTESIAN_POINT('',(2.5,-1.464466094067,1.3));
#7618 = LINE('',#7619,#7620);
#7619 = CARTESIAN_POINT('',(3.75,-0.214466094067,1.3));
#7620 = VECTOR('',#7621,1.);
#7621 = DIRECTION('',(-0.707106781187,-0.707106781187,0.));
#7622 = ORIENTED_EDGE('',*,*,#7623,.T.);
#7623 = EDGE_CURVE('',#7616,#7467,#7624,.T.);
#7624 = LINE('',#7625,#7626);
#7625 = CARTESIAN_POINT('',(2.5,-1.464466094067,0.7));
#7626 = VECTOR('',#7627,1.);
#7627 = DIRECTION('',(0.,0.,1.));
#7628 = ORIENTED_EDGE('',*,*,#7466,.F.);
#7629 = PLANE('',#7630);
#7630 = AXIS2_PLACEMENT_3D('',#7631,#7632,#7633);
#7631 = CARTESIAN_POINT('',(3.75,-0.214466094067,1.3));
#7632 = DIRECTION('',(0.707106781187,-0.707106781187,0.));
#7633 = DIRECTION('',(-0.707106781187,-0.707106781187,0.));
#7634 = ADVANCED_FACE('',(#7635),#7669,.F.);
#7635 = FACE_BOUND('',#7636,.F.);
#7636 = EDGE_LOOP('',(#7637,#7638,#7646,#7654,#7662,#7668));
#7637 = ORIENTED_EDGE('',*,*,#7607,.T.);
#7638 = ORIENTED_EDGE('',*,*,#7639,.T.);
#7639 = EDGE_CURVE('',#7608,#7640,#7642,.T.);
#7640 = VERTEX_POINT('',#7641);
#7641 = CARTESIAN_POINT('',(2.5,-2.5,1.3));
#7642 = LINE('',#7643,#7644);
#7643 = CARTESIAN_POINT('',(0.625,-2.5,1.3));
#7644 = VECTOR('',#7645,1.);
#7645 = DIRECTION('',(1.,-1.224646799147E-16,0.));
#7646 = ORIENTED_EDGE('',*,*,#7647,.F.);
#7647 = EDGE_CURVE('',#7648,#7640,#7650,.T.);
#7648 = VERTEX_POINT('',#7649);
#7649 = CARTESIAN_POINT('',(2.5,-2.5,0.1));
#7650 = LINE('',#7651,#7652);
#7651 = CARTESIAN_POINT('',(2.5,-2.5,0.1));
#7652 = VECTOR('',#7653,1.);
#7653 = DIRECTION('',(0.,0.,1.));
#7654 = ORIENTED_EDGE('',*,*,#7655,.F.);
#7655 = EDGE_CURVE('',#7656,#7648,#7658,.T.);
#7656 = VERTEX_POINT('',#7657);
#7657 = CARTESIAN_POINT('',(-2.5,-2.5,0.1));
#7658 = LINE('',#7659,#7660);
#7659 = CARTESIAN_POINT('',(-2.5,-2.5,0.1));
#7660 = VECTOR('',#7661,1.);
#7661 = DIRECTION('',(1.,-1.224646799147E-16,0.));
#7662 = ORIENTED_EDGE('',*,*,#7663,.T.);
#7663 = EDGE_CURVE('',#7656,#7491,#7664,.T.);
#7664 = LINE('',#7665,#7666);
#7665 = CARTESIAN_POINT('',(-2.5,-2.5,0.1));
#7666 = VECTOR('',#7667,1.);
#7667 = DIRECTION('',(0.,0.,1.));
#7668 = ORIENTED_EDGE('',*,*,#7499,.T.);
#7669 = PLANE('',#7670);
#7670 = AXIS2_PLACEMENT_3D('',#7671,#7672,#7673);
#7671 = CARTESIAN_POINT('',(-2.5,-2.5,0.1));
#7672 = DIRECTION('',(1.224646799147E-16,1.,0.));
#7673 = DIRECTION('',(1.,-1.224646799147E-16,0.));
#7674 = ADVANCED_FACE('',(#7675,#7732,#7766),#7800,.F.);
#7675 = FACE_BOUND('',#7676,.F.);
#7676 = EDGE_LOOP('',(#7677,#7685,#7693,#7701,#7709,#7717,#7723,#7724,
    #7730,#7731));
#7677 = ORIENTED_EDGE('',*,*,#7678,.F.);
#7678 = EDGE_CURVE('',#7679,#7516,#7681,.T.);
#7679 = VERTEX_POINT('',#7680);
#7680 = CARTESIAN_POINT('',(2.5,2.5,0.1));
#7681 = LINE('',#7682,#7683);
#7682 = CARTESIAN_POINT('',(2.5,2.5,0.1));
#7683 = VECTOR('',#7684,1.);
#7684 = DIRECTION('',(0.,0.,1.));
#7685 = ORIENTED_EDGE('',*,*,#7686,.F.);
#7686 = EDGE_CURVE('',#7687,#7679,#7689,.T.);
#7687 = VERTEX_POINT('',#7688);
#7688 = CARTESIAN_POINT('',(2.5,2.1,0.1));
#7689 = LINE('',#7690,#7691);
#7690 = CARTESIAN_POINT('',(2.5,-2.5,0.1));
#7691 = VECTOR('',#7692,1.);
#7692 = DIRECTION('',(1.224646799147E-16,1.,0.));
#7693 = ORIENTED_EDGE('',*,*,#7694,.F.);
#7694 = EDGE_CURVE('',#7695,#7687,#7697,.T.);
#7695 = VERTEX_POINT('',#7696);
#7696 = CARTESIAN_POINT('',(2.5,1.2,0.1));
#7697 = LINE('',#7698,#7699);
#7698 = CARTESIAN_POINT('',(2.5,-2.5,0.1));
#7699 = VECTOR('',#7700,1.);
#7700 = DIRECTION('',(1.224646799147E-16,1.,0.));
#7701 = ORIENTED_EDGE('',*,*,#7702,.F.);
#7702 = EDGE_CURVE('',#7703,#7695,#7705,.T.);
#7703 = VERTEX_POINT('',#7704);
#7704 = CARTESIAN_POINT('',(2.5,-1.2,0.1));
#7705 = LINE('',#7706,#7707);
#7706 = CARTESIAN_POINT('',(2.5,-2.5,0.1));
#7707 = VECTOR('',#7708,1.);
#7708 = DIRECTION('',(1.224646799147E-16,1.,0.));
#7709 = ORIENTED_EDGE('',*,*,#7710,.F.);
#7710 = EDGE_CURVE('',#7711,#7703,#7713,.T.);
#7711 = VERTEX_POINT('',#7712);
#7712 = CARTESIAN_POINT('',(2.5,-2.1,0.1));
#7713 = LINE('',#7714,#7715);
#7714 = CARTESIAN_POINT('',(2.5,-2.5,0.1));
#7715 = VECTOR('',#7716,1.);
#7716 = DIRECTION('',(1.224646799147E-16,1.,0.));
#7717 = ORIENTED_EDGE('',*,*,#7718,.F.);
#7718 = EDGE_CURVE('',#7648,#7711,#7719,.T.);
#7719 = LINE('',#7720,#7721);
#7720 = CARTESIAN_POINT('',(2.5,-2.5,0.1));
#7721 = VECTOR('',#7722,1.);
#7722 = DIRECTION('',(1.224646799147E-16,1.,0.));
#7723 = ORIENTED_EDGE('',*,*,#7647,.T.);
#7724 = ORIENTED_EDGE('',*,*,#7725,.T.);
#7725 = EDGE_CURVE('',#7640,#7616,#7726,.T.);
#7726 = LINE('',#7727,#7728);
#7727 = CARTESIAN_POINT('',(2.5,-3.125,1.3));
#7728 = VECTOR('',#7729,1.);
#7729 = DIRECTION('',(1.224646799147E-16,1.,0.));
#7730 = ORIENTED_EDGE('',*,*,#7623,.T.);
#7731 = ORIENTED_EDGE('',*,*,#7515,.T.);
#7732 = FACE_BOUND('',#7733,.F.);
#7733 = EDGE_LOOP('',(#7734,#7744,#7752,#7760));
#7734 = ORIENTED_EDGE('',*,*,#7735,.T.);
#7735 = EDGE_CURVE('',#7736,#7738,#7740,.T.);
#7736 = VERTEX_POINT('',#7737);
#7737 = CARTESIAN_POINT('',(2.5,1.2,0.9));
#7738 = VERTEX_POINT('',#7739);
#7739 = CARTESIAN_POINT('',(2.5,2.1,0.9));
#7740 = LINE('',#7741,#7742);
#7741 = CARTESIAN_POINT('',(2.5,-0.425,0.9));
#7742 = VECTOR('',#7743,1.);
#7743 = DIRECTION('',(1.224646799147E-16,1.,-1.556307025767E-32));
#7744 = ORIENTED_EDGE('',*,*,#7745,.T.);
#7745 = EDGE_CURVE('',#7738,#7746,#7748,.T.);
#7746 = VERTEX_POINT('',#7747);
#7747 = CARTESIAN_POINT('',(2.5,2.1,1.));
#7748 = LINE('',#7749,#7750);
#7749 = CARTESIAN_POINT('',(2.5,2.1,5.E-02));
#7750 = VECTOR('',#7751,1.);
#7751 = DIRECTION('',(0.,0.,1.));
#7752 = ORIENTED_EDGE('',*,*,#7753,.F.);
#7753 = EDGE_CURVE('',#7754,#7746,#7756,.T.);
#7754 = VERTEX_POINT('',#7755);
#7755 = CARTESIAN_POINT('',(2.5,1.2,1.));
#7756 = LINE('',#7757,#7758);
#7757 = CARTESIAN_POINT('',(2.5,-0.425,1.));
#7758 = VECTOR('',#7759,1.);
#7759 = DIRECTION('',(1.224646799147E-16,1.,0.));
#7760 = ORIENTED_EDGE('',*,*,#7761,.T.);
#7761 = EDGE_CURVE('',#7754,#7736,#7762,.T.);
#7762 = LINE('',#7763,#7764);
#7763 = CARTESIAN_POINT('',(2.5,1.2,5.E-02));
#7764 = VECTOR('',#7765,1.);
#7765 = DIRECTION('',(-0.,0.,-1.));
#7766 = FACE_BOUND('',#7767,.F.);
#7767 = EDGE_LOOP('',(#7768,#7778,#7786,#7794));
#7768 = ORIENTED_EDGE('',*,*,#7769,.F.);
#7769 = EDGE_CURVE('',#7770,#7772,#7774,.T.);
#7770 = VERTEX_POINT('',#7771);
#7771 = CARTESIAN_POINT('',(2.5,-2.1,1.));
#7772 = VERTEX_POINT('',#7773);
#7773 = CARTESIAN_POINT('',(2.5,-1.2,1.));
#7774 = LINE('',#7775,#7776);
#7775 = CARTESIAN_POINT('',(2.5,-2.075,1.));
#7776 = VECTOR('',#7777,1.);
#7777 = DIRECTION('',(1.224646799147E-16,1.,0.));
#7778 = ORIENTED_EDGE('',*,*,#7779,.T.);
#7779 = EDGE_CURVE('',#7770,#7780,#7782,.T.);
#7780 = VERTEX_POINT('',#7781);
#7781 = CARTESIAN_POINT('',(2.5,-2.1,0.9));
#7782 = LINE('',#7783,#7784);
#7783 = CARTESIAN_POINT('',(2.5,-2.1,5.E-02));
#7784 = VECTOR('',#7785,1.);
#7785 = DIRECTION('',(-0.,0.,-1.));
#7786 = ORIENTED_EDGE('',*,*,#7787,.T.);
#7787 = EDGE_CURVE('',#7780,#7788,#7790,.T.);
#7788 = VERTEX_POINT('',#7789);
#7789 = CARTESIAN_POINT('',(2.5,-1.2,0.9));
#7790 = LINE('',#7791,#7792);
#7791 = CARTESIAN_POINT('',(2.5,-2.075,0.9));
#7792 = VECTOR('',#7793,1.);
#7793 = DIRECTION('',(1.224646799147E-16,1.,-3.890767564419E-33));
#7794 = ORIENTED_EDGE('',*,*,#7795,.T.);
#7795 = EDGE_CURVE('',#7788,#7772,#7796,.T.);
#7796 = LINE('',#7797,#7798);
#7797 = CARTESIAN_POINT('',(2.5,-1.2,5.E-02));
#7798 = VECTOR('',#7799,1.);
#7799 = DIRECTION('',(0.,0.,1.));
#7800 = PLANE('',#7801);
#7801 = AXIS2_PLACEMENT_3D('',#7802,#7803,#7804);
#7802 = CARTESIAN_POINT('',(2.5,-2.5,0.1));
#7803 = DIRECTION('',(-1.,1.224646799147E-16,0.));
#7804 = DIRECTION('',(1.224646799147E-16,1.,0.));
#7805 = ADVANCED_FACE('',(#7806,#7856,#7890),#7924,.F.);
#7806 = FACE_BOUND('',#7807,.F.);
#7807 = EDGE_LOOP('',(#7808,#7816,#7817,#7818,#7826,#7834,#7842,#7850));
#7808 = ORIENTED_EDGE('',*,*,#7809,.T.);
#7809 = EDGE_CURVE('',#7810,#7541,#7812,.T.);
#7810 = VERTEX_POINT('',#7811);
#7811 = CARTESIAN_POINT('',(-2.5,2.5,0.1));
#7812 = LINE('',#7813,#7814);
#7813 = CARTESIAN_POINT('',(-2.5,2.5,0.1));
#7814 = VECTOR('',#7815,1.);
#7815 = DIRECTION('',(0.,0.,1.));
#7816 = ORIENTED_EDGE('',*,*,#7540,.T.);
#7817 = ORIENTED_EDGE('',*,*,#7663,.F.);
#7818 = ORIENTED_EDGE('',*,*,#7819,.F.);
#7819 = EDGE_CURVE('',#7820,#7656,#7822,.T.);
#7820 = VERTEX_POINT('',#7821);
#7821 = CARTESIAN_POINT('',(-2.5,-2.1,0.1));
#7822 = LINE('',#7823,#7824);
#7823 = CARTESIAN_POINT('',(-2.5,2.5,0.1));
#7824 = VECTOR('',#7825,1.);
#7825 = DIRECTION('',(-1.224646799147E-16,-1.,0.));
#7826 = ORIENTED_EDGE('',*,*,#7827,.F.);
#7827 = EDGE_CURVE('',#7828,#7820,#7830,.T.);
#7828 = VERTEX_POINT('',#7829);
#7829 = CARTESIAN_POINT('',(-2.5,-1.2,0.1));
#7830 = LINE('',#7831,#7832);
#7831 = CARTESIAN_POINT('',(-2.5,2.5,0.1));
#7832 = VECTOR('',#7833,1.);
#7833 = DIRECTION('',(-1.224646799147E-16,-1.,0.));
#7834 = ORIENTED_EDGE('',*,*,#7835,.F.);
#7835 = EDGE_CURVE('',#7836,#7828,#7838,.T.);
#7836 = VERTEX_POINT('',#7837);
#7837 = CARTESIAN_POINT('',(-2.5,1.2,0.1));
#7838 = LINE('',#7839,#7840);
#7839 = CARTESIAN_POINT('',(-2.5,2.5,0.1));
#7840 = VECTOR('',#7841,1.);
#7841 = DIRECTION('',(-1.224646799147E-16,-1.,0.));
#7842 = ORIENTED_EDGE('',*,*,#7843,.F.);
#7843 = EDGE_CURVE('',#7844,#7836,#7846,.T.);
#7844 = VERTEX_POINT('',#7845);
#7845 = CARTESIAN_POINT('',(-2.5,2.1,0.1));
#7846 = LINE('',#7847,#7848);
#7847 = CARTESIAN_POINT('',(-2.5,2.5,0.1));
#7848 = VECTOR('',#7849,1.);
#7849 = DIRECTION('',(-1.224646799147E-16,-1.,0.));
#7850 = ORIENTED_EDGE('',*,*,#7851,.F.);
#7851 = EDGE_CURVE('',#7810,#7844,#7852,.T.);
#7852 = LINE('',#7853,#7854);
#7853 = CARTESIAN_POINT('',(-2.5,2.5,0.1));
#7854 = VECTOR('',#7855,1.);
#7855 = DIRECTION('',(-1.224646799147E-16,-1.,0.));
#7856 = FACE_BOUND('',#7857,.F.);
#7857 = EDGE_LOOP('',(#7858,#7868,#7876,#7884));
#7858 = ORIENTED_EDGE('',*,*,#7859,.F.);
#7859 = EDGE_CURVE('',#7860,#7862,#7864,.T.);
#7860 = VERTEX_POINT('',#7861);
#7861 = CARTESIAN_POINT('',(-2.5,-1.2,1.));
#7862 = VERTEX_POINT('',#7863);
#7863 = CARTESIAN_POINT('',(-2.5,-2.1,1.));
#7864 = LINE('',#7865,#7866);
#7865 = CARTESIAN_POINT('',(-2.5,0.425,1.));
#7866 = VECTOR('',#7867,1.);
#7867 = DIRECTION('',(-1.224646799147E-16,-1.,0.));
#7868 = ORIENTED_EDGE('',*,*,#7869,.T.);
#7869 = EDGE_CURVE('',#7860,#7870,#7872,.T.);
#7870 = VERTEX_POINT('',#7871);
#7871 = CARTESIAN_POINT('',(-2.5,-1.2,0.9));
#7872 = LINE('',#7873,#7874);
#7873 = CARTESIAN_POINT('',(-2.5,-1.2,5.E-02));
#7874 = VECTOR('',#7875,1.);
#7875 = DIRECTION('',(-0.,0.,-1.));
#7876 = ORIENTED_EDGE('',*,*,#7877,.T.);
#7877 = EDGE_CURVE('',#7870,#7878,#7880,.T.);
#7878 = VERTEX_POINT('',#7879);
#7879 = CARTESIAN_POINT('',(-2.5,-2.1,0.9));
#7880 = LINE('',#7881,#7882);
#7881 = CARTESIAN_POINT('',(-2.5,0.425,0.9));
#7882 = VECTOR('',#7883,1.);
#7883 = DIRECTION('',(-1.224646799147E-16,-1.,3.890767564419E-33));
#7884 = ORIENTED_EDGE('',*,*,#7885,.T.);
#7885 = EDGE_CURVE('',#7878,#7862,#7886,.T.);
#7886 = LINE('',#7887,#7888);
#7887 = CARTESIAN_POINT('',(-2.5,-2.1,5.E-02));
#7888 = VECTOR('',#7889,1.);
#7889 = DIRECTION('',(0.,0.,1.));
#7890 = FACE_BOUND('',#7891,.F.);
#7891 = EDGE_LOOP('',(#7892,#7902,#7910,#7918));
#7892 = ORIENTED_EDGE('',*,*,#7893,.F.);
#7893 = EDGE_CURVE('',#7894,#7896,#7898,.T.);
#7894 = VERTEX_POINT('',#7895);
#7895 = CARTESIAN_POINT('',(-2.5,2.1,1.));
#7896 = VERTEX_POINT('',#7897);
#7897 = CARTESIAN_POINT('',(-2.5,1.2,1.));
#7898 = LINE('',#7899,#7900);
#7899 = CARTESIAN_POINT('',(-2.5,2.075,1.));
#7900 = VECTOR('',#7901,1.);
#7901 = DIRECTION('',(-1.224646799147E-16,-1.,0.));
#7902 = ORIENTED_EDGE('',*,*,#7903,.T.);
#7903 = EDGE_CURVE('',#7894,#7904,#7906,.T.);
#7904 = VERTEX_POINT('',#7905);
#7905 = CARTESIAN_POINT('',(-2.5,2.1,0.9));
#7906 = LINE('',#7907,#7908);
#7907 = CARTESIAN_POINT('',(-2.5,2.1,5.E-02));
#7908 = VECTOR('',#7909,1.);
#7909 = DIRECTION('',(-0.,0.,-1.));
#7910 = ORIENTED_EDGE('',*,*,#7911,.T.);
#7911 = EDGE_CURVE('',#7904,#7912,#7914,.T.);
#7912 = VERTEX_POINT('',#7913);
#7913 = CARTESIAN_POINT('',(-2.5,1.2,0.9));
#7914 = LINE('',#7915,#7916);
#7915 = CARTESIAN_POINT('',(-2.5,2.075,0.9));
#7916 = VECTOR('',#7917,1.);
#7917 = DIRECTION('',(-1.224646799147E-16,-1.,1.556307025767E-32));
#7918 = ORIENTED_EDGE('',*,*,#7919,.T.);
#7919 = EDGE_CURVE('',#7912,#7896,#7920,.T.);
#7920 = LINE('',#7921,#7922);
#7921 = CARTESIAN_POINT('',(-2.5,1.2,5.E-02));
#7922 = VECTOR('',#7923,1.);
#7923 = DIRECTION('',(0.,0.,1.));
#7924 = PLANE('',#7925);
#7925 = AXIS2_PLACEMENT_3D('',#7926,#7927,#7928);
#7926 = CARTESIAN_POINT('',(-2.5,2.5,0.1));
#7927 = DIRECTION('',(1.,-1.224646799147E-16,0.));
#7928 = DIRECTION('',(-1.224646799147E-16,-1.,0.));
#7929 = ADVANCED_FACE('',(#7930),#7941,.F.);
#7930 = FACE_BOUND('',#7931,.F.);
#7931 = EDGE_LOOP('',(#7932,#7933,#7934,#7935));
#7932 = ORIENTED_EDGE('',*,*,#7678,.T.);
#7933 = ORIENTED_EDGE('',*,*,#7565,.T.);
#7934 = ORIENTED_EDGE('',*,*,#7809,.F.);
#7935 = ORIENTED_EDGE('',*,*,#7936,.F.);
#7936 = EDGE_CURVE('',#7679,#7810,#7937,.T.);
#7937 = LINE('',#7938,#7939);
#7938 = CARTESIAN_POINT('',(2.5,2.5,0.1));
#7939 = VECTOR('',#7940,1.);
#7940 = DIRECTION('',(-1.,1.224646799147E-16,0.));
#7941 = PLANE('',#7942);
#7942 = AXIS2_PLACEMENT_3D('',#7943,#7944,#7945);
#7943 = CARTESIAN_POINT('',(2.5,2.5,0.1));
#7944 = DIRECTION('',(-1.224646799147E-16,-1.,0.));
#7945 = DIRECTION('',(-1.,1.224646799147E-16,0.));
#7946 = ADVANCED_FACE('',(#7947),#7950,.T.);
#7947 = FACE_BOUND('',#7948,.T.);
#7948 = EDGE_LOOP('',(#7949));
#7949 = ORIENTED_EDGE('',*,*,#7592,.T.);
#7950 = PLANE('',#7951);
#7951 = AXIS2_PLACEMENT_3D('',#7952,#7953,#7954);
#7952 = CARTESIAN_POINT('',(1.538370149107E-16,-1.370800865949E-16,1.225
    ));
#7953 = DIRECTION('',(0.,0.,1.));
#7954 = DIRECTION('',(-1.,1.224646799147E-16,0.));
#7955 = ADVANCED_FACE('',(#7956),#7961,.T.);
#7956 = FACE_BOUND('',#7957,.T.);
#7957 = EDGE_LOOP('',(#7958,#7959,#7960));
#7958 = ORIENTED_EDGE('',*,*,#7725,.T.);
#7959 = ORIENTED_EDGE('',*,*,#7615,.T.);
#7960 = ORIENTED_EDGE('',*,*,#7639,.T.);
#7961 = PLANE('',#7962);
#7962 = AXIS2_PLACEMENT_3D('',#7963,#7964,#7965);
#7963 = CARTESIAN_POINT('',(3.75,-3.75,1.3));
#7964 = DIRECTION('',(0.,0.,1.));
#7965 = DIRECTION('',(-0.707106781187,-0.707106781187,0.));
#7966 = ADVANCED_FACE('',(#7967),#8129,.F.);
#7967 = FACE_BOUND('',#7968,.F.);
#7968 = EDGE_LOOP('',(#7969,#7970,#7971,#7972,#7980,#7988,#7996,#8004,
    #8010,#8011,#8019,#8027,#8035,#8043,#8049,#8050,#8051,#8052,#8060,
    #8068,#8076,#8084,#8090,#8091,#8099,#8107,#8115,#8123));
#7969 = ORIENTED_EDGE('',*,*,#7686,.T.);
#7970 = ORIENTED_EDGE('',*,*,#7936,.T.);
#7971 = ORIENTED_EDGE('',*,*,#7851,.T.);
#7972 = ORIENTED_EDGE('',*,*,#7973,.F.);
#7973 = EDGE_CURVE('',#7974,#7844,#7976,.T.);
#7974 = VERTEX_POINT('',#7975);
#7975 = CARTESIAN_POINT('',(-1.95,2.1,0.1));
#7976 = LINE('',#7977,#7978);
#7977 = CARTESIAN_POINT('',(-2.025,2.1,0.1));
#7978 = VECTOR('',#7979,1.);
#7979 = DIRECTION('',(-1.,1.224646799147E-16,-4.996063166392E-32));
#7980 = ORIENTED_EDGE('',*,*,#7981,.T.);
#7981 = EDGE_CURVE('',#7974,#7982,#7984,.T.);
#7982 = VERTEX_POINT('',#7983);
#7983 = CARTESIAN_POINT('',(-1.8,2.1,0.1));
#7984 = LINE('',#7985,#7986);
#7985 = CARTESIAN_POINT('',(-0.9,2.1,0.1));
#7986 = VECTOR('',#7987,1.);
#7987 = DIRECTION('',(1.,-1.224646799147E-16,0.));
#7988 = ORIENTED_EDGE('',*,*,#7989,.T.);
#7989 = EDGE_CURVE('',#7982,#7990,#7992,.T.);
#7990 = VERTEX_POINT('',#7991);
#7991 = CARTESIAN_POINT('',(-1.8,1.2,0.1));
#7992 = LINE('',#7993,#7994);
#7993 = CARTESIAN_POINT('',(-1.8,0.6,0.1));
#7994 = VECTOR('',#7995,1.);
#7995 = DIRECTION('',(-1.224646799147E-16,-1.,0.));
#7996 = ORIENTED_EDGE('',*,*,#7997,.T.);
#7997 = EDGE_CURVE('',#7990,#7998,#8000,.T.);
#7998 = VERTEX_POINT('',#7999);
#7999 = CARTESIAN_POINT('',(-1.95,1.2,0.1));
#8000 = LINE('',#8001,#8002);
#8001 = CARTESIAN_POINT('',(-1.35,1.2,0.1));
#8002 = VECTOR('',#8003,1.);
#8003 = DIRECTION('',(-1.,1.224646799147E-16,0.));
#8004 = ORIENTED_EDGE('',*,*,#8005,.F.);
#8005 = EDGE_CURVE('',#7836,#7998,#8006,.T.);
#8006 = LINE('',#8007,#8008);
#8007 = CARTESIAN_POINT('',(-2.475,1.2,0.1));
#8008 = VECTOR('',#8009,1.);
#8009 = DIRECTION('',(1.,-1.224646799147E-16,4.996063166392E-32));
#8010 = ORIENTED_EDGE('',*,*,#7835,.T.);
#8011 = ORIENTED_EDGE('',*,*,#8012,.F.);
#8012 = EDGE_CURVE('',#8013,#7828,#8015,.T.);
#8013 = VERTEX_POINT('',#8014);
#8014 = CARTESIAN_POINT('',(-1.95,-1.2,0.1));
#8015 = LINE('',#8016,#8017);
#8016 = CARTESIAN_POINT('',(-2.025,-1.2,0.1));
#8017 = VECTOR('',#8018,1.);
#8018 = DIRECTION('',(-1.,1.224646799147E-16,-4.996063166392E-32));
#8019 = ORIENTED_EDGE('',*,*,#8020,.T.);
#8020 = EDGE_CURVE('',#8013,#8021,#8023,.T.);
#8021 = VERTEX_POINT('',#8022);
#8022 = CARTESIAN_POINT('',(-1.8,-1.2,0.1));
#8023 = LINE('',#8024,#8025);
#8024 = CARTESIAN_POINT('',(-0.9,-1.2,0.1));
#8025 = VECTOR('',#8026,1.);
#8026 = DIRECTION('',(1.,-1.224646799147E-16,0.));
#8027 = ORIENTED_EDGE('',*,*,#8028,.T.);
#8028 = EDGE_CURVE('',#8021,#8029,#8031,.T.);
#8029 = VERTEX_POINT('',#8030);
#8030 = CARTESIAN_POINT('',(-1.8,-2.1,0.1));
#8031 = LINE('',#8032,#8033);
#8032 = CARTESIAN_POINT('',(-1.8,-1.05,0.1));
#8033 = VECTOR('',#8034,1.);
#8034 = DIRECTION('',(-1.224646799147E-16,-1.,0.));
#8035 = ORIENTED_EDGE('',*,*,#8036,.T.);
#8036 = EDGE_CURVE('',#8029,#8037,#8039,.T.);
#8037 = VERTEX_POINT('',#8038);
#8038 = CARTESIAN_POINT('',(-1.95,-2.1,0.1));
#8039 = LINE('',#8040,#8041);
#8040 = CARTESIAN_POINT('',(-1.35,-2.1,0.1));
#8041 = VECTOR('',#8042,1.);
#8042 = DIRECTION('',(-1.,1.224646799147E-16,0.));
#8043 = ORIENTED_EDGE('',*,*,#8044,.F.);
#8044 = EDGE_CURVE('',#7820,#8037,#8045,.T.);
#8045 = LINE('',#8046,#8047);
#8046 = CARTESIAN_POINT('',(-2.475,-2.1,0.1));
#8047 = VECTOR('',#8048,1.);
#8048 = DIRECTION('',(1.,-1.224646799147E-16,4.996063166392E-32));
#8049 = ORIENTED_EDGE('',*,*,#7819,.T.);
#8050 = ORIENTED_EDGE('',*,*,#7655,.T.);
#8051 = ORIENTED_EDGE('',*,*,#7718,.T.);
#8052 = ORIENTED_EDGE('',*,*,#8053,.F.);
#8053 = EDGE_CURVE('',#8054,#7711,#8056,.T.);
#8054 = VERTEX_POINT('',#8055);
#8055 = CARTESIAN_POINT('',(1.95,-2.1,0.1));
#8056 = LINE('',#8057,#8058);
#8057 = CARTESIAN_POINT('',(2.025,-2.1,0.1));
#8058 = VECTOR('',#8059,1.);
#8059 = DIRECTION('',(1.,-1.224646799147E-16,-4.996063166392E-32));
#8060 = ORIENTED_EDGE('',*,*,#8061,.T.);
#8061 = EDGE_CURVE('',#8054,#8062,#8064,.T.);
#8062 = VERTEX_POINT('',#8063);
#8063 = CARTESIAN_POINT('',(1.8,-2.1,0.1));
#8064 = LINE('',#8065,#8066);
#8065 = CARTESIAN_POINT('',(0.9,-2.1,0.1));
#8066 = VECTOR('',#8067,1.);
#8067 = DIRECTION('',(-1.,1.224646799147E-16,0.));
#8068 = ORIENTED_EDGE('',*,*,#8069,.T.);
#8069 = EDGE_CURVE('',#8062,#8070,#8072,.T.);
#8070 = VERTEX_POINT('',#8071);
#8071 = CARTESIAN_POINT('',(1.8,-1.2,0.1));
#8072 = LINE('',#8073,#8074);
#8073 = CARTESIAN_POINT('',(1.8,-0.6,0.1));
#8074 = VECTOR('',#8075,1.);
#8075 = DIRECTION('',(1.224646799147E-16,1.,0.));
#8076 = ORIENTED_EDGE('',*,*,#8077,.T.);
#8077 = EDGE_CURVE('',#8070,#8078,#8080,.T.);
#8078 = VERTEX_POINT('',#8079);
#8079 = CARTESIAN_POINT('',(1.95,-1.2,0.1));
#8080 = LINE('',#8081,#8082);
#8081 = CARTESIAN_POINT('',(1.35,-1.2,0.1));
#8082 = VECTOR('',#8083,1.);
#8083 = DIRECTION('',(1.,-1.224646799147E-16,0.));
#8084 = ORIENTED_EDGE('',*,*,#8085,.F.);
#8085 = EDGE_CURVE('',#7703,#8078,#8086,.T.);
#8086 = LINE('',#8087,#8088);
#8087 = CARTESIAN_POINT('',(2.475,-1.2,0.1));
#8088 = VECTOR('',#8089,1.);
#8089 = DIRECTION('',(-1.,1.224646799147E-16,4.996063166392E-32));
#8090 = ORIENTED_EDGE('',*,*,#7702,.T.);
#8091 = ORIENTED_EDGE('',*,*,#8092,.F.);
#8092 = EDGE_CURVE('',#8093,#7695,#8095,.T.);
#8093 = VERTEX_POINT('',#8094);
#8094 = CARTESIAN_POINT('',(1.95,1.2,0.1));
#8095 = LINE('',#8096,#8097);
#8096 = CARTESIAN_POINT('',(2.025,1.2,0.1));
#8097 = VECTOR('',#8098,1.);
#8098 = DIRECTION('',(1.,-1.224646799147E-16,-4.996063166392E-32));
#8099 = ORIENTED_EDGE('',*,*,#8100,.T.);
#8100 = EDGE_CURVE('',#8093,#8101,#8103,.T.);
#8101 = VERTEX_POINT('',#8102);
#8102 = CARTESIAN_POINT('',(1.8,1.2,0.1));
#8103 = LINE('',#8104,#8105);
#8104 = CARTESIAN_POINT('',(0.9,1.2,0.1));
#8105 = VECTOR('',#8106,1.);
#8106 = DIRECTION('',(-1.,1.224646799147E-16,0.));
#8107 = ORIENTED_EDGE('',*,*,#8108,.T.);
#8108 = EDGE_CURVE('',#8101,#8109,#8111,.T.);
#8109 = VERTEX_POINT('',#8110);
#8110 = CARTESIAN_POINT('',(1.8,2.1,0.1));
#8111 = LINE('',#8112,#8113);
#8112 = CARTESIAN_POINT('',(1.8,1.05,0.1));
#8113 = VECTOR('',#8114,1.);
#8114 = DIRECTION('',(1.224646799147E-16,1.,0.));
#8115 = ORIENTED_EDGE('',*,*,#8116,.T.);
#8116 = EDGE_CURVE('',#8109,#8117,#8119,.T.);
#8117 = VERTEX_POINT('',#8118);
#8118 = CARTESIAN_POINT('',(1.95,2.1,0.1));
#8119 = LINE('',#8120,#8121);
#8120 = CARTESIAN_POINT('',(1.35,2.1,0.1));
#8121 = VECTOR('',#8122,1.);
#8122 = DIRECTION('',(1.,-1.224646799147E-16,0.));
#8123 = ORIENTED_EDGE('',*,*,#8124,.F.);
#8124 = EDGE_CURVE('',#7687,#8117,#8125,.T.);
#8125 = LINE('',#8126,#8127);
#8126 = CARTESIAN_POINT('',(2.475,2.1,0.1));
#8127 = VECTOR('',#8128,1.);
#8128 = DIRECTION('',(-1.,1.224646799147E-16,4.996063166392E-32));
#8129 = PLANE('',#8130);
#8130 = AXIS2_PLACEMENT_3D('',#8131,#8132,#8133);
#8131 = CARTESIAN_POINT('',(0.,0.,0.1));
#8132 = DIRECTION('',(0.,0.,1.));
#8133 = DIRECTION('',(-1.,1.224646799147E-16,0.));
#8134 = ADVANCED_FACE('',(#8135),#8160,.T.);
#8135 = FACE_BOUND('',#8136,.T.);
#8136 = EDGE_LOOP('',(#8137,#8147,#8153,#8154));
#8137 = ORIENTED_EDGE('',*,*,#8138,.T.);
#8138 = EDGE_CURVE('',#8139,#8141,#8143,.T.);
#8139 = VERTEX_POINT('',#8140);
#8140 = CARTESIAN_POINT('',(2.55,1.2,0.1));
#8141 = VERTEX_POINT('',#8142);
#8142 = CARTESIAN_POINT('',(2.55,2.1,0.1));
#8143 = LINE('',#8144,#8145);
#8144 = CARTESIAN_POINT('',(2.55,1.1,0.1));
#8145 = VECTOR('',#8146,1.);
#8146 = DIRECTION('',(1.224646799147E-16,1.,0.));
#8147 = ORIENTED_EDGE('',*,*,#8148,.T.);
#8148 = EDGE_CURVE('',#8141,#7687,#8149,.T.);
#8149 = LINE('',#8150,#8151);
#8150 = CARTESIAN_POINT('',(2.475,2.1,0.1));
#8151 = VECTOR('',#8152,1.);
#8152 = DIRECTION('',(-1.,1.224646799147E-16,4.996063166392E-32));
#8153 = ORIENTED_EDGE('',*,*,#7694,.F.);
#8154 = ORIENTED_EDGE('',*,*,#8155,.T.);
#8155 = EDGE_CURVE('',#7695,#8139,#8156,.T.);
#8156 = LINE('',#8157,#8158);
#8157 = CARTESIAN_POINT('',(2.025,1.2,0.1));
#8158 = VECTOR('',#8159,1.);
#8159 = DIRECTION('',(1.,-1.224646799147E-16,-4.996063166392E-32));
#8160 = PLANE('',#8161);
#8161 = AXIS2_PLACEMENT_3D('',#8162,#8163,#8164);
#8162 = CARTESIAN_POINT('',(2.25,1.65,0.1));
#8163 = DIRECTION('',(4.996063166392E-32,1.556307025767E-32,1.));
#8164 = DIRECTION('',(-1.,1.224646799147E-16,4.996063166392E-32));
#8165 = ADVANCED_FACE('',(#8166),#8191,.T.);
#8166 = FACE_BOUND('',#8167,.T.);
#8167 = EDGE_LOOP('',(#8168,#8178,#8184,#8185));
#8168 = ORIENTED_EDGE('',*,*,#8169,.T.);
#8169 = EDGE_CURVE('',#8170,#8172,#8174,.T.);
#8170 = VERTEX_POINT('',#8171);
#8171 = CARTESIAN_POINT('',(2.55,-2.1,0.1));
#8172 = VERTEX_POINT('',#8173);
#8173 = CARTESIAN_POINT('',(2.55,-1.2,0.1));
#8174 = LINE('',#8175,#8176);
#8175 = CARTESIAN_POINT('',(2.55,-2.2,0.1));
#8176 = VECTOR('',#8177,1.);
#8177 = DIRECTION('',(1.224646799147E-16,1.,0.));
#8178 = ORIENTED_EDGE('',*,*,#8179,.T.);
#8179 = EDGE_CURVE('',#8172,#7703,#8180,.T.);
#8180 = LINE('',#8181,#8182);
#8181 = CARTESIAN_POINT('',(2.475,-1.2,0.1));
#8182 = VECTOR('',#8183,1.);
#8183 = DIRECTION('',(-1.,1.224646799147E-16,4.996063166392E-32));
#8184 = ORIENTED_EDGE('',*,*,#7710,.F.);
#8185 = ORIENTED_EDGE('',*,*,#8186,.T.);
#8186 = EDGE_CURVE('',#7711,#8170,#8187,.T.);
#8187 = LINE('',#8188,#8189);
#8188 = CARTESIAN_POINT('',(2.025,-2.1,0.1));
#8189 = VECTOR('',#8190,1.);
#8190 = DIRECTION('',(1.,-1.224646799147E-16,-4.996063166392E-32));
#8191 = PLANE('',#8192);
#8192 = AXIS2_PLACEMENT_3D('',#8193,#8194,#8195);
#8193 = CARTESIAN_POINT('',(2.25,-1.65,0.1));
#8194 = DIRECTION('',(4.996063166392E-32,3.890767564419E-33,1.));
#8195 = DIRECTION('',(-1.,1.224646799147E-16,4.996063166392E-32));
#8196 = ADVANCED_FACE('',(#8197),#8222,.F.);
#8197 = FACE_BOUND('',#8198,.F.);
#8198 = EDGE_LOOP('',(#8199,#8209,#8215,#8216));
#8199 = ORIENTED_EDGE('',*,*,#8200,.T.);
#8200 = EDGE_CURVE('',#8201,#8203,#8205,.T.);
#8201 = VERTEX_POINT('',#8202);
#8202 = CARTESIAN_POINT('',(2.55,1.2,0.9));
#8203 = VERTEX_POINT('',#8204);
#8204 = CARTESIAN_POINT('',(2.55,2.1,0.9));
#8205 = LINE('',#8206,#8207);
#8206 = CARTESIAN_POINT('',(2.55,1.1,0.9));
#8207 = VECTOR('',#8208,1.);
#8208 = DIRECTION('',(1.224646799147E-16,1.,0.));
#8209 = ORIENTED_EDGE('',*,*,#8210,.T.);
#8210 = EDGE_CURVE('',#8203,#7738,#8211,.T.);
#8211 = LINE('',#8212,#8213);
#8212 = CARTESIAN_POINT('',(2.475,2.1,0.9));
#8213 = VECTOR('',#8214,1.);
#8214 = DIRECTION('',(-1.,1.224646799147E-16,4.996063166392E-32));
#8215 = ORIENTED_EDGE('',*,*,#7735,.F.);
#8216 = ORIENTED_EDGE('',*,*,#8217,.T.);
#8217 = EDGE_CURVE('',#7736,#8201,#8218,.T.);
#8218 = LINE('',#8219,#8220);
#8219 = CARTESIAN_POINT('',(2.025,1.2,0.9));
#8220 = VECTOR('',#8221,1.);
#8221 = DIRECTION('',(1.,-1.224646799147E-16,-4.996063166392E-32));
#8222 = PLANE('',#8223);
#8223 = AXIS2_PLACEMENT_3D('',#8224,#8225,#8226);
#8224 = CARTESIAN_POINT('',(2.25,1.65,0.9));
#8225 = DIRECTION('',(4.996063166392E-32,1.556307025767E-32,1.));
#8226 = DIRECTION('',(-1.,1.224646799147E-16,4.996063166392E-32));
#8227 = ADVANCED_FACE('',(#8228),#8307,.F.);
#8228 = FACE_BOUND('',#8229,.F.);
#8229 = EDGE_LOOP('',(#8230,#8240,#8249,#8257,#8263,#8264,#8265,#8266,
    #8275,#8283,#8290,#8291,#8292,#8300));
#8230 = ORIENTED_EDGE('',*,*,#8231,.F.);
#8231 = EDGE_CURVE('',#8232,#8234,#8236,.T.);
#8232 = VERTEX_POINT('',#8233);
#8233 = CARTESIAN_POINT('',(2.7,1.2,5.E-02));
#8234 = VERTEX_POINT('',#8235);
#8235 = CARTESIAN_POINT('',(2.7,1.2,0.95));
#8236 = LINE('',#8237,#8238);
#8237 = CARTESIAN_POINT('',(2.7,1.2,0.));
#8238 = VECTOR('',#8239,1.);
#8239 = DIRECTION('',(0.,0.,1.));
#8240 = ORIENTED_EDGE('',*,*,#8241,.T.);
#8241 = EDGE_CURVE('',#8232,#8242,#8244,.T.);
#8242 = VERTEX_POINT('',#8243);
#8243 = CARTESIAN_POINT('',(2.65,1.2,-6.938893903907E-18));
#8244 = CIRCLE('',#8245,5.E-02);
#8245 = AXIS2_PLACEMENT_3D('',#8246,#8247,#8248);
#8246 = CARTESIAN_POINT('',(2.65,1.2,5.E-02));
#8247 = DIRECTION('',(1.224646799147E-16,1.,0.));
#8248 = DIRECTION('',(0.,0.,-1.));
#8249 = ORIENTED_EDGE('',*,*,#8250,.F.);
#8250 = EDGE_CURVE('',#8251,#8242,#8253,.T.);
#8251 = VERTEX_POINT('',#8252);
#8252 = CARTESIAN_POINT('',(1.8,1.2,0.));
#8253 = LINE('',#8254,#8255);
#8254 = CARTESIAN_POINT('',(1.8,1.2,0.));
#8255 = VECTOR('',#8256,1.);
#8256 = DIRECTION('',(1.,-1.224646799147E-16,0.));
#8257 = ORIENTED_EDGE('',*,*,#8258,.T.);
#8258 = EDGE_CURVE('',#8251,#8101,#8259,.T.);
#8259 = LINE('',#8260,#8261);
#8260 = CARTESIAN_POINT('',(1.8,1.2,0.));
#8261 = VECTOR('',#8262,1.);
#8262 = DIRECTION('',(0.,0.,1.));
#8263 = ORIENTED_EDGE('',*,*,#8100,.F.);
#8264 = ORIENTED_EDGE('',*,*,#8092,.T.);
#8265 = ORIENTED_EDGE('',*,*,#8155,.T.);
#8266 = ORIENTED_EDGE('',*,*,#8267,.F.);
#8267 = EDGE_CURVE('',#8268,#8139,#8270,.T.);
#8268 = VERTEX_POINT('',#8269);
#8269 = CARTESIAN_POINT('',(2.6,1.2,0.15));
#8270 = CIRCLE('',#8271,5.E-02);
#8271 = AXIS2_PLACEMENT_3D('',#8272,#8273,#8274);
#8272 = CARTESIAN_POINT('',(2.55,1.2,0.15));
#8273 = DIRECTION('',(1.224646799147E-16,1.,0.));
#8274 = DIRECTION('',(1.,-1.224646799147E-16,0.));
#8275 = ORIENTED_EDGE('',*,*,#8276,.T.);
#8276 = EDGE_CURVE('',#8268,#8277,#8279,.T.);
#8277 = VERTEX_POINT('',#8278);
#8278 = CARTESIAN_POINT('',(2.6,1.2,0.85));
#8279 = LINE('',#8280,#8281);
#8280 = CARTESIAN_POINT('',(2.6,1.2,5.E-02));
#8281 = VECTOR('',#8282,1.);
#8282 = DIRECTION('',(0.,0.,1.));
#8283 = ORIENTED_EDGE('',*,*,#8284,.F.);
#8284 = EDGE_CURVE('',#8201,#8277,#8285,.T.);
#8285 = CIRCLE('',#8286,5.E-02);
#8286 = AXIS2_PLACEMENT_3D('',#8287,#8288,#8289);
#8287 = CARTESIAN_POINT('',(2.55,1.2,0.85));
#8288 = DIRECTION('',(1.224646799147E-16,1.,0.));
#8289 = DIRECTION('',(1.,-1.224646799147E-16,0.));
#8290 = ORIENTED_EDGE('',*,*,#8217,.F.);
#8291 = ORIENTED_EDGE('',*,*,#7761,.F.);
#8292 = ORIENTED_EDGE('',*,*,#8293,.T.);
#8293 = EDGE_CURVE('',#7754,#8294,#8296,.T.);
#8294 = VERTEX_POINT('',#8295);
#8295 = CARTESIAN_POINT('',(2.65,1.2,1.));
#8296 = LINE('',#8297,#8298);
#8297 = CARTESIAN_POINT('',(1.8,1.2,1.));
#8298 = VECTOR('',#8299,1.);
#8299 = DIRECTION('',(1.,-1.224646799147E-16,0.));
#8300 = ORIENTED_EDGE('',*,*,#8301,.F.);
#8301 = EDGE_CURVE('',#8234,#8294,#8302,.T.);
#8302 = CIRCLE('',#8303,5.E-02);
#8303 = AXIS2_PLACEMENT_3D('',#8304,#8305,#8306);
#8304 = CARTESIAN_POINT('',(2.65,1.2,0.95));
#8305 = DIRECTION('',(-1.224646799147E-16,-1.,0.));
#8306 = DIRECTION('',(-0.,0.,-1.));
#8307 = PLANE('',#8308);
#8308 = AXIS2_PLACEMENT_3D('',#8309,#8310,#8311);
#8309 = CARTESIAN_POINT('',(1.8,1.2,0.));
#8310 = DIRECTION('',(1.224646799147E-16,1.,0.));
#8311 = DIRECTION('',(1.,-1.224646799147E-16,0.));
#8312 = ADVANCED_FACE('',(#8313),#8331,.T.);
#8313 = FACE_BOUND('',#8314,.T.);
#8314 = EDGE_LOOP('',(#8315,#8323,#8329,#8330));
#8315 = ORIENTED_EDGE('',*,*,#8316,.T.);
#8316 = EDGE_CURVE('',#8294,#8317,#8319,.T.);
#8317 = VERTEX_POINT('',#8318);
#8318 = CARTESIAN_POINT('',(2.65,2.1,1.));
#8319 = LINE('',#8320,#8321);
#8320 = CARTESIAN_POINT('',(2.65,1.2,1.));
#8321 = VECTOR('',#8322,1.);
#8322 = DIRECTION('',(1.224646799147E-16,1.,0.));
#8323 = ORIENTED_EDGE('',*,*,#8324,.T.);
#8324 = EDGE_CURVE('',#8317,#7746,#8325,.T.);
#8325 = LINE('',#8326,#8327);
#8326 = CARTESIAN_POINT('',(2.7,2.1,1.));
#8327 = VECTOR('',#8328,1.);
#8328 = DIRECTION('',(-1.,1.224646799147E-16,0.));
#8329 = ORIENTED_EDGE('',*,*,#7753,.F.);
#8330 = ORIENTED_EDGE('',*,*,#8293,.T.);
#8331 = PLANE('',#8332);
#8332 = AXIS2_PLACEMENT_3D('',#8333,#8334,#8335);
#8333 = CARTESIAN_POINT('',(2.25,1.65,1.));
#8334 = DIRECTION('',(0.,0.,1.));
#8335 = DIRECTION('',(-1.,1.224646799147E-16,0.));
#8336 = ADVANCED_FACE('',(#8337),#8409,.F.);
#8337 = FACE_BOUND('',#8338,.F.);
#8338 = EDGE_LOOP('',(#8339,#8350,#8358,#8365,#8366,#8367,#8368,#8377,
    #8385,#8392,#8393,#8394,#8395,#8403));
#8339 = ORIENTED_EDGE('',*,*,#8340,.F.);
#8340 = EDGE_CURVE('',#8341,#8343,#8345,.T.);
#8341 = VERTEX_POINT('',#8342);
#8342 = CARTESIAN_POINT('',(2.7,2.1,5.E-02));
#8343 = VERTEX_POINT('',#8344);
#8344 = CARTESIAN_POINT('',(2.65,2.1,-6.938893903907E-18));
#8345 = CIRCLE('',#8346,5.E-02);
#8346 = AXIS2_PLACEMENT_3D('',#8347,#8348,#8349);
#8347 = CARTESIAN_POINT('',(2.65,2.1,5.E-02));
#8348 = DIRECTION('',(1.224646799147E-16,1.,0.));
#8349 = DIRECTION('',(0.,0.,-1.));
#8350 = ORIENTED_EDGE('',*,*,#8351,.T.);
#8351 = EDGE_CURVE('',#8341,#8352,#8354,.T.);
#8352 = VERTEX_POINT('',#8353);
#8353 = CARTESIAN_POINT('',(2.7,2.1,0.95));
#8354 = LINE('',#8355,#8356);
#8355 = CARTESIAN_POINT('',(2.7,2.1,0.));
#8356 = VECTOR('',#8357,1.);
#8357 = DIRECTION('',(0.,0.,1.));
#8358 = ORIENTED_EDGE('',*,*,#8359,.T.);
#8359 = EDGE_CURVE('',#8352,#8317,#8360,.T.);
#8360 = CIRCLE('',#8361,5.E-02);
#8361 = AXIS2_PLACEMENT_3D('',#8362,#8363,#8364);
#8362 = CARTESIAN_POINT('',(2.65,2.1,0.95));
#8363 = DIRECTION('',(-1.224646799147E-16,-1.,0.));
#8364 = DIRECTION('',(-0.,0.,-1.));
#8365 = ORIENTED_EDGE('',*,*,#8324,.T.);
#8366 = ORIENTED_EDGE('',*,*,#7745,.F.);
#8367 = ORIENTED_EDGE('',*,*,#8210,.F.);
#8368 = ORIENTED_EDGE('',*,*,#8369,.T.);
#8369 = EDGE_CURVE('',#8203,#8370,#8372,.T.);
#8370 = VERTEX_POINT('',#8371);
#8371 = CARTESIAN_POINT('',(2.6,2.1,0.85));
#8372 = CIRCLE('',#8373,5.E-02);
#8373 = AXIS2_PLACEMENT_3D('',#8374,#8375,#8376);
#8374 = CARTESIAN_POINT('',(2.55,2.1,0.85));
#8375 = DIRECTION('',(1.224646799147E-16,1.,0.));
#8376 = DIRECTION('',(1.,-1.224646799147E-16,0.));
#8377 = ORIENTED_EDGE('',*,*,#8378,.T.);
#8378 = EDGE_CURVE('',#8370,#8379,#8381,.T.);
#8379 = VERTEX_POINT('',#8380);
#8380 = CARTESIAN_POINT('',(2.6,2.1,0.15));
#8381 = LINE('',#8382,#8383);
#8382 = CARTESIAN_POINT('',(2.6,2.1,5.E-02));
#8383 = VECTOR('',#8384,1.);
#8384 = DIRECTION('',(0.,-0.,-1.));
#8385 = ORIENTED_EDGE('',*,*,#8386,.T.);
#8386 = EDGE_CURVE('',#8379,#8141,#8387,.T.);
#8387 = CIRCLE('',#8388,5.E-02);
#8388 = AXIS2_PLACEMENT_3D('',#8389,#8390,#8391);
#8389 = CARTESIAN_POINT('',(2.55,2.1,0.15));
#8390 = DIRECTION('',(1.224646799147E-16,1.,0.));
#8391 = DIRECTION('',(1.,-1.224646799147E-16,0.));
#8392 = ORIENTED_EDGE('',*,*,#8148,.T.);
#8393 = ORIENTED_EDGE('',*,*,#8124,.T.);
#8394 = ORIENTED_EDGE('',*,*,#8116,.F.);
#8395 = ORIENTED_EDGE('',*,*,#8396,.F.);
#8396 = EDGE_CURVE('',#8397,#8109,#8399,.T.);
#8397 = VERTEX_POINT('',#8398);
#8398 = CARTESIAN_POINT('',(1.8,2.1,0.));
#8399 = LINE('',#8400,#8401);
#8400 = CARTESIAN_POINT('',(1.8,2.1,0.));
#8401 = VECTOR('',#8402,1.);
#8402 = DIRECTION('',(0.,0.,1.));
#8403 = ORIENTED_EDGE('',*,*,#8404,.F.);
#8404 = EDGE_CURVE('',#8343,#8397,#8405,.T.);
#8405 = LINE('',#8406,#8407);
#8406 = CARTESIAN_POINT('',(2.7,2.1,0.));
#8407 = VECTOR('',#8408,1.);
#8408 = DIRECTION('',(-1.,1.224646799147E-16,0.));
#8409 = PLANE('',#8410);
#8410 = AXIS2_PLACEMENT_3D('',#8411,#8412,#8413);
#8411 = CARTESIAN_POINT('',(2.7,2.1,0.));
#8412 = DIRECTION('',(-1.224646799147E-16,-1.,0.));
#8413 = DIRECTION('',(-1.,1.224646799147E-16,0.));
#8414 = ADVANCED_FACE('',(#8415),#8440,.T.);
#8415 = FACE_BOUND('',#8416,.T.);
#8416 = EDGE_LOOP('',(#8417,#8427,#8433,#8434));
#8417 = ORIENTED_EDGE('',*,*,#8418,.T.);
#8418 = EDGE_CURVE('',#8419,#8421,#8423,.T.);
#8419 = VERTEX_POINT('',#8420);
#8420 = CARTESIAN_POINT('',(2.65,-2.1,1.));
#8421 = VERTEX_POINT('',#8422);
#8422 = CARTESIAN_POINT('',(2.65,-1.2,1.));
#8423 = LINE('',#8424,#8425);
#8424 = CARTESIAN_POINT('',(2.65,-2.1,1.));
#8425 = VECTOR('',#8426,1.);
#8426 = DIRECTION('',(1.224646799147E-16,1.,0.));
#8427 = ORIENTED_EDGE('',*,*,#8428,.T.);
#8428 = EDGE_CURVE('',#8421,#7772,#8429,.T.);
#8429 = LINE('',#8430,#8431);
#8430 = CARTESIAN_POINT('',(2.7,-1.2,1.));
#8431 = VECTOR('',#8432,1.);
#8432 = DIRECTION('',(-1.,1.224646799147E-16,0.));
#8433 = ORIENTED_EDGE('',*,*,#7769,.F.);
#8434 = ORIENTED_EDGE('',*,*,#8435,.T.);
#8435 = EDGE_CURVE('',#7770,#8419,#8436,.T.);
#8436 = LINE('',#8437,#8438);
#8437 = CARTESIAN_POINT('',(1.8,-2.1,1.));
#8438 = VECTOR('',#8439,1.);
#8439 = DIRECTION('',(1.,-1.224646799147E-16,0.));
#8440 = PLANE('',#8441);
#8441 = AXIS2_PLACEMENT_3D('',#8442,#8443,#8444);
#8442 = CARTESIAN_POINT('',(2.25,-1.65,1.));
#8443 = DIRECTION('',(0.,0.,1.));
#8444 = DIRECTION('',(-1.,1.224646799147E-16,0.));
#8445 = ADVANCED_FACE('',(#8446),#8525,.F.);
#8446 = FACE_BOUND('',#8447,.F.);
#8447 = EDGE_LOOP('',(#8448,#8459,#8467,#8474,#8475,#8476,#8484,#8493,
    #8501,#8508,#8509,#8510,#8511,#8519));
#8448 = ORIENTED_EDGE('',*,*,#8449,.F.);
#8449 = EDGE_CURVE('',#8450,#8452,#8454,.T.);
#8450 = VERTEX_POINT('',#8451);
#8451 = CARTESIAN_POINT('',(2.7,-1.2,5.E-02));
#8452 = VERTEX_POINT('',#8453);
#8453 = CARTESIAN_POINT('',(2.65,-1.2,-6.938893903907E-18));
#8454 = CIRCLE('',#8455,5.E-02);
#8455 = AXIS2_PLACEMENT_3D('',#8456,#8457,#8458);
#8456 = CARTESIAN_POINT('',(2.65,-1.2,5.E-02));
#8457 = DIRECTION('',(1.224646799147E-16,1.,0.));
#8458 = DIRECTION('',(0.,0.,-1.));
#8459 = ORIENTED_EDGE('',*,*,#8460,.T.);
#8460 = EDGE_CURVE('',#8450,#8461,#8463,.T.);
#8461 = VERTEX_POINT('',#8462);
#8462 = CARTESIAN_POINT('',(2.7,-1.2,0.95));
#8463 = LINE('',#8464,#8465);
#8464 = CARTESIAN_POINT('',(2.7,-1.2,0.));
#8465 = VECTOR('',#8466,1.);
#8466 = DIRECTION('',(0.,0.,1.));
#8467 = ORIENTED_EDGE('',*,*,#8468,.T.);
#8468 = EDGE_CURVE('',#8461,#8421,#8469,.T.);
#8469 = CIRCLE('',#8470,5.E-02);
#8470 = AXIS2_PLACEMENT_3D('',#8471,#8472,#8473);
#8471 = CARTESIAN_POINT('',(2.65,-1.2,0.95));
#8472 = DIRECTION('',(-1.224646799147E-16,-1.,0.));
#8473 = DIRECTION('',(-0.,0.,-1.));
#8474 = ORIENTED_EDGE('',*,*,#8428,.T.);
#8475 = ORIENTED_EDGE('',*,*,#7795,.F.);
#8476 = ORIENTED_EDGE('',*,*,#8477,.F.);
#8477 = EDGE_CURVE('',#8478,#7788,#8480,.T.);
#8478 = VERTEX_POINT('',#8479);
#8479 = CARTESIAN_POINT('',(2.55,-1.2,0.9));
#8480 = LINE('',#8481,#8482);
#8481 = CARTESIAN_POINT('',(2.475,-1.2,0.9));
#8482 = VECTOR('',#8483,1.);
#8483 = DIRECTION('',(-1.,1.224646799147E-16,4.996063166392E-32));
#8484 = ORIENTED_EDGE('',*,*,#8485,.T.);
#8485 = EDGE_CURVE('',#8478,#8486,#8488,.T.);
#8486 = VERTEX_POINT('',#8487);
#8487 = CARTESIAN_POINT('',(2.6,-1.2,0.85));
#8488 = CIRCLE('',#8489,5.E-02);
#8489 = AXIS2_PLACEMENT_3D('',#8490,#8491,#8492);
#8490 = CARTESIAN_POINT('',(2.55,-1.2,0.85));
#8491 = DIRECTION('',(1.224646799147E-16,1.,0.));
#8492 = DIRECTION('',(1.,-1.224646799147E-16,0.));
#8493 = ORIENTED_EDGE('',*,*,#8494,.T.);
#8494 = EDGE_CURVE('',#8486,#8495,#8497,.T.);
#8495 = VERTEX_POINT('',#8496);
#8496 = CARTESIAN_POINT('',(2.6,-1.2,0.15));
#8497 = LINE('',#8498,#8499);
#8498 = CARTESIAN_POINT('',(2.6,-1.2,5.E-02));
#8499 = VECTOR('',#8500,1.);
#8500 = DIRECTION('',(0.,-0.,-1.));
#8501 = ORIENTED_EDGE('',*,*,#8502,.T.);
#8502 = EDGE_CURVE('',#8495,#8172,#8503,.T.);
#8503 = CIRCLE('',#8504,5.E-02);
#8504 = AXIS2_PLACEMENT_3D('',#8505,#8506,#8507);
#8505 = CARTESIAN_POINT('',(2.55,-1.2,0.15));
#8506 = DIRECTION('',(1.224646799147E-16,1.,0.));
#8507 = DIRECTION('',(1.,-1.224646799147E-16,0.));
#8508 = ORIENTED_EDGE('',*,*,#8179,.T.);
#8509 = ORIENTED_EDGE('',*,*,#8085,.T.);
#8510 = ORIENTED_EDGE('',*,*,#8077,.F.);
#8511 = ORIENTED_EDGE('',*,*,#8512,.F.);
#8512 = EDGE_CURVE('',#8513,#8070,#8515,.T.);
#8513 = VERTEX_POINT('',#8514);
#8514 = CARTESIAN_POINT('',(1.8,-1.2,0.));
#8515 = LINE('',#8516,#8517);
#8516 = CARTESIAN_POINT('',(1.8,-1.2,0.));
#8517 = VECTOR('',#8518,1.);
#8518 = DIRECTION('',(0.,0.,1.));
#8519 = ORIENTED_EDGE('',*,*,#8520,.F.);
#8520 = EDGE_CURVE('',#8452,#8513,#8521,.T.);
#8521 = LINE('',#8522,#8523);
#8522 = CARTESIAN_POINT('',(2.7,-1.2,0.));
#8523 = VECTOR('',#8524,1.);
#8524 = DIRECTION('',(-1.,1.224646799147E-16,0.));
#8525 = PLANE('',#8526);
#8526 = AXIS2_PLACEMENT_3D('',#8527,#8528,#8529);
#8527 = CARTESIAN_POINT('',(2.7,-1.2,0.));
#8528 = DIRECTION('',(-1.224646799147E-16,-1.,0.));
#8529 = DIRECTION('',(-1.,1.224646799147E-16,0.));
#8530 = ADVANCED_FACE('',(#8531),#8549,.F.);
#8531 = FACE_BOUND('',#8532,.F.);
#8532 = EDGE_LOOP('',(#8533,#8541,#8542,#8543));
#8533 = ORIENTED_EDGE('',*,*,#8534,.T.);
#8534 = EDGE_CURVE('',#8535,#8478,#8537,.T.);
#8535 = VERTEX_POINT('',#8536);
#8536 = CARTESIAN_POINT('',(2.55,-2.1,0.9));
#8537 = LINE('',#8538,#8539);
#8538 = CARTESIAN_POINT('',(2.55,-2.2,0.9));
#8539 = VECTOR('',#8540,1.);
#8540 = DIRECTION('',(1.224646799147E-16,1.,0.));
#8541 = ORIENTED_EDGE('',*,*,#8477,.T.);
#8542 = ORIENTED_EDGE('',*,*,#7787,.F.);
#8543 = ORIENTED_EDGE('',*,*,#8544,.T.);
#8544 = EDGE_CURVE('',#7780,#8535,#8545,.T.);
#8545 = LINE('',#8546,#8547);
#8546 = CARTESIAN_POINT('',(2.025,-2.1,0.9));
#8547 = VECTOR('',#8548,1.);
#8548 = DIRECTION('',(1.,-1.224646799147E-16,-4.996063166392E-32));
#8549 = PLANE('',#8550);
#8550 = AXIS2_PLACEMENT_3D('',#8551,#8552,#8553);
#8551 = CARTESIAN_POINT('',(2.25,-1.65,0.9));
#8552 = DIRECTION('',(4.996063166392E-32,3.890767564419E-33,1.));
#8553 = DIRECTION('',(-1.,1.224646799147E-16,4.996063166392E-32));
#8554 = ADVANCED_FACE('',(#8555),#8627,.F.);
#8555 = FACE_BOUND('',#8556,.F.);
#8556 = EDGE_LOOP('',(#8557,#8567,#8576,#8584,#8590,#8591,#8592,#8593,
    #8602,#8610,#8617,#8618,#8619,#8620));
#8557 = ORIENTED_EDGE('',*,*,#8558,.F.);
#8558 = EDGE_CURVE('',#8559,#8561,#8563,.T.);
#8559 = VERTEX_POINT('',#8560);
#8560 = CARTESIAN_POINT('',(2.7,-2.1,5.E-02));
#8561 = VERTEX_POINT('',#8562);
#8562 = CARTESIAN_POINT('',(2.7,-2.1,0.95));
#8563 = LINE('',#8564,#8565);
#8564 = CARTESIAN_POINT('',(2.7,-2.1,0.));
#8565 = VECTOR('',#8566,1.);
#8566 = DIRECTION('',(0.,0.,1.));
#8567 = ORIENTED_EDGE('',*,*,#8568,.T.);
#8568 = EDGE_CURVE('',#8559,#8569,#8571,.T.);
#8569 = VERTEX_POINT('',#8570);
#8570 = CARTESIAN_POINT('',(2.65,-2.1,-6.938893903907E-18));
#8571 = CIRCLE('',#8572,5.E-02);
#8572 = AXIS2_PLACEMENT_3D('',#8573,#8574,#8575);
#8573 = CARTESIAN_POINT('',(2.65,-2.1,5.E-02));
#8574 = DIRECTION('',(1.224646799147E-16,1.,0.));
#8575 = DIRECTION('',(0.,0.,-1.));
#8576 = ORIENTED_EDGE('',*,*,#8577,.F.);
#8577 = EDGE_CURVE('',#8578,#8569,#8580,.T.);
#8578 = VERTEX_POINT('',#8579);
#8579 = CARTESIAN_POINT('',(1.8,-2.1,0.));
#8580 = LINE('',#8581,#8582);
#8581 = CARTESIAN_POINT('',(1.8,-2.1,0.));
#8582 = VECTOR('',#8583,1.);
#8583 = DIRECTION('',(1.,-1.224646799147E-16,0.));
#8584 = ORIENTED_EDGE('',*,*,#8585,.T.);
#8585 = EDGE_CURVE('',#8578,#8062,#8586,.T.);
#8586 = LINE('',#8587,#8588);
#8587 = CARTESIAN_POINT('',(1.8,-2.1,0.));
#8588 = VECTOR('',#8589,1.);
#8589 = DIRECTION('',(0.,0.,1.));
#8590 = ORIENTED_EDGE('',*,*,#8061,.F.);
#8591 = ORIENTED_EDGE('',*,*,#8053,.T.);
#8592 = ORIENTED_EDGE('',*,*,#8186,.T.);
#8593 = ORIENTED_EDGE('',*,*,#8594,.F.);
#8594 = EDGE_CURVE('',#8595,#8170,#8597,.T.);
#8595 = VERTEX_POINT('',#8596);
#8596 = CARTESIAN_POINT('',(2.6,-2.1,0.15));
#8597 = CIRCLE('',#8598,5.E-02);
#8598 = AXIS2_PLACEMENT_3D('',#8599,#8600,#8601);
#8599 = CARTESIAN_POINT('',(2.55,-2.1,0.15));
#8600 = DIRECTION('',(1.224646799147E-16,1.,0.));
#8601 = DIRECTION('',(1.,-1.224646799147E-16,0.));
#8602 = ORIENTED_EDGE('',*,*,#8603,.T.);
#8603 = EDGE_CURVE('',#8595,#8604,#8606,.T.);
#8604 = VERTEX_POINT('',#8605);
#8605 = CARTESIAN_POINT('',(2.6,-2.1,0.85));
#8606 = LINE('',#8607,#8608);
#8607 = CARTESIAN_POINT('',(2.6,-2.1,5.E-02));
#8608 = VECTOR('',#8609,1.);
#8609 = DIRECTION('',(0.,0.,1.));
#8610 = ORIENTED_EDGE('',*,*,#8611,.F.);
#8611 = EDGE_CURVE('',#8535,#8604,#8612,.T.);
#8612 = CIRCLE('',#8613,5.E-02);
#8613 = AXIS2_PLACEMENT_3D('',#8614,#8615,#8616);
#8614 = CARTESIAN_POINT('',(2.55,-2.1,0.85));
#8615 = DIRECTION('',(1.224646799147E-16,1.,0.));
#8616 = DIRECTION('',(1.,-1.224646799147E-16,0.));
#8617 = ORIENTED_EDGE('',*,*,#8544,.F.);
#8618 = ORIENTED_EDGE('',*,*,#7779,.F.);
#8619 = ORIENTED_EDGE('',*,*,#8435,.T.);
#8620 = ORIENTED_EDGE('',*,*,#8621,.F.);
#8621 = EDGE_CURVE('',#8561,#8419,#8622,.T.);
#8622 = CIRCLE('',#8623,5.E-02);
#8623 = AXIS2_PLACEMENT_3D('',#8624,#8625,#8626);
#8624 = CARTESIAN_POINT('',(2.65,-2.1,0.95));
#8625 = DIRECTION('',(-1.224646799147E-16,-1.,0.));
#8626 = DIRECTION('',(-0.,0.,-1.));
#8627 = PLANE('',#8628);
#8628 = AXIS2_PLACEMENT_3D('',#8629,#8630,#8631);
#8629 = CARTESIAN_POINT('',(1.8,-2.1,0.));
#8630 = DIRECTION('',(1.224646799147E-16,1.,0.));
#8631 = DIRECTION('',(1.,-1.224646799147E-16,0.));
#8632 = ADVANCED_FACE('',(#8633),#8658,.T.);
#8633 = FACE_BOUND('',#8634,.T.);
#8634 = EDGE_LOOP('',(#8635,#8636,#8644,#8652));
#8635 = ORIENTED_EDGE('',*,*,#7843,.F.);
#8636 = ORIENTED_EDGE('',*,*,#8637,.T.);
#8637 = EDGE_CURVE('',#7844,#8638,#8640,.T.);
#8638 = VERTEX_POINT('',#8639);
#8639 = CARTESIAN_POINT('',(-2.55,2.1,0.1));
#8640 = LINE('',#8641,#8642);
#8641 = CARTESIAN_POINT('',(-2.025,2.1,0.1));
#8642 = VECTOR('',#8643,1.);
#8643 = DIRECTION('',(-1.,1.224646799147E-16,-4.996063166392E-32));
#8644 = ORIENTED_EDGE('',*,*,#8645,.T.);
#8645 = EDGE_CURVE('',#8638,#8646,#8648,.T.);
#8646 = VERTEX_POINT('',#8647);
#8647 = CARTESIAN_POINT('',(-2.55,1.2,0.1));
#8648 = LINE('',#8649,#8650);
#8649 = CARTESIAN_POINT('',(-2.55,2.2,0.1));
#8650 = VECTOR('',#8651,1.);
#8651 = DIRECTION('',(-1.224646799147E-16,-1.,0.));
#8652 = ORIENTED_EDGE('',*,*,#8653,.T.);
#8653 = EDGE_CURVE('',#8646,#7836,#8654,.T.);
#8654 = LINE('',#8655,#8656);
#8655 = CARTESIAN_POINT('',(-2.475,1.2,0.1));
#8656 = VECTOR('',#8657,1.);
#8657 = DIRECTION('',(1.,-1.224646799147E-16,4.996063166392E-32));
#8658 = PLANE('',#8659);
#8659 = AXIS2_PLACEMENT_3D('',#8660,#8661,#8662);
#8660 = CARTESIAN_POINT('',(-2.25,1.65,0.1));
#8661 = DIRECTION('',(-4.996063166392E-32,1.556307025767E-32,1.));
#8662 = DIRECTION('',(-1.,1.224646799147E-16,-4.996063166392E-32));
#8663 = ADVANCED_FACE('',(#8664),#8689,.T.);
#8664 = FACE_BOUND('',#8665,.T.);
#8665 = EDGE_LOOP('',(#8666,#8667,#8675,#8683));
#8666 = ORIENTED_EDGE('',*,*,#7827,.F.);
#8667 = ORIENTED_EDGE('',*,*,#8668,.T.);
#8668 = EDGE_CURVE('',#7828,#8669,#8671,.T.);
#8669 = VERTEX_POINT('',#8670);
#8670 = CARTESIAN_POINT('',(-2.55,-1.2,0.1));
#8671 = LINE('',#8672,#8673);
#8672 = CARTESIAN_POINT('',(-2.025,-1.2,0.1));
#8673 = VECTOR('',#8674,1.);
#8674 = DIRECTION('',(-1.,1.224646799147E-16,-4.996063166392E-32));
#8675 = ORIENTED_EDGE('',*,*,#8676,.T.);
#8676 = EDGE_CURVE('',#8669,#8677,#8679,.T.);
#8677 = VERTEX_POINT('',#8678);
#8678 = CARTESIAN_POINT('',(-2.55,-2.1,0.1));
#8679 = LINE('',#8680,#8681);
#8680 = CARTESIAN_POINT('',(-2.55,-1.1,0.1));
#8681 = VECTOR('',#8682,1.);
#8682 = DIRECTION('',(-1.224646799147E-16,-1.,0.));
#8683 = ORIENTED_EDGE('',*,*,#8684,.T.);
#8684 = EDGE_CURVE('',#8677,#7820,#8685,.T.);
#8685 = LINE('',#8686,#8687);
#8686 = CARTESIAN_POINT('',(-2.475,-2.1,0.1));
#8687 = VECTOR('',#8688,1.);
#8688 = DIRECTION('',(1.,-1.224646799147E-16,4.996063166392E-32));
#8689 = PLANE('',#8690);
#8690 = AXIS2_PLACEMENT_3D('',#8691,#8692,#8693);
#8691 = CARTESIAN_POINT('',(-2.25,-1.65,0.1));
#8692 = DIRECTION('',(-4.996063166392E-32,3.890767564419E-33,1.));
#8693 = DIRECTION('',(-1.,1.224646799147E-16,-4.996063166392E-32));
#8694 = ADVANCED_FACE('',(#8695),#8720,.T.);
#8695 = FACE_BOUND('',#8696,.T.);
#8696 = EDGE_LOOP('',(#8697,#8698,#8706,#8714));
#8697 = ORIENTED_EDGE('',*,*,#7859,.F.);
#8698 = ORIENTED_EDGE('',*,*,#8699,.T.);
#8699 = EDGE_CURVE('',#7860,#8700,#8702,.T.);
#8700 = VERTEX_POINT('',#8701);
#8701 = CARTESIAN_POINT('',(-2.65,-1.2,1.));
#8702 = LINE('',#8703,#8704);
#8703 = CARTESIAN_POINT('',(-1.8,-1.2,1.));
#8704 = VECTOR('',#8705,1.);
#8705 = DIRECTION('',(-1.,1.224646799147E-16,0.));
#8706 = ORIENTED_EDGE('',*,*,#8707,.T.);
#8707 = EDGE_CURVE('',#8700,#8708,#8710,.T.);
#8708 = VERTEX_POINT('',#8709);
#8709 = CARTESIAN_POINT('',(-2.65,-2.1,1.));
#8710 = LINE('',#8711,#8712);
#8711 = CARTESIAN_POINT('',(-2.65,-1.2,1.));
#8712 = VECTOR('',#8713,1.);
#8713 = DIRECTION('',(-1.224646799147E-16,-1.,0.));
#8714 = ORIENTED_EDGE('',*,*,#8715,.T.);
#8715 = EDGE_CURVE('',#8708,#7862,#8716,.T.);
#8716 = LINE('',#8717,#8718);
#8717 = CARTESIAN_POINT('',(-2.7,-2.1,1.));
#8718 = VECTOR('',#8719,1.);
#8719 = DIRECTION('',(1.,-1.224646799147E-16,0.));
#8720 = PLANE('',#8721);
#8721 = AXIS2_PLACEMENT_3D('',#8722,#8723,#8724);
#8722 = CARTESIAN_POINT('',(-2.25,-1.65,1.));
#8723 = DIRECTION('',(0.,0.,1.));
#8724 = DIRECTION('',(-1.,1.224646799147E-16,0.));
#8725 = ADVANCED_FACE('',(#8726),#8805,.F.);
#8726 = FACE_BOUND('',#8727,.F.);
#8727 = EDGE_LOOP('',(#8728,#8739,#8747,#8754,#8755,#8756,#8764,#8773,
    #8781,#8788,#8789,#8790,#8791,#8799));
#8728 = ORIENTED_EDGE('',*,*,#8729,.F.);
#8729 = EDGE_CURVE('',#8730,#8732,#8734,.T.);
#8730 = VERTEX_POINT('',#8731);
#8731 = CARTESIAN_POINT('',(-2.7,-2.1,5.E-02));
#8732 = VERTEX_POINT('',#8733);
#8733 = CARTESIAN_POINT('',(-2.65,-2.1,-6.938893903907E-18));
#8734 = CIRCLE('',#8735,5.E-02);
#8735 = AXIS2_PLACEMENT_3D('',#8736,#8737,#8738);
#8736 = CARTESIAN_POINT('',(-2.65,-2.1,5.E-02));
#8737 = DIRECTION('',(-1.224646799147E-16,-1.,0.));
#8738 = DIRECTION('',(0.,0.,1.));
#8739 = ORIENTED_EDGE('',*,*,#8740,.T.);
#8740 = EDGE_CURVE('',#8730,#8741,#8743,.T.);
#8741 = VERTEX_POINT('',#8742);
#8742 = CARTESIAN_POINT('',(-2.7,-2.1,0.95));
#8743 = LINE('',#8744,#8745);
#8744 = CARTESIAN_POINT('',(-2.7,-2.1,0.));
#8745 = VECTOR('',#8746,1.);
#8746 = DIRECTION('',(0.,0.,1.));
#8747 = ORIENTED_EDGE('',*,*,#8748,.F.);
#8748 = EDGE_CURVE('',#8708,#8741,#8749,.T.);
#8749 = CIRCLE('',#8750,5.E-02);
#8750 = AXIS2_PLACEMENT_3D('',#8751,#8752,#8753);
#8751 = CARTESIAN_POINT('',(-2.65,-2.1,0.95));
#8752 = DIRECTION('',(-1.224646799147E-16,-1.,0.));
#8753 = DIRECTION('',(0.,0.,1.));
#8754 = ORIENTED_EDGE('',*,*,#8715,.T.);
#8755 = ORIENTED_EDGE('',*,*,#7885,.F.);
#8756 = ORIENTED_EDGE('',*,*,#8757,.F.);
#8757 = EDGE_CURVE('',#8758,#7878,#8760,.T.);
#8758 = VERTEX_POINT('',#8759);
#8759 = CARTESIAN_POINT('',(-2.55,-2.1,0.9));
#8760 = LINE('',#8761,#8762);
#8761 = CARTESIAN_POINT('',(-2.475,-2.1,0.9));
#8762 = VECTOR('',#8763,1.);
#8763 = DIRECTION('',(1.,-1.224646799147E-16,4.996063166392E-32));
#8764 = ORIENTED_EDGE('',*,*,#8765,.T.);
#8765 = EDGE_CURVE('',#8758,#8766,#8768,.T.);
#8766 = VERTEX_POINT('',#8767);
#8767 = CARTESIAN_POINT('',(-2.6,-2.1,0.85));
#8768 = CIRCLE('',#8769,5.E-02);
#8769 = AXIS2_PLACEMENT_3D('',#8770,#8771,#8772);
#8770 = CARTESIAN_POINT('',(-2.55,-2.1,0.85));
#8771 = DIRECTION('',(-1.224646799147E-16,-1.,0.));
#8772 = DIRECTION('',(-1.,1.224646799147E-16,0.));
#8773 = ORIENTED_EDGE('',*,*,#8774,.T.);
#8774 = EDGE_CURVE('',#8766,#8775,#8777,.T.);
#8775 = VERTEX_POINT('',#8776);
#8776 = CARTESIAN_POINT('',(-2.6,-2.1,0.15));
#8777 = LINE('',#8778,#8779);
#8778 = CARTESIAN_POINT('',(-2.6,-2.1,5.E-02));
#8779 = VECTOR('',#8780,1.);
#8780 = DIRECTION('',(0.,0.,-1.));
#8781 = ORIENTED_EDGE('',*,*,#8782,.T.);
#8782 = EDGE_CURVE('',#8775,#8677,#8783,.T.);
#8783 = CIRCLE('',#8784,5.E-02);
#8784 = AXIS2_PLACEMENT_3D('',#8785,#8786,#8787);
#8785 = CARTESIAN_POINT('',(-2.55,-2.1,0.15));
#8786 = DIRECTION('',(-1.224646799147E-16,-1.,-6.005688260885E-65));
#8787 = DIRECTION('',(4.996063166392E-32,-6.118412765058E-48,-1.));
#8788 = ORIENTED_EDGE('',*,*,#8684,.T.);
#8789 = ORIENTED_EDGE('',*,*,#8044,.T.);
#8790 = ORIENTED_EDGE('',*,*,#8036,.F.);
#8791 = ORIENTED_EDGE('',*,*,#8792,.F.);
#8792 = EDGE_CURVE('',#8793,#8029,#8795,.T.);
#8793 = VERTEX_POINT('',#8794);
#8794 = CARTESIAN_POINT('',(-1.8,-2.1,0.));
#8795 = LINE('',#8796,#8797);
#8796 = CARTESIAN_POINT('',(-1.8,-2.1,0.));
#8797 = VECTOR('',#8798,1.);
#8798 = DIRECTION('',(0.,0.,1.));
#8799 = ORIENTED_EDGE('',*,*,#8800,.F.);
#8800 = EDGE_CURVE('',#8732,#8793,#8801,.T.);
#8801 = LINE('',#8802,#8803);
#8802 = CARTESIAN_POINT('',(-2.7,-2.1,0.));
#8803 = VECTOR('',#8804,1.);
#8804 = DIRECTION('',(1.,-1.224646799147E-16,0.));
#8805 = PLANE('',#8806);
#8806 = AXIS2_PLACEMENT_3D('',#8807,#8808,#8809);
#8807 = CARTESIAN_POINT('',(-2.7,-2.1,0.));
#8808 = DIRECTION('',(1.224646799147E-16,1.,0.));
#8809 = DIRECTION('',(1.,-1.224646799147E-16,0.));
#8810 = ADVANCED_FACE('',(#8811),#8829,.F.);
#8811 = FACE_BOUND('',#8812,.F.);
#8812 = EDGE_LOOP('',(#8813,#8814,#8822,#8828));
#8813 = ORIENTED_EDGE('',*,*,#7877,.F.);
#8814 = ORIENTED_EDGE('',*,*,#8815,.T.);
#8815 = EDGE_CURVE('',#7870,#8816,#8818,.T.);
#8816 = VERTEX_POINT('',#8817);
#8817 = CARTESIAN_POINT('',(-2.55,-1.2,0.9));
#8818 = LINE('',#8819,#8820);
#8819 = CARTESIAN_POINT('',(-2.025,-1.2,0.9));
#8820 = VECTOR('',#8821,1.);
#8821 = DIRECTION('',(-1.,1.224646799147E-16,-4.996063166392E-32));
#8822 = ORIENTED_EDGE('',*,*,#8823,.T.);
#8823 = EDGE_CURVE('',#8816,#8758,#8824,.T.);
#8824 = LINE('',#8825,#8826);
#8825 = CARTESIAN_POINT('',(-2.55,-1.1,0.9));
#8826 = VECTOR('',#8827,1.);
#8827 = DIRECTION('',(-1.224646799147E-16,-1.,0.));
#8828 = ORIENTED_EDGE('',*,*,#8757,.T.);
#8829 = PLANE('',#8830);
#8830 = AXIS2_PLACEMENT_3D('',#8831,#8832,#8833);
#8831 = CARTESIAN_POINT('',(-2.25,-1.65,0.9));
#8832 = DIRECTION('',(-4.996063166392E-32,3.890767564419E-33,1.));
#8833 = DIRECTION('',(-1.,1.224646799147E-16,-4.996063166392E-32));
#8834 = ADVANCED_FACE('',(#8835),#8907,.F.);
#8835 = FACE_BOUND('',#8836,.F.);
#8836 = EDGE_LOOP('',(#8837,#8847,#8856,#8864,#8870,#8871,#8872,#8873,
    #8882,#8890,#8897,#8898,#8899,#8900));
#8837 = ORIENTED_EDGE('',*,*,#8838,.F.);
#8838 = EDGE_CURVE('',#8839,#8841,#8843,.T.);
#8839 = VERTEX_POINT('',#8840);
#8840 = CARTESIAN_POINT('',(-2.7,-1.2,5.E-02));
#8841 = VERTEX_POINT('',#8842);
#8842 = CARTESIAN_POINT('',(-2.7,-1.2,0.95));
#8843 = LINE('',#8844,#8845);
#8844 = CARTESIAN_POINT('',(-2.7,-1.2,0.));
#8845 = VECTOR('',#8846,1.);
#8846 = DIRECTION('',(0.,0.,1.));
#8847 = ORIENTED_EDGE('',*,*,#8848,.T.);
#8848 = EDGE_CURVE('',#8839,#8849,#8851,.T.);
#8849 = VERTEX_POINT('',#8850);
#8850 = CARTESIAN_POINT('',(-2.65,-1.2,-6.938893903907E-18));
#8851 = CIRCLE('',#8852,5.E-02);
#8852 = AXIS2_PLACEMENT_3D('',#8853,#8854,#8855);
#8853 = CARTESIAN_POINT('',(-2.65,-1.2,5.E-02));
#8854 = DIRECTION('',(-1.224646799147E-16,-1.,0.));
#8855 = DIRECTION('',(0.,0.,1.));
#8856 = ORIENTED_EDGE('',*,*,#8857,.F.);
#8857 = EDGE_CURVE('',#8858,#8849,#8860,.T.);
#8858 = VERTEX_POINT('',#8859);
#8859 = CARTESIAN_POINT('',(-1.8,-1.2,0.));
#8860 = LINE('',#8861,#8862);
#8861 = CARTESIAN_POINT('',(-1.8,-1.2,0.));
#8862 = VECTOR('',#8863,1.);
#8863 = DIRECTION('',(-1.,1.224646799147E-16,0.));
#8864 = ORIENTED_EDGE('',*,*,#8865,.T.);
#8865 = EDGE_CURVE('',#8858,#8021,#8866,.T.);
#8866 = LINE('',#8867,#8868);
#8867 = CARTESIAN_POINT('',(-1.8,-1.2,0.));
#8868 = VECTOR('',#8869,1.);
#8869 = DIRECTION('',(0.,0.,1.));
#8870 = ORIENTED_EDGE('',*,*,#8020,.F.);
#8871 = ORIENTED_EDGE('',*,*,#8012,.T.);
#8872 = ORIENTED_EDGE('',*,*,#8668,.T.);
#8873 = ORIENTED_EDGE('',*,*,#8874,.F.);
#8874 = EDGE_CURVE('',#8875,#8669,#8877,.T.);
#8875 = VERTEX_POINT('',#8876);
#8876 = CARTESIAN_POINT('',(-2.6,-1.2,0.15));
#8877 = CIRCLE('',#8878,5.E-02);
#8878 = AXIS2_PLACEMENT_3D('',#8879,#8880,#8881);
#8879 = CARTESIAN_POINT('',(-2.55,-1.2,0.15));
#8880 = DIRECTION('',(-1.224646799147E-16,-1.,-6.005688260885E-65));
#8881 = DIRECTION('',(4.996063166392E-32,-6.118412765058E-48,-1.));
#8882 = ORIENTED_EDGE('',*,*,#8883,.T.);
#8883 = EDGE_CURVE('',#8875,#8884,#8886,.T.);
#8884 = VERTEX_POINT('',#8885);
#8885 = CARTESIAN_POINT('',(-2.6,-1.2,0.85));
#8886 = LINE('',#8887,#8888);
#8887 = CARTESIAN_POINT('',(-2.6,-1.2,5.E-02));
#8888 = VECTOR('',#8889,1.);
#8889 = DIRECTION('',(0.,0.,1.));
#8890 = ORIENTED_EDGE('',*,*,#8891,.F.);
#8891 = EDGE_CURVE('',#8816,#8884,#8892,.T.);
#8892 = CIRCLE('',#8893,5.E-02);
#8893 = AXIS2_PLACEMENT_3D('',#8894,#8895,#8896);
#8894 = CARTESIAN_POINT('',(-2.55,-1.2,0.85));
#8895 = DIRECTION('',(-1.224646799147E-16,-1.,0.));
#8896 = DIRECTION('',(-1.,1.224646799147E-16,0.));
#8897 = ORIENTED_EDGE('',*,*,#8815,.F.);
#8898 = ORIENTED_EDGE('',*,*,#7869,.F.);
#8899 = ORIENTED_EDGE('',*,*,#8699,.T.);
#8900 = ORIENTED_EDGE('',*,*,#8901,.T.);
#8901 = EDGE_CURVE('',#8700,#8841,#8902,.T.);
#8902 = CIRCLE('',#8903,5.E-02);
#8903 = AXIS2_PLACEMENT_3D('',#8904,#8905,#8906);
#8904 = CARTESIAN_POINT('',(-2.65,-1.2,0.95));
#8905 = DIRECTION('',(-1.224646799147E-16,-1.,0.));
#8906 = DIRECTION('',(0.,0.,1.));
#8907 = PLANE('',#8908);
#8908 = AXIS2_PLACEMENT_3D('',#8909,#8910,#8911);
#8909 = CARTESIAN_POINT('',(-1.8,-1.2,0.));
#8910 = DIRECTION('',(-1.224646799147E-16,-1.,0.));
#8911 = DIRECTION('',(-1.,1.224646799147E-16,0.));
#8912 = ADVANCED_FACE('',(#8913),#8938,.T.);
#8913 = FACE_BOUND('',#8914,.T.);
#8914 = EDGE_LOOP('',(#8915,#8916,#8924,#8932));
#8915 = ORIENTED_EDGE('',*,*,#7893,.F.);
#8916 = ORIENTED_EDGE('',*,*,#8917,.T.);
#8917 = EDGE_CURVE('',#7894,#8918,#8920,.T.);
#8918 = VERTEX_POINT('',#8919);
#8919 = CARTESIAN_POINT('',(-2.65,2.1,1.));
#8920 = LINE('',#8921,#8922);
#8921 = CARTESIAN_POINT('',(-1.8,2.1,1.));
#8922 = VECTOR('',#8923,1.);
#8923 = DIRECTION('',(-1.,1.224646799147E-16,0.));
#8924 = ORIENTED_EDGE('',*,*,#8925,.T.);
#8925 = EDGE_CURVE('',#8918,#8926,#8928,.T.);
#8926 = VERTEX_POINT('',#8927);
#8927 = CARTESIAN_POINT('',(-2.65,1.2,1.));
#8928 = LINE('',#8929,#8930);
#8929 = CARTESIAN_POINT('',(-2.65,2.1,1.));
#8930 = VECTOR('',#8931,1.);
#8931 = DIRECTION('',(-1.224646799147E-16,-1.,0.));
#8932 = ORIENTED_EDGE('',*,*,#8933,.T.);
#8933 = EDGE_CURVE('',#8926,#7896,#8934,.T.);
#8934 = LINE('',#8935,#8936);
#8935 = CARTESIAN_POINT('',(-2.7,1.2,1.));
#8936 = VECTOR('',#8937,1.);
#8937 = DIRECTION('',(1.,-1.224646799147E-16,0.));
#8938 = PLANE('',#8939);
#8939 = AXIS2_PLACEMENT_3D('',#8940,#8941,#8942);
#8940 = CARTESIAN_POINT('',(-2.25,1.65,1.));
#8941 = DIRECTION('',(0.,0.,1.));
#8942 = DIRECTION('',(-1.,1.224646799147E-16,0.));
#8943 = ADVANCED_FACE('',(#8944),#9023,.F.);
#8944 = FACE_BOUND('',#8945,.F.);
#8945 = EDGE_LOOP('',(#8946,#8957,#8965,#8972,#8973,#8974,#8982,#8991,
    #8999,#9006,#9007,#9008,#9009,#9017));
#8946 = ORIENTED_EDGE('',*,*,#8947,.F.);
#8947 = EDGE_CURVE('',#8948,#8950,#8952,.T.);
#8948 = VERTEX_POINT('',#8949);
#8949 = CARTESIAN_POINT('',(-2.7,1.2,5.E-02));
#8950 = VERTEX_POINT('',#8951);
#8951 = CARTESIAN_POINT('',(-2.65,1.2,-6.938893903907E-18));
#8952 = CIRCLE('',#8953,5.E-02);
#8953 = AXIS2_PLACEMENT_3D('',#8954,#8955,#8956);
#8954 = CARTESIAN_POINT('',(-2.65,1.2,5.E-02));
#8955 = DIRECTION('',(-1.224646799147E-16,-1.,0.));
#8956 = DIRECTION('',(0.,0.,1.));
#8957 = ORIENTED_EDGE('',*,*,#8958,.T.);
#8958 = EDGE_CURVE('',#8948,#8959,#8961,.T.);
#8959 = VERTEX_POINT('',#8960);
#8960 = CARTESIAN_POINT('',(-2.7,1.2,0.95));
#8961 = LINE('',#8962,#8963);
#8962 = CARTESIAN_POINT('',(-2.7,1.2,0.));
#8963 = VECTOR('',#8964,1.);
#8964 = DIRECTION('',(0.,0.,1.));
#8965 = ORIENTED_EDGE('',*,*,#8966,.F.);
#8966 = EDGE_CURVE('',#8926,#8959,#8967,.T.);
#8967 = CIRCLE('',#8968,5.E-02);
#8968 = AXIS2_PLACEMENT_3D('',#8969,#8970,#8971);
#8969 = CARTESIAN_POINT('',(-2.65,1.2,0.95));
#8970 = DIRECTION('',(-1.224646799147E-16,-1.,0.));
#8971 = DIRECTION('',(0.,0.,1.));
#8972 = ORIENTED_EDGE('',*,*,#8933,.T.);
#8973 = ORIENTED_EDGE('',*,*,#7919,.F.);
#8974 = ORIENTED_EDGE('',*,*,#8975,.F.);
#8975 = EDGE_CURVE('',#8976,#7912,#8978,.T.);
#8976 = VERTEX_POINT('',#8977);
#8977 = CARTESIAN_POINT('',(-2.55,1.2,0.9));
#8978 = LINE('',#8979,#8980);
#8979 = CARTESIAN_POINT('',(-2.475,1.2,0.9));
#8980 = VECTOR('',#8981,1.);
#8981 = DIRECTION('',(1.,-1.224646799147E-16,4.996063166392E-32));
#8982 = ORIENTED_EDGE('',*,*,#8983,.T.);
#8983 = EDGE_CURVE('',#8976,#8984,#8986,.T.);
#8984 = VERTEX_POINT('',#8985);
#8985 = CARTESIAN_POINT('',(-2.6,1.2,0.85));
#8986 = CIRCLE('',#8987,5.E-02);
#8987 = AXIS2_PLACEMENT_3D('',#8988,#8989,#8990);
#8988 = CARTESIAN_POINT('',(-2.55,1.2,0.85));
#8989 = DIRECTION('',(-1.224646799147E-16,-1.,0.));
#8990 = DIRECTION('',(-1.,1.224646799147E-16,0.));
#8991 = ORIENTED_EDGE('',*,*,#8992,.T.);
#8992 = EDGE_CURVE('',#8984,#8993,#8995,.T.);
#8993 = VERTEX_POINT('',#8994);
#8994 = CARTESIAN_POINT('',(-2.6,1.2,0.15));
#8995 = LINE('',#8996,#8997);
#8996 = CARTESIAN_POINT('',(-2.6,1.2,5.E-02));
#8997 = VECTOR('',#8998,1.);
#8998 = DIRECTION('',(0.,0.,-1.));
#8999 = ORIENTED_EDGE('',*,*,#9000,.T.);
#9000 = EDGE_CURVE('',#8993,#8646,#9001,.T.);
#9001 = CIRCLE('',#9002,5.E-02);
#9002 = AXIS2_PLACEMENT_3D('',#9003,#9004,#9005);
#9003 = CARTESIAN_POINT('',(-2.55,1.2,0.15));
#9004 = DIRECTION('',(-1.224646799147E-16,-1.,-6.005688260885E-65));
#9005 = DIRECTION('',(4.996063166392E-32,-6.118412765058E-48,-1.));
#9006 = ORIENTED_EDGE('',*,*,#8653,.T.);
#9007 = ORIENTED_EDGE('',*,*,#8005,.T.);
#9008 = ORIENTED_EDGE('',*,*,#7997,.F.);
#9009 = ORIENTED_EDGE('',*,*,#9010,.F.);
#9010 = EDGE_CURVE('',#9011,#7990,#9013,.T.);
#9011 = VERTEX_POINT('',#9012);
#9012 = CARTESIAN_POINT('',(-1.8,1.2,0.));
#9013 = LINE('',#9014,#9015);
#9014 = CARTESIAN_POINT('',(-1.8,1.2,0.));
#9015 = VECTOR('',#9016,1.);
#9016 = DIRECTION('',(0.,0.,1.));
#9017 = ORIENTED_EDGE('',*,*,#9018,.F.);
#9018 = EDGE_CURVE('',#8950,#9011,#9019,.T.);
#9019 = LINE('',#9020,#9021);
#9020 = CARTESIAN_POINT('',(-2.7,1.2,0.));
#9021 = VECTOR('',#9022,1.);
#9022 = DIRECTION('',(1.,-1.224646799147E-16,0.));
#9023 = PLANE('',#9024);
#9024 = AXIS2_PLACEMENT_3D('',#9025,#9026,#9027);
#9025 = CARTESIAN_POINT('',(-2.7,1.2,0.));
#9026 = DIRECTION('',(1.224646799147E-16,1.,0.));
#9027 = DIRECTION('',(1.,-1.224646799147E-16,0.));
#9028 = ADVANCED_FACE('',(#9029),#9047,.F.);
#9029 = FACE_BOUND('',#9030,.F.);
#9030 = EDGE_LOOP('',(#9031,#9032,#9040,#9046));
#9031 = ORIENTED_EDGE('',*,*,#7911,.F.);
#9032 = ORIENTED_EDGE('',*,*,#9033,.T.);
#9033 = EDGE_CURVE('',#7904,#9034,#9036,.T.);
#9034 = VERTEX_POINT('',#9035);
#9035 = CARTESIAN_POINT('',(-2.55,2.1,0.9));
#9036 = LINE('',#9037,#9038);
#9037 = CARTESIAN_POINT('',(-2.025,2.1,0.9));
#9038 = VECTOR('',#9039,1.);
#9039 = DIRECTION('',(-1.,1.224646799147E-16,-4.996063166392E-32));
#9040 = ORIENTED_EDGE('',*,*,#9041,.T.);
#9041 = EDGE_CURVE('',#9034,#8976,#9042,.T.);
#9042 = LINE('',#9043,#9044);
#9043 = CARTESIAN_POINT('',(-2.55,2.2,0.9));
#9044 = VECTOR('',#9045,1.);
#9045 = DIRECTION('',(-1.224646799147E-16,-1.,0.));
#9046 = ORIENTED_EDGE('',*,*,#8975,.T.);
#9047 = PLANE('',#9048);
#9048 = AXIS2_PLACEMENT_3D('',#9049,#9050,#9051);
#9049 = CARTESIAN_POINT('',(-2.25,1.65,0.9));
#9050 = DIRECTION('',(-4.996063166392E-32,1.556307025767E-32,1.));
#9051 = DIRECTION('',(-1.,1.224646799147E-16,-4.996063166392E-32));
#9052 = ADVANCED_FACE('',(#9053),#9125,.F.);
#9053 = FACE_BOUND('',#9054,.F.);
#9054 = EDGE_LOOP('',(#9055,#9065,#9074,#9082,#9088,#9089,#9090,#9091,
    #9100,#9108,#9115,#9116,#9117,#9118));
#9055 = ORIENTED_EDGE('',*,*,#9056,.F.);
#9056 = EDGE_CURVE('',#9057,#9059,#9061,.T.);
#9057 = VERTEX_POINT('',#9058);
#9058 = CARTESIAN_POINT('',(-2.7,2.1,5.E-02));
#9059 = VERTEX_POINT('',#9060);
#9060 = CARTESIAN_POINT('',(-2.7,2.1,0.95));
#9061 = LINE('',#9062,#9063);
#9062 = CARTESIAN_POINT('',(-2.7,2.1,0.));
#9063 = VECTOR('',#9064,1.);
#9064 = DIRECTION('',(0.,0.,1.));
#9065 = ORIENTED_EDGE('',*,*,#9066,.T.);
#9066 = EDGE_CURVE('',#9057,#9067,#9069,.T.);
#9067 = VERTEX_POINT('',#9068);
#9068 = CARTESIAN_POINT('',(-2.65,2.1,-6.938893903907E-18));
#9069 = CIRCLE('',#9070,5.E-02);
#9070 = AXIS2_PLACEMENT_3D('',#9071,#9072,#9073);
#9071 = CARTESIAN_POINT('',(-2.65,2.1,5.E-02));
#9072 = DIRECTION('',(-1.224646799147E-16,-1.,0.));
#9073 = DIRECTION('',(0.,0.,1.));
#9074 = ORIENTED_EDGE('',*,*,#9075,.F.);
#9075 = EDGE_CURVE('',#9076,#9067,#9078,.T.);
#9076 = VERTEX_POINT('',#9077);
#9077 = CARTESIAN_POINT('',(-1.8,2.1,0.));
#9078 = LINE('',#9079,#9080);
#9079 = CARTESIAN_POINT('',(-1.8,2.1,0.));
#9080 = VECTOR('',#9081,1.);
#9081 = DIRECTION('',(-1.,1.224646799147E-16,0.));
#9082 = ORIENTED_EDGE('',*,*,#9083,.T.);
#9083 = EDGE_CURVE('',#9076,#7982,#9084,.T.);
#9084 = LINE('',#9085,#9086);
#9085 = CARTESIAN_POINT('',(-1.8,2.1,0.));
#9086 = VECTOR('',#9087,1.);
#9087 = DIRECTION('',(0.,0.,1.));
#9088 = ORIENTED_EDGE('',*,*,#7981,.F.);
#9089 = ORIENTED_EDGE('',*,*,#7973,.T.);
#9090 = ORIENTED_EDGE('',*,*,#8637,.T.);
#9091 = ORIENTED_EDGE('',*,*,#9092,.F.);
#9092 = EDGE_CURVE('',#9093,#8638,#9095,.T.);
#9093 = VERTEX_POINT('',#9094);
#9094 = CARTESIAN_POINT('',(-2.6,2.1,0.15));
#9095 = CIRCLE('',#9096,5.E-02);
#9096 = AXIS2_PLACEMENT_3D('',#9097,#9098,#9099);
#9097 = CARTESIAN_POINT('',(-2.55,2.1,0.15));
#9098 = DIRECTION('',(-1.224646799147E-16,-1.,-6.005688260885E-65));
#9099 = DIRECTION('',(4.996063166392E-32,-6.118412765058E-48,-1.));
#9100 = ORIENTED_EDGE('',*,*,#9101,.T.);
#9101 = EDGE_CURVE('',#9093,#9102,#9104,.T.);
#9102 = VERTEX_POINT('',#9103);
#9103 = CARTESIAN_POINT('',(-2.6,2.1,0.85));
#9104 = LINE('',#9105,#9106);
#9105 = CARTESIAN_POINT('',(-2.6,2.1,5.E-02));
#9106 = VECTOR('',#9107,1.);
#9107 = DIRECTION('',(0.,0.,1.));
#9108 = ORIENTED_EDGE('',*,*,#9109,.F.);
#9109 = EDGE_CURVE('',#9034,#9102,#9110,.T.);
#9110 = CIRCLE('',#9111,5.E-02);
#9111 = AXIS2_PLACEMENT_3D('',#9112,#9113,#9114);
#9112 = CARTESIAN_POINT('',(-2.55,2.1,0.85));
#9113 = DIRECTION('',(-1.224646799147E-16,-1.,0.));
#9114 = DIRECTION('',(-1.,1.224646799147E-16,0.));
#9115 = ORIENTED_EDGE('',*,*,#9033,.F.);
#9116 = ORIENTED_EDGE('',*,*,#7903,.F.);
#9117 = ORIENTED_EDGE('',*,*,#8917,.T.);
#9118 = ORIENTED_EDGE('',*,*,#9119,.T.);
#9119 = EDGE_CURVE('',#8918,#9059,#9120,.T.);
#9120 = CIRCLE('',#9121,5.E-02);
#9121 = AXIS2_PLACEMENT_3D('',#9122,#9123,#9124);
#9122 = CARTESIAN_POINT('',(-2.65,2.1,0.95));
#9123 = DIRECTION('',(-1.224646799147E-16,-1.,0.));
#9124 = DIRECTION('',(0.,0.,1.));
#9125 = PLANE('',#9126);
#9126 = AXIS2_PLACEMENT_3D('',#9127,#9128,#9129);
#9127 = CARTESIAN_POINT('',(-1.8,2.1,0.));
#9128 = DIRECTION('',(-1.224646799147E-16,-1.,0.));
#9129 = DIRECTION('',(-1.,1.224646799147E-16,0.));
#9130 = ADVANCED_FACE('',(#9131),#9142,.F.);
#9131 = FACE_BOUND('',#9132,.F.);
#9132 = EDGE_LOOP('',(#9133,#9139,#9140,#9141));
#9133 = ORIENTED_EDGE('',*,*,#9134,.F.);
#9134 = EDGE_CURVE('',#8397,#8251,#9135,.T.);
#9135 = LINE('',#9136,#9137);
#9136 = CARTESIAN_POINT('',(1.8,2.1,0.));
#9137 = VECTOR('',#9138,1.);
#9138 = DIRECTION('',(-1.224646799147E-16,-1.,0.));
#9139 = ORIENTED_EDGE('',*,*,#8396,.T.);
#9140 = ORIENTED_EDGE('',*,*,#8108,.F.);
#9141 = ORIENTED_EDGE('',*,*,#8258,.F.);
#9142 = PLANE('',#9143);
#9143 = AXIS2_PLACEMENT_3D('',#9144,#9145,#9146);
#9144 = CARTESIAN_POINT('',(1.8,2.1,0.));
#9145 = DIRECTION('',(1.,-1.224646799147E-16,0.));
#9146 = DIRECTION('',(-1.224646799147E-16,-1.,0.));
#9147 = ADVANCED_FACE('',(#9148),#9159,.F.);
#9148 = FACE_BOUND('',#9149,.F.);
#9149 = EDGE_LOOP('',(#9150,#9156,#9157,#9158));
#9150 = ORIENTED_EDGE('',*,*,#9151,.F.);
#9151 = EDGE_CURVE('',#8513,#8578,#9152,.T.);
#9152 = LINE('',#9153,#9154);
#9153 = CARTESIAN_POINT('',(1.8,-1.2,0.));
#9154 = VECTOR('',#9155,1.);
#9155 = DIRECTION('',(-1.224646799147E-16,-1.,0.));
#9156 = ORIENTED_EDGE('',*,*,#8512,.T.);
#9157 = ORIENTED_EDGE('',*,*,#8069,.F.);
#9158 = ORIENTED_EDGE('',*,*,#8585,.F.);
#9159 = PLANE('',#9160);
#9160 = AXIS2_PLACEMENT_3D('',#9161,#9162,#9163);
#9161 = CARTESIAN_POINT('',(1.8,-1.2,0.));
#9162 = DIRECTION('',(1.,-1.224646799147E-16,0.));
#9163 = DIRECTION('',(-1.224646799147E-16,-1.,0.));
#9164 = ADVANCED_FACE('',(#9165),#9176,.F.);
#9165 = FACE_BOUND('',#9166,.F.);
#9166 = EDGE_LOOP('',(#9167,#9173,#9174,#9175));
#9167 = ORIENTED_EDGE('',*,*,#9168,.F.);
#9168 = EDGE_CURVE('',#8793,#8858,#9169,.T.);
#9169 = LINE('',#9170,#9171);
#9170 = CARTESIAN_POINT('',(-1.8,-2.1,0.));
#9171 = VECTOR('',#9172,1.);
#9172 = DIRECTION('',(1.224646799147E-16,1.,0.));
#9173 = ORIENTED_EDGE('',*,*,#8792,.T.);
#9174 = ORIENTED_EDGE('',*,*,#8028,.F.);
#9175 = ORIENTED_EDGE('',*,*,#8865,.F.);
#9176 = PLANE('',#9177);
#9177 = AXIS2_PLACEMENT_3D('',#9178,#9179,#9180);
#9178 = CARTESIAN_POINT('',(-1.8,-2.1,0.));
#9179 = DIRECTION('',(-1.,1.224646799147E-16,0.));
#9180 = DIRECTION('',(1.224646799147E-16,1.,0.));
#9181 = ADVANCED_FACE('',(#9182),#9193,.F.);
#9182 = FACE_BOUND('',#9183,.F.);
#9183 = EDGE_LOOP('',(#9184,#9190,#9191,#9192));
#9184 = ORIENTED_EDGE('',*,*,#9185,.F.);
#9185 = EDGE_CURVE('',#9011,#9076,#9186,.T.);
#9186 = LINE('',#9187,#9188);
#9187 = CARTESIAN_POINT('',(-1.8,1.2,0.));
#9188 = VECTOR('',#9189,1.);
#9189 = DIRECTION('',(1.224646799147E-16,1.,0.));
#9190 = ORIENTED_EDGE('',*,*,#9010,.T.);
#9191 = ORIENTED_EDGE('',*,*,#7989,.F.);
#9192 = ORIENTED_EDGE('',*,*,#9083,.F.);
#9193 = PLANE('',#9194);
#9194 = AXIS2_PLACEMENT_3D('',#9195,#9196,#9197);
#9195 = CARTESIAN_POINT('',(-1.8,1.2,0.));
#9196 = DIRECTION('',(-1.,1.224646799147E-16,0.));
#9197 = DIRECTION('',(1.224646799147E-16,1.,0.));
#9198 = ADVANCED_FACE('',(#9199),#9210,.F.);
#9199 = FACE_BOUND('',#9200,.F.);
#9200 = EDGE_LOOP('',(#9201,#9202,#9203,#9204));
#9201 = ORIENTED_EDGE('',*,*,#8267,.T.);
#9202 = ORIENTED_EDGE('',*,*,#8138,.T.);
#9203 = ORIENTED_EDGE('',*,*,#8386,.F.);
#9204 = ORIENTED_EDGE('',*,*,#9205,.F.);
#9205 = EDGE_CURVE('',#8268,#8379,#9206,.T.);
#9206 = LINE('',#9207,#9208);
#9207 = CARTESIAN_POINT('',(2.6,1.1,0.15));
#9208 = VECTOR('',#9209,1.);
#9209 = DIRECTION('',(1.224646799147E-16,1.,0.));
#9210 = CYLINDRICAL_SURFACE('',#9211,5.E-02);
#9211 = AXIS2_PLACEMENT_3D('',#9212,#9213,#9214);
#9212 = CARTESIAN_POINT('',(2.55,1.1,0.15));
#9213 = DIRECTION('',(1.224646799147E-16,1.,0.));
#9214 = DIRECTION('',(1.,-1.224646799147E-16,0.));
#9215 = ADVANCED_FACE('',(#9216),#9227,.F.);
#9216 = FACE_BOUND('',#9217,.F.);
#9217 = EDGE_LOOP('',(#9218,#9219,#9220,#9221));
#9218 = ORIENTED_EDGE('',*,*,#8594,.T.);
#9219 = ORIENTED_EDGE('',*,*,#8169,.T.);
#9220 = ORIENTED_EDGE('',*,*,#8502,.F.);
#9221 = ORIENTED_EDGE('',*,*,#9222,.F.);
#9222 = EDGE_CURVE('',#8595,#8495,#9223,.T.);
#9223 = LINE('',#9224,#9225);
#9224 = CARTESIAN_POINT('',(2.6,-2.2,0.15));
#9225 = VECTOR('',#9226,1.);
#9226 = DIRECTION('',(1.224646799147E-16,1.,0.));
#9227 = CYLINDRICAL_SURFACE('',#9228,5.E-02);
#9228 = AXIS2_PLACEMENT_3D('',#9229,#9230,#9231);
#9229 = CARTESIAN_POINT('',(2.55,-2.2,0.15));
#9230 = DIRECTION('',(1.224646799147E-16,1.,0.));
#9231 = DIRECTION('',(1.,-1.224646799147E-16,0.));
#9232 = ADVANCED_FACE('',(#9233),#9244,.F.);
#9233 = FACE_BOUND('',#9234,.F.);
#9234 = EDGE_LOOP('',(#9235,#9241,#9242,#9243));
#9235 = ORIENTED_EDGE('',*,*,#9236,.T.);
#9236 = EDGE_CURVE('',#8277,#8370,#9237,.T.);
#9237 = LINE('',#9238,#9239);
#9238 = CARTESIAN_POINT('',(2.6,1.1,0.85));
#9239 = VECTOR('',#9240,1.);
#9240 = DIRECTION('',(1.224646799147E-16,1.,0.));
#9241 = ORIENTED_EDGE('',*,*,#8369,.F.);
#9242 = ORIENTED_EDGE('',*,*,#8200,.F.);
#9243 = ORIENTED_EDGE('',*,*,#8284,.T.);
#9244 = CYLINDRICAL_SURFACE('',#9245,5.E-02);
#9245 = AXIS2_PLACEMENT_3D('',#9246,#9247,#9248);
#9246 = CARTESIAN_POINT('',(2.55,1.1,0.85));
#9247 = DIRECTION('',(1.224646799147E-16,1.,0.));
#9248 = DIRECTION('',(1.,-1.224646799147E-16,0.));
#9249 = ADVANCED_FACE('',(#9250),#9266,.F.);
#9250 = FACE_BOUND('',#9251,.F.);
#9251 = EDGE_LOOP('',(#9252,#9253,#9259,#9260));
#9252 = ORIENTED_EDGE('',*,*,#8231,.T.);
#9253 = ORIENTED_EDGE('',*,*,#9254,.T.);
#9254 = EDGE_CURVE('',#8234,#8352,#9255,.T.);
#9255 = LINE('',#9256,#9257);
#9256 = CARTESIAN_POINT('',(2.7,1.2,0.95));
#9257 = VECTOR('',#9258,1.);
#9258 = DIRECTION('',(1.224646799147E-16,1.,0.));
#9259 = ORIENTED_EDGE('',*,*,#8351,.F.);
#9260 = ORIENTED_EDGE('',*,*,#9261,.F.);
#9261 = EDGE_CURVE('',#8232,#8341,#9262,.T.);
#9262 = LINE('',#9263,#9264);
#9263 = CARTESIAN_POINT('',(2.7,1.2,5.E-02));
#9264 = VECTOR('',#9265,1.);
#9265 = DIRECTION('',(1.224646799147E-16,1.,0.));
#9266 = PLANE('',#9267);
#9267 = AXIS2_PLACEMENT_3D('',#9268,#9269,#9270);
#9268 = CARTESIAN_POINT('',(2.7,1.2,0.));
#9269 = DIRECTION('',(-1.,1.224646799147E-16,0.));
#9270 = DIRECTION('',(1.224646799147E-16,1.,0.));
#9271 = ADVANCED_FACE('',(#9272),#9278,.T.);
#9272 = FACE_BOUND('',#9273,.T.);
#9273 = EDGE_LOOP('',(#9274,#9275,#9276,#9277));
#9274 = ORIENTED_EDGE('',*,*,#9254,.T.);
#9275 = ORIENTED_EDGE('',*,*,#8359,.T.);
#9276 = ORIENTED_EDGE('',*,*,#8316,.F.);
#9277 = ORIENTED_EDGE('',*,*,#8301,.F.);
#9278 = CYLINDRICAL_SURFACE('',#9279,5.E-02);
#9279 = AXIS2_PLACEMENT_3D('',#9280,#9281,#9282);
#9280 = CARTESIAN_POINT('',(2.65,1.2,0.95));
#9281 = DIRECTION('',(1.224646799147E-16,1.,0.));
#9282 = DIRECTION('',(1.,-1.224646799147E-16,0.));
#9283 = ADVANCED_FACE('',(#9284),#9290,.T.);
#9284 = FACE_BOUND('',#9285,.T.);
#9285 = EDGE_LOOP('',(#9286,#9287,#9288,#9289));
#9286 = ORIENTED_EDGE('',*,*,#9205,.F.);
#9287 = ORIENTED_EDGE('',*,*,#8276,.T.);
#9288 = ORIENTED_EDGE('',*,*,#9236,.T.);
#9289 = ORIENTED_EDGE('',*,*,#8378,.T.);
#9290 = PLANE('',#9291);
#9291 = AXIS2_PLACEMENT_3D('',#9292,#9293,#9294);
#9292 = CARTESIAN_POINT('',(2.6,1.1,0.1));
#9293 = DIRECTION('',(-1.,1.224646799147E-16,0.));
#9294 = DIRECTION('',(1.224646799147E-16,1.,0.));
#9295 = ADVANCED_FACE('',(#9296),#9307,.F.);
#9296 = FACE_BOUND('',#9297,.F.);
#9297 = EDGE_LOOP('',(#9298,#9299,#9300,#9301));
#9298 = ORIENTED_EDGE('',*,*,#8404,.T.);
#9299 = ORIENTED_EDGE('',*,*,#9134,.T.);
#9300 = ORIENTED_EDGE('',*,*,#8250,.T.);
#9301 = ORIENTED_EDGE('',*,*,#9302,.T.);
#9302 = EDGE_CURVE('',#8242,#8343,#9303,.T.);
#9303 = LINE('',#9304,#9305);
#9304 = CARTESIAN_POINT('',(2.65,1.2,-6.938893903907E-18));
#9305 = VECTOR('',#9306,1.);
#9306 = DIRECTION('',(1.224646799147E-16,1.,0.));
#9307 = PLANE('',#9308);
#9308 = AXIS2_PLACEMENT_3D('',#9309,#9310,#9311);
#9309 = CARTESIAN_POINT('',(2.25,1.65,0.));
#9310 = DIRECTION('',(0.,0.,1.));
#9311 = DIRECTION('',(-1.,1.224646799147E-16,0.));
#9312 = ADVANCED_FACE('',(#9313),#9319,.T.);
#9313 = FACE_BOUND('',#9314,.T.);
#9314 = EDGE_LOOP('',(#9315,#9316,#9317,#9318));
#9315 = ORIENTED_EDGE('',*,*,#8241,.T.);
#9316 = ORIENTED_EDGE('',*,*,#9302,.T.);
#9317 = ORIENTED_EDGE('',*,*,#8340,.F.);
#9318 = ORIENTED_EDGE('',*,*,#9261,.F.);
#9319 = CYLINDRICAL_SURFACE('',#9320,5.E-02);
#9320 = AXIS2_PLACEMENT_3D('',#9321,#9322,#9323);
#9321 = CARTESIAN_POINT('',(2.65,1.2,5.E-02));
#9322 = DIRECTION('',(1.224646799147E-16,1.,0.));
#9323 = DIRECTION('',(1.,-1.224646799147E-16,0.));
#9324 = ADVANCED_FACE('',(#9325),#9336,.T.);
#9325 = FACE_BOUND('',#9326,.T.);
#9326 = EDGE_LOOP('',(#9327,#9333,#9334,#9335));
#9327 = ORIENTED_EDGE('',*,*,#9328,.T.);
#9328 = EDGE_CURVE('',#8561,#8461,#9329,.T.);
#9329 = LINE('',#9330,#9331);
#9330 = CARTESIAN_POINT('',(2.7,-2.1,0.95));
#9331 = VECTOR('',#9332,1.);
#9332 = DIRECTION('',(1.224646799147E-16,1.,0.));
#9333 = ORIENTED_EDGE('',*,*,#8468,.T.);
#9334 = ORIENTED_EDGE('',*,*,#8418,.F.);
#9335 = ORIENTED_EDGE('',*,*,#8621,.F.);
#9336 = CYLINDRICAL_SURFACE('',#9337,5.E-02);
#9337 = AXIS2_PLACEMENT_3D('',#9338,#9339,#9340);
#9338 = CARTESIAN_POINT('',(2.65,-2.1,0.95));
#9339 = DIRECTION('',(1.224646799147E-16,1.,0.));
#9340 = DIRECTION('',(1.,-1.224646799147E-16,0.));
#9341 = ADVANCED_FACE('',(#9342),#9358,.T.);
#9342 = FACE_BOUND('',#9343,.T.);
#9343 = EDGE_LOOP('',(#9344,#9345,#9351,#9352));
#9344 = ORIENTED_EDGE('',*,*,#8568,.T.);
#9345 = ORIENTED_EDGE('',*,*,#9346,.T.);
#9346 = EDGE_CURVE('',#8569,#8452,#9347,.T.);
#9347 = LINE('',#9348,#9349);
#9348 = CARTESIAN_POINT('',(2.65,-2.1,-6.938893903907E-18));
#9349 = VECTOR('',#9350,1.);
#9350 = DIRECTION('',(1.224646799147E-16,1.,0.));
#9351 = ORIENTED_EDGE('',*,*,#8449,.F.);
#9352 = ORIENTED_EDGE('',*,*,#9353,.F.);
#9353 = EDGE_CURVE('',#8559,#8450,#9354,.T.);
#9354 = LINE('',#9355,#9356);
#9355 = CARTESIAN_POINT('',(2.7,-2.1,5.E-02));
#9356 = VECTOR('',#9357,1.);
#9357 = DIRECTION('',(1.224646799147E-16,1.,0.));
#9358 = CYLINDRICAL_SURFACE('',#9359,5.E-02);
#9359 = AXIS2_PLACEMENT_3D('',#9360,#9361,#9362);
#9360 = CARTESIAN_POINT('',(2.65,-2.1,5.E-02));
#9361 = DIRECTION('',(1.224646799147E-16,1.,0.));
#9362 = DIRECTION('',(1.,-1.224646799147E-16,0.));
#9363 = ADVANCED_FACE('',(#9364),#9370,.F.);
#9364 = FACE_BOUND('',#9365,.F.);
#9365 = EDGE_LOOP('',(#9366,#9367,#9368,#9369));
#9366 = ORIENTED_EDGE('',*,*,#8520,.T.);
#9367 = ORIENTED_EDGE('',*,*,#9151,.T.);
#9368 = ORIENTED_EDGE('',*,*,#8577,.T.);
#9369 = ORIENTED_EDGE('',*,*,#9346,.T.);
#9370 = PLANE('',#9371);
#9371 = AXIS2_PLACEMENT_3D('',#9372,#9373,#9374);
#9372 = CARTESIAN_POINT('',(2.25,-1.65,0.));
#9373 = DIRECTION('',(0.,0.,1.));
#9374 = DIRECTION('',(-1.,1.224646799147E-16,0.));
#9375 = ADVANCED_FACE('',(#9376),#9387,.T.);
#9376 = FACE_BOUND('',#9377,.T.);
#9377 = EDGE_LOOP('',(#9378,#9379,#9380,#9386));
#9378 = ORIENTED_EDGE('',*,*,#9222,.F.);
#9379 = ORIENTED_EDGE('',*,*,#8603,.T.);
#9380 = ORIENTED_EDGE('',*,*,#9381,.T.);
#9381 = EDGE_CURVE('',#8604,#8486,#9382,.T.);
#9382 = LINE('',#9383,#9384);
#9383 = CARTESIAN_POINT('',(2.6,-2.2,0.85));
#9384 = VECTOR('',#9385,1.);
#9385 = DIRECTION('',(1.224646799147E-16,1.,0.));
#9386 = ORIENTED_EDGE('',*,*,#8494,.T.);
#9387 = PLANE('',#9388);
#9388 = AXIS2_PLACEMENT_3D('',#9389,#9390,#9391);
#9389 = CARTESIAN_POINT('',(2.6,-2.2,0.1));
#9390 = DIRECTION('',(-1.,1.224646799147E-16,0.));
#9391 = DIRECTION('',(1.224646799147E-16,1.,0.));
#9392 = ADVANCED_FACE('',(#9393),#9399,.F.);
#9393 = FACE_BOUND('',#9394,.F.);
#9394 = EDGE_LOOP('',(#9395,#9396,#9397,#9398));
#9395 = ORIENTED_EDGE('',*,*,#9381,.T.);
#9396 = ORIENTED_EDGE('',*,*,#8485,.F.);
#9397 = ORIENTED_EDGE('',*,*,#8534,.F.);
#9398 = ORIENTED_EDGE('',*,*,#8611,.T.);
#9399 = CYLINDRICAL_SURFACE('',#9400,5.E-02);
#9400 = AXIS2_PLACEMENT_3D('',#9401,#9402,#9403);
#9401 = CARTESIAN_POINT('',(2.55,-2.2,0.85));
#9402 = DIRECTION('',(1.224646799147E-16,1.,0.));
#9403 = DIRECTION('',(1.,-1.224646799147E-16,0.));
#9404 = ADVANCED_FACE('',(#9405),#9411,.F.);
#9405 = FACE_BOUND('',#9406,.F.);
#9406 = EDGE_LOOP('',(#9407,#9408,#9409,#9410));
#9407 = ORIENTED_EDGE('',*,*,#8558,.T.);
#9408 = ORIENTED_EDGE('',*,*,#9328,.T.);
#9409 = ORIENTED_EDGE('',*,*,#8460,.F.);
#9410 = ORIENTED_EDGE('',*,*,#9353,.F.);
#9411 = PLANE('',#9412);
#9412 = AXIS2_PLACEMENT_3D('',#9413,#9414,#9415);
#9413 = CARTESIAN_POINT('',(2.7,-2.1,0.));
#9414 = DIRECTION('',(-1.,1.224646799147E-16,0.));
#9415 = DIRECTION('',(1.224646799147E-16,1.,0.));
#9416 = ADVANCED_FACE('',(#9417),#9428,.F.);
#9417 = FACE_BOUND('',#9418,.F.);
#9418 = EDGE_LOOP('',(#9419,#9420,#9426,#9427));
#9419 = ORIENTED_EDGE('',*,*,#9000,.F.);
#9420 = ORIENTED_EDGE('',*,*,#9421,.F.);
#9421 = EDGE_CURVE('',#9093,#8993,#9422,.T.);
#9422 = LINE('',#9423,#9424);
#9423 = CARTESIAN_POINT('',(-2.6,2.2,0.15));
#9424 = VECTOR('',#9425,1.);
#9425 = DIRECTION('',(-1.224646799147E-16,-1.,0.));
#9426 = ORIENTED_EDGE('',*,*,#9092,.T.);
#9427 = ORIENTED_EDGE('',*,*,#8645,.T.);
#9428 = CYLINDRICAL_SURFACE('',#9429,5.E-02);
#9429 = AXIS2_PLACEMENT_3D('',#9430,#9431,#9432);
#9430 = CARTESIAN_POINT('',(-2.55,2.2,0.15));
#9431 = DIRECTION('',(-1.224646799147E-16,-1.,0.));
#9432 = DIRECTION('',(4.996063166392E-32,-6.118412765058E-48,-1.));
#9433 = ADVANCED_FACE('',(#9434),#9445,.F.);
#9434 = FACE_BOUND('',#9435,.F.);
#9435 = EDGE_LOOP('',(#9436,#9437,#9443,#9444));
#9436 = ORIENTED_EDGE('',*,*,#8782,.F.);
#9437 = ORIENTED_EDGE('',*,*,#9438,.F.);
#9438 = EDGE_CURVE('',#8875,#8775,#9439,.T.);
#9439 = LINE('',#9440,#9441);
#9440 = CARTESIAN_POINT('',(-2.6,-1.1,0.15));
#9441 = VECTOR('',#9442,1.);
#9442 = DIRECTION('',(-1.224646799147E-16,-1.,0.));
#9443 = ORIENTED_EDGE('',*,*,#8874,.T.);
#9444 = ORIENTED_EDGE('',*,*,#8676,.T.);
#9445 = CYLINDRICAL_SURFACE('',#9446,5.E-02);
#9446 = AXIS2_PLACEMENT_3D('',#9447,#9448,#9449);
#9447 = CARTESIAN_POINT('',(-2.55,-1.1,0.15));
#9448 = DIRECTION('',(-1.224646799147E-16,-1.,0.));
#9449 = DIRECTION('',(4.996063166392E-32,-6.118412765058E-48,-1.));
#9450 = ADVANCED_FACE('',(#9451),#9462,.T.);
#9451 = FACE_BOUND('',#9452,.T.);
#9452 = EDGE_LOOP('',(#9453,#9454,#9460,#9461));
#9453 = ORIENTED_EDGE('',*,*,#8901,.T.);
#9454 = ORIENTED_EDGE('',*,*,#9455,.T.);
#9455 = EDGE_CURVE('',#8841,#8741,#9456,.T.);
#9456 = LINE('',#9457,#9458);
#9457 = CARTESIAN_POINT('',(-2.7,-1.2,0.95));
#9458 = VECTOR('',#9459,1.);
#9459 = DIRECTION('',(-1.224646799147E-16,-1.,0.));
#9460 = ORIENTED_EDGE('',*,*,#8748,.F.);
#9461 = ORIENTED_EDGE('',*,*,#8707,.F.);
#9462 = CYLINDRICAL_SURFACE('',#9463,5.E-02);
#9463 = AXIS2_PLACEMENT_3D('',#9464,#9465,#9466);
#9464 = CARTESIAN_POINT('',(-2.65,-1.2,0.95));
#9465 = DIRECTION('',(-1.224646799147E-16,-1.,0.));
#9466 = DIRECTION('',(0.,0.,1.));
#9467 = ADVANCED_FACE('',(#9468),#9484,.T.);
#9468 = FACE_BOUND('',#9469,.T.);
#9469 = EDGE_LOOP('',(#9470,#9471,#9477,#9478));
#9470 = ORIENTED_EDGE('',*,*,#8848,.T.);
#9471 = ORIENTED_EDGE('',*,*,#9472,.T.);
#9472 = EDGE_CURVE('',#8849,#8732,#9473,.T.);
#9473 = LINE('',#9474,#9475);
#9474 = CARTESIAN_POINT('',(-2.65,-1.2,-6.938893903907E-18));
#9475 = VECTOR('',#9476,1.);
#9476 = DIRECTION('',(-1.224646799147E-16,-1.,0.));
#9477 = ORIENTED_EDGE('',*,*,#8729,.F.);
#9478 = ORIENTED_EDGE('',*,*,#9479,.F.);
#9479 = EDGE_CURVE('',#8839,#8730,#9480,.T.);
#9480 = LINE('',#9481,#9482);
#9481 = CARTESIAN_POINT('',(-2.7,-1.2,5.E-02));
#9482 = VECTOR('',#9483,1.);
#9483 = DIRECTION('',(-1.224646799147E-16,-1.,0.));
#9484 = CYLINDRICAL_SURFACE('',#9485,5.E-02);
#9485 = AXIS2_PLACEMENT_3D('',#9486,#9487,#9488);
#9486 = CARTESIAN_POINT('',(-2.65,-1.2,5.E-02));
#9487 = DIRECTION('',(-1.224646799147E-16,-1.,0.));
#9488 = DIRECTION('',(-1.,1.224646799147E-16,0.));
#9489 = ADVANCED_FACE('',(#9490),#9496,.F.);
#9490 = FACE_BOUND('',#9491,.F.);
#9491 = EDGE_LOOP('',(#9492,#9493,#9494,#9495));
#9492 = ORIENTED_EDGE('',*,*,#8857,.T.);
#9493 = ORIENTED_EDGE('',*,*,#9472,.T.);
#9494 = ORIENTED_EDGE('',*,*,#8800,.T.);
#9495 = ORIENTED_EDGE('',*,*,#9168,.T.);
#9496 = PLANE('',#9497);
#9497 = AXIS2_PLACEMENT_3D('',#9498,#9499,#9500);
#9498 = CARTESIAN_POINT('',(-2.25,-1.65,0.));
#9499 = DIRECTION('',(0.,0.,1.));
#9500 = DIRECTION('',(-1.,1.224646799147E-16,0.));
#9501 = ADVANCED_FACE('',(#9502),#9513,.T.);
#9502 = FACE_BOUND('',#9503,.T.);
#9503 = EDGE_LOOP('',(#9504,#9505,#9506,#9512));
#9504 = ORIENTED_EDGE('',*,*,#9438,.F.);
#9505 = ORIENTED_EDGE('',*,*,#8883,.T.);
#9506 = ORIENTED_EDGE('',*,*,#9507,.T.);
#9507 = EDGE_CURVE('',#8884,#8766,#9508,.T.);
#9508 = LINE('',#9509,#9510);
#9509 = CARTESIAN_POINT('',(-2.6,-1.1,0.85));
#9510 = VECTOR('',#9511,1.);
#9511 = DIRECTION('',(-1.224646799147E-16,-1.,0.));
#9512 = ORIENTED_EDGE('',*,*,#8774,.T.);
#9513 = PLANE('',#9514);
#9514 = AXIS2_PLACEMENT_3D('',#9515,#9516,#9517);
#9515 = CARTESIAN_POINT('',(-2.6,-1.1,0.1));
#9516 = DIRECTION('',(1.,-1.224646799147E-16,0.));
#9517 = DIRECTION('',(-1.224646799147E-16,-1.,0.));
#9518 = ADVANCED_FACE('',(#9519),#9525,.F.);
#9519 = FACE_BOUND('',#9520,.F.);
#9520 = EDGE_LOOP('',(#9521,#9522,#9523,#9524));
#9521 = ORIENTED_EDGE('',*,*,#9507,.T.);
#9522 = ORIENTED_EDGE('',*,*,#8765,.F.);
#9523 = ORIENTED_EDGE('',*,*,#8823,.F.);
#9524 = ORIENTED_EDGE('',*,*,#8891,.T.);
#9525 = CYLINDRICAL_SURFACE('',#9526,5.E-02);
#9526 = AXIS2_PLACEMENT_3D('',#9527,#9528,#9529);
#9527 = CARTESIAN_POINT('',(-2.55,-1.1,0.85));
#9528 = DIRECTION('',(-1.224646799147E-16,-1.,0.));
#9529 = DIRECTION('',(-1.,1.224646799147E-16,0.));
#9530 = ADVANCED_FACE('',(#9531),#9537,.F.);
#9531 = FACE_BOUND('',#9532,.F.);
#9532 = EDGE_LOOP('',(#9533,#9534,#9535,#9536));
#9533 = ORIENTED_EDGE('',*,*,#8838,.T.);
#9534 = ORIENTED_EDGE('',*,*,#9455,.T.);
#9535 = ORIENTED_EDGE('',*,*,#8740,.F.);
#9536 = ORIENTED_EDGE('',*,*,#9479,.F.);
#9537 = PLANE('',#9538);
#9538 = AXIS2_PLACEMENT_3D('',#9539,#9540,#9541);
#9539 = CARTESIAN_POINT('',(-2.7,-1.2,0.));
#9540 = DIRECTION('',(1.,-1.224646799147E-16,0.));
#9541 = DIRECTION('',(-1.224646799147E-16,-1.,0.));
#9542 = ADVANCED_FACE('',(#9543),#9554,.T.);
#9543 = FACE_BOUND('',#9544,.T.);
#9544 = EDGE_LOOP('',(#9545,#9546,#9552,#9553));
#9545 = ORIENTED_EDGE('',*,*,#9119,.T.);
#9546 = ORIENTED_EDGE('',*,*,#9547,.T.);
#9547 = EDGE_CURVE('',#9059,#8959,#9548,.T.);
#9548 = LINE('',#9549,#9550);
#9549 = CARTESIAN_POINT('',(-2.7,2.1,0.95));
#9550 = VECTOR('',#9551,1.);
#9551 = DIRECTION('',(-1.224646799147E-16,-1.,0.));
#9552 = ORIENTED_EDGE('',*,*,#8966,.F.);
#9553 = ORIENTED_EDGE('',*,*,#8925,.F.);
#9554 = CYLINDRICAL_SURFACE('',#9555,5.E-02);
#9555 = AXIS2_PLACEMENT_3D('',#9556,#9557,#9558);
#9556 = CARTESIAN_POINT('',(-2.65,2.1,0.95));
#9557 = DIRECTION('',(-1.224646799147E-16,-1.,0.));
#9558 = DIRECTION('',(0.,0.,1.));
#9559 = ADVANCED_FACE('',(#9560),#9576,.T.);
#9560 = FACE_BOUND('',#9561,.T.);
#9561 = EDGE_LOOP('',(#9562,#9563,#9569,#9570));
#9562 = ORIENTED_EDGE('',*,*,#9066,.T.);
#9563 = ORIENTED_EDGE('',*,*,#9564,.T.);
#9564 = EDGE_CURVE('',#9067,#8950,#9565,.T.);
#9565 = LINE('',#9566,#9567);
#9566 = CARTESIAN_POINT('',(-2.65,2.1,-6.938893903907E-18));
#9567 = VECTOR('',#9568,1.);
#9568 = DIRECTION('',(-1.224646799147E-16,-1.,0.));
#9569 = ORIENTED_EDGE('',*,*,#8947,.F.);
#9570 = ORIENTED_EDGE('',*,*,#9571,.F.);
#9571 = EDGE_CURVE('',#9057,#8948,#9572,.T.);
#9572 = LINE('',#9573,#9574);
#9573 = CARTESIAN_POINT('',(-2.7,2.1,5.E-02));
#9574 = VECTOR('',#9575,1.);
#9575 = DIRECTION('',(-1.224646799147E-16,-1.,0.));
#9576 = CYLINDRICAL_SURFACE('',#9577,5.E-02);
#9577 = AXIS2_PLACEMENT_3D('',#9578,#9579,#9580);
#9578 = CARTESIAN_POINT('',(-2.65,2.1,5.E-02));
#9579 = DIRECTION('',(-1.224646799147E-16,-1.,0.));
#9580 = DIRECTION('',(-1.,1.224646799147E-16,0.));
#9581 = ADVANCED_FACE('',(#9582),#9588,.F.);
#9582 = FACE_BOUND('',#9583,.F.);
#9583 = EDGE_LOOP('',(#9584,#9585,#9586,#9587));
#9584 = ORIENTED_EDGE('',*,*,#9075,.T.);
#9585 = ORIENTED_EDGE('',*,*,#9564,.T.);
#9586 = ORIENTED_EDGE('',*,*,#9018,.T.);
#9587 = ORIENTED_EDGE('',*,*,#9185,.T.);
#9588 = PLANE('',#9589);
#9589 = AXIS2_PLACEMENT_3D('',#9590,#9591,#9592);
#9590 = CARTESIAN_POINT('',(-2.25,1.65,0.));
#9591 = DIRECTION('',(0.,0.,1.));
#9592 = DIRECTION('',(-1.,1.224646799147E-16,0.));
#9593 = ADVANCED_FACE('',(#9594),#9605,.T.);
#9594 = FACE_BOUND('',#9595,.T.);
#9595 = EDGE_LOOP('',(#9596,#9597,#9598,#9604));
#9596 = ORIENTED_EDGE('',*,*,#9421,.F.);
#9597 = ORIENTED_EDGE('',*,*,#9101,.T.);
#9598 = ORIENTED_EDGE('',*,*,#9599,.T.);
#9599 = EDGE_CURVE('',#9102,#8984,#9600,.T.);
#9600 = LINE('',#9601,#9602);
#9601 = CARTESIAN_POINT('',(-2.6,2.2,0.85));
#9602 = VECTOR('',#9603,1.);
#9603 = DIRECTION('',(-1.224646799147E-16,-1.,0.));
#9604 = ORIENTED_EDGE('',*,*,#8992,.T.);
#9605 = PLANE('',#9606);
#9606 = AXIS2_PLACEMENT_3D('',#9607,#9608,#9609);
#9607 = CARTESIAN_POINT('',(-2.6,2.2,0.1));
#9608 = DIRECTION('',(1.,-1.224646799147E-16,0.));
#9609 = DIRECTION('',(-1.224646799147E-16,-1.,0.));
#9610 = ADVANCED_FACE('',(#9611),#9617,.F.);
#9611 = FACE_BOUND('',#9612,.F.);
#9612 = EDGE_LOOP('',(#9613,#9614,#9615,#9616));
#9613 = ORIENTED_EDGE('',*,*,#9599,.T.);
#9614 = ORIENTED_EDGE('',*,*,#8983,.F.);
#9615 = ORIENTED_EDGE('',*,*,#9041,.F.);
#9616 = ORIENTED_EDGE('',*,*,#9109,.T.);
#9617 = CYLINDRICAL_SURFACE('',#9618,5.E-02);
#9618 = AXIS2_PLACEMENT_3D('',#9619,#9620,#9621);
#9619 = CARTESIAN_POINT('',(-2.55,2.2,0.85));
#9620 = DIRECTION('',(-1.224646799147E-16,-1.,0.));
#9621 = DIRECTION('',(-1.,1.224646799147E-16,0.));
#9622 = ADVANCED_FACE('',(#9623),#9629,.F.);
#9623 = FACE_BOUND('',#9624,.F.);
#9624 = EDGE_LOOP('',(#9625,#9626,#9627,#9628));
#9625 = ORIENTED_EDGE('',*,*,#9056,.T.);
#9626 = ORIENTED_EDGE('',*,*,#9547,.T.);
#9627 = ORIENTED_EDGE('',*,*,#8958,.F.);
#9628 = ORIENTED_EDGE('',*,*,#9571,.F.);
#9629 = PLANE('',#9630);
#9630 = AXIS2_PLACEMENT_3D('',#9631,#9632,#9633);
#9631 = CARTESIAN_POINT('',(-2.7,2.1,0.));
#9632 = DIRECTION('',(1.,-1.224646799147E-16,0.));
#9633 = DIRECTION('',(-1.224646799147E-16,-1.,0.));
#9634 = ( GEOMETRIC_REPRESENTATION_CONTEXT(3) 
GLOBAL_UNCERTAINTY_ASSIGNED_CONTEXT((#9638)) 
GLOBAL_UNIT_ASSIGNED_CONTEXT((#9635,#9636,#9637)) REPRESENTATION_CONTEXT
('Context #1','3D Context with UNIT and UNCERTAINTY') );
#9635 = ( LENGTH_UNIT() NAMED_UNIT(*) SI_UNIT(.MILLI.,.METRE.) );
#9636 = ( NAMED_UNIT(*) PLANE_ANGLE_UNIT() SI_UNIT($,.RADIAN.) );
#9637 = ( NAMED_UNIT(*) SI_UNIT($,.STERADIAN.) SOLID_ANGLE_UNIT() );
#9638 = UNCERTAINTY_MEASURE_WITH_UNIT(LENGTH_MEASURE(1.E-07),#9635,
  'distance_accuracy_value','confusion accuracy');
#9639 = CONTEXT_DEPENDENT_SHAPE_REPRESENTATION(#9640,#9642);
#9640 = ( REPRESENTATION_RELATIONSHIP('','',#7366,#10) 
REPRESENTATION_RELATIONSHIP_WITH_TRANSFORMATION(#9641) 
SHAPE_REPRESENTATION_RELATIONSHIP() );
#9641 = ITEM_DEFINED_TRANSFORMATION('','',#11,#39);
#9642 = PRODUCT_DEFINITION_SHAPE('Placement','Placement of an item',
  #9643);
#9643 = NEXT_ASSEMBLY_USAGE_OCCURRENCE('7','D1','',#5,#7361,$);
#9644 = PRODUCT_RELATED_PRODUCT_CATEGORY('part',$,(#7363));
#9645 = CONTEXT_DEPENDENT_SHAPE_REPRESENTATION(#9646,#9648);
#9646 = ( REPRESENTATION_RELATIONSHIP('','',#76,#10) 
REPRESENTATION_RELATIONSHIP_WITH_TRANSFORMATION(#9647) 
SHAPE_REPRESENTATION_RELATIONSHIP() );
#9647 = ITEM_DEFINED_TRANSFORMATION('','',#11,#43);
#9648 = PRODUCT_DEFINITION_SHAPE('Placement','Placement of an item',
  #9649);
#9649 = NEXT_ASSEMBLY_USAGE_OCCURRENCE('8','R1','',#5,#71,$);
#9650 = CONTEXT_DEPENDENT_SHAPE_REPRESENTATION(#9651,#9653);
#9651 = ( REPRESENTATION_RELATIONSHIP('','',#76,#10) 
REPRESENTATION_RELATIONSHIP_WITH_TRANSFORMATION(#9652) 
SHAPE_REPRESENTATION_RELATIONSHIP() );
#9652 = ITEM_DEFINED_TRANSFORMATION('','',#11,#47);
#9653 = PRODUCT_DEFINITION_SHAPE('Placement','Placement of an item',
  #9654);
#9654 = NEXT_ASSEMBLY_USAGE_OCCURRENCE('9','R4','',#5,#71,$);
#9655 = SHAPE_DEFINITION_REPRESENTATION(#9656,#9662);
#9656 = PRODUCT_DEFINITION_SHAPE('','',#9657);
#9657 = PRODUCT_DEFINITION('design','',#9658,#9661);
#9658 = PRODUCT_DEFINITION_FORMATION('','',#9659);
#9659 = PRODUCT('TL3342F160QG','TL3342F160QG','',(#9660));
#9660 = PRODUCT_CONTEXT('',#2,'mechanical');
#9661 = PRODUCT_DEFINITION_CONTEXT('part definition',#2,'design');
#9662 = SHAPE_REPRESENTATION('',(#11,#9663,#11671,#11811,#12233,#12951,
    #13373,#13795),#14217);
#9663 = MANIFOLD_SOLID_BREP('',#9664);
#9664 = CLOSED_SHELL('',(#9665,#9707,#9751,#9795,#9823,#9863,#9903,#9943
    ,#9983,#10022,#10061,#10100,#10139,#10179,#10219,#10259,#10299,
    #10338,#10377,#10416,#10455,#10539,#10621,#10643,#10665,#10687,
    #10709,#10733,#10758,#10774,#10805,#10845,#10876,#10902,#10928,
    #10952,#10977,#10993,#11024,#11064,#11095,#11121,#11147,#11159,
    #11171,#11183,#11195,#11212,#11245,#11256,#11273,#11306,#11317,
    #11339,#11351,#11368,#11385,#11406,#11422,#11434,#11446,#11468,
    #11480,#11497,#11514,#11535,#11551,#11563,#11575,#11593,#11619,
    #11631,#11643,#11659));
#9665 = ADVANCED_FACE('',(#9666),#9702,.F.);
#9666 = FACE_BOUND('',#9667,.F.);
#9667 = EDGE_LOOP('',(#9668,#9678,#9687,#9695));
#9668 = ORIENTED_EDGE('',*,*,#9669,.T.);
#9669 = EDGE_CURVE('',#9670,#9672,#9674,.T.);
#9670 = VERTEX_POINT('',#9671);
#9671 = CARTESIAN_POINT('',(0.,0.,1.05));
#9672 = VERTEX_POINT('',#9673);
#9673 = CARTESIAN_POINT('',(0.,0.4,1.05));
#9674 = LINE('',#9675,#9676);
#9675 = CARTESIAN_POINT('',(0.,-2.969848480983,1.05));
#9676 = VECTOR('',#9677,1.);
#9677 = DIRECTION('',(-0.,1.,-0.));
#9678 = ORIENTED_EDGE('',*,*,#9679,.F.);
#9679 = EDGE_CURVE('',#9680,#9672,#9682,.T.);
#9680 = VERTEX_POINT('',#9681);
#9681 = CARTESIAN_POINT('',(1.285879139105E-16,0.4,-1.05));
#9682 = CIRCLE('',#9683,1.05);
#9683 = AXIS2_PLACEMENT_3D('',#9684,#9685,#9686);
#9684 = CARTESIAN_POINT('',(0.,0.4,0.));
#9685 = DIRECTION('',(0.,1.,0.));
#9686 = DIRECTION('',(0.,-0.,1.));
#9687 = ORIENTED_EDGE('',*,*,#9688,.F.);
#9688 = EDGE_CURVE('',#9689,#9680,#9691,.T.);
#9689 = VERTEX_POINT('',#9690);
#9690 = CARTESIAN_POINT('',(1.285879139105E-16,0.,-1.05));
#9691 = LINE('',#9692,#9693);
#9692 = CARTESIAN_POINT('',(1.285879139105E-16,-2.969848480983,-1.05));
#9693 = VECTOR('',#9694,1.);
#9694 = DIRECTION('',(-0.,1.,-0.));
#9695 = ORIENTED_EDGE('',*,*,#9696,.T.);
#9696 = EDGE_CURVE('',#9689,#9670,#9697,.T.);
#9697 = CIRCLE('',#9698,1.05);
#9698 = AXIS2_PLACEMENT_3D('',#9699,#9700,#9701);
#9699 = CARTESIAN_POINT('',(0.,0.,0.));
#9700 = DIRECTION('',(0.,1.,0.));
#9701 = DIRECTION('',(0.,-0.,-1.));
#9702 = CYLINDRICAL_SURFACE('',#9703,1.05);
#9703 = AXIS2_PLACEMENT_3D('',#9704,#9705,#9706);
#9704 = CARTESIAN_POINT('',(0.,-2.969848480983,0.));
#9705 = DIRECTION('',(-0.,1.,-0.));
#9706 = DIRECTION('',(0.,0.,1.));
#9707 = ADVANCED_FACE('',(#9708),#9746,.F.);
#9708 = FACE_BOUND('',#9709,.F.);
#9709 = EDGE_LOOP('',(#9710,#9721,#9730,#9739));
#9710 = ORIENTED_EDGE('',*,*,#9711,.T.);
#9711 = EDGE_CURVE('',#9712,#9714,#9716,.T.);
#9712 = VERTEX_POINT('',#9713);
#9713 = CARTESIAN_POINT('',(0.,0.,-1.638707026081));
#9714 = VERTEX_POINT('',#9715);
#9715 = CARTESIAN_POINT('',(-1.895846621186E-16,5.773817382593E-02,
    -1.548076247377));
#9716 = CIRCLE('',#9717,0.1);
#9717 = AXIS2_PLACEMENT_3D('',#9718,#9719,#9720);
#9718 = CARTESIAN_POINT('',(0.,0.1,-1.638707026081));
#9719 = DIRECTION('',(-1.,0.,0.));
#9720 = DIRECTION('',(0.,0.,1.));
#9721 = ORIENTED_EDGE('',*,*,#9722,.T.);
#9722 = EDGE_CURVE('',#9714,#9723,#9725,.T.);
#9723 = VERTEX_POINT('',#9724);
#9724 = CARTESIAN_POINT('',(0.,5.773817382593E-02,1.548076247377));
#9725 = CIRCLE('',#9726,1.548076247377);
#9726 = AXIS2_PLACEMENT_3D('',#9727,#9728,#9729);
#9727 = CARTESIAN_POINT('',(0.,5.773817382593E-02,0.));
#9728 = DIRECTION('',(0.,1.,0.));
#9729 = DIRECTION('',(0.,0.,-1.));
#9730 = ORIENTED_EDGE('',*,*,#9731,.F.);
#9731 = EDGE_CURVE('',#9732,#9723,#9734,.T.);
#9732 = VERTEX_POINT('',#9733);
#9733 = CARTESIAN_POINT('',(2.00683731423E-16,0.,1.638707026081));
#9734 = CIRCLE('',#9735,0.1);
#9735 = AXIS2_PLACEMENT_3D('',#9736,#9737,#9738);
#9736 = CARTESIAN_POINT('',(2.00683731423E-16,0.1,1.638707026081));
#9737 = DIRECTION('',(1.,0.,-1.224646799147E-16));
#9738 = DIRECTION('',(-1.224646799147E-16,0.,-1.));
#9739 = ORIENTED_EDGE('',*,*,#9740,.T.);
#9740 = EDGE_CURVE('',#9732,#9712,#9741,.T.);
#9741 = CIRCLE('',#9742,1.638707026081);
#9742 = AXIS2_PLACEMENT_3D('',#9743,#9744,#9745);
#9743 = CARTESIAN_POINT('',(0.,0.,0.));
#9744 = DIRECTION('',(-0.,-1.,0.));
#9745 = DIRECTION('',(-0.,0.,-1.));
#9746 = TOROIDAL_SURFACE('',#9747,1.638707026081,0.1);
#9747 = AXIS2_PLACEMENT_3D('',#9748,#9749,#9750);
#9748 = CARTESIAN_POINT('',(0.,0.1,0.));
#9749 = DIRECTION('',(-0.,-1.,0.));
#9750 = DIRECTION('',(-0.,0.,-1.));
#9751 = ADVANCED_FACE('',(#9752),#9790,.T.);
#9752 = FACE_BOUND('',#9753,.T.);
#9753 = EDGE_LOOP('',(#9754,#9765,#9774,#9783));
#9754 = ORIENTED_EDGE('',*,*,#9755,.F.);
#9755 = EDGE_CURVE('',#9756,#9758,#9760,.T.);
#9756 = VERTEX_POINT('',#9757);
#9757 = CARTESIAN_POINT('',(-1.814606272462E-16,0.342261826174,
    -1.415400689361));
#9758 = VERTEX_POINT('',#9759);
#9759 = CARTESIAN_POINT('',(0.,0.342261826174,1.415400689361));
#9760 = CIRCLE('',#9761,1.415400689361);
#9761 = AXIS2_PLACEMENT_3D('',#9762,#9763,#9764);
#9762 = CARTESIAN_POINT('',(0.,0.342261826174,0.));
#9763 = DIRECTION('',(0.,-1.,-0.));
#9764 = DIRECTION('',(0.,0.,-1.));
#9765 = ORIENTED_EDGE('',*,*,#9766,.T.);
#9766 = EDGE_CURVE('',#9756,#9767,#9769,.T.);
#9767 = VERTEX_POINT('',#9768);
#9768 = CARTESIAN_POINT('',(1.677870577215E-16,0.4,-1.324769910657));
#9769 = CIRCLE('',#9770,0.1);
#9770 = AXIS2_PLACEMENT_3D('',#9771,#9772,#9773);
#9771 = CARTESIAN_POINT('',(1.622375230693E-16,0.3,-1.324769910657));
#9772 = DIRECTION('',(1.,-0.,1.224646799147E-16));
#9773 = DIRECTION('',(1.224646799147E-16,0.,-1.));
#9774 = ORIENTED_EDGE('',*,*,#9775,.F.);
#9775 = EDGE_CURVE('',#9776,#9767,#9778,.T.);
#9776 = VERTEX_POINT('',#9777);
#9777 = CARTESIAN_POINT('',(0.,0.4,1.324769910657));
#9778 = CIRCLE('',#9779,1.324769910657);
#9779 = AXIS2_PLACEMENT_3D('',#9780,#9781,#9782);
#9780 = CARTESIAN_POINT('',(0.,0.4,0.));
#9781 = DIRECTION('',(0.,1.,0.));
#9782 = DIRECTION('',(0.,-0.,1.));
#9783 = ORIENTED_EDGE('',*,*,#9784,.F.);
#9784 = EDGE_CURVE('',#9758,#9776,#9785,.T.);
#9785 = CIRCLE('',#9786,0.1);
#9786 = AXIS2_PLACEMENT_3D('',#9787,#9788,#9789);
#9787 = CARTESIAN_POINT('',(0.,0.3,1.324769910657));
#9788 = DIRECTION('',(-1.,0.,0.));
#9789 = DIRECTION('',(0.,0.,1.));
#9790 = TOROIDAL_SURFACE('',#9791,1.324769910657,0.1);
#9791 = AXIS2_PLACEMENT_3D('',#9792,#9793,#9794);
#9792 = CARTESIAN_POINT('',(0.,0.3,0.));
#9793 = DIRECTION('',(0.,1.,0.));
#9794 = DIRECTION('',(0.,-0.,1.));
#9795 = ADVANCED_FACE('',(#9796),#9818,.T.);
#9796 = FACE_BOUND('',#9797,.T.);
#9797 = EDGE_LOOP('',(#9798,#9805,#9811,#9812));
#9798 = ORIENTED_EDGE('',*,*,#9799,.T.);
#9799 = EDGE_CURVE('',#9758,#9756,#9800,.T.);
#9800 = CIRCLE('',#9801,1.415400689361);
#9801 = AXIS2_PLACEMENT_3D('',#9802,#9803,#9804);
#9802 = CARTESIAN_POINT('',(0.,0.342261826174,0.));
#9803 = DIRECTION('',(0.,-1.,-0.));
#9804 = DIRECTION('',(0.,0.,-1.));
#9805 = ORIENTED_EDGE('',*,*,#9806,.T.);
#9806 = EDGE_CURVE('',#9756,#9714,#9807,.T.);
#9807 = LINE('',#9808,#9809);
#9808 = CARTESIAN_POINT('',(-1.928818708657E-16,0.,-1.575));
#9809 = VECTOR('',#9810,1.);
#9810 = DIRECTION('',(-5.17558101502E-17,-0.906307787037,-0.422618261741
    ));
#9811 = ORIENTED_EDGE('',*,*,#9722,.T.);
#9812 = ORIENTED_EDGE('',*,*,#9813,.F.);
#9813 = EDGE_CURVE('',#9758,#9723,#9814,.T.);
#9814 = LINE('',#9815,#9816);
#9815 = CARTESIAN_POINT('',(0.,0.,1.575));
#9816 = VECTOR('',#9817,1.);
#9817 = DIRECTION('',(0.,-0.906307787037,0.422618261741));
#9818 = CONICAL_SURFACE('',#9819,1.575,0.436332312999);
#9819 = AXIS2_PLACEMENT_3D('',#9820,#9821,#9822);
#9820 = CARTESIAN_POINT('',(0.,0.,0.));
#9821 = DIRECTION('',(-0.,-1.,-0.));
#9822 = DIRECTION('',(0.,0.,1.));
#9823 = ADVANCED_FACE('',(#9824),#9858,.F.);
#9824 = FACE_BOUND('',#9825,.T.);
#9825 = EDGE_LOOP('',(#9826,#9836,#9844,#9852));
#9826 = ORIENTED_EDGE('',*,*,#9827,.F.);
#9827 = EDGE_CURVE('',#9828,#9830,#9832,.T.);
#9828 = VERTEX_POINT('',#9829);
#9829 = CARTESIAN_POINT('',(-2.5,-0.45,-1.2));
#9830 = VERTEX_POINT('',#9831);
#9831 = CARTESIAN_POINT('',(-2.35,-0.45,-1.2));
#9832 = LINE('',#9833,#9834);
#9833 = CARTESIAN_POINT('',(-2.35,-0.45,-1.2));
#9834 = VECTOR('',#9835,1.);
#9835 = DIRECTION('',(1.,-2.893733071086E-15,-1.76909445394E-16));
#9836 = ORIENTED_EDGE('',*,*,#9837,.F.);
#9837 = EDGE_CURVE('',#9838,#9828,#9840,.T.);
#9838 = VERTEX_POINT('',#9839);
#9839 = CARTESIAN_POINT('',(-2.5,-0.15,-1.2));
#9840 = LINE('',#9841,#9842);
#9841 = CARTESIAN_POINT('',(-2.5,7.751736684063E-15,-1.2));
#9842 = VECTOR('',#9843,1.);
#9843 = DIRECTION('',(-2.891205793295E-15,-1.,0.));
#9844 = ORIENTED_EDGE('',*,*,#9845,.T.);
#9845 = EDGE_CURVE('',#9838,#9846,#9848,.T.);
#9846 = VERTEX_POINT('',#9847);
#9847 = CARTESIAN_POINT('',(-2.35,-0.15,-1.2));
#9848 = LINE('',#9849,#9850);
#9849 = CARTESIAN_POINT('',(-2.5,-0.15,-1.2));
#9850 = VECTOR('',#9851,1.);
#9851 = DIRECTION('',(1.,-3.491481338843E-15,-1.807003620809E-16));
#9852 = ORIENTED_EDGE('',*,*,#9853,.T.);
#9853 = EDGE_CURVE('',#9846,#9830,#9854,.T.);
#9854 = LINE('',#9855,#9856);
#9855 = CARTESIAN_POINT('',(-2.35,-0.75,-1.2));
#9856 = VECTOR('',#9857,1.);
#9857 = DIRECTION('',(-2.891205793295E-15,-1.,-0.));
#9858 = PLANE('',#9859);
#9859 = AXIS2_PLACEMENT_3D('',#9860,#9861,#9862);
#9860 = CARTESIAN_POINT('',(-2.5,-0.75,-1.2));
#9861 = DIRECTION('',(1.807003620809E-16,-5.224419336988E-31,1.));
#9862 = DIRECTION('',(1.,0.,-1.807003620809E-16));
#9863 = ADVANCED_FACE('',(#9864),#9898,.F.);
#9864 = FACE_BOUND('',#9865,.T.);
#9865 = EDGE_LOOP('',(#9866,#9876,#9884,#9892));
#9866 = ORIENTED_EDGE('',*,*,#9867,.F.);
#9867 = EDGE_CURVE('',#9868,#9870,#9872,.T.);
#9868 = VERTEX_POINT('',#9869);
#9869 = CARTESIAN_POINT('',(-2.5,-0.75,0.75));
#9870 = VERTEX_POINT('',#9871);
#9871 = CARTESIAN_POINT('',(-2.35,-0.75,0.75));
#9872 = LINE('',#9873,#9874);
#9873 = CARTESIAN_POINT('',(-2.35,-0.75,0.75));
#9874 = VECTOR('',#9875,1.);
#9875 = DIRECTION('',(1.,-2.893733071086E-15,-1.76909445394E-16));
#9876 = ORIENTED_EDGE('',*,*,#9877,.F.);
#9877 = EDGE_CURVE('',#9878,#9868,#9880,.T.);
#9878 = VERTEX_POINT('',#9879);
#9879 = CARTESIAN_POINT('',(-2.5,-0.75,0.5));
#9880 = LINE('',#9881,#9882);
#9881 = CARTESIAN_POINT('',(-2.5,-0.75,4.517509052023E-16));
#9882 = VECTOR('',#9883,1.);
#9883 = DIRECTION('',(1.807003620809E-16,0.,1.));
#9884 = ORIENTED_EDGE('',*,*,#9885,.T.);
#9885 = EDGE_CURVE('',#9878,#9886,#9888,.T.);
#9886 = VERTEX_POINT('',#9887);
#9887 = CARTESIAN_POINT('',(-2.35,-0.75,0.5));
#9888 = LINE('',#9889,#9890);
#9889 = CARTESIAN_POINT('',(-2.35,-0.75,0.5));
#9890 = VECTOR('',#9891,1.);
#9891 = DIRECTION('',(1.,-2.741910574356E-15,6.81250028166E-17));
#9892 = ORIENTED_EDGE('',*,*,#9893,.T.);
#9893 = EDGE_CURVE('',#9886,#9870,#9894,.T.);
#9894 = LINE('',#9895,#9896);
#9895 = CARTESIAN_POINT('',(-2.35,-0.75,1.2));
#9896 = VECTOR('',#9897,1.);
#9897 = DIRECTION('',(1.807003620809E-16,-0.,1.));
#9898 = PLANE('',#9899);
#9899 = AXIS2_PLACEMENT_3D('',#9900,#9901,#9902);
#9900 = CARTESIAN_POINT('',(-2.5,-0.75,1.2));
#9901 = DIRECTION('',(3.491481338843E-15,1.,-6.309119421277E-31));
#9902 = DIRECTION('',(-1.,3.491481338843E-15,7.017014892758E-62));
#9903 = ADVANCED_FACE('',(#9904),#9938,.F.);
#9904 = FACE_BOUND('',#9905,.T.);
#9905 = EDGE_LOOP('',(#9906,#9916,#9924,#9932));
#9906 = ORIENTED_EDGE('',*,*,#9907,.T.);
#9907 = EDGE_CURVE('',#9908,#9910,#9912,.T.);
#9908 = VERTEX_POINT('',#9909);
#9909 = CARTESIAN_POINT('',(-2.5,-0.75,-0.75));
#9910 = VERTEX_POINT('',#9911);
#9911 = CARTESIAN_POINT('',(-2.35,-0.75,-0.75));
#9912 = LINE('',#9913,#9914);
#9913 = CARTESIAN_POINT('',(-2.35,-0.75,-0.75));
#9914 = VECTOR('',#9915,1.);
#9915 = DIRECTION('',(1.,-2.893733071086E-15,-1.76909445394E-16));
#9916 = ORIENTED_EDGE('',*,*,#9917,.T.);
#9917 = EDGE_CURVE('',#9910,#9918,#9920,.T.);
#9918 = VERTEX_POINT('',#9919);
#9919 = CARTESIAN_POINT('',(-2.35,-0.75,-0.5));
#9920 = LINE('',#9921,#9922);
#9921 = CARTESIAN_POINT('',(-2.35,-0.75,1.2));
#9922 = VECTOR('',#9923,1.);
#9923 = DIRECTION('',(1.807003620809E-16,-0.,1.));
#9924 = ORIENTED_EDGE('',*,*,#9925,.F.);
#9925 = EDGE_CURVE('',#9926,#9918,#9928,.T.);
#9926 = VERTEX_POINT('',#9927);
#9927 = CARTESIAN_POINT('',(-2.5,-0.75,-0.5));
#9928 = LINE('',#9929,#9930);
#9929 = CARTESIAN_POINT('',(-2.35,-0.75,-0.5));
#9930 = VECTOR('',#9931,1.);
#9931 = DIRECTION('',(1.,-2.741910574356E-15,6.81250028166E-17));
#9932 = ORIENTED_EDGE('',*,*,#9933,.F.);
#9933 = EDGE_CURVE('',#9908,#9926,#9934,.T.);
#9934 = LINE('',#9935,#9936);
#9935 = CARTESIAN_POINT('',(-2.5,-0.75,4.517509052023E-16));
#9936 = VECTOR('',#9937,1.);
#9937 = DIRECTION('',(1.807003620809E-16,0.,1.));
#9938 = PLANE('',#9939);
#9939 = AXIS2_PLACEMENT_3D('',#9940,#9941,#9942);
#9940 = CARTESIAN_POINT('',(-2.5,-0.75,1.2));
#9941 = DIRECTION('',(3.491481338843E-15,1.,-6.309119421277E-31));
#9942 = DIRECTION('',(-1.,3.491481338843E-15,7.017014892758E-62));
#9943 = ADVANCED_FACE('',(#9944),#9978,.F.);
#9944 = FACE_BOUND('',#9945,.T.);
#9945 = EDGE_LOOP('',(#9946,#9956,#9964,#9972));
#9946 = ORIENTED_EDGE('',*,*,#9947,.T.);
#9947 = EDGE_CURVE('',#9948,#9950,#9952,.T.);
#9948 = VERTEX_POINT('',#9949);
#9949 = CARTESIAN_POINT('',(-2.5,-0.45,1.2));
#9950 = VERTEX_POINT('',#9951);
#9951 = CARTESIAN_POINT('',(-2.35,-0.45,1.2));
#9952 = LINE('',#9953,#9954);
#9953 = CARTESIAN_POINT('',(-2.35,-0.45,1.2));
#9954 = VECTOR('',#9955,1.);
#9955 = DIRECTION('',(1.,-2.893733071086E-15,-1.76909445394E-16));
#9956 = ORIENTED_EDGE('',*,*,#9957,.T.);
#9957 = EDGE_CURVE('',#9950,#9958,#9960,.T.);
#9958 = VERTEX_POINT('',#9959);
#9959 = CARTESIAN_POINT('',(-2.35,-0.15,1.2));
#9960 = LINE('',#9961,#9962);
#9961 = CARTESIAN_POINT('',(-2.35,-0.15,1.2));
#9962 = VECTOR('',#9963,1.);
#9963 = DIRECTION('',(2.891205793295E-15,1.,-0.));
#9964 = ORIENTED_EDGE('',*,*,#9965,.F.);
#9965 = EDGE_CURVE('',#9966,#9958,#9968,.T.);
#9966 = VERTEX_POINT('',#9967);
#9967 = CARTESIAN_POINT('',(-2.5,-0.15,1.2));
#9968 = LINE('',#9969,#9970);
#9969 = CARTESIAN_POINT('',(-2.5,-0.15,1.2));
#9970 = VECTOR('',#9971,1.);
#9971 = DIRECTION('',(1.,-3.491481338843E-15,-1.807003620809E-16));
#9972 = ORIENTED_EDGE('',*,*,#9973,.F.);
#9973 = EDGE_CURVE('',#9948,#9966,#9974,.T.);
#9974 = LINE('',#9975,#9976);
#9975 = CARTESIAN_POINT('',(-2.5,7.751736684063E-15,1.2));
#9976 = VECTOR('',#9977,1.);
#9977 = DIRECTION('',(2.891205793295E-15,1.,0.));
#9978 = PLANE('',#9979);
#9979 = AXIS2_PLACEMENT_3D('',#9980,#9981,#9982);
#9980 = CARTESIAN_POINT('',(-2.5,-0.15,1.2));
#9981 = DIRECTION('',(-1.807003620809E-16,5.224419336988E-31,-1.));
#9982 = DIRECTION('',(-1.,0.,1.807003620809E-16));
#9983 = ADVANCED_FACE('',(#9984),#10017,.F.);
#9984 = FACE_BOUND('',#9985,.T.);
#9985 = EDGE_LOOP('',(#9986,#9992,#9993,#10001,#10010,#10016));
#9986 = ORIENTED_EDGE('',*,*,#9987,.F.);
#9987 = EDGE_CURVE('',#9948,#9868,#9988,.T.);
#9988 = LINE('',#9989,#9990);
#9989 = CARTESIAN_POINT('',(-2.5,-0.45,1.2));
#9990 = VECTOR('',#9991,1.);
#9991 = DIRECTION('',(-1.754104210324E-15,-0.554700196225,
    -0.832050294338));
#9992 = ORIENTED_EDGE('',*,*,#9973,.T.);
#9993 = ORIENTED_EDGE('',*,*,#9994,.T.);
#9994 = EDGE_CURVE('',#9966,#9995,#9997,.T.);
#9995 = VERTEX_POINT('',#9996);
#9996 = CARTESIAN_POINT('',(-2.5,-0.15,0.207304124416));
#9997 = LINE('',#9998,#9999);
#9998 = CARTESIAN_POINT('',(-2.5,-0.15,4.517509052023E-16));
#9999 = VECTOR('',#10000,1.);
#10000 = DIRECTION('',(-1.807003620809E-16,0.,-1.));
#10001 = ORIENTED_EDGE('',*,*,#10002,.F.);
#10002 = EDGE_CURVE('',#10003,#9995,#10005,.T.);
#10003 = VERTEX_POINT('',#10004);
#10004 = CARTESIAN_POINT('',(-2.5,-0.605,0.5));
#10005 = CIRCLE('',#10006,0.5);
#10006 = AXIS2_PLACEMENT_3D('',#10007,#10008,#10009);
#10007 = CARTESIAN_POINT('',(-2.5,-0.605,4.144271004677E-16));
#10008 = DIRECTION('',(-1.,2.891205793295E-15,1.807003620809E-16));
#10009 = DIRECTION('',(-2.891205793295E-15,-1.,5.224419336988E-32));
#10010 = ORIENTED_EDGE('',*,*,#10011,.F.);
#10011 = EDGE_CURVE('',#9878,#10003,#10012,.T.);
#10012 = LINE('',#10013,#10014);
#10013 = CARTESIAN_POINT('',(-2.5,-0.45,0.5));
#10014 = VECTOR('',#10015,1.);
#10015 = DIRECTION('',(2.741910574356E-15,1.,-0.));
#10016 = ORIENTED_EDGE('',*,*,#9877,.T.);
#10017 = PLANE('',#10018);
#10018 = AXIS2_PLACEMENT_3D('',#10019,#10020,#10021);
#10019 = CARTESIAN_POINT('',(-2.5,7.751736684063E-15,4.517509052023E-16)
  );
#10020 = DIRECTION('',(1.,-2.891205793295E-15,-1.807003620809E-16));
#10021 = DIRECTION('',(2.891205793295E-15,1.,0.));
#10022 = ADVANCED_FACE('',(#10023),#10056,.F.);
#10023 = FACE_BOUND('',#10024,.T.);
#10024 = EDGE_LOOP('',(#10025,#10031,#10032,#10040,#10049,#10055));
#10025 = ORIENTED_EDGE('',*,*,#10026,.F.);
#10026 = EDGE_CURVE('',#9908,#9828,#10027,.T.);
#10027 = LINE('',#10028,#10029);
#10028 = CARTESIAN_POINT('',(-2.5,-0.75,-0.75));
#10029 = VECTOR('',#10030,1.);
#10030 = DIRECTION('',(1.453400631412E-15,0.554700196225,-0.832050294338
    ));
#10031 = ORIENTED_EDGE('',*,*,#9933,.T.);
#10032 = ORIENTED_EDGE('',*,*,#10033,.F.);
#10033 = EDGE_CURVE('',#10034,#9926,#10036,.T.);
#10034 = VERTEX_POINT('',#10035);
#10035 = CARTESIAN_POINT('',(-2.5,-0.605,-0.5));
#10036 = LINE('',#10037,#10038);
#10037 = CARTESIAN_POINT('',(-2.5,-0.45,-0.5));
#10038 = VECTOR('',#10039,1.);
#10039 = DIRECTION('',(-2.741910574356E-15,-1.,0.));
#10040 = ORIENTED_EDGE('',*,*,#10041,.F.);
#10041 = EDGE_CURVE('',#10042,#10034,#10044,.T.);
#10042 = VERTEX_POINT('',#10043);
#10043 = CARTESIAN_POINT('',(-2.5,-0.15,-0.207304124416));
#10044 = CIRCLE('',#10045,0.5);
#10045 = AXIS2_PLACEMENT_3D('',#10046,#10047,#10048);
#10046 = CARTESIAN_POINT('',(-2.5,-0.605,4.144271004677E-16));
#10047 = DIRECTION('',(-1.,2.891205793295E-15,1.807003620809E-16));
#10048 = DIRECTION('',(-2.891205793295E-15,-1.,5.224419336988E-32));
#10049 = ORIENTED_EDGE('',*,*,#10050,.T.);
#10050 = EDGE_CURVE('',#10042,#9838,#10051,.T.);
#10051 = LINE('',#10052,#10053);
#10052 = CARTESIAN_POINT('',(-2.5,-0.15,4.517509052023E-16));
#10053 = VECTOR('',#10054,1.);
#10054 = DIRECTION('',(-1.807003620809E-16,0.,-1.));
#10055 = ORIENTED_EDGE('',*,*,#9837,.T.);
#10056 = PLANE('',#10057);
#10057 = AXIS2_PLACEMENT_3D('',#10058,#10059,#10060);
#10058 = CARTESIAN_POINT('',(-2.5,7.751736684063E-15,4.517509052023E-16)
  );
#10059 = DIRECTION('',(1.,-2.891205793295E-15,-1.807003620809E-16));
#10060 = DIRECTION('',(2.891205793295E-15,1.,0.));
#10061 = ADVANCED_FACE('',(#10062),#10095,.T.);
#10062 = FACE_BOUND('',#10063,.T.);
#10063 = EDGE_LOOP('',(#10064,#10065,#10071,#10072,#10080,#10089));
#10064 = ORIENTED_EDGE('',*,*,#9957,.F.);
#10065 = ORIENTED_EDGE('',*,*,#10066,.T.);
#10066 = EDGE_CURVE('',#9950,#9870,#10067,.T.);
#10067 = LINE('',#10068,#10069);
#10068 = CARTESIAN_POINT('',(-2.35,-0.45,1.2));
#10069 = VECTOR('',#10070,1.);
#10070 = DIRECTION('',(-1.754104210324E-15,-0.554700196225,
    -0.832050294338));
#10071 = ORIENTED_EDGE('',*,*,#9893,.F.);
#10072 = ORIENTED_EDGE('',*,*,#10073,.T.);
#10073 = EDGE_CURVE('',#9886,#10074,#10076,.T.);
#10074 = VERTEX_POINT('',#10075);
#10075 = CARTESIAN_POINT('',(-2.35,-0.605,0.5));
#10076 = LINE('',#10077,#10078);
#10077 = CARTESIAN_POINT('',(-2.35,-0.75,0.5));
#10078 = VECTOR('',#10079,1.);
#10079 = DIRECTION('',(2.891205793295E-15,1.,1.801523909306E-32));
#10080 = ORIENTED_EDGE('',*,*,#10081,.T.);
#10081 = EDGE_CURVE('',#10074,#10082,#10084,.T.);
#10082 = VERTEX_POINT('',#10083);
#10083 = CARTESIAN_POINT('',(-2.35,-0.15,0.207304124416));
#10084 = CIRCLE('',#10085,0.5);
#10085 = AXIS2_PLACEMENT_3D('',#10086,#10087,#10088);
#10086 = CARTESIAN_POINT('',(-2.35,-0.605,4.246458508902E-16));
#10087 = DIRECTION('',(-1.,2.891205793295E-15,1.807003620809E-16));
#10088 = DIRECTION('',(2.891205793295E-15,1.,-5.224419336988E-32));
#10089 = ORIENTED_EDGE('',*,*,#10090,.F.);
#10090 = EDGE_CURVE('',#9958,#10082,#10091,.T.);
#10091 = LINE('',#10092,#10093);
#10092 = CARTESIAN_POINT('',(-2.35,-0.15,-1.2));
#10093 = VECTOR('',#10094,1.);
#10094 = DIRECTION('',(-1.807003620809E-16,-0.,-1.));
#10095 = PLANE('',#10096);
#10096 = AXIS2_PLACEMENT_3D('',#10097,#10098,#10099);
#10097 = CARTESIAN_POINT('',(-2.35,7.228014483237E-15,4.246458508902E-16
    ));
#10098 = DIRECTION('',(1.,-2.891205793295E-15,-1.807003620809E-16));
#10099 = DIRECTION('',(2.891205793295E-15,1.,0.));
#10100 = ADVANCED_FACE('',(#10101),#10134,.T.);
#10101 = FACE_BOUND('',#10102,.T.);
#10102 = EDGE_LOOP('',(#10103,#10104,#10110,#10111,#10119,#10128));
#10103 = ORIENTED_EDGE('',*,*,#9917,.F.);
#10104 = ORIENTED_EDGE('',*,*,#10105,.T.);
#10105 = EDGE_CURVE('',#9910,#9830,#10106,.T.);
#10106 = LINE('',#10107,#10108);
#10107 = CARTESIAN_POINT('',(-2.35,-0.75,-0.75));
#10108 = VECTOR('',#10109,1.);
#10109 = DIRECTION('',(1.453400631412E-15,0.554700196225,-0.832050294338
    ));
#10110 = ORIENTED_EDGE('',*,*,#9853,.F.);
#10111 = ORIENTED_EDGE('',*,*,#10112,.F.);
#10112 = EDGE_CURVE('',#10113,#9846,#10115,.T.);
#10113 = VERTEX_POINT('',#10114);
#10114 = CARTESIAN_POINT('',(-2.35,-0.15,-0.207304124416));
#10115 = LINE('',#10116,#10117);
#10116 = CARTESIAN_POINT('',(-2.35,-0.15,-1.2));
#10117 = VECTOR('',#10118,1.);
#10118 = DIRECTION('',(-1.807003620809E-16,-0.,-1.));
#10119 = ORIENTED_EDGE('',*,*,#10120,.T.);
#10120 = EDGE_CURVE('',#10113,#10121,#10123,.T.);
#10121 = VERTEX_POINT('',#10122);
#10122 = CARTESIAN_POINT('',(-2.35,-0.605,-0.5));
#10123 = CIRCLE('',#10124,0.5);
#10124 = AXIS2_PLACEMENT_3D('',#10125,#10126,#10127);
#10125 = CARTESIAN_POINT('',(-2.35,-0.605,4.246458508902E-16));
#10126 = DIRECTION('',(-1.,2.891205793295E-15,1.807003620809E-16));
#10127 = DIRECTION('',(2.891205793295E-15,1.,-5.224419336988E-32));
#10128 = ORIENTED_EDGE('',*,*,#10129,.T.);
#10129 = EDGE_CURVE('',#10121,#9918,#10130,.T.);
#10130 = LINE('',#10131,#10132);
#10131 = CARTESIAN_POINT('',(-2.35,-0.605,-0.5));
#10132 = VECTOR('',#10133,1.);
#10133 = DIRECTION('',(-2.891205793295E-15,-1.,-1.801523909306E-32));
#10134 = PLANE('',#10135);
#10135 = AXIS2_PLACEMENT_3D('',#10136,#10137,#10138);
#10136 = CARTESIAN_POINT('',(-2.35,7.228014483237E-15,4.246458508902E-16
    ));
#10137 = DIRECTION('',(1.,-2.891205793295E-15,-1.807003620809E-16));
#10138 = DIRECTION('',(2.891205793295E-15,1.,0.));
#10139 = ADVANCED_FACE('',(#10140),#10174,.F.);
#10140 = FACE_BOUND('',#10141,.T.);
#10141 = EDGE_LOOP('',(#10142,#10152,#10160,#10168));
#10142 = ORIENTED_EDGE('',*,*,#10143,.F.);
#10143 = EDGE_CURVE('',#10144,#10146,#10148,.T.);
#10144 = VERTEX_POINT('',#10145);
#10145 = CARTESIAN_POINT('',(2.5,-0.45,1.2));
#10146 = VERTEX_POINT('',#10147);
#10147 = CARTESIAN_POINT('',(2.35,-0.45,1.2));
#10148 = LINE('',#10149,#10150);
#10149 = CARTESIAN_POINT('',(2.35,-0.45,1.2));
#10150 = VECTOR('',#10151,1.);
#10151 = DIRECTION('',(-1.,-2.893733071086E-15,1.769094453939E-16));
#10152 = ORIENTED_EDGE('',*,*,#10153,.F.);
#10153 = EDGE_CURVE('',#10154,#10144,#10156,.T.);
#10154 = VERTEX_POINT('',#10155);
#10155 = CARTESIAN_POINT('',(2.5,-0.15,1.2));
#10156 = LINE('',#10157,#10158);
#10157 = CARTESIAN_POINT('',(2.5,7.751736684063E-15,1.2));
#10158 = VECTOR('',#10159,1.);
#10159 = DIRECTION('',(2.891205793295E-15,-1.,0.));
#10160 = ORIENTED_EDGE('',*,*,#10161,.T.);
#10161 = EDGE_CURVE('',#10154,#10162,#10164,.T.);
#10162 = VERTEX_POINT('',#10163);
#10163 = CARTESIAN_POINT('',(2.35,-0.15,1.2));
#10164 = LINE('',#10165,#10166);
#10165 = CARTESIAN_POINT('',(2.5,-0.15,1.2));
#10166 = VECTOR('',#10167,1.);
#10167 = DIRECTION('',(-1.,-3.491481338843E-15,1.807003620809E-16));
#10168 = ORIENTED_EDGE('',*,*,#10169,.T.);
#10169 = EDGE_CURVE('',#10162,#10146,#10170,.T.);
#10170 = LINE('',#10171,#10172);
#10171 = CARTESIAN_POINT('',(2.35,-0.75,1.2));
#10172 = VECTOR('',#10173,1.);
#10173 = DIRECTION('',(2.891205793295E-15,-1.,-0.));
#10174 = PLANE('',#10175);
#10175 = AXIS2_PLACEMENT_3D('',#10176,#10177,#10178);
#10176 = CARTESIAN_POINT('',(2.5,-0.75,1.2));
#10177 = DIRECTION('',(-1.807003620809E-16,-5.224419336988E-31,-1.));
#10178 = DIRECTION('',(-1.,0.,1.807003620809E-16));
#10179 = ADVANCED_FACE('',(#10180),#10214,.F.);
#10180 = FACE_BOUND('',#10181,.T.);
#10181 = EDGE_LOOP('',(#10182,#10192,#10200,#10208));
#10182 = ORIENTED_EDGE('',*,*,#10183,.F.);
#10183 = EDGE_CURVE('',#10184,#10186,#10188,.T.);
#10184 = VERTEX_POINT('',#10185);
#10185 = CARTESIAN_POINT('',(2.5,-0.75,-0.75));
#10186 = VERTEX_POINT('',#10187);
#10187 = CARTESIAN_POINT('',(2.35,-0.75,-0.75));
#10188 = LINE('',#10189,#10190);
#10189 = CARTESIAN_POINT('',(2.35,-0.75,-0.75));
#10190 = VECTOR('',#10191,1.);
#10191 = DIRECTION('',(-1.,-2.726932736857E-15,-6.570922257488E-17));
#10192 = ORIENTED_EDGE('',*,*,#10193,.F.);
#10193 = EDGE_CURVE('',#10194,#10184,#10196,.T.);
#10194 = VERTEX_POINT('',#10195);
#10195 = CARTESIAN_POINT('',(2.5,-0.75,-0.5));
#10196 = LINE('',#10197,#10198);
#10197 = CARTESIAN_POINT('',(2.5,-0.75,-4.517509052023E-16));
#10198 = VECTOR('',#10199,1.);
#10199 = DIRECTION('',(-1.807003620809E-16,0.,-1.));
#10200 = ORIENTED_EDGE('',*,*,#10201,.T.);
#10201 = EDGE_CURVE('',#10194,#10202,#10204,.T.);
#10202 = VERTEX_POINT('',#10203);
#10203 = CARTESIAN_POINT('',(2.35,-0.75,-0.5));
#10204 = LINE('',#10205,#10206);
#10205 = CARTESIAN_POINT('',(2.35,-0.75,-0.5));
#10206 = VECTOR('',#10207,1.);
#10207 = DIRECTION('',(-1.,-2.90135207031E-15,1.637899003889E-16));
#10208 = ORIENTED_EDGE('',*,*,#10209,.T.);
#10209 = EDGE_CURVE('',#10202,#10186,#10210,.T.);
#10210 = LINE('',#10211,#10212);
#10211 = CARTESIAN_POINT('',(2.35,-0.75,-1.2));
#10212 = VECTOR('',#10213,1.);
#10213 = DIRECTION('',(-1.807003620809E-16,-0.,-1.));
#10214 = PLANE('',#10215);
#10215 = AXIS2_PLACEMENT_3D('',#10216,#10217,#10218);
#10216 = CARTESIAN_POINT('',(2.5,-0.75,-1.2));
#10217 = DIRECTION('',(-3.491481338843E-15,1.,6.309119421277E-31));
#10218 = DIRECTION('',(-1.,-3.491481338843E-15,7.553294792441E-62));
#10219 = ADVANCED_FACE('',(#10220),#10254,.F.);
#10220 = FACE_BOUND('',#10221,.T.);
#10221 = EDGE_LOOP('',(#10222,#10232,#10240,#10248));
#10222 = ORIENTED_EDGE('',*,*,#10223,.T.);
#10223 = EDGE_CURVE('',#10224,#10226,#10228,.T.);
#10224 = VERTEX_POINT('',#10225);
#10225 = CARTESIAN_POINT('',(2.5,-0.75,0.75));
#10226 = VERTEX_POINT('',#10227);
#10227 = CARTESIAN_POINT('',(2.35,-0.75,0.75));
#10228 = LINE('',#10229,#10230);
#10229 = CARTESIAN_POINT('',(2.35,-0.75,0.75));
#10230 = VECTOR('',#10231,1.);
#10231 = DIRECTION('',(-1.,-2.893733071086E-15,1.769094453939E-16));
#10232 = ORIENTED_EDGE('',*,*,#10233,.T.);
#10233 = EDGE_CURVE('',#10226,#10234,#10236,.T.);
#10234 = VERTEX_POINT('',#10235);
#10235 = CARTESIAN_POINT('',(2.35,-0.75,0.5));
#10236 = LINE('',#10237,#10238);
#10237 = CARTESIAN_POINT('',(2.35,-0.75,-1.2));
#10238 = VECTOR('',#10239,1.);
#10239 = DIRECTION('',(-1.807003620809E-16,-0.,-1.));
#10240 = ORIENTED_EDGE('',*,*,#10241,.F.);
#10241 = EDGE_CURVE('',#10242,#10234,#10244,.T.);
#10242 = VERTEX_POINT('',#10243);
#10243 = CARTESIAN_POINT('',(2.5,-0.75,0.5));
#10244 = LINE('',#10245,#10246);
#10245 = CARTESIAN_POINT('',(2.35,-0.75,0.5));
#10246 = VECTOR('',#10247,1.);
#10247 = DIRECTION('',(-1.,-2.90135207031E-15,1.637899003889E-16));
#10248 = ORIENTED_EDGE('',*,*,#10249,.F.);
#10249 = EDGE_CURVE('',#10224,#10242,#10250,.T.);
#10250 = LINE('',#10251,#10252);
#10251 = CARTESIAN_POINT('',(2.5,-0.75,-4.517509052023E-16));
#10252 = VECTOR('',#10253,1.);
#10253 = DIRECTION('',(-1.807003620809E-16,0.,-1.));
#10254 = PLANE('',#10255);
#10255 = AXIS2_PLACEMENT_3D('',#10256,#10257,#10258);
#10256 = CARTESIAN_POINT('',(2.5,-0.75,-1.2));
#10257 = DIRECTION('',(-3.491481338843E-15,1.,6.309119421277E-31));
#10258 = DIRECTION('',(-1.,-3.491481338843E-15,7.553294792441E-62));
#10259 = ADVANCED_FACE('',(#10260),#10294,.F.);
#10260 = FACE_BOUND('',#10261,.T.);
#10261 = EDGE_LOOP('',(#10262,#10272,#10280,#10288));
#10262 = ORIENTED_EDGE('',*,*,#10263,.T.);
#10263 = EDGE_CURVE('',#10264,#10266,#10268,.T.);
#10264 = VERTEX_POINT('',#10265);
#10265 = CARTESIAN_POINT('',(2.5,-0.45,-1.2));
#10266 = VERTEX_POINT('',#10267);
#10267 = CARTESIAN_POINT('',(2.35,-0.45,-1.2));
#10268 = LINE('',#10269,#10270);
#10269 = CARTESIAN_POINT('',(2.35,-0.45,-1.2));
#10270 = VECTOR('',#10271,1.);
#10271 = DIRECTION('',(-1.,-2.726932736857E-15,-6.570922257488E-17));
#10272 = ORIENTED_EDGE('',*,*,#10273,.T.);
#10273 = EDGE_CURVE('',#10266,#10274,#10276,.T.);
#10274 = VERTEX_POINT('',#10275);
#10275 = CARTESIAN_POINT('',(2.35,-0.15,-1.2));
#10276 = LINE('',#10277,#10278);
#10277 = CARTESIAN_POINT('',(2.35,-0.15,-1.2));
#10278 = VECTOR('',#10279,1.);
#10279 = DIRECTION('',(-2.891205793295E-15,1.,-0.));
#10280 = ORIENTED_EDGE('',*,*,#10281,.F.);
#10281 = EDGE_CURVE('',#10282,#10274,#10284,.T.);
#10282 = VERTEX_POINT('',#10283);
#10283 = CARTESIAN_POINT('',(2.5,-0.15,-1.2));
#10284 = LINE('',#10285,#10286);
#10285 = CARTESIAN_POINT('',(2.5,-0.15,-1.2));
#10286 = VECTOR('',#10287,1.);
#10287 = DIRECTION('',(-1.,-3.491481338843E-15,1.807003620809E-16));
#10288 = ORIENTED_EDGE('',*,*,#10289,.F.);
#10289 = EDGE_CURVE('',#10264,#10282,#10290,.T.);
#10290 = LINE('',#10291,#10292);
#10291 = CARTESIAN_POINT('',(2.5,7.751736684063E-15,-1.2));
#10292 = VECTOR('',#10293,1.);
#10293 = DIRECTION('',(-2.891205793295E-15,1.,0.));
#10294 = PLANE('',#10295);
#10295 = AXIS2_PLACEMENT_3D('',#10296,#10297,#10298);
#10296 = CARTESIAN_POINT('',(2.5,-0.15,-1.2));
#10297 = DIRECTION('',(1.807003620809E-16,5.224419336988E-31,1.));
#10298 = DIRECTION('',(1.,0.,-1.807003620809E-16));
#10299 = ADVANCED_FACE('',(#10300),#10333,.F.);
#10300 = FACE_BOUND('',#10301,.T.);
#10301 = EDGE_LOOP('',(#10302,#10308,#10309,#10317,#10326,#10332));
#10302 = ORIENTED_EDGE('',*,*,#10303,.F.);
#10303 = EDGE_CURVE('',#10264,#10184,#10304,.T.);
#10304 = LINE('',#10305,#10306);
#10305 = CARTESIAN_POINT('',(2.5,-0.45,-1.2));
#10306 = VECTOR('',#10307,1.);
#10307 = DIRECTION('',(1.754104210324E-15,-0.554700196225,0.832050294338
    ));
#10308 = ORIENTED_EDGE('',*,*,#10289,.T.);
#10309 = ORIENTED_EDGE('',*,*,#10310,.T.);
#10310 = EDGE_CURVE('',#10282,#10311,#10313,.T.);
#10311 = VERTEX_POINT('',#10312);
#10312 = CARTESIAN_POINT('',(2.5,-0.15,-0.207304124416));
#10313 = LINE('',#10314,#10315);
#10314 = CARTESIAN_POINT('',(2.5,-0.15,-4.517509052023E-16));
#10315 = VECTOR('',#10316,1.);
#10316 = DIRECTION('',(1.807003620809E-16,0.,1.));
#10317 = ORIENTED_EDGE('',*,*,#10318,.F.);
#10318 = EDGE_CURVE('',#10319,#10311,#10321,.T.);
#10319 = VERTEX_POINT('',#10320);
#10320 = CARTESIAN_POINT('',(2.5,-0.605,-0.5));
#10321 = CIRCLE('',#10322,0.5);
#10322 = AXIS2_PLACEMENT_3D('',#10323,#10324,#10325);
#10323 = CARTESIAN_POINT('',(2.5,-0.605,-4.492143359485E-16));
#10324 = DIRECTION('',(1.,2.891205793295E-15,-1.807003620809E-16));
#10325 = DIRECTION('',(-2.891205793295E-15,1.,5.224419336988E-32));
#10326 = ORIENTED_EDGE('',*,*,#10327,.F.);
#10327 = EDGE_CURVE('',#10194,#10319,#10328,.T.);
#10328 = LINE('',#10329,#10330);
#10329 = CARTESIAN_POINT('',(2.5,-0.45,-0.5));
#10330 = VECTOR('',#10331,1.);
#10331 = DIRECTION('',(-2.90135207031E-15,1.,0.));
#10332 = ORIENTED_EDGE('',*,*,#10193,.T.);
#10333 = PLANE('',#10334);
#10334 = AXIS2_PLACEMENT_3D('',#10335,#10336,#10337);
#10335 = CARTESIAN_POINT('',(2.5,7.751736684063E-15,-4.517509052023E-16)
  );
#10336 = DIRECTION('',(-1.,-2.891205793295E-15,1.807003620809E-16));
#10337 = DIRECTION('',(2.891205793295E-15,-1.,0.));
#10338 = ADVANCED_FACE('',(#10339),#10372,.F.);
#10339 = FACE_BOUND('',#10340,.T.);
#10340 = EDGE_LOOP('',(#10341,#10347,#10348,#10356,#10365,#10371));
#10341 = ORIENTED_EDGE('',*,*,#10342,.F.);
#10342 = EDGE_CURVE('',#10224,#10144,#10343,.T.);
#10343 = LINE('',#10344,#10345);
#10344 = CARTESIAN_POINT('',(2.5,-0.45,1.2));
#10345 = VECTOR('',#10346,1.);
#10346 = DIRECTION('',(-1.453400631412E-15,0.554700196225,0.832050294338
    ));
#10347 = ORIENTED_EDGE('',*,*,#10249,.T.);
#10348 = ORIENTED_EDGE('',*,*,#10349,.F.);
#10349 = EDGE_CURVE('',#10350,#10242,#10352,.T.);
#10350 = VERTEX_POINT('',#10351);
#10351 = CARTESIAN_POINT('',(2.5,-0.605,0.5));
#10352 = LINE('',#10353,#10354);
#10353 = CARTESIAN_POINT('',(2.5,-0.45,0.5));
#10354 = VECTOR('',#10355,1.);
#10355 = DIRECTION('',(2.90135207031E-15,-1.,-0.));
#10356 = ORIENTED_EDGE('',*,*,#10357,.F.);
#10357 = EDGE_CURVE('',#10358,#10350,#10360,.T.);
#10358 = VERTEX_POINT('',#10359);
#10359 = CARTESIAN_POINT('',(2.5,-0.15,0.207304124416));
#10360 = CIRCLE('',#10361,0.5);
#10361 = AXIS2_PLACEMENT_3D('',#10362,#10363,#10364);
#10362 = CARTESIAN_POINT('',(2.5,-0.605,-4.492143359485E-16));
#10363 = DIRECTION('',(1.,2.891205793295E-15,-1.807003620809E-16));
#10364 = DIRECTION('',(-2.891205793295E-15,1.,5.224419336988E-32));
#10365 = ORIENTED_EDGE('',*,*,#10366,.T.);
#10366 = EDGE_CURVE('',#10358,#10154,#10367,.T.);
#10367 = LINE('',#10368,#10369);
#10368 = CARTESIAN_POINT('',(2.5,-0.15,-4.517509052023E-16));
#10369 = VECTOR('',#10370,1.);
#10370 = DIRECTION('',(1.807003620809E-16,0.,1.));
#10371 = ORIENTED_EDGE('',*,*,#10153,.T.);
#10372 = PLANE('',#10373);
#10373 = AXIS2_PLACEMENT_3D('',#10374,#10375,#10376);
#10374 = CARTESIAN_POINT('',(2.5,7.751736684063E-15,-4.517509052023E-16)
  );
#10375 = DIRECTION('',(-1.,-2.891205793295E-15,1.807003620809E-16));
#10376 = DIRECTION('',(2.891205793295E-15,-1.,0.));
#10377 = ADVANCED_FACE('',(#10378),#10411,.T.);
#10378 = FACE_BOUND('',#10379,.T.);
#10379 = EDGE_LOOP('',(#10380,#10381,#10387,#10388,#10396,#10405));
#10380 = ORIENTED_EDGE('',*,*,#10273,.F.);
#10381 = ORIENTED_EDGE('',*,*,#10382,.T.);
#10382 = EDGE_CURVE('',#10266,#10186,#10383,.T.);
#10383 = LINE('',#10384,#10385);
#10384 = CARTESIAN_POINT('',(2.35,-0.45,-1.2));
#10385 = VECTOR('',#10386,1.);
#10386 = DIRECTION('',(1.754104210324E-15,-0.554700196225,0.832050294338
    ));
#10387 = ORIENTED_EDGE('',*,*,#10209,.F.);
#10388 = ORIENTED_EDGE('',*,*,#10389,.T.);
#10389 = EDGE_CURVE('',#10202,#10390,#10392,.T.);
#10390 = VERTEX_POINT('',#10391);
#10391 = CARTESIAN_POINT('',(2.35,-0.605,-0.5));
#10392 = LINE('',#10393,#10394);
#10393 = CARTESIAN_POINT('',(2.35,-0.75,-0.5));
#10394 = VECTOR('',#10395,1.);
#10395 = DIRECTION('',(-2.891205793295E-15,1.,-1.801523909306E-32));
#10396 = ORIENTED_EDGE('',*,*,#10397,.T.);
#10397 = EDGE_CURVE('',#10390,#10398,#10400,.T.);
#10398 = VERTEX_POINT('',#10399);
#10399 = CARTESIAN_POINT('',(2.35,-0.15,-0.207304124416));
#10400 = CIRCLE('',#10401,0.5);
#10401 = AXIS2_PLACEMENT_3D('',#10402,#10403,#10404);
#10402 = CARTESIAN_POINT('',(2.35,-0.605,-4.246458508902E-16));
#10403 = DIRECTION('',(1.,2.891205793295E-15,-1.807003620809E-16));
#10404 = DIRECTION('',(2.891205793295E-15,-1.,-5.224419336988E-32));
#10405 = ORIENTED_EDGE('',*,*,#10406,.F.);
#10406 = EDGE_CURVE('',#10274,#10398,#10407,.T.);
#10407 = LINE('',#10408,#10409);
#10408 = CARTESIAN_POINT('',(2.35,-0.15,1.2));
#10409 = VECTOR('',#10410,1.);
#10410 = DIRECTION('',(1.807003620809E-16,-0.,1.));
#10411 = PLANE('',#10412);
#10412 = AXIS2_PLACEMENT_3D('',#10413,#10414,#10415);
#10413 = CARTESIAN_POINT('',(2.35,7.228014483237E-15,-4.246458508902E-16
    ));
#10414 = DIRECTION('',(-1.,-2.891205793295E-15,1.807003620809E-16));
#10415 = DIRECTION('',(2.891205793295E-15,-1.,0.));
#10416 = ADVANCED_FACE('',(#10417),#10450,.T.);
#10417 = FACE_BOUND('',#10418,.T.);
#10418 = EDGE_LOOP('',(#10419,#10420,#10426,#10427,#10435,#10444));
#10419 = ORIENTED_EDGE('',*,*,#10233,.F.);
#10420 = ORIENTED_EDGE('',*,*,#10421,.T.);
#10421 = EDGE_CURVE('',#10226,#10146,#10422,.T.);
#10422 = LINE('',#10423,#10424);
#10423 = CARTESIAN_POINT('',(2.35,-0.45,1.2));
#10424 = VECTOR('',#10425,1.);
#10425 = DIRECTION('',(-1.453400631412E-15,0.554700196225,0.832050294338
    ));
#10426 = ORIENTED_EDGE('',*,*,#10169,.F.);
#10427 = ORIENTED_EDGE('',*,*,#10428,.F.);
#10428 = EDGE_CURVE('',#10429,#10162,#10431,.T.);
#10429 = VERTEX_POINT('',#10430);
#10430 = CARTESIAN_POINT('',(2.35,-0.15,0.207304124416));
#10431 = LINE('',#10432,#10433);
#10432 = CARTESIAN_POINT('',(2.35,-0.15,1.2));
#10433 = VECTOR('',#10434,1.);
#10434 = DIRECTION('',(1.807003620809E-16,-0.,1.));
#10435 = ORIENTED_EDGE('',*,*,#10436,.T.);
#10436 = EDGE_CURVE('',#10429,#10437,#10439,.T.);
#10437 = VERTEX_POINT('',#10438);
#10438 = CARTESIAN_POINT('',(2.35,-0.605,0.5));
#10439 = CIRCLE('',#10440,0.5);
#10440 = AXIS2_PLACEMENT_3D('',#10441,#10442,#10443);
#10441 = CARTESIAN_POINT('',(2.35,-0.605,-4.246458508902E-16));
#10442 = DIRECTION('',(1.,2.891205793295E-15,-1.807003620809E-16));
#10443 = DIRECTION('',(2.891205793295E-15,-1.,-5.224419336988E-32));
#10444 = ORIENTED_EDGE('',*,*,#10445,.T.);
#10445 = EDGE_CURVE('',#10437,#10234,#10446,.T.);
#10446 = LINE('',#10447,#10448);
#10447 = CARTESIAN_POINT('',(2.35,-0.75,0.5));
#10448 = VECTOR('',#10449,1.);
#10449 = DIRECTION('',(2.891205793295E-15,-1.,1.801523909306E-32));
#10450 = PLANE('',#10451);
#10451 = AXIS2_PLACEMENT_3D('',#10452,#10453,#10454);
#10452 = CARTESIAN_POINT('',(2.35,7.228014483237E-15,-4.246458508902E-16
    ));
#10453 = DIRECTION('',(-1.,-2.891205793295E-15,1.807003620809E-16));
#10454 = DIRECTION('',(2.891205793295E-15,-1.,0.));
#10455 = ADVANCED_FACE('',(#10456),#10534,.T.);
#10456 = FACE_BOUND('',#10457,.T.);
#10457 = EDGE_LOOP('',(#10458,#10466,#10467,#10475,#10481,#10482,#10490,
    #10498,#10504,#10505,#10513,#10519,#10520,#10528));
#10458 = ORIENTED_EDGE('',*,*,#10459,.F.);
#10459 = EDGE_CURVE('',#9958,#10460,#10462,.T.);
#10460 = VERTEX_POINT('',#10461);
#10461 = CARTESIAN_POINT('',(-1.2,-0.15,2.35));
#10462 = LINE('',#10463,#10464);
#10463 = CARTESIAN_POINT('',(-1.2,-0.15,2.35));
#10464 = VECTOR('',#10465,1.);
#10465 = DIRECTION('',(0.707106781187,-0.,0.707106781187));
#10466 = ORIENTED_EDGE('',*,*,#10090,.T.);
#10467 = ORIENTED_EDGE('',*,*,#10468,.T.);
#10468 = EDGE_CURVE('',#10082,#10469,#10471,.T.);
#10469 = VERTEX_POINT('',#10470);
#10470 = CARTESIAN_POINT('',(-2.35,-0.15,0.180928508848));
#10471 = LINE('',#10472,#10473);
#10472 = CARTESIAN_POINT('',(-2.35,-0.15,0.180928508848));
#10473 = VECTOR('',#10474,1.);
#10474 = DIRECTION('',(-0.,-0.,-1.));
#10475 = ORIENTED_EDGE('',*,*,#10476,.T.);
#10476 = EDGE_CURVE('',#10469,#10113,#10477,.T.);
#10477 = LINE('',#10478,#10479);
#10478 = CARTESIAN_POINT('',(-2.35,-0.15,-0.207304124416));
#10479 = VECTOR('',#10480,1.);
#10480 = DIRECTION('',(-0.,-0.,-1.));
#10481 = ORIENTED_EDGE('',*,*,#10112,.T.);
#10482 = ORIENTED_EDGE('',*,*,#10483,.F.);
#10483 = EDGE_CURVE('',#10484,#9846,#10486,.T.);
#10484 = VERTEX_POINT('',#10485);
#10485 = CARTESIAN_POINT('',(-1.2,-0.15,-2.35));
#10486 = LINE('',#10487,#10488);
#10487 = CARTESIAN_POINT('',(-1.2,-0.15,-2.35));
#10488 = VECTOR('',#10489,1.);
#10489 = DIRECTION('',(-0.707106781187,0.,0.707106781187));
#10490 = ORIENTED_EDGE('',*,*,#10491,.T.);
#10491 = EDGE_CURVE('',#10484,#10492,#10494,.T.);
#10492 = VERTEX_POINT('',#10493);
#10493 = CARTESIAN_POINT('',(1.2,-0.15,-2.35));
#10494 = LINE('',#10495,#10496);
#10495 = CARTESIAN_POINT('',(1.2,-0.15,-2.35));
#10496 = VECTOR('',#10497,1.);
#10497 = DIRECTION('',(1.,-0.,-0.));
#10498 = ORIENTED_EDGE('',*,*,#10499,.F.);
#10499 = EDGE_CURVE('',#10274,#10492,#10500,.T.);
#10500 = LINE('',#10501,#10502);
#10501 = CARTESIAN_POINT('',(1.2,-0.15,-2.35));
#10502 = VECTOR('',#10503,1.);
#10503 = DIRECTION('',(-0.707106781187,-0.,-0.707106781187));
#10504 = ORIENTED_EDGE('',*,*,#10406,.T.);
#10505 = ORIENTED_EDGE('',*,*,#10506,.T.);
#10506 = EDGE_CURVE('',#10398,#10507,#10509,.T.);
#10507 = VERTEX_POINT('',#10508);
#10508 = CARTESIAN_POINT('',(2.35,-0.15,-0.180928508848));
#10509 = LINE('',#10510,#10511);
#10510 = CARTESIAN_POINT('',(2.35,-0.15,-0.180928508848));
#10511 = VECTOR('',#10512,1.);
#10512 = DIRECTION('',(-0.,-0.,1.));
#10513 = ORIENTED_EDGE('',*,*,#10514,.T.);
#10514 = EDGE_CURVE('',#10507,#10429,#10515,.T.);
#10515 = LINE('',#10516,#10517);
#10516 = CARTESIAN_POINT('',(2.35,-0.15,0.207304124416));
#10517 = VECTOR('',#10518,1.);
#10518 = DIRECTION('',(-0.,-0.,1.));
#10519 = ORIENTED_EDGE('',*,*,#10428,.T.);
#10520 = ORIENTED_EDGE('',*,*,#10521,.F.);
#10521 = EDGE_CURVE('',#10522,#10162,#10524,.T.);
#10522 = VERTEX_POINT('',#10523);
#10523 = CARTESIAN_POINT('',(1.2,-0.15,2.35));
#10524 = LINE('',#10525,#10526);
#10525 = CARTESIAN_POINT('',(1.2,-0.15,2.35));
#10526 = VECTOR('',#10527,1.);
#10527 = DIRECTION('',(0.707106781187,0.,-0.707106781187));
#10528 = ORIENTED_EDGE('',*,*,#10529,.T.);
#10529 = EDGE_CURVE('',#10522,#10460,#10530,.T.);
#10530 = LINE('',#10531,#10532);
#10531 = CARTESIAN_POINT('',(-1.2,-0.15,2.35));
#10532 = VECTOR('',#10533,1.);
#10533 = DIRECTION('',(-1.,-0.,-0.));
#10534 = PLANE('',#10535);
#10535 = AXIS2_PLACEMENT_3D('',#10536,#10537,#10538);
#10536 = CARTESIAN_POINT('',(0.,-0.15,0.));
#10537 = DIRECTION('',(0.,-1.,0.));
#10538 = DIRECTION('',(0.,-0.,-1.));
#10539 = ADVANCED_FACE('',(#10540,#10550),#10616,.F.);
#10540 = FACE_BOUND('',#10541,.T.);
#10541 = EDGE_LOOP('',(#10542,#10549));
#10542 = ORIENTED_EDGE('',*,*,#10543,.T.);
#10543 = EDGE_CURVE('',#9712,#9732,#10544,.T.);
#10544 = CIRCLE('',#10545,1.638707026081);
#10545 = AXIS2_PLACEMENT_3D('',#10546,#10547,#10548);
#10546 = CARTESIAN_POINT('',(0.,0.,0.));
#10547 = DIRECTION('',(-0.,-1.,0.));
#10548 = DIRECTION('',(-0.,0.,-1.));
#10549 = ORIENTED_EDGE('',*,*,#9740,.T.);
#10550 = FACE_BOUND('',#10551,.T.);
#10551 = EDGE_LOOP('',(#10552,#10562,#10570,#10578,#10586,#10594,#10602,
    #10610));
#10552 = ORIENTED_EDGE('',*,*,#10553,.F.);
#10553 = EDGE_CURVE('',#10554,#10556,#10558,.T.);
#10554 = VERTEX_POINT('',#10555);
#10555 = CARTESIAN_POINT('',(-2.35,0.,1.2));
#10556 = VERTEX_POINT('',#10557);
#10557 = CARTESIAN_POINT('',(-2.35,0.,-1.2));
#10558 = LINE('',#10559,#10560);
#10559 = CARTESIAN_POINT('',(-2.35,0.,4.122227009971E-16));
#10560 = VECTOR('',#10561,1.);
#10561 = DIRECTION('',(-3.501069515318E-16,-1.91994134711E-16,-1.));
#10562 = ORIENTED_EDGE('',*,*,#10563,.T.);
#10563 = EDGE_CURVE('',#10554,#10564,#10566,.T.);
#10564 = VERTEX_POINT('',#10565);
#10565 = CARTESIAN_POINT('',(-1.2,0.,2.35));
#10566 = LINE('',#10567,#10568);
#10567 = CARTESIAN_POINT('',(-1.2,0.,2.35));
#10568 = VECTOR('',#10569,1.);
#10569 = DIRECTION('',(0.707106781187,-0.,0.707106781187));
#10570 = ORIENTED_EDGE('',*,*,#10571,.F.);
#10571 = EDGE_CURVE('',#10572,#10564,#10574,.T.);
#10572 = VERTEX_POINT('',#10573);
#10573 = CARTESIAN_POINT('',(1.2,0.,2.35));
#10574 = LINE('',#10575,#10576);
#10575 = CARTESIAN_POINT('',(3.388131789017E-18,0.,2.35));
#10576 = VECTOR('',#10577,1.);
#10577 = DIRECTION('',(-1.,1.129377263006E-17,1.129377263006E-17));
#10578 = ORIENTED_EDGE('',*,*,#10579,.T.);
#10579 = EDGE_CURVE('',#10572,#10580,#10582,.T.);
#10580 = VERTEX_POINT('',#10581);
#10581 = CARTESIAN_POINT('',(2.35,0.,1.2));
#10582 = LINE('',#10583,#10584);
#10583 = CARTESIAN_POINT('',(1.2,0.,2.35));
#10584 = VECTOR('',#10585,1.);
#10585 = DIRECTION('',(0.707106781187,0.,-0.707106781187));
#10586 = ORIENTED_EDGE('',*,*,#10587,.F.);
#10587 = EDGE_CURVE('',#10588,#10580,#10590,.T.);
#10588 = VERTEX_POINT('',#10589);
#10589 = CARTESIAN_POINT('',(2.35,0.,-1.2));
#10590 = LINE('',#10591,#10592);
#10591 = CARTESIAN_POINT('',(2.35,0.,-4.483627734133E-16));
#10592 = VECTOR('',#10593,1.);
#10593 = DIRECTION('',(-1.129377263006E-17,1.694065894509E-16,1.));
#10594 = ORIENTED_EDGE('',*,*,#10595,.T.);
#10595 = EDGE_CURVE('',#10588,#10596,#10598,.T.);
#10596 = VERTEX_POINT('',#10597);
#10597 = CARTESIAN_POINT('',(1.2,0.,-2.35));
#10598 = LINE('',#10599,#10600);
#10599 = CARTESIAN_POINT('',(1.2,0.,-2.35));
#10600 = VECTOR('',#10601,1.);
#10601 = DIRECTION('',(-0.707106781187,-0.,-0.707106781187));
#10602 = ORIENTED_EDGE('',*,*,#10603,.F.);
#10603 = EDGE_CURVE('',#10604,#10596,#10606,.T.);
#10604 = VERTEX_POINT('',#10605);
#10605 = CARTESIAN_POINT('',(-1.2,0.,-2.35));
#10606 = LINE('',#10607,#10608);
#10607 = CARTESIAN_POINT('',(-3.388131789017E-18,0.,-2.35));
#10608 = VECTOR('',#10609,1.);
#10609 = DIRECTION('',(1.,1.129377263006E-17,-1.129377263006E-17));
#10610 = ORIENTED_EDGE('',*,*,#10611,.T.);
#10611 = EDGE_CURVE('',#10604,#10556,#10612,.T.);
#10612 = LINE('',#10613,#10614);
#10613 = CARTESIAN_POINT('',(-1.2,0.,-2.35));
#10614 = VECTOR('',#10615,1.);
#10615 = DIRECTION('',(-0.707106781187,0.,0.707106781187));
#10616 = PLANE('',#10617);
#10617 = AXIS2_PLACEMENT_3D('',#10618,#10619,#10620);
#10618 = CARTESIAN_POINT('',(0.,0.,0.));
#10619 = DIRECTION('',(0.,-1.,0.));
#10620 = DIRECTION('',(0.,-0.,-1.));
#10621 = ADVANCED_FACE('',(#10622),#10638,.T.);
#10622 = FACE_BOUND('',#10623,.T.);
#10623 = EDGE_LOOP('',(#10624,#10625,#10631,#10632));
#10624 = ORIENTED_EDGE('',*,*,#10595,.F.);
#10625 = ORIENTED_EDGE('',*,*,#10626,.F.);
#10626 = EDGE_CURVE('',#10274,#10588,#10627,.T.);
#10627 = LINE('',#10628,#10629);
#10628 = CARTESIAN_POINT('',(2.35,-0.15,-1.2));
#10629 = VECTOR('',#10630,1.);
#10630 = DIRECTION('',(0.,1.,0.));
#10631 = ORIENTED_EDGE('',*,*,#10499,.T.);
#10632 = ORIENTED_EDGE('',*,*,#10633,.T.);
#10633 = EDGE_CURVE('',#10492,#10596,#10634,.T.);
#10634 = LINE('',#10635,#10636);
#10635 = CARTESIAN_POINT('',(1.2,-0.15,-2.35));
#10636 = VECTOR('',#10637,1.);
#10637 = DIRECTION('',(0.,1.,0.));
#10638 = PLANE('',#10639);
#10639 = AXIS2_PLACEMENT_3D('',#10640,#10641,#10642);
#10640 = CARTESIAN_POINT('',(1.2,-0.15,-2.35));
#10641 = DIRECTION('',(0.707106781187,0.,-0.707106781187));
#10642 = DIRECTION('',(-0.707106781187,0.,-0.707106781187));
#10643 = ADVANCED_FACE('',(#10644),#10660,.T.);
#10644 = FACE_BOUND('',#10645,.T.);
#10645 = EDGE_LOOP('',(#10646,#10647,#10653,#10654));
#10646 = ORIENTED_EDGE('',*,*,#10579,.F.);
#10647 = ORIENTED_EDGE('',*,*,#10648,.F.);
#10648 = EDGE_CURVE('',#10522,#10572,#10649,.T.);
#10649 = LINE('',#10650,#10651);
#10650 = CARTESIAN_POINT('',(1.2,-0.15,2.35));
#10651 = VECTOR('',#10652,1.);
#10652 = DIRECTION('',(0.,1.,0.));
#10653 = ORIENTED_EDGE('',*,*,#10521,.T.);
#10654 = ORIENTED_EDGE('',*,*,#10655,.T.);
#10655 = EDGE_CURVE('',#10162,#10580,#10656,.T.);
#10656 = LINE('',#10657,#10658);
#10657 = CARTESIAN_POINT('',(2.35,-0.15,1.2));
#10658 = VECTOR('',#10659,1.);
#10659 = DIRECTION('',(0.,1.,0.));
#10660 = PLANE('',#10661);
#10661 = AXIS2_PLACEMENT_3D('',#10662,#10663,#10664);
#10662 = CARTESIAN_POINT('',(1.2,-0.15,2.35));
#10663 = DIRECTION('',(0.707106781187,-0.,0.707106781187));
#10664 = DIRECTION('',(0.707106781187,0.,-0.707106781187));
#10665 = ADVANCED_FACE('',(#10666),#10682,.T.);
#10666 = FACE_BOUND('',#10667,.T.);
#10667 = EDGE_LOOP('',(#10668,#10669,#10675,#10676));
#10668 = ORIENTED_EDGE('',*,*,#10563,.F.);
#10669 = ORIENTED_EDGE('',*,*,#10670,.F.);
#10670 = EDGE_CURVE('',#9958,#10554,#10671,.T.);
#10671 = LINE('',#10672,#10673);
#10672 = CARTESIAN_POINT('',(-2.35,-0.15,1.2));
#10673 = VECTOR('',#10674,1.);
#10674 = DIRECTION('',(0.,1.,0.));
#10675 = ORIENTED_EDGE('',*,*,#10459,.T.);
#10676 = ORIENTED_EDGE('',*,*,#10677,.T.);
#10677 = EDGE_CURVE('',#10460,#10564,#10678,.T.);
#10678 = LINE('',#10679,#10680);
#10679 = CARTESIAN_POINT('',(-1.2,-0.15,2.35));
#10680 = VECTOR('',#10681,1.);
#10681 = DIRECTION('',(0.,1.,0.));
#10682 = PLANE('',#10683);
#10683 = AXIS2_PLACEMENT_3D('',#10684,#10685,#10686);
#10684 = CARTESIAN_POINT('',(-1.2,-0.15,2.35));
#10685 = DIRECTION('',(-0.707106781187,0.,0.707106781187));
#10686 = DIRECTION('',(0.707106781187,0.,0.707106781187));
#10687 = ADVANCED_FACE('',(#10688),#10704,.T.);
#10688 = FACE_BOUND('',#10689,.T.);
#10689 = EDGE_LOOP('',(#10690,#10691,#10697,#10698));
#10690 = ORIENTED_EDGE('',*,*,#10611,.F.);
#10691 = ORIENTED_EDGE('',*,*,#10692,.F.);
#10692 = EDGE_CURVE('',#10484,#10604,#10693,.T.);
#10693 = LINE('',#10694,#10695);
#10694 = CARTESIAN_POINT('',(-1.2,-0.15,-2.35));
#10695 = VECTOR('',#10696,1.);
#10696 = DIRECTION('',(0.,1.,0.));
#10697 = ORIENTED_EDGE('',*,*,#10483,.T.);
#10698 = ORIENTED_EDGE('',*,*,#10699,.T.);
#10699 = EDGE_CURVE('',#9846,#10556,#10700,.T.);
#10700 = LINE('',#10701,#10702);
#10701 = CARTESIAN_POINT('',(-2.35,-0.15,-1.2));
#10702 = VECTOR('',#10703,1.);
#10703 = DIRECTION('',(0.,1.,0.));
#10704 = PLANE('',#10705);
#10705 = AXIS2_PLACEMENT_3D('',#10706,#10707,#10708);
#10706 = CARTESIAN_POINT('',(-1.2,-0.15,-2.35));
#10707 = DIRECTION('',(-0.707106781187,0.,-0.707106781187));
#10708 = DIRECTION('',(-0.707106781187,0.,0.707106781187));
#10709 = ADVANCED_FACE('',(#10710),#10728,.T.);
#10710 = FACE_BOUND('',#10711,.T.);
#10711 = EDGE_LOOP('',(#10712,#10721,#10722));
#10712 = ORIENTED_EDGE('',*,*,#10713,.F.);
#10713 = EDGE_CURVE('',#10564,#10714,#10716,.T.);
#10714 = VERTEX_POINT('',#10715);
#10715 = CARTESIAN_POINT('',(-1.2,-0.15,2.5));
#10716 = CIRCLE('',#10717,0.15);
#10717 = AXIS2_PLACEMENT_3D('',#10718,#10719,#10720);
#10718 = CARTESIAN_POINT('',(-1.2,-0.15,2.35));
#10719 = DIRECTION('',(1.,-1.129377263006E-17,-0.));
#10720 = DIRECTION('',(1.129377263006E-17,1.,0.));
#10721 = ORIENTED_EDGE('',*,*,#10677,.F.);
#10722 = ORIENTED_EDGE('',*,*,#10723,.F.);
#10723 = EDGE_CURVE('',#10714,#10460,#10724,.T.);
#10724 = LINE('',#10725,#10726);
#10725 = CARTESIAN_POINT('',(-1.2,-0.15,2.5));
#10726 = VECTOR('',#10727,1.);
#10727 = DIRECTION('',(0.,-3.491481338843E-15,-1.));
#10728 = PLANE('',#10729);
#10729 = AXIS2_PLACEMENT_3D('',#10730,#10731,#10732);
#10730 = CARTESIAN_POINT('',(-1.2,-9.566197516457E-36,2.35));
#10731 = DIRECTION('',(-1.,1.129377263006E-17,0.));
#10732 = DIRECTION('',(-1.129377263006E-17,-1.,0.));
#10733 = ADVANCED_FACE('',(#10734),#10753,.T.);
#10734 = FACE_BOUND('',#10735,.T.);
#10735 = EDGE_LOOP('',(#10736,#10745,#10746,#10747));
#10736 = ORIENTED_EDGE('',*,*,#10737,.F.);
#10737 = EDGE_CURVE('',#10572,#10738,#10740,.T.);
#10738 = VERTEX_POINT('',#10739);
#10739 = CARTESIAN_POINT('',(1.2,-0.15,2.5));
#10740 = CIRCLE('',#10741,0.15);
#10741 = AXIS2_PLACEMENT_3D('',#10742,#10743,#10744);
#10742 = CARTESIAN_POINT('',(1.2,-0.15,2.35));
#10743 = DIRECTION('',(1.,-1.129377263006E-17,-0.));
#10744 = DIRECTION('',(1.129377263006E-17,1.,0.));
#10745 = ORIENTED_EDGE('',*,*,#10571,.T.);
#10746 = ORIENTED_EDGE('',*,*,#10713,.T.);
#10747 = ORIENTED_EDGE('',*,*,#10748,.F.);
#10748 = EDGE_CURVE('',#10738,#10714,#10749,.T.);
#10749 = LINE('',#10750,#10751);
#10750 = CARTESIAN_POINT('',(0.,-0.15,2.5));
#10751 = VECTOR('',#10752,1.);
#10752 = DIRECTION('',(-1.,0.,0.));
#10753 = CYLINDRICAL_SURFACE('',#10754,0.15);
#10754 = AXIS2_PLACEMENT_3D('',#10755,#10756,#10757);
#10755 = CARTESIAN_POINT('',(1.2,-0.15,2.35));
#10756 = DIRECTION('',(1.,-1.129377263006E-17,-0.));
#10757 = DIRECTION('',(1.129377263006E-17,1.,0.));
#10758 = ADVANCED_FACE('',(#10759),#10769,.F.);
#10759 = FACE_BOUND('',#10760,.T.);
#10760 = EDGE_LOOP('',(#10761,#10762,#10763));
#10761 = ORIENTED_EDGE('',*,*,#10648,.T.);
#10762 = ORIENTED_EDGE('',*,*,#10737,.T.);
#10763 = ORIENTED_EDGE('',*,*,#10764,.T.);
#10764 = EDGE_CURVE('',#10738,#10522,#10765,.T.);
#10765 = LINE('',#10766,#10767);
#10766 = CARTESIAN_POINT('',(1.2,-0.15,2.5));
#10767 = VECTOR('',#10768,1.);
#10768 = DIRECTION('',(0.,-3.491481338843E-15,-1.));
#10769 = PLANE('',#10770);
#10770 = AXIS2_PLACEMENT_3D('',#10771,#10772,#10773);
#10771 = CARTESIAN_POINT('',(1.2,-9.566197516457E-36,2.35));
#10772 = DIRECTION('',(-1.,1.129377263006E-17,0.));
#10773 = DIRECTION('',(-1.129377263006E-17,-1.,0.));
#10774 = ADVANCED_FACE('',(#10775),#10800,.F.);
#10775 = FACE_BOUND('',#10776,.T.);
#10776 = EDGE_LOOP('',(#10777,#10785,#10793,#10799));
#10777 = ORIENTED_EDGE('',*,*,#10778,.T.);
#10778 = EDGE_CURVE('',#10460,#10779,#10781,.T.);
#10779 = VERTEX_POINT('',#10780);
#10780 = CARTESIAN_POINT('',(-1.2,-0.25,2.35));
#10781 = LINE('',#10782,#10783);
#10782 = CARTESIAN_POINT('',(-1.2,-0.55,2.35));
#10783 = VECTOR('',#10784,1.);
#10784 = DIRECTION('',(-0.,-1.,3.252606517457E-15));
#10785 = ORIENTED_EDGE('',*,*,#10786,.T.);
#10786 = EDGE_CURVE('',#10779,#10787,#10789,.T.);
#10787 = VERTEX_POINT('',#10788);
#10788 = CARTESIAN_POINT('',(-1.2,-0.25,2.5));
#10789 = LINE('',#10790,#10791);
#10790 = CARTESIAN_POINT('',(-1.2,-0.25,2.5));
#10791 = VECTOR('',#10792,1.);
#10792 = DIRECTION('',(-0.,3.491481338843E-15,1.));
#10793 = ORIENTED_EDGE('',*,*,#10794,.F.);
#10794 = EDGE_CURVE('',#10714,#10787,#10795,.T.);
#10795 = LINE('',#10796,#10797);
#10796 = CARTESIAN_POINT('',(-1.2,8.655238494468E-15,2.5));
#10797 = VECTOR('',#10798,1.);
#10798 = DIRECTION('',(-0.,-1.,3.252606517457E-15));
#10799 = ORIENTED_EDGE('',*,*,#10723,.T.);
#10800 = PLANE('',#10801);
#10801 = AXIS2_PLACEMENT_3D('',#10802,#10803,#10804);
#10802 = CARTESIAN_POINT('',(-1.2,-0.55,2.5));
#10803 = DIRECTION('',(1.,-0.,0.));
#10804 = DIRECTION('',(0.,0.,-1.));
#10805 = ADVANCED_FACE('',(#10806),#10840,.F.);
#10806 = FACE_BOUND('',#10807,.T.);
#10807 = EDGE_LOOP('',(#10808,#10818,#10826,#10834));
#10808 = ORIENTED_EDGE('',*,*,#10809,.F.);
#10809 = EDGE_CURVE('',#10810,#10812,#10814,.T.);
#10810 = VERTEX_POINT('',#10811);
#10811 = CARTESIAN_POINT('',(-0.9,-0.55,2.5));
#10812 = VERTEX_POINT('',#10813);
#10813 = CARTESIAN_POINT('',(0.9,-0.55,2.5));
#10814 = LINE('',#10815,#10816);
#10815 = CARTESIAN_POINT('',(0.,-0.55,2.5));
#10816 = VECTOR('',#10817,1.);
#10817 = DIRECTION('',(1.,0.,0.));
#10818 = ORIENTED_EDGE('',*,*,#10819,.T.);
#10819 = EDGE_CURVE('',#10810,#10820,#10822,.T.);
#10820 = VERTEX_POINT('',#10821);
#10821 = CARTESIAN_POINT('',(-0.9,-0.55,2.35));
#10822 = LINE('',#10823,#10824);
#10823 = CARTESIAN_POINT('',(-0.9,-0.55,2.5));
#10824 = VECTOR('',#10825,1.);
#10825 = DIRECTION('',(0.,-3.491481338843E-15,-1.));
#10826 = ORIENTED_EDGE('',*,*,#10827,.T.);
#10827 = EDGE_CURVE('',#10820,#10828,#10830,.T.);
#10828 = VERTEX_POINT('',#10829);
#10829 = CARTESIAN_POINT('',(0.9,-0.55,2.35));
#10830 = LINE('',#10831,#10832);
#10831 = CARTESIAN_POINT('',(1.2,-0.55,2.35));
#10832 = VECTOR('',#10833,1.);
#10833 = DIRECTION('',(1.,-0.,-0.));
#10834 = ORIENTED_EDGE('',*,*,#10835,.T.);
#10835 = EDGE_CURVE('',#10828,#10812,#10836,.T.);
#10836 = LINE('',#10837,#10838);
#10837 = CARTESIAN_POINT('',(0.9,-0.55,2.5));
#10838 = VECTOR('',#10839,1.);
#10839 = DIRECTION('',(-0.,3.491481338843E-15,1.));
#10840 = PLANE('',#10841);
#10841 = AXIS2_PLACEMENT_3D('',#10842,#10843,#10844);
#10842 = CARTESIAN_POINT('',(1.2,-0.55,2.5));
#10843 = DIRECTION('',(0.,1.,-3.491481338843E-15));
#10844 = DIRECTION('',(0.,3.491481338843E-15,1.));
#10845 = ADVANCED_FACE('',(#10846),#10871,.F.);
#10846 = FACE_BOUND('',#10847,.T.);
#10847 = EDGE_LOOP('',(#10848,#10856,#10864,#10870));
#10848 = ORIENTED_EDGE('',*,*,#10849,.F.);
#10849 = EDGE_CURVE('',#10850,#10738,#10852,.T.);
#10850 = VERTEX_POINT('',#10851);
#10851 = CARTESIAN_POINT('',(1.2,-0.25,2.5));
#10852 = LINE('',#10853,#10854);
#10853 = CARTESIAN_POINT('',(1.2,8.655238494468E-15,2.5));
#10854 = VECTOR('',#10855,1.);
#10855 = DIRECTION('',(0.,1.,-3.252606517457E-15));
#10856 = ORIENTED_EDGE('',*,*,#10857,.T.);
#10857 = EDGE_CURVE('',#10850,#10858,#10860,.T.);
#10858 = VERTEX_POINT('',#10859);
#10859 = CARTESIAN_POINT('',(1.2,-0.25,2.35));
#10860 = LINE('',#10861,#10862);
#10861 = CARTESIAN_POINT('',(1.2,-0.25,2.5));
#10862 = VECTOR('',#10863,1.);
#10863 = DIRECTION('',(0.,-3.491481338843E-15,-1.));
#10864 = ORIENTED_EDGE('',*,*,#10865,.T.);
#10865 = EDGE_CURVE('',#10858,#10522,#10866,.T.);
#10866 = LINE('',#10867,#10868);
#10867 = CARTESIAN_POINT('',(1.2,-0.15,2.35));
#10868 = VECTOR('',#10869,1.);
#10869 = DIRECTION('',(-0.,1.,-3.252606517457E-15));
#10870 = ORIENTED_EDGE('',*,*,#10764,.F.);
#10871 = PLANE('',#10872);
#10872 = AXIS2_PLACEMENT_3D('',#10873,#10874,#10875);
#10873 = CARTESIAN_POINT('',(1.2,-0.15,2.5));
#10874 = DIRECTION('',(-1.,0.,0.));
#10875 = DIRECTION('',(0.,0.,1.));
#10876 = ADVANCED_FACE('',(#10877),#10897,.F.);
#10877 = FACE_BOUND('',#10878,.T.);
#10878 = EDGE_LOOP('',(#10879,#10880,#10887,#10888,#10895,#10896));
#10879 = ORIENTED_EDGE('',*,*,#10794,.T.);
#10880 = ORIENTED_EDGE('',*,*,#10881,.T.);
#10881 = EDGE_CURVE('',#10787,#10810,#10882,.T.);
#10882 = CIRCLE('',#10883,0.3);
#10883 = AXIS2_PLACEMENT_3D('',#10884,#10885,#10886);
#10884 = CARTESIAN_POINT('',(-0.9,-0.25,2.5));
#10885 = DIRECTION('',(0.,3.252606517457E-15,1.));
#10886 = DIRECTION('',(0.,1.,-3.252606517457E-15));
#10887 = ORIENTED_EDGE('',*,*,#10809,.T.);
#10888 = ORIENTED_EDGE('',*,*,#10889,.T.);
#10889 = EDGE_CURVE('',#10812,#10850,#10890,.T.);
#10890 = CIRCLE('',#10891,0.3);
#10891 = AXIS2_PLACEMENT_3D('',#10892,#10893,#10894);
#10892 = CARTESIAN_POINT('',(0.9,-0.25,2.5));
#10893 = DIRECTION('',(0.,3.252606517457E-15,1.));
#10894 = DIRECTION('',(0.,1.,-3.252606517457E-15));
#10895 = ORIENTED_EDGE('',*,*,#10849,.T.);
#10896 = ORIENTED_EDGE('',*,*,#10748,.T.);
#10897 = PLANE('',#10898);
#10898 = AXIS2_PLACEMENT_3D('',#10899,#10900,#10901);
#10899 = CARTESIAN_POINT('',(0.,8.655238494468E-15,2.5));
#10900 = DIRECTION('',(0.,-3.252606517457E-15,-1.));
#10901 = DIRECTION('',(0.,1.,-3.252606517457E-15));
#10902 = ADVANCED_FACE('',(#10903),#10923,.T.);
#10903 = FACE_BOUND('',#10904,.T.);
#10904 = EDGE_LOOP('',(#10905,#10906,#10913,#10914,#10915,#10916));
#10905 = ORIENTED_EDGE('',*,*,#10827,.F.);
#10906 = ORIENTED_EDGE('',*,*,#10907,.T.);
#10907 = EDGE_CURVE('',#10820,#10779,#10908,.T.);
#10908 = CIRCLE('',#10909,0.3);
#10909 = AXIS2_PLACEMENT_3D('',#10910,#10911,#10912);
#10910 = CARTESIAN_POINT('',(-0.9,-0.25,2.35));
#10911 = DIRECTION('',(0.,-3.252606517457E-15,-1.));
#10912 = DIRECTION('',(0.,1.,-3.252606517457E-15));
#10913 = ORIENTED_EDGE('',*,*,#10778,.F.);
#10914 = ORIENTED_EDGE('',*,*,#10529,.F.);
#10915 = ORIENTED_EDGE('',*,*,#10865,.F.);
#10916 = ORIENTED_EDGE('',*,*,#10917,.T.);
#10917 = EDGE_CURVE('',#10858,#10828,#10918,.T.);
#10918 = CIRCLE('',#10919,0.3);
#10919 = AXIS2_PLACEMENT_3D('',#10920,#10921,#10922);
#10920 = CARTESIAN_POINT('',(0.9,-0.25,2.35));
#10921 = DIRECTION('',(0.,-3.252606517457E-15,-1.));
#10922 = DIRECTION('',(0.,1.,-3.252606517457E-15));
#10923 = PLANE('',#10924);
#10924 = AXIS2_PLACEMENT_3D('',#10925,#10926,#10927);
#10925 = CARTESIAN_POINT('',(0.,8.131516293641E-15,2.35));
#10926 = DIRECTION('',(0.,-3.252606517457E-15,-1.));
#10927 = DIRECTION('',(0.,1.,-3.252606517457E-15));
#10928 = ADVANCED_FACE('',(#10929),#10947,.T.);
#10929 = FACE_BOUND('',#10930,.T.);
#10930 = EDGE_LOOP('',(#10931,#10940,#10941));
#10931 = ORIENTED_EDGE('',*,*,#10932,.F.);
#10932 = EDGE_CURVE('',#10596,#10933,#10935,.T.);
#10933 = VERTEX_POINT('',#10934);
#10934 = CARTESIAN_POINT('',(1.2,-0.15,-2.5));
#10935 = CIRCLE('',#10936,0.15);
#10936 = AXIS2_PLACEMENT_3D('',#10937,#10938,#10939);
#10937 = CARTESIAN_POINT('',(1.2,-0.15,-2.35));
#10938 = DIRECTION('',(-1.,-1.129377263006E-17,0.));
#10939 = DIRECTION('',(1.129377263006E-17,-1.,0.));
#10940 = ORIENTED_EDGE('',*,*,#10633,.F.);
#10941 = ORIENTED_EDGE('',*,*,#10942,.F.);
#10942 = EDGE_CURVE('',#10933,#10492,#10943,.T.);
#10943 = LINE('',#10944,#10945);
#10944 = CARTESIAN_POINT('',(1.2,-0.15,-2.5));
#10945 = VECTOR('',#10946,1.);
#10946 = DIRECTION('',(0.,-3.491481338843E-15,1.));
#10947 = PLANE('',#10948);
#10948 = AXIS2_PLACEMENT_3D('',#10949,#10950,#10951);
#10949 = CARTESIAN_POINT('',(1.2,-9.566197516457E-36,-2.35));
#10950 = DIRECTION('',(1.,1.129377263006E-17,0.));
#10951 = DIRECTION('',(-1.129377263006E-17,1.,0.));
#10952 = ADVANCED_FACE('',(#10953),#10972,.T.);
#10953 = FACE_BOUND('',#10954,.T.);
#10954 = EDGE_LOOP('',(#10955,#10964,#10965,#10966));
#10955 = ORIENTED_EDGE('',*,*,#10956,.F.);
#10956 = EDGE_CURVE('',#10604,#10957,#10959,.T.);
#10957 = VERTEX_POINT('',#10958);
#10958 = CARTESIAN_POINT('',(-1.2,-0.15,-2.5));
#10959 = CIRCLE('',#10960,0.15);
#10960 = AXIS2_PLACEMENT_3D('',#10961,#10962,#10963);
#10961 = CARTESIAN_POINT('',(-1.2,-0.15,-2.35));
#10962 = DIRECTION('',(-1.,-1.129377263006E-17,0.));
#10963 = DIRECTION('',(1.129377263006E-17,-1.,0.));
#10964 = ORIENTED_EDGE('',*,*,#10603,.T.);
#10965 = ORIENTED_EDGE('',*,*,#10932,.T.);
#10966 = ORIENTED_EDGE('',*,*,#10967,.F.);
#10967 = EDGE_CURVE('',#10957,#10933,#10968,.T.);
#10968 = LINE('',#10969,#10970);
#10969 = CARTESIAN_POINT('',(0.,-0.15,-2.5));
#10970 = VECTOR('',#10971,1.);
#10971 = DIRECTION('',(1.,0.,0.));
#10972 = CYLINDRICAL_SURFACE('',#10973,0.15);
#10973 = AXIS2_PLACEMENT_3D('',#10974,#10975,#10976);
#10974 = CARTESIAN_POINT('',(-1.2,-0.15,-2.35));
#10975 = DIRECTION('',(-1.,-1.129377263006E-17,-0.));
#10976 = DIRECTION('',(1.129377263006E-17,-1.,0.));
#10977 = ADVANCED_FACE('',(#10978),#10988,.F.);
#10978 = FACE_BOUND('',#10979,.T.);
#10979 = EDGE_LOOP('',(#10980,#10981,#10982));
#10980 = ORIENTED_EDGE('',*,*,#10692,.T.);
#10981 = ORIENTED_EDGE('',*,*,#10956,.T.);
#10982 = ORIENTED_EDGE('',*,*,#10983,.T.);
#10983 = EDGE_CURVE('',#10957,#10484,#10984,.T.);
#10984 = LINE('',#10985,#10986);
#10985 = CARTESIAN_POINT('',(-1.2,-0.15,-2.5));
#10986 = VECTOR('',#10987,1.);
#10987 = DIRECTION('',(0.,-3.491481338843E-15,1.));
#10988 = PLANE('',#10989);
#10989 = AXIS2_PLACEMENT_3D('',#10990,#10991,#10992);
#10990 = CARTESIAN_POINT('',(-1.2,-9.566197516457E-36,-2.35));
#10991 = DIRECTION('',(1.,1.129377263006E-17,0.));
#10992 = DIRECTION('',(-1.129377263006E-17,1.,0.));
#10993 = ADVANCED_FACE('',(#10994),#11019,.F.);
#10994 = FACE_BOUND('',#10995,.T.);
#10995 = EDGE_LOOP('',(#10996,#11004,#11012,#11018));
#10996 = ORIENTED_EDGE('',*,*,#10997,.T.);
#10997 = EDGE_CURVE('',#10492,#10998,#11000,.T.);
#10998 = VERTEX_POINT('',#10999);
#10999 = CARTESIAN_POINT('',(1.2,-0.25,-2.35));
#11000 = LINE('',#11001,#11002);
#11001 = CARTESIAN_POINT('',(1.2,-0.55,-2.35));
#11002 = VECTOR('',#11003,1.);
#11003 = DIRECTION('',(-0.,-1.,-3.252606517457E-15));
#11004 = ORIENTED_EDGE('',*,*,#11005,.T.);
#11005 = EDGE_CURVE('',#10998,#11006,#11008,.T.);
#11006 = VERTEX_POINT('',#11007);
#11007 = CARTESIAN_POINT('',(1.2,-0.25,-2.5));
#11008 = LINE('',#11009,#11010);
#11009 = CARTESIAN_POINT('',(1.2,-0.25,-2.5));
#11010 = VECTOR('',#11011,1.);
#11011 = DIRECTION('',(-0.,3.491481338843E-15,-1.));
#11012 = ORIENTED_EDGE('',*,*,#11013,.F.);
#11013 = EDGE_CURVE('',#10933,#11006,#11014,.T.);
#11014 = LINE('',#11015,#11016);
#11015 = CARTESIAN_POINT('',(1.2,8.655238494468E-15,-2.5));
#11016 = VECTOR('',#11017,1.);
#11017 = DIRECTION('',(0.,-1.,-3.252606517457E-15));
#11018 = ORIENTED_EDGE('',*,*,#10942,.T.);
#11019 = PLANE('',#11020);
#11020 = AXIS2_PLACEMENT_3D('',#11021,#11022,#11023);
#11021 = CARTESIAN_POINT('',(1.2,-0.55,-2.5));
#11022 = DIRECTION('',(-1.,0.,0.));
#11023 = DIRECTION('',(0.,0.,1.));
#11024 = ADVANCED_FACE('',(#11025),#11059,.F.);
#11025 = FACE_BOUND('',#11026,.T.);
#11026 = EDGE_LOOP('',(#11027,#11037,#11045,#11053));
#11027 = ORIENTED_EDGE('',*,*,#11028,.T.);
#11028 = EDGE_CURVE('',#11029,#11031,#11033,.T.);
#11029 = VERTEX_POINT('',#11030);
#11030 = CARTESIAN_POINT('',(0.9,-0.55,-2.35));
#11031 = VERTEX_POINT('',#11032);
#11032 = CARTESIAN_POINT('',(-0.9,-0.55,-2.35));
#11033 = LINE('',#11034,#11035);
#11034 = CARTESIAN_POINT('',(-1.2,-0.55,-2.35));
#11035 = VECTOR('',#11036,1.);
#11036 = DIRECTION('',(-1.,-0.,-0.));
#11037 = ORIENTED_EDGE('',*,*,#11038,.T.);
#11038 = EDGE_CURVE('',#11031,#11039,#11041,.T.);
#11039 = VERTEX_POINT('',#11040);
#11040 = CARTESIAN_POINT('',(-0.9,-0.55,-2.5));
#11041 = LINE('',#11042,#11043);
#11042 = CARTESIAN_POINT('',(-0.9,-0.55,-2.5));
#11043 = VECTOR('',#11044,1.);
#11044 = DIRECTION('',(-0.,3.491481338843E-15,-1.));
#11045 = ORIENTED_EDGE('',*,*,#11046,.F.);
#11046 = EDGE_CURVE('',#11047,#11039,#11049,.T.);
#11047 = VERTEX_POINT('',#11048);
#11048 = CARTESIAN_POINT('',(0.9,-0.55,-2.5));
#11049 = LINE('',#11050,#11051);
#11050 = CARTESIAN_POINT('',(0.,-0.55,-2.5));
#11051 = VECTOR('',#11052,1.);
#11052 = DIRECTION('',(-1.,0.,0.));
#11053 = ORIENTED_EDGE('',*,*,#11054,.T.);
#11054 = EDGE_CURVE('',#11047,#11029,#11055,.T.);
#11055 = LINE('',#11056,#11057);
#11056 = CARTESIAN_POINT('',(0.9,-0.55,-2.5));
#11057 = VECTOR('',#11058,1.);
#11058 = DIRECTION('',(0.,-3.491481338843E-15,1.));
#11059 = PLANE('',#11060);
#11060 = AXIS2_PLACEMENT_3D('',#11061,#11062,#11063);
#11061 = CARTESIAN_POINT('',(-1.2,-0.55,-2.5));
#11062 = DIRECTION('',(-0.,1.,3.491481338843E-15));
#11063 = DIRECTION('',(0.,-3.491481338843E-15,1.));
#11064 = ADVANCED_FACE('',(#11065),#11090,.F.);
#11065 = FACE_BOUND('',#11066,.T.);
#11066 = EDGE_LOOP('',(#11067,#11075,#11083,#11089));
#11067 = ORIENTED_EDGE('',*,*,#11068,.F.);
#11068 = EDGE_CURVE('',#11069,#10957,#11071,.T.);
#11069 = VERTEX_POINT('',#11070);
#11070 = CARTESIAN_POINT('',(-1.2,-0.25,-2.5));
#11071 = LINE('',#11072,#11073);
#11072 = CARTESIAN_POINT('',(-1.2,8.655238494468E-15,-2.5));
#11073 = VECTOR('',#11074,1.);
#11074 = DIRECTION('',(-0.,1.,3.252606517457E-15));
#11075 = ORIENTED_EDGE('',*,*,#11076,.T.);
#11076 = EDGE_CURVE('',#11069,#11077,#11079,.T.);
#11077 = VERTEX_POINT('',#11078);
#11078 = CARTESIAN_POINT('',(-1.2,-0.25,-2.35));
#11079 = LINE('',#11080,#11081);
#11080 = CARTESIAN_POINT('',(-1.2,-0.25,-2.5));
#11081 = VECTOR('',#11082,1.);
#11082 = DIRECTION('',(0.,-3.491481338843E-15,1.));
#11083 = ORIENTED_EDGE('',*,*,#11084,.T.);
#11084 = EDGE_CURVE('',#11077,#10484,#11085,.T.);
#11085 = LINE('',#11086,#11087);
#11086 = CARTESIAN_POINT('',(-1.2,-0.15,-2.35));
#11087 = VECTOR('',#11088,1.);
#11088 = DIRECTION('',(-0.,1.,3.252606517457E-15));
#11089 = ORIENTED_EDGE('',*,*,#10983,.F.);
#11090 = PLANE('',#11091);
#11091 = AXIS2_PLACEMENT_3D('',#11092,#11093,#11094);
#11092 = CARTESIAN_POINT('',(-1.2,-0.15,-2.5));
#11093 = DIRECTION('',(1.,0.,0.));
#11094 = DIRECTION('',(0.,0.,-1.));
#11095 = ADVANCED_FACE('',(#11096),#11116,.F.);
#11096 = FACE_BOUND('',#11097,.T.);
#11097 = EDGE_LOOP('',(#11098,#11099,#11106,#11107,#11108,#11109));
#11098 = ORIENTED_EDGE('',*,*,#11046,.T.);
#11099 = ORIENTED_EDGE('',*,*,#11100,.T.);
#11100 = EDGE_CURVE('',#11039,#11069,#11101,.T.);
#11101 = CIRCLE('',#11102,0.3);
#11102 = AXIS2_PLACEMENT_3D('',#11103,#11104,#11105);
#11103 = CARTESIAN_POINT('',(-0.9,-0.25,-2.5));
#11104 = DIRECTION('',(-0.,3.252606517457E-15,-1.));
#11105 = DIRECTION('',(0.,-1.,-3.252606517457E-15));
#11106 = ORIENTED_EDGE('',*,*,#11068,.T.);
#11107 = ORIENTED_EDGE('',*,*,#10967,.T.);
#11108 = ORIENTED_EDGE('',*,*,#11013,.T.);
#11109 = ORIENTED_EDGE('',*,*,#11110,.T.);
#11110 = EDGE_CURVE('',#11006,#11047,#11111,.T.);
#11111 = CIRCLE('',#11112,0.3);
#11112 = AXIS2_PLACEMENT_3D('',#11113,#11114,#11115);
#11113 = CARTESIAN_POINT('',(0.9,-0.25,-2.5));
#11114 = DIRECTION('',(-0.,3.252606517457E-15,-1.));
#11115 = DIRECTION('',(0.,-1.,-3.252606517457E-15));
#11116 = PLANE('',#11117);
#11117 = AXIS2_PLACEMENT_3D('',#11118,#11119,#11120);
#11118 = CARTESIAN_POINT('',(0.,8.655238494468E-15,-2.5));
#11119 = DIRECTION('',(0.,-3.252606517457E-15,1.));
#11120 = DIRECTION('',(0.,-1.,-3.252606517457E-15));
#11121 = ADVANCED_FACE('',(#11122),#11142,.T.);
#11122 = FACE_BOUND('',#11123,.T.);
#11123 = EDGE_LOOP('',(#11124,#11125,#11132,#11133,#11140,#11141));
#11124 = ORIENTED_EDGE('',*,*,#11084,.F.);
#11125 = ORIENTED_EDGE('',*,*,#11126,.T.);
#11126 = EDGE_CURVE('',#11077,#11031,#11127,.T.);
#11127 = CIRCLE('',#11128,0.3);
#11128 = AXIS2_PLACEMENT_3D('',#11129,#11130,#11131);
#11129 = CARTESIAN_POINT('',(-0.9,-0.25,-2.35));
#11130 = DIRECTION('',(0.,-3.252606517457E-15,1.));
#11131 = DIRECTION('',(0.,-1.,-3.252606517457E-15));
#11132 = ORIENTED_EDGE('',*,*,#11028,.F.);
#11133 = ORIENTED_EDGE('',*,*,#11134,.T.);
#11134 = EDGE_CURVE('',#11029,#10998,#11135,.T.);
#11135 = CIRCLE('',#11136,0.3);
#11136 = AXIS2_PLACEMENT_3D('',#11137,#11138,#11139);
#11137 = CARTESIAN_POINT('',(0.9,-0.25,-2.35));
#11138 = DIRECTION('',(0.,-3.252606517457E-15,1.));
#11139 = DIRECTION('',(0.,-1.,-3.252606517457E-15));
#11140 = ORIENTED_EDGE('',*,*,#10997,.F.);
#11141 = ORIENTED_EDGE('',*,*,#10491,.F.);
#11142 = PLANE('',#11143);
#11143 = AXIS2_PLACEMENT_3D('',#11144,#11145,#11146);
#11144 = CARTESIAN_POINT('',(0.,8.131516293641E-15,-2.35));
#11145 = DIRECTION('',(0.,-3.252606517457E-15,1.));
#11146 = DIRECTION('',(0.,-1.,-3.252606517457E-15));
#11147 = ADVANCED_FACE('',(#11148),#11154,.T.);
#11148 = FACE_BOUND('',#11149,.T.);
#11149 = EDGE_LOOP('',(#11150,#11151,#11152,#11153));
#11150 = ORIENTED_EDGE('',*,*,#11100,.F.);
#11151 = ORIENTED_EDGE('',*,*,#11038,.F.);
#11152 = ORIENTED_EDGE('',*,*,#11126,.F.);
#11153 = ORIENTED_EDGE('',*,*,#11076,.F.);
#11154 = CYLINDRICAL_SURFACE('',#11155,0.3);
#11155 = AXIS2_PLACEMENT_3D('',#11156,#11157,#11158);
#11156 = CARTESIAN_POINT('',(-0.9,-0.25,-2.5));
#11157 = DIRECTION('',(0.,-3.491481338843E-15,1.));
#11158 = DIRECTION('',(0.,-1.,-3.491481338843E-15));
#11159 = ADVANCED_FACE('',(#11160),#11166,.T.);
#11160 = FACE_BOUND('',#11161,.T.);
#11161 = EDGE_LOOP('',(#11162,#11163,#11164,#11165));
#11162 = ORIENTED_EDGE('',*,*,#11110,.F.);
#11163 = ORIENTED_EDGE('',*,*,#11005,.F.);
#11164 = ORIENTED_EDGE('',*,*,#11134,.F.);
#11165 = ORIENTED_EDGE('',*,*,#11054,.F.);
#11166 = CYLINDRICAL_SURFACE('',#11167,0.3);
#11167 = AXIS2_PLACEMENT_3D('',#11168,#11169,#11170);
#11168 = CARTESIAN_POINT('',(0.9,-0.25,-2.5));
#11169 = DIRECTION('',(0.,-3.491481338843E-15,1.));
#11170 = DIRECTION('',(0.,-1.,-3.491481338843E-15));
#11171 = ADVANCED_FACE('',(#11172),#11178,.T.);
#11172 = FACE_BOUND('',#11173,.T.);
#11173 = EDGE_LOOP('',(#11174,#11175,#11176,#11177));
#11174 = ORIENTED_EDGE('',*,*,#10881,.F.);
#11175 = ORIENTED_EDGE('',*,*,#10786,.F.);
#11176 = ORIENTED_EDGE('',*,*,#10907,.F.);
#11177 = ORIENTED_EDGE('',*,*,#10819,.F.);
#11178 = CYLINDRICAL_SURFACE('',#11179,0.3);
#11179 = AXIS2_PLACEMENT_3D('',#11180,#11181,#11182);
#11180 = CARTESIAN_POINT('',(-0.9,-0.25,2.5));
#11181 = DIRECTION('',(0.,-3.491481338843E-15,-1.));
#11182 = DIRECTION('',(0.,1.,-3.491481338843E-15));
#11183 = ADVANCED_FACE('',(#11184),#11190,.T.);
#11184 = FACE_BOUND('',#11185,.T.);
#11185 = EDGE_LOOP('',(#11186,#11187,#11188,#11189));
#11186 = ORIENTED_EDGE('',*,*,#10889,.F.);
#11187 = ORIENTED_EDGE('',*,*,#10835,.F.);
#11188 = ORIENTED_EDGE('',*,*,#10917,.F.);
#11189 = ORIENTED_EDGE('',*,*,#10857,.F.);
#11190 = CYLINDRICAL_SURFACE('',#11191,0.3);
#11191 = AXIS2_PLACEMENT_3D('',#11192,#11193,#11194);
#11192 = CARTESIAN_POINT('',(0.9,-0.25,2.5));
#11193 = DIRECTION('',(0.,-3.491481338843E-15,-1.));
#11194 = DIRECTION('',(0.,1.,-3.491481338843E-15));
#11195 = ADVANCED_FACE('',(#11196),#11207,.T.);
#11196 = FACE_BOUND('',#11197,.T.);
#11197 = EDGE_LOOP('',(#11198,#11205,#11206));
#11198 = ORIENTED_EDGE('',*,*,#11199,.F.);
#11199 = EDGE_CURVE('',#10580,#10154,#11200,.T.);
#11200 = CIRCLE('',#11201,0.15);
#11201 = AXIS2_PLACEMENT_3D('',#11202,#11203,#11204);
#11202 = CARTESIAN_POINT('',(2.35,-0.15,1.2));
#11203 = DIRECTION('',(-0.,1.129377263006E-17,-1.));
#11204 = DIRECTION('',(0.,1.,1.129377263006E-17));
#11205 = ORIENTED_EDGE('',*,*,#10655,.F.);
#11206 = ORIENTED_EDGE('',*,*,#10161,.F.);
#11207 = PLANE('',#11208);
#11208 = AXIS2_PLACEMENT_3D('',#11209,#11210,#11211);
#11209 = CARTESIAN_POINT('',(2.35,-4.336808689942E-16,1.2));
#11210 = DIRECTION('',(0.,-1.129377263006E-17,1.));
#11211 = DIRECTION('',(0.,-1.,-1.129377263006E-17));
#11212 = ADVANCED_FACE('',(#11213),#11240,.T.);
#11213 = FACE_BOUND('',#11214,.T.);
#11214 = EDGE_LOOP('',(#11215,#11222,#11223,#11224,#11225,#11233,#11239)
  );
#11215 = ORIENTED_EDGE('',*,*,#11216,.F.);
#11216 = EDGE_CURVE('',#10588,#10282,#11217,.T.);
#11217 = CIRCLE('',#11218,0.15);
#11218 = AXIS2_PLACEMENT_3D('',#11219,#11220,#11221);
#11219 = CARTESIAN_POINT('',(2.35,-0.15,-1.2));
#11220 = DIRECTION('',(-0.,1.129377263006E-17,-1.));
#11221 = DIRECTION('',(0.,1.,1.129377263006E-17));
#11222 = ORIENTED_EDGE('',*,*,#10587,.T.);
#11223 = ORIENTED_EDGE('',*,*,#11199,.T.);
#11224 = ORIENTED_EDGE('',*,*,#10366,.F.);
#11225 = ORIENTED_EDGE('',*,*,#11226,.F.);
#11226 = EDGE_CURVE('',#11227,#10358,#11229,.T.);
#11227 = VERTEX_POINT('',#11228);
#11228 = CARTESIAN_POINT('',(2.5,-0.15,-0.180928508848));
#11229 = LINE('',#11230,#11231);
#11230 = CARTESIAN_POINT('',(2.5,-0.15,-4.582493540525E-16));
#11231 = VECTOR('',#11232,1.);
#11232 = DIRECTION('',(1.637899003889E-16,4.752121665891E-31,1.));
#11233 = ORIENTED_EDGE('',*,*,#11234,.F.);
#11234 = EDGE_CURVE('',#10311,#11227,#11235,.T.);
#11235 = LINE('',#11236,#11237);
#11236 = CARTESIAN_POINT('',(2.5,-0.15,-4.582493540525E-16));
#11237 = VECTOR('',#11238,1.);
#11238 = DIRECTION('',(1.637899003889E-16,4.752121665891E-31,1.));
#11239 = ORIENTED_EDGE('',*,*,#10310,.F.);
#11240 = CYLINDRICAL_SURFACE('',#11241,0.15);
#11241 = AXIS2_PLACEMENT_3D('',#11242,#11243,#11244);
#11242 = CARTESIAN_POINT('',(2.35,-0.15,-1.2));
#11243 = DIRECTION('',(-0.,1.129377263006E-17,-1.));
#11244 = DIRECTION('',(0.,1.,1.129377263006E-17));
#11245 = ADVANCED_FACE('',(#11246),#11251,.F.);
#11246 = FACE_BOUND('',#11247,.T.);
#11247 = EDGE_LOOP('',(#11248,#11249,#11250));
#11248 = ORIENTED_EDGE('',*,*,#10626,.T.);
#11249 = ORIENTED_EDGE('',*,*,#11216,.T.);
#11250 = ORIENTED_EDGE('',*,*,#10281,.T.);
#11251 = PLANE('',#11252);
#11252 = AXIS2_PLACEMENT_3D('',#11253,#11254,#11255);
#11253 = CARTESIAN_POINT('',(2.35,-4.336808689942E-16,-1.2));
#11254 = DIRECTION('',(0.,-1.129377263006E-17,1.));
#11255 = DIRECTION('',(0.,-1.,-1.129377263006E-17));
#11256 = ADVANCED_FACE('',(#11257),#11268,.T.);
#11257 = FACE_BOUND('',#11258,.T.);
#11258 = EDGE_LOOP('',(#11259,#11266,#11267));
#11259 = ORIENTED_EDGE('',*,*,#11260,.F.);
#11260 = EDGE_CURVE('',#10556,#9838,#11261,.T.);
#11261 = CIRCLE('',#11262,0.15);
#11262 = AXIS2_PLACEMENT_3D('',#11263,#11264,#11265);
#11263 = CARTESIAN_POINT('',(-2.35,-0.15,-1.2));
#11264 = DIRECTION('',(3.614007241618E-16,1.129377263006E-17,1.));
#11265 = DIRECTION('',(1.,-4.081577607022E-33,-3.614007241618E-16));
#11266 = ORIENTED_EDGE('',*,*,#10699,.F.);
#11267 = ORIENTED_EDGE('',*,*,#9845,.F.);
#11268 = PLANE('',#11269);
#11269 = AXIS2_PLACEMENT_3D('',#11270,#11271,#11272);
#11270 = CARTESIAN_POINT('',(-2.35,-8.673617379884E-16,-1.2));
#11271 = DIRECTION('',(-3.614007241618E-16,-1.129377263006E-17,-1.));
#11272 = DIRECTION('',(-1.,0.,3.614007241618E-16));
#11273 = ADVANCED_FACE('',(#11274),#11301,.T.);
#11274 = FACE_BOUND('',#11275,.T.);
#11275 = EDGE_LOOP('',(#11276,#11283,#11284,#11285,#11286,#11294,#11300)
  );
#11276 = ORIENTED_EDGE('',*,*,#11277,.F.);
#11277 = EDGE_CURVE('',#10554,#9966,#11278,.T.);
#11278 = CIRCLE('',#11279,0.15);
#11279 = AXIS2_PLACEMENT_3D('',#11280,#11281,#11282);
#11280 = CARTESIAN_POINT('',(-2.35,-0.15,1.2));
#11281 = DIRECTION('',(3.614007241618E-16,1.129377263006E-17,1.));
#11282 = DIRECTION('',(1.,-4.081577607022E-33,-3.614007241618E-16));
#11283 = ORIENTED_EDGE('',*,*,#10553,.T.);
#11284 = ORIENTED_EDGE('',*,*,#11260,.T.);
#11285 = ORIENTED_EDGE('',*,*,#10050,.F.);
#11286 = ORIENTED_EDGE('',*,*,#11287,.F.);
#11287 = EDGE_CURVE('',#11288,#10042,#11290,.T.);
#11288 = VERTEX_POINT('',#11289);
#11289 = CARTESIAN_POINT('',(-2.5,-0.15,0.180928508848));
#11290 = LINE('',#11291,#11292);
#11291 = CARTESIAN_POINT('',(-2.5,-0.15,4.234621185717E-16));
#11292 = VECTOR('',#11293,1.);
#11293 = DIRECTION('',(6.81250028166E-17,-1.867926656009E-31,-1.));
#11294 = ORIENTED_EDGE('',*,*,#11295,.F.);
#11295 = EDGE_CURVE('',#9995,#11288,#11296,.T.);
#11296 = LINE('',#11297,#11298);
#11297 = CARTESIAN_POINT('',(-2.5,-0.15,4.234621185717E-16));
#11298 = VECTOR('',#11299,1.);
#11299 = DIRECTION('',(6.81250028166E-17,-1.867926656009E-31,-1.));
#11300 = ORIENTED_EDGE('',*,*,#9994,.F.);
#11301 = CYLINDRICAL_SURFACE('',#11302,0.15);
#11302 = AXIS2_PLACEMENT_3D('',#11303,#11304,#11305);
#11303 = CARTESIAN_POINT('',(-2.35,-0.15,1.2));
#11304 = DIRECTION('',(3.614007241618E-16,1.129377263006E-17,1.));
#11305 = DIRECTION('',(1.,-4.081577607022E-33,-3.614007241618E-16));
#11306 = ADVANCED_FACE('',(#11307),#11312,.F.);
#11307 = FACE_BOUND('',#11308,.T.);
#11308 = EDGE_LOOP('',(#11309,#11310,#11311));
#11309 = ORIENTED_EDGE('',*,*,#10670,.T.);
#11310 = ORIENTED_EDGE('',*,*,#11277,.T.);
#11311 = ORIENTED_EDGE('',*,*,#9965,.T.);
#11312 = PLANE('',#11313);
#11313 = AXIS2_PLACEMENT_3D('',#11314,#11315,#11316);
#11314 = CARTESIAN_POINT('',(-2.35,-9.566197516459E-36,1.2));
#11315 = DIRECTION('',(-3.614007241618E-16,-1.129377263006E-17,-1.));
#11316 = DIRECTION('',(-1.,0.,3.614007241618E-16));
#11317 = ADVANCED_FACE('',(#11318),#11334,.F.);
#11318 = FACE_BOUND('',#11319,.F.);
#11319 = EDGE_LOOP('',(#11320,#11321,#11327,#11328));
#11320 = ORIENTED_EDGE('',*,*,#10436,.T.);
#11321 = ORIENTED_EDGE('',*,*,#11322,.F.);
#11322 = EDGE_CURVE('',#10350,#10437,#11323,.T.);
#11323 = LINE('',#11324,#11325);
#11324 = CARTESIAN_POINT('',(2.35,-0.605,0.5));
#11325 = VECTOR('',#11326,1.);
#11326 = DIRECTION('',(-1.,-2.90135207031E-15,1.637899003889E-16));
#11327 = ORIENTED_EDGE('',*,*,#10357,.F.);
#11328 = ORIENTED_EDGE('',*,*,#11329,.T.);
#11329 = EDGE_CURVE('',#10358,#10429,#11330,.T.);
#11330 = LINE('',#11331,#11332);
#11331 = CARTESIAN_POINT('',(2.35,-0.15,0.207304124416));
#11332 = VECTOR('',#11333,1.);
#11333 = DIRECTION('',(-1.,-2.90135207031E-15,1.637899003889E-16));
#11334 = CYLINDRICAL_SURFACE('',#11335,0.5);
#11335 = AXIS2_PLACEMENT_3D('',#11336,#11337,#11338);
#11336 = CARTESIAN_POINT('',(2.35,-0.605,-4.246458508902E-16));
#11337 = DIRECTION('',(1.,2.90135207031E-15,-1.637899003889E-16));
#11338 = DIRECTION('',(-2.90135207031E-15,1.,4.901688859038E-32));
#11339 = ADVANCED_FACE('',(#11340),#11346,.F.);
#11340 = FACE_BOUND('',#11341,.T.);
#11341 = EDGE_LOOP('',(#11342,#11343,#11344,#11345));
#11342 = ORIENTED_EDGE('',*,*,#11322,.F.);
#11343 = ORIENTED_EDGE('',*,*,#10349,.T.);
#11344 = ORIENTED_EDGE('',*,*,#10241,.T.);
#11345 = ORIENTED_EDGE('',*,*,#10445,.F.);
#11346 = PLANE('',#11347);
#11347 = AXIS2_PLACEMENT_3D('',#11348,#11349,#11350);
#11348 = CARTESIAN_POINT('',(2.35,-0.75,0.5));
#11349 = DIRECTION('',(1.637899003889E-16,4.915655479805E-31,1.));
#11350 = DIRECTION('',(2.891205793295E-15,-1.,1.801523909306E-32));
#11351 = ADVANCED_FACE('',(#11352),#11363,.F.);
#11352 = FACE_BOUND('',#11353,.T.);
#11353 = EDGE_LOOP('',(#11354,#11355,#11356,#11362));
#11354 = ORIENTED_EDGE('',*,*,#10201,.F.);
#11355 = ORIENTED_EDGE('',*,*,#10327,.T.);
#11356 = ORIENTED_EDGE('',*,*,#11357,.T.);
#11357 = EDGE_CURVE('',#10319,#10390,#11358,.T.);
#11358 = LINE('',#11359,#11360);
#11359 = CARTESIAN_POINT('',(2.35,-0.605,-0.5));
#11360 = VECTOR('',#11361,1.);
#11361 = DIRECTION('',(-1.,-2.90135207031E-15,1.637899003889E-16));
#11362 = ORIENTED_EDGE('',*,*,#10389,.F.);
#11363 = PLANE('',#11364);
#11364 = AXIS2_PLACEMENT_3D('',#11365,#11366,#11367);
#11365 = CARTESIAN_POINT('',(2.35,-0.75,-0.5));
#11366 = DIRECTION('',(-1.637899003889E-16,-4.915655479805E-31,-1.));
#11367 = DIRECTION('',(-2.891205793295E-15,1.,-1.801523909306E-32));
#11368 = ADVANCED_FACE('',(#11369),#11380,.F.);
#11369 = FACE_BOUND('',#11370,.F.);
#11370 = EDGE_LOOP('',(#11371,#11372,#11378,#11379));
#11371 = ORIENTED_EDGE('',*,*,#10397,.T.);
#11372 = ORIENTED_EDGE('',*,*,#11373,.F.);
#11373 = EDGE_CURVE('',#10311,#10398,#11374,.T.);
#11374 = LINE('',#11375,#11376);
#11375 = CARTESIAN_POINT('',(2.35,-0.15,-0.207304124416));
#11376 = VECTOR('',#11377,1.);
#11377 = DIRECTION('',(-1.,-2.90135207031E-15,1.637899003889E-16));
#11378 = ORIENTED_EDGE('',*,*,#10318,.F.);
#11379 = ORIENTED_EDGE('',*,*,#11357,.T.);
#11380 = CYLINDRICAL_SURFACE('',#11381,0.5);
#11381 = AXIS2_PLACEMENT_3D('',#11382,#11383,#11384);
#11382 = CARTESIAN_POINT('',(2.35,-0.605,-4.246458508902E-16));
#11383 = DIRECTION('',(1.,2.90135207031E-15,-1.637899003889E-16));
#11384 = DIRECTION('',(-2.90135207031E-15,1.,4.901688859038E-32));
#11385 = ADVANCED_FACE('',(#11386),#11397,.T.);
#11386 = FACE_BOUND('',#11387,.T.);
#11387 = EDGE_LOOP('',(#11388,#11389,#11390,#11396));
#11388 = ORIENTED_EDGE('',*,*,#11373,.F.);
#11389 = ORIENTED_EDGE('',*,*,#11234,.T.);
#11390 = ORIENTED_EDGE('',*,*,#11391,.T.);
#11391 = EDGE_CURVE('',#11227,#10507,#11392,.T.);
#11392 = LINE('',#11393,#11394);
#11393 = CARTESIAN_POINT('',(2.425,-0.15,-0.180928508848));
#11394 = VECTOR('',#11395,1.);
#11395 = DIRECTION('',(-1.,-2.891205793295E-15,1.807003620809E-16));
#11396 = ORIENTED_EDGE('',*,*,#10506,.F.);
#11397 = B_SPLINE_SURFACE_WITH_KNOTS('',1,3,(
    (#11398,#11399,#11400,#11401)
    ,(#11402,#11403,#11404,#11405
    )),.UNSPECIFIED.,.F.,.F.,.F.,(2,2),(4,4),(0.,1.),(0.,1.),
  .PIECEWISE_BEZIER_KNOTS.);
#11398 = CARTESIAN_POINT('',(2.35,-0.15,-0.207304124416));
#11399 = CARTESIAN_POINT('',(2.35,-0.15,-0.19851225256));
#11400 = CARTESIAN_POINT('',(2.35,-0.15,-0.189720380704));
#11401 = CARTESIAN_POINT('',(2.35,-0.15,-0.180928508848));
#11402 = CARTESIAN_POINT('',(2.5,-0.15,-0.207304124416));
#11403 = CARTESIAN_POINT('',(2.5,-0.15,-0.19851225256));
#11404 = CARTESIAN_POINT('',(2.5,-0.15,-0.189720380704));
#11405 = CARTESIAN_POINT('',(2.5,-0.15,-0.180928508848));
#11406 = ADVANCED_FACE('',(#11407),#11413,.T.);
#11407 = FACE_BOUND('',#11408,.T.);
#11408 = EDGE_LOOP('',(#11409,#11410,#11411,#11412));
#11409 = ORIENTED_EDGE('',*,*,#11226,.T.);
#11410 = ORIENTED_EDGE('',*,*,#11329,.T.);
#11411 = ORIENTED_EDGE('',*,*,#10514,.F.);
#11412 = ORIENTED_EDGE('',*,*,#11391,.F.);
#11413 = B_SPLINE_SURFACE_WITH_KNOTS('',1,3,(
    (#11414,#11415,#11416,#11417)
    ,(#11418,#11419,#11420,#11421
    )),.UNSPECIFIED.,.F.,.F.,.F.,(2,2),(4,4),(0.,1.),(0.,1.),
  .PIECEWISE_BEZIER_KNOTS.);
#11414 = CARTESIAN_POINT('',(2.35,-0.15,-0.180928508848));
#11415 = CARTESIAN_POINT('',(2.35,-0.15,-5.151763109347E-02));
#11416 = CARTESIAN_POINT('',(2.35,-0.15,7.789324666141E-02));
#11417 = CARTESIAN_POINT('',(2.35,-0.15,0.207304124416));
#11418 = CARTESIAN_POINT('',(2.5,-0.15,-0.180928508848));
#11419 = CARTESIAN_POINT('',(2.5,-0.15,-5.151763109347E-02));
#11420 = CARTESIAN_POINT('',(2.5,-0.15,7.789324666141E-02));
#11421 = CARTESIAN_POINT('',(2.5,-0.15,0.207304124416));
#11422 = ADVANCED_FACE('',(#11423),#11429,.F.);
#11423 = FACE_BOUND('',#11424,.T.);
#11424 = EDGE_LOOP('',(#11425,#11426,#11427,#11428));
#11425 = ORIENTED_EDGE('',*,*,#10342,.T.);
#11426 = ORIENTED_EDGE('',*,*,#10143,.T.);
#11427 = ORIENTED_EDGE('',*,*,#10421,.F.);
#11428 = ORIENTED_EDGE('',*,*,#10223,.F.);
#11429 = PLANE('',#11430);
#11430 = AXIS2_PLACEMENT_3D('',#11431,#11432,#11433);
#11431 = CARTESIAN_POINT('',(2.35,-0.45,1.2));
#11432 = DIRECTION('',(-2.505863157606E-15,0.832050294338,
    -0.554700196225));
#11433 = DIRECTION('',(-1.453400631412E-15,0.554700196225,0.832050294338
    ));
#11434 = ADVANCED_FACE('',(#11435),#11441,.F.);
#11435 = FACE_BOUND('',#11436,.T.);
#11436 = EDGE_LOOP('',(#11437,#11438,#11439,#11440));
#11437 = ORIENTED_EDGE('',*,*,#10303,.T.);
#11438 = ORIENTED_EDGE('',*,*,#10183,.T.);
#11439 = ORIENTED_EDGE('',*,*,#10382,.F.);
#11440 = ORIENTED_EDGE('',*,*,#10263,.F.);
#11441 = PLANE('',#11442);
#11442 = AXIS2_PLACEMENT_3D('',#11443,#11444,#11445);
#11443 = CARTESIAN_POINT('',(2.35,-0.45,-1.2));
#11444 = DIRECTION('',(-2.305394104998E-15,0.832050294338,0.554700196225
    ));
#11445 = DIRECTION('',(1.754104210324E-15,-0.554700196225,0.832050294338
    ));
#11446 = ADVANCED_FACE('',(#11447),#11463,.F.);
#11447 = FACE_BOUND('',#11448,.F.);
#11448 = EDGE_LOOP('',(#11449,#11450,#11456,#11457));
#11449 = ORIENTED_EDGE('',*,*,#10120,.T.);
#11450 = ORIENTED_EDGE('',*,*,#11451,.F.);
#11451 = EDGE_CURVE('',#10034,#10121,#11452,.T.);
#11452 = LINE('',#11453,#11454);
#11453 = CARTESIAN_POINT('',(-2.35,-0.605,-0.5));
#11454 = VECTOR('',#11455,1.);
#11455 = DIRECTION('',(1.,-2.741910574356E-15,6.81250028166E-17));
#11456 = ORIENTED_EDGE('',*,*,#10041,.F.);
#11457 = ORIENTED_EDGE('',*,*,#11458,.T.);
#11458 = EDGE_CURVE('',#10042,#10113,#11459,.T.);
#11459 = LINE('',#11460,#11461);
#11460 = CARTESIAN_POINT('',(-2.35,-0.15,-0.207304124416));
#11461 = VECTOR('',#11462,1.);
#11462 = DIRECTION('',(1.,-2.741910574356E-15,6.81250028166E-17));
#11463 = CYLINDRICAL_SURFACE('',#11464,0.5);
#11464 = AXIS2_PLACEMENT_3D('',#11465,#11466,#11467);
#11465 = CARTESIAN_POINT('',(-2.35,-0.605,4.246458508902E-16));
#11466 = DIRECTION('',(-1.,2.741910574356E-15,-6.81250028166E-17));
#11467 = DIRECTION('',(-2.741910574356E-15,-1.,-9.525603070466E-33));
#11468 = ADVANCED_FACE('',(#11469),#11475,.F.);
#11469 = FACE_BOUND('',#11470,.T.);
#11470 = EDGE_LOOP('',(#11471,#11472,#11473,#11474));
#11471 = ORIENTED_EDGE('',*,*,#11451,.F.);
#11472 = ORIENTED_EDGE('',*,*,#10033,.T.);
#11473 = ORIENTED_EDGE('',*,*,#9925,.T.);
#11474 = ORIENTED_EDGE('',*,*,#10129,.F.);
#11475 = PLANE('',#11476);
#11476 = AXIS2_PLACEMENT_3D('',#11477,#11478,#11479);
#11477 = CARTESIAN_POINT('',(-2.35,-0.605,-0.5));
#11478 = DIRECTION('',(6.81250028166E-17,-1.789481637185E-31,-1.));
#11479 = DIRECTION('',(-2.891205793295E-15,-1.,-1.801523909306E-32));
#11480 = ADVANCED_FACE('',(#11481),#11492,.F.);
#11481 = FACE_BOUND('',#11482,.T.);
#11482 = EDGE_LOOP('',(#11483,#11484,#11485,#11491));
#11483 = ORIENTED_EDGE('',*,*,#9885,.F.);
#11484 = ORIENTED_EDGE('',*,*,#10011,.T.);
#11485 = ORIENTED_EDGE('',*,*,#11486,.T.);
#11486 = EDGE_CURVE('',#10003,#10074,#11487,.T.);
#11487 = LINE('',#11488,#11489);
#11488 = CARTESIAN_POINT('',(-2.35,-0.605,0.5));
#11489 = VECTOR('',#11490,1.);
#11490 = DIRECTION('',(1.,-2.741910574356E-15,6.81250028166E-17));
#11491 = ORIENTED_EDGE('',*,*,#10073,.F.);
#11492 = PLANE('',#11493);
#11493 = AXIS2_PLACEMENT_3D('',#11494,#11495,#11496);
#11494 = CARTESIAN_POINT('',(-2.35,-0.75,0.5));
#11495 = DIRECTION('',(-6.81250028166E-17,1.789481637185E-31,1.));
#11496 = DIRECTION('',(2.891205793295E-15,1.,1.801523909306E-32));
#11497 = ADVANCED_FACE('',(#11498),#11509,.F.);
#11498 = FACE_BOUND('',#11499,.F.);
#11499 = EDGE_LOOP('',(#11500,#11501,#11507,#11508));
#11500 = ORIENTED_EDGE('',*,*,#10081,.T.);
#11501 = ORIENTED_EDGE('',*,*,#11502,.F.);
#11502 = EDGE_CURVE('',#9995,#10082,#11503,.T.);
#11503 = LINE('',#11504,#11505);
#11504 = CARTESIAN_POINT('',(-2.35,-0.15,0.207304124416));
#11505 = VECTOR('',#11506,1.);
#11506 = DIRECTION('',(1.,-2.741910574356E-15,6.81250028166E-17));
#11507 = ORIENTED_EDGE('',*,*,#10002,.F.);
#11508 = ORIENTED_EDGE('',*,*,#11486,.T.);
#11509 = CYLINDRICAL_SURFACE('',#11510,0.5);
#11510 = AXIS2_PLACEMENT_3D('',#11511,#11512,#11513);
#11511 = CARTESIAN_POINT('',(-2.35,-0.605,4.246458508902E-16));
#11512 = DIRECTION('',(-1.,2.741910574356E-15,-6.81250028166E-17));
#11513 = DIRECTION('',(-2.741910574356E-15,-1.,-9.525603070466E-33));
#11514 = ADVANCED_FACE('',(#11515),#11526,.T.);
#11515 = FACE_BOUND('',#11516,.T.);
#11516 = EDGE_LOOP('',(#11517,#11518,#11519,#11525));
#11517 = ORIENTED_EDGE('',*,*,#11502,.F.);
#11518 = ORIENTED_EDGE('',*,*,#11295,.T.);
#11519 = ORIENTED_EDGE('',*,*,#11520,.T.);
#11520 = EDGE_CURVE('',#11288,#10469,#11521,.T.);
#11521 = LINE('',#11522,#11523);
#11522 = CARTESIAN_POINT('',(-2.425,-0.15,0.180928508848));
#11523 = VECTOR('',#11524,1.);
#11524 = DIRECTION('',(1.,-2.710505431214E-15,-0.));
#11525 = ORIENTED_EDGE('',*,*,#10468,.F.);
#11526 = B_SPLINE_SURFACE_WITH_KNOTS('',1,3,(
    (#11527,#11528,#11529,#11530)
    ,(#11531,#11532,#11533,#11534
    )),.UNSPECIFIED.,.F.,.F.,.F.,(2,2),(4,4),(0.,1.),(0.,1.),
  .PIECEWISE_BEZIER_KNOTS.);
#11527 = CARTESIAN_POINT('',(-2.35,-0.15,0.207304124416));
#11528 = CARTESIAN_POINT('',(-2.35,-0.15,0.19851225256));
#11529 = CARTESIAN_POINT('',(-2.35,-0.15,0.189720380704));
#11530 = CARTESIAN_POINT('',(-2.35,-0.15,0.180928508848));
#11531 = CARTESIAN_POINT('',(-2.5,-0.15,0.207304124416));
#11532 = CARTESIAN_POINT('',(-2.5,-0.15,0.19851225256));
#11533 = CARTESIAN_POINT('',(-2.5,-0.15,0.189720380704));
#11534 = CARTESIAN_POINT('',(-2.5,-0.15,0.180928508848));
#11535 = ADVANCED_FACE('',(#11536),#11542,.T.);
#11536 = FACE_BOUND('',#11537,.T.);
#11537 = EDGE_LOOP('',(#11538,#11539,#11540,#11541));
#11538 = ORIENTED_EDGE('',*,*,#11287,.T.);
#11539 = ORIENTED_EDGE('',*,*,#11458,.T.);
#11540 = ORIENTED_EDGE('',*,*,#10476,.F.);
#11541 = ORIENTED_EDGE('',*,*,#11520,.F.);
#11542 = B_SPLINE_SURFACE_WITH_KNOTS('',1,3,(
    (#11543,#11544,#11545,#11546)
    ,(#11547,#11548,#11549,#11550
    )),.UNSPECIFIED.,.F.,.F.,.F.,(2,2),(4,4),(0.,1.),(0.,1.),
  .PIECEWISE_BEZIER_KNOTS.);
#11543 = CARTESIAN_POINT('',(-2.35,-0.15,0.180928508848));
#11544 = CARTESIAN_POINT('',(-2.35,-0.15,5.151763109345E-02));
#11545 = CARTESIAN_POINT('',(-2.35,-0.15,-7.789324666143E-02));
#11546 = CARTESIAN_POINT('',(-2.35,-0.15,-0.207304124416));
#11547 = CARTESIAN_POINT('',(-2.5,-0.15,0.180928508848));
#11548 = CARTESIAN_POINT('',(-2.5,-0.15,5.151763109345E-02));
#11549 = CARTESIAN_POINT('',(-2.5,-0.15,-7.789324666143E-02));
#11550 = CARTESIAN_POINT('',(-2.5,-0.15,-0.207304124416));
#11551 = ADVANCED_FACE('',(#11552),#11558,.F.);
#11552 = FACE_BOUND('',#11553,.T.);
#11553 = EDGE_LOOP('',(#11554,#11555,#11556,#11557));
#11554 = ORIENTED_EDGE('',*,*,#10026,.T.);
#11555 = ORIENTED_EDGE('',*,*,#9827,.T.);
#11556 = ORIENTED_EDGE('',*,*,#10105,.F.);
#11557 = ORIENTED_EDGE('',*,*,#9907,.F.);
#11558 = PLANE('',#11559);
#11559 = AXIS2_PLACEMENT_3D('',#11560,#11561,#11562);
#11560 = CARTESIAN_POINT('',(-2.35,-0.75,-0.75));
#11561 = DIRECTION('',(2.505863157606E-15,0.832050294338,0.554700196225)
  );
#11562 = DIRECTION('',(1.453400631412E-15,0.554700196225,-0.832050294338
    ));
#11563 = ADVANCED_FACE('',(#11564),#11570,.F.);
#11564 = FACE_BOUND('',#11565,.T.);
#11565 = EDGE_LOOP('',(#11566,#11567,#11568,#11569));
#11566 = ORIENTED_EDGE('',*,*,#9987,.T.);
#11567 = ORIENTED_EDGE('',*,*,#9867,.T.);
#11568 = ORIENTED_EDGE('',*,*,#10066,.F.);
#11569 = ORIENTED_EDGE('',*,*,#9947,.F.);
#11570 = PLANE('',#11571);
#11571 = AXIS2_PLACEMENT_3D('',#11572,#11573,#11574);
#11572 = CARTESIAN_POINT('',(-2.35,-0.45,1.2));
#11573 = DIRECTION('',(2.309599749458E-15,0.832050294338,-0.554700196225
    ));
#11574 = DIRECTION('',(-1.754104210324E-15,-0.554700196225,
    -0.832050294338));
#11575 = ADVANCED_FACE('',(#11576),#11588,.T.);
#11576 = FACE_BOUND('',#11577,.T.);
#11577 = EDGE_LOOP('',(#11578,#11579,#11580,#11581));
#11578 = ORIENTED_EDGE('',*,*,#9806,.F.);
#11579 = ORIENTED_EDGE('',*,*,#9755,.T.);
#11580 = ORIENTED_EDGE('',*,*,#9813,.T.);
#11581 = ORIENTED_EDGE('',*,*,#11582,.T.);
#11582 = EDGE_CURVE('',#9723,#9714,#11583,.T.);
#11583 = CIRCLE('',#11584,1.548076247377);
#11584 = AXIS2_PLACEMENT_3D('',#11585,#11586,#11587);
#11585 = CARTESIAN_POINT('',(0.,5.773817382593E-02,0.));
#11586 = DIRECTION('',(0.,1.,0.));
#11587 = DIRECTION('',(0.,0.,-1.));
#11588 = CONICAL_SURFACE('',#11589,1.575,0.436332312999);
#11589 = AXIS2_PLACEMENT_3D('',#11590,#11591,#11592);
#11590 = CARTESIAN_POINT('',(0.,0.,0.));
#11591 = DIRECTION('',(-0.,-1.,-0.));
#11592 = DIRECTION('',(0.,0.,1.));
#11593 = ADVANCED_FACE('',(#11594,#11604),#11614,.T.);
#11594 = FACE_BOUND('',#11595,.T.);
#11595 = EDGE_LOOP('',(#11596,#11603));
#11596 = ORIENTED_EDGE('',*,*,#11597,.F.);
#11597 = EDGE_CURVE('',#9672,#9680,#11598,.T.);
#11598 = CIRCLE('',#11599,1.05);
#11599 = AXIS2_PLACEMENT_3D('',#11600,#11601,#11602);
#11600 = CARTESIAN_POINT('',(0.,0.4,0.));
#11601 = DIRECTION('',(0.,1.,0.));
#11602 = DIRECTION('',(0.,-0.,1.));
#11603 = ORIENTED_EDGE('',*,*,#9679,.F.);
#11604 = FACE_BOUND('',#11605,.T.);
#11605 = EDGE_LOOP('',(#11606,#11607));
#11606 = ORIENTED_EDGE('',*,*,#9775,.T.);
#11607 = ORIENTED_EDGE('',*,*,#11608,.T.);
#11608 = EDGE_CURVE('',#9767,#9776,#11609,.T.);
#11609 = CIRCLE('',#11610,1.324769910657);
#11610 = AXIS2_PLACEMENT_3D('',#11611,#11612,#11613);
#11611 = CARTESIAN_POINT('',(0.,0.4,0.));
#11612 = DIRECTION('',(0.,1.,0.));
#11613 = DIRECTION('',(0.,-0.,1.));
#11614 = PLANE('',#11615);
#11615 = AXIS2_PLACEMENT_3D('',#11616,#11617,#11618);
#11616 = CARTESIAN_POINT('',(0.,0.4,0.));
#11617 = DIRECTION('',(0.,1.,0.));
#11618 = DIRECTION('',(0.,-0.,1.));
#11619 = ADVANCED_FACE('',(#11620),#11626,.T.);
#11620 = FACE_BOUND('',#11621,.T.);
#11621 = EDGE_LOOP('',(#11622,#11623,#11624,#11625));
#11622 = ORIENTED_EDGE('',*,*,#9766,.F.);
#11623 = ORIENTED_EDGE('',*,*,#9799,.F.);
#11624 = ORIENTED_EDGE('',*,*,#9784,.T.);
#11625 = ORIENTED_EDGE('',*,*,#11608,.F.);
#11626 = TOROIDAL_SURFACE('',#11627,1.324769910657,0.1);
#11627 = AXIS2_PLACEMENT_3D('',#11628,#11629,#11630);
#11628 = CARTESIAN_POINT('',(0.,0.3,0.));
#11629 = DIRECTION('',(0.,1.,0.));
#11630 = DIRECTION('',(0.,-0.,1.));
#11631 = ADVANCED_FACE('',(#11632),#11638,.F.);
#11632 = FACE_BOUND('',#11633,.F.);
#11633 = EDGE_LOOP('',(#11634,#11635,#11636,#11637));
#11634 = ORIENTED_EDGE('',*,*,#11582,.T.);
#11635 = ORIENTED_EDGE('',*,*,#9711,.F.);
#11636 = ORIENTED_EDGE('',*,*,#10543,.T.);
#11637 = ORIENTED_EDGE('',*,*,#9731,.T.);
#11638 = TOROIDAL_SURFACE('',#11639,1.638707026081,0.1);
#11639 = AXIS2_PLACEMENT_3D('',#11640,#11641,#11642);
#11640 = CARTESIAN_POINT('',(0.,0.1,0.));
#11641 = DIRECTION('',(-0.,-1.,0.));
#11642 = DIRECTION('',(-0.,0.,-1.));
#11643 = ADVANCED_FACE('',(#11644),#11654,.F.);
#11644 = FACE_BOUND('',#11645,.T.);
#11645 = EDGE_LOOP('',(#11646,#11653));
#11646 = ORIENTED_EDGE('',*,*,#11647,.T.);
#11647 = EDGE_CURVE('',#9670,#9689,#11648,.T.);
#11648 = CIRCLE('',#11649,1.05);
#11649 = AXIS2_PLACEMENT_3D('',#11650,#11651,#11652);
#11650 = CARTESIAN_POINT('',(0.,0.,0.));
#11651 = DIRECTION('',(0.,1.,0.));
#11652 = DIRECTION('',(0.,-0.,-1.));
#11653 = ORIENTED_EDGE('',*,*,#9696,.T.);
#11654 = PLANE('',#11655);
#11655 = AXIS2_PLACEMENT_3D('',#11656,#11657,#11658);
#11656 = CARTESIAN_POINT('',(0.,0.,0.));
#11657 = DIRECTION('',(0.,-1.,0.));
#11658 = DIRECTION('',(0.,-0.,-1.));
#11659 = ADVANCED_FACE('',(#11660),#11666,.F.);
#11660 = FACE_BOUND('',#11661,.F.);
#11661 = EDGE_LOOP('',(#11662,#11663,#11664,#11665));
#11662 = ORIENTED_EDGE('',*,*,#11597,.F.);
#11663 = ORIENTED_EDGE('',*,*,#9669,.F.);
#11664 = ORIENTED_EDGE('',*,*,#11647,.T.);
#11665 = ORIENTED_EDGE('',*,*,#9688,.T.);
#11666 = CYLINDRICAL_SURFACE('',#11667,1.05);
#11667 = AXIS2_PLACEMENT_3D('',#11668,#11669,#11670);
#11668 = CARTESIAN_POINT('',(0.,-2.969848480983,0.));
#11669 = DIRECTION('',(-0.,1.,-0.));
#11670 = DIRECTION('',(0.,0.,1.));
#11671 = MANIFOLD_SOLID_BREP('',#11672);
#11672 = CLOSED_SHELL('',(#11673,#11717,#11749,#11773,#11789,#11799));
#11673 = ADVANCED_FACE('',(#11674),#11712,.T.);
#11674 = FACE_BOUND('',#11675,.T.);
#11675 = EDGE_LOOP('',(#11676,#11687,#11696,#11705));
#11676 = ORIENTED_EDGE('',*,*,#11677,.F.);
#11677 = EDGE_CURVE('',#11678,#11680,#11682,.T.);
#11678 = VERTEX_POINT('',#11679);
#11679 = CARTESIAN_POINT('',(0.,0.65,-1.));
#11680 = VERTEX_POINT('',#11681);
#11681 = CARTESIAN_POINT('',(1.224646799147E-16,0.65,1.));
#11682 = CIRCLE('',#11683,1.);
#11683 = AXIS2_PLACEMENT_3D('',#11684,#11685,#11686);
#11684 = CARTESIAN_POINT('',(0.,0.65,0.));
#11685 = DIRECTION('',(0.,-1.,0.));
#11686 = DIRECTION('',(0.,0.,1.));
#11687 = ORIENTED_EDGE('',*,*,#11688,.T.);
#11688 = EDGE_CURVE('',#11678,#11689,#11691,.T.);
#11689 = VERTEX_POINT('',#11690);
#11690 = CARTESIAN_POINT('',(1.194030629169E-16,0.7,-0.95));
#11691 = CIRCLE('',#11692,5.E-02);
#11692 = AXIS2_PLACEMENT_3D('',#11693,#11694,#11695);
#11693 = CARTESIAN_POINT('',(1.16341445919E-16,0.65,-0.95));
#11694 = DIRECTION('',(1.,-0.,1.224646799147E-16));
#11695 = DIRECTION('',(1.224646799147E-16,0.,-1.));
#11696 = ORIENTED_EDGE('',*,*,#11697,.F.);
#11697 = EDGE_CURVE('',#11698,#11689,#11700,.T.);
#11698 = VERTEX_POINT('',#11699);
#11699 = CARTESIAN_POINT('',(0.,0.7,0.95));
#11700 = CIRCLE('',#11701,0.95);
#11701 = AXIS2_PLACEMENT_3D('',#11702,#11703,#11704);
#11702 = CARTESIAN_POINT('',(0.,0.7,0.));
#11703 = DIRECTION('',(0.,1.,0.));
#11704 = DIRECTION('',(0.,-0.,1.));
#11705 = ORIENTED_EDGE('',*,*,#11706,.F.);
#11706 = EDGE_CURVE('',#11680,#11698,#11707,.T.);
#11707 = CIRCLE('',#11708,5.E-02);
#11708 = AXIS2_PLACEMENT_3D('',#11709,#11710,#11711);
#11709 = CARTESIAN_POINT('',(0.,0.65,0.95));
#11710 = DIRECTION('',(-1.,0.,0.));
#11711 = DIRECTION('',(0.,0.,1.));
#11712 = TOROIDAL_SURFACE('',#11713,0.95,5.E-02);
#11713 = AXIS2_PLACEMENT_3D('',#11714,#11715,#11716);
#11714 = CARTESIAN_POINT('',(0.,0.65,0.));
#11715 = DIRECTION('',(0.,1.,0.));
#11716 = DIRECTION('',(0.,-0.,1.));
#11717 = ADVANCED_FACE('',(#11718),#11744,.T.);
#11718 = FACE_BOUND('',#11719,.T.);
#11719 = EDGE_LOOP('',(#11720,#11721,#11729,#11738));
#11720 = ORIENTED_EDGE('',*,*,#11677,.T.);
#11721 = ORIENTED_EDGE('',*,*,#11722,.T.);
#11722 = EDGE_CURVE('',#11680,#11723,#11725,.T.);
#11723 = VERTEX_POINT('',#11724);
#11724 = CARTESIAN_POINT('',(1.224646799147E-16,0.,1.));
#11725 = LINE('',#11726,#11727);
#11726 = CARTESIAN_POINT('',(1.224646799147E-16,0.7,1.));
#11727 = VECTOR('',#11728,1.);
#11728 = DIRECTION('',(-0.,-1.,-0.));
#11729 = ORIENTED_EDGE('',*,*,#11730,.T.);
#11730 = EDGE_CURVE('',#11723,#11731,#11733,.T.);
#11731 = VERTEX_POINT('',#11732);
#11732 = CARTESIAN_POINT('',(0.,0.,-1.));
#11733 = CIRCLE('',#11734,1.);
#11734 = AXIS2_PLACEMENT_3D('',#11735,#11736,#11737);
#11735 = CARTESIAN_POINT('',(0.,0.,0.));
#11736 = DIRECTION('',(0.,1.,0.));
#11737 = DIRECTION('',(0.,-0.,1.));
#11738 = ORIENTED_EDGE('',*,*,#11739,.F.);
#11739 = EDGE_CURVE('',#11678,#11731,#11740,.T.);
#11740 = LINE('',#11741,#11742);
#11741 = CARTESIAN_POINT('',(0.,0.7,-1.));
#11742 = VECTOR('',#11743,1.);
#11743 = DIRECTION('',(-0.,-1.,-0.));
#11744 = CYLINDRICAL_SURFACE('',#11745,1.);
#11745 = AXIS2_PLACEMENT_3D('',#11746,#11747,#11748);
#11746 = CARTESIAN_POINT('',(0.,0.7,0.));
#11747 = DIRECTION('',(-0.,-1.,-0.));
#11748 = DIRECTION('',(0.,0.,-1.));
#11749 = ADVANCED_FACE('',(#11750),#11768,.T.);
#11750 = FACE_BOUND('',#11751,.T.);
#11751 = EDGE_LOOP('',(#11752,#11753,#11760,#11761));
#11752 = ORIENTED_EDGE('',*,*,#11722,.F.);
#11753 = ORIENTED_EDGE('',*,*,#11754,.T.);
#11754 = EDGE_CURVE('',#11680,#11678,#11755,.T.);
#11755 = CIRCLE('',#11756,1.);
#11756 = AXIS2_PLACEMENT_3D('',#11757,#11758,#11759);
#11757 = CARTESIAN_POINT('',(0.,0.65,0.));
#11758 = DIRECTION('',(0.,-1.,0.));
#11759 = DIRECTION('',(0.,0.,1.));
#11760 = ORIENTED_EDGE('',*,*,#11739,.T.);
#11761 = ORIENTED_EDGE('',*,*,#11762,.T.);
#11762 = EDGE_CURVE('',#11731,#11723,#11763,.T.);
#11763 = CIRCLE('',#11764,1.);
#11764 = AXIS2_PLACEMENT_3D('',#11765,#11766,#11767);
#11765 = CARTESIAN_POINT('',(0.,0.,0.));
#11766 = DIRECTION('',(0.,1.,0.));
#11767 = DIRECTION('',(0.,-0.,1.));
#11768 = CYLINDRICAL_SURFACE('',#11769,1.);
#11769 = AXIS2_PLACEMENT_3D('',#11770,#11771,#11772);
#11770 = CARTESIAN_POINT('',(0.,0.7,0.));
#11771 = DIRECTION('',(-0.,-1.,-0.));
#11772 = DIRECTION('',(0.,0.,-1.));
#11773 = ADVANCED_FACE('',(#11774),#11784,.T.);
#11774 = FACE_BOUND('',#11775,.T.);
#11775 = EDGE_LOOP('',(#11776,#11777));
#11776 = ORIENTED_EDGE('',*,*,#11697,.T.);
#11777 = ORIENTED_EDGE('',*,*,#11778,.T.);
#11778 = EDGE_CURVE('',#11689,#11698,#11779,.T.);
#11779 = CIRCLE('',#11780,0.95);
#11780 = AXIS2_PLACEMENT_3D('',#11781,#11782,#11783);
#11781 = CARTESIAN_POINT('',(0.,0.7,0.));
#11782 = DIRECTION('',(0.,1.,0.));
#11783 = DIRECTION('',(0.,-0.,1.));
#11784 = PLANE('',#11785);
#11785 = AXIS2_PLACEMENT_3D('',#11786,#11787,#11788);
#11786 = CARTESIAN_POINT('',(0.,0.7,0.));
#11787 = DIRECTION('',(0.,1.,0.));
#11788 = DIRECTION('',(0.,-0.,1.));
#11789 = ADVANCED_FACE('',(#11790),#11794,.F.);
#11790 = FACE_BOUND('',#11791,.T.);
#11791 = EDGE_LOOP('',(#11792,#11793));
#11792 = ORIENTED_EDGE('',*,*,#11762,.F.);
#11793 = ORIENTED_EDGE('',*,*,#11730,.F.);
#11794 = PLANE('',#11795);
#11795 = AXIS2_PLACEMENT_3D('',#11796,#11797,#11798);
#11796 = CARTESIAN_POINT('',(0.,0.,0.));
#11797 = DIRECTION('',(0.,1.,0.));
#11798 = DIRECTION('',(0.,-0.,1.));
#11799 = ADVANCED_FACE('',(#11800),#11806,.T.);
#11800 = FACE_BOUND('',#11801,.T.);
#11801 = EDGE_LOOP('',(#11802,#11803,#11804,#11805));
#11802 = ORIENTED_EDGE('',*,*,#11688,.F.);
#11803 = ORIENTED_EDGE('',*,*,#11754,.F.);
#11804 = ORIENTED_EDGE('',*,*,#11706,.T.);
#11805 = ORIENTED_EDGE('',*,*,#11778,.F.);
#11806 = TOROIDAL_SURFACE('',#11807,0.95,5.E-02);
#11807 = AXIS2_PLACEMENT_3D('',#11808,#11809,#11810);
#11808 = CARTESIAN_POINT('',(0.,0.65,0.));
#11809 = DIRECTION('',(0.,1.,0.));
#11810 = DIRECTION('',(0.,-0.,1.));
#11811 = MANIFOLD_SOLID_BREP('',#11812);
#11812 = CLOSED_SHELL('',(#11813,#11853,#11884,#11917,#11948,#11981,
    #12012,#12043,#12074,#12107,#12138,#12171,#12193,#12213));
#11813 = ADVANCED_FACE('',(#11814),#11848,.F.);
#11814 = FACE_BOUND('',#11815,.T.);
#11815 = EDGE_LOOP('',(#11816,#11826,#11834,#11842));
#11816 = ORIENTED_EDGE('',*,*,#11817,.T.);
#11817 = EDGE_CURVE('',#11818,#11820,#11822,.T.);
#11818 = VERTEX_POINT('',#11819);
#11819 = CARTESIAN_POINT('',(1.7,-0.37,1.6));
#11820 = VERTEX_POINT('',#11821);
#11821 = CARTESIAN_POINT('',(1.7,-0.5,1.6));
#11822 = LINE('',#11823,#11824);
#11823 = CARTESIAN_POINT('',(1.7,-0.37,1.6));
#11824 = VECTOR('',#11825,1.);
#11825 = DIRECTION('',(0.,-1.,0.));
#11826 = ORIENTED_EDGE('',*,*,#11827,.F.);
#11827 = EDGE_CURVE('',#11828,#11820,#11830,.T.);
#11828 = VERTEX_POINT('',#11829);
#11829 = CARTESIAN_POINT('',(1.7,-0.5,2.1));
#11830 = LINE('',#11831,#11832);
#11831 = CARTESIAN_POINT('',(1.7,-0.5,2.1));
#11832 = VECTOR('',#11833,1.);
#11833 = DIRECTION('',(-0.,-0.,-1.));
#11834 = ORIENTED_EDGE('',*,*,#11835,.F.);
#11835 = EDGE_CURVE('',#11836,#11828,#11838,.T.);
#11836 = VERTEX_POINT('',#11837);
#11837 = CARTESIAN_POINT('',(1.7,-0.37,2.1));
#11838 = LINE('',#11839,#11840);
#11839 = CARTESIAN_POINT('',(1.7,-0.37,2.1));
#11840 = VECTOR('',#11841,1.);
#11841 = DIRECTION('',(0.,-1.,0.));
#11842 = ORIENTED_EDGE('',*,*,#11843,.T.);
#11843 = EDGE_CURVE('',#11836,#11818,#11844,.T.);
#11844 = LINE('',#11845,#11846);
#11845 = CARTESIAN_POINT('',(1.7,-0.37,2.1));
#11846 = VECTOR('',#11847,1.);
#11847 = DIRECTION('',(-0.,-0.,-1.));
#11848 = PLANE('',#11849);
#11849 = AXIS2_PLACEMENT_3D('',#11850,#11851,#11852);
#11850 = CARTESIAN_POINT('',(1.7,-0.37,2.1));
#11851 = DIRECTION('',(1.,0.,-0.));
#11852 = DIRECTION('',(-0.,0.,-1.));
#11853 = ADVANCED_FACE('',(#11854),#11879,.F.);
#11854 = FACE_BOUND('',#11855,.T.);
#11855 = EDGE_LOOP('',(#11856,#11864,#11872,#11878));
#11856 = ORIENTED_EDGE('',*,*,#11857,.T.);
#11857 = EDGE_CURVE('',#11820,#11858,#11860,.T.);
#11858 = VERTEX_POINT('',#11859);
#11859 = CARTESIAN_POINT('',(2.579865183976,-0.5,1.6));
#11860 = LINE('',#11861,#11862);
#11861 = CARTESIAN_POINT('',(1.7,-0.5,1.6));
#11862 = VECTOR('',#11863,1.);
#11863 = DIRECTION('',(1.,-1.232236701975E-16,0.));
#11864 = ORIENTED_EDGE('',*,*,#11865,.F.);
#11865 = EDGE_CURVE('',#11866,#11858,#11868,.T.);
#11866 = VERTEX_POINT('',#11867);
#11867 = CARTESIAN_POINT('',(2.579865183976,-0.5,2.1));
#11868 = LINE('',#11869,#11870);
#11869 = CARTESIAN_POINT('',(2.579865183976,-0.5,2.1));
#11870 = VECTOR('',#11871,1.);
#11871 = DIRECTION('',(-0.,-0.,-1.));
#11872 = ORIENTED_EDGE('',*,*,#11873,.F.);
#11873 = EDGE_CURVE('',#11828,#11866,#11874,.T.);
#11874 = LINE('',#11875,#11876);
#11875 = CARTESIAN_POINT('',(1.7,-0.5,2.1));
#11876 = VECTOR('',#11877,1.);
#11877 = DIRECTION('',(1.,-1.232236701975E-16,0.));
#11878 = ORIENTED_EDGE('',*,*,#11827,.T.);
#11879 = PLANE('',#11880);
#11880 = AXIS2_PLACEMENT_3D('',#11881,#11882,#11883);
#11881 = CARTESIAN_POINT('',(1.7,-0.5,2.1));
#11882 = DIRECTION('',(1.232236701975E-16,1.,-0.));
#11883 = DIRECTION('',(-1.,1.232236701975E-16,0.));
#11884 = ADVANCED_FACE('',(#11885),#11912,.F.);
#11885 = FACE_BOUND('',#11886,.F.);
#11886 = EDGE_LOOP('',(#11887,#11888,#11897,#11905));
#11887 = ORIENTED_EDGE('',*,*,#11865,.F.);
#11888 = ORIENTED_EDGE('',*,*,#11889,.T.);
#11889 = EDGE_CURVE('',#11866,#11890,#11892,.T.);
#11890 = VERTEX_POINT('',#11891);
#11891 = CARTESIAN_POINT('',(2.654306145349,-0.565859799245,2.1));
#11892 = CIRCLE('',#11893,7.5E-02);
#11893 = AXIS2_PLACEMENT_3D('',#11894,#11895,#11896);
#11894 = CARTESIAN_POINT('',(2.579865183976,-0.575,2.1));
#11895 = DIRECTION('',(-0.,0.,-1.));
#11896 = DIRECTION('',(-1.,0.,0.));
#11897 = ORIENTED_EDGE('',*,*,#11898,.T.);
#11898 = EDGE_CURVE('',#11890,#11899,#11901,.T.);
#11899 = VERTEX_POINT('',#11900);
#11900 = CARTESIAN_POINT('',(2.654306145349,-0.565859799245,1.6));
#11901 = LINE('',#11902,#11903);
#11902 = CARTESIAN_POINT('',(2.654306145349,-0.565859799245,2.1));
#11903 = VECTOR('',#11904,1.);
#11904 = DIRECTION('',(-0.,-0.,-1.));
#11905 = ORIENTED_EDGE('',*,*,#11906,.F.);
#11906 = EDGE_CURVE('',#11858,#11899,#11907,.T.);
#11907 = CIRCLE('',#11908,7.5E-02);
#11908 = AXIS2_PLACEMENT_3D('',#11909,#11910,#11911);
#11909 = CARTESIAN_POINT('',(2.579865183976,-0.575,1.6));
#11910 = DIRECTION('',(-0.,0.,-1.));
#11911 = DIRECTION('',(-1.,0.,0.));
#11912 = CYLINDRICAL_SURFACE('',#11913,7.5E-02);
#11913 = AXIS2_PLACEMENT_3D('',#11914,#11915,#11916);
#11914 = CARTESIAN_POINT('',(2.579865183976,-0.575,2.1));
#11915 = DIRECTION('',(-0.,-0.,-1.));
#11916 = DIRECTION('',(-1.,0.,0.));
#11917 = ADVANCED_FACE('',(#11918),#11943,.F.);
#11918 = FACE_BOUND('',#11919,.T.);
#11919 = EDGE_LOOP('',(#11920,#11928,#11936,#11942));
#11920 = ORIENTED_EDGE('',*,*,#11921,.T.);
#11921 = EDGE_CURVE('',#11899,#11922,#11924,.T.);
#11922 = VERTEX_POINT('',#11923);
#11923 = CARTESIAN_POINT('',(2.661490769672,-0.624373868681,1.6));
#11924 = LINE('',#11925,#11926);
#11925 = CARTESIAN_POINT('',(2.654306145349,-0.565859799245,1.6));
#11926 = VECTOR('',#11927,1.);
#11927 = DIRECTION('',(0.121869343405,-0.992546151641,0.));
#11928 = ORIENTED_EDGE('',*,*,#11929,.F.);
#11929 = EDGE_CURVE('',#11930,#11922,#11932,.T.);
#11930 = VERTEX_POINT('',#11931);
#11931 = CARTESIAN_POINT('',(2.661490769672,-0.624373868681,2.1));
#11932 = LINE('',#11933,#11934);
#11933 = CARTESIAN_POINT('',(2.661490769672,-0.624373868681,2.1));
#11934 = VECTOR('',#11935,1.);
#11935 = DIRECTION('',(-0.,-0.,-1.));
#11936 = ORIENTED_EDGE('',*,*,#11937,.F.);
#11937 = EDGE_CURVE('',#11890,#11930,#11938,.T.);
#11938 = LINE('',#11939,#11940);
#11939 = CARTESIAN_POINT('',(2.654306145349,-0.565859799245,2.1));
#11940 = VECTOR('',#11941,1.);
#11941 = DIRECTION('',(0.121869343405,-0.992546151641,0.));
#11942 = ORIENTED_EDGE('',*,*,#11898,.T.);
#11943 = PLANE('',#11944);
#11944 = AXIS2_PLACEMENT_3D('',#11945,#11946,#11947);
#11945 = CARTESIAN_POINT('',(2.654306145349,-0.565859799245,2.1));
#11946 = DIRECTION('',(0.992546151641,0.121869343405,-0.));
#11947 = DIRECTION('',(-0.121869343405,0.992546151641,0.));
#11948 = ADVANCED_FACE('',(#11949),#11976,.T.);
#11949 = FACE_BOUND('',#11950,.T.);
#11950 = EDGE_LOOP('',(#11951,#11960,#11968,#11975));
#11951 = ORIENTED_EDGE('',*,*,#11952,.T.);
#11952 = EDGE_CURVE('',#11922,#11953,#11955,.T.);
#11953 = VERTEX_POINT('',#11954);
#11954 = CARTESIAN_POINT('',(2.86,-0.8,1.6));
#11955 = CIRCLE('',#11956,0.2);
#11956 = AXIS2_PLACEMENT_3D('',#11957,#11958,#11959);
#11957 = CARTESIAN_POINT('',(2.86,-0.6,1.6));
#11958 = DIRECTION('',(0.,0.,1.));
#11959 = DIRECTION('',(1.,0.,-0.));
#11960 = ORIENTED_EDGE('',*,*,#11961,.F.);
#11961 = EDGE_CURVE('',#11962,#11953,#11964,.T.);
#11962 = VERTEX_POINT('',#11963);
#11963 = CARTESIAN_POINT('',(2.86,-0.8,2.1));
#11964 = LINE('',#11965,#11966);
#11965 = CARTESIAN_POINT('',(2.86,-0.8,2.1));
#11966 = VECTOR('',#11967,1.);
#11967 = DIRECTION('',(-0.,-0.,-1.));
#11968 = ORIENTED_EDGE('',*,*,#11969,.F.);
#11969 = EDGE_CURVE('',#11930,#11962,#11970,.T.);
#11970 = CIRCLE('',#11971,0.2);
#11971 = AXIS2_PLACEMENT_3D('',#11972,#11973,#11974);
#11972 = CARTESIAN_POINT('',(2.86,-0.6,2.1));
#11973 = DIRECTION('',(0.,0.,1.));
#11974 = DIRECTION('',(1.,0.,-0.));
#11975 = ORIENTED_EDGE('',*,*,#11929,.T.);
#11976 = CYLINDRICAL_SURFACE('',#11977,0.2);
#11977 = AXIS2_PLACEMENT_3D('',#11978,#11979,#11980);
#11978 = CARTESIAN_POINT('',(2.86,-0.6,2.1));
#11979 = DIRECTION('',(-0.,-0.,-1.));
#11980 = DIRECTION('',(-1.,0.,0.));
#11981 = ADVANCED_FACE('',(#11982),#12007,.F.);
#11982 = FACE_BOUND('',#11983,.T.);
#11983 = EDGE_LOOP('',(#11984,#11992,#12000,#12006));
#11984 = ORIENTED_EDGE('',*,*,#11985,.T.);
#11985 = EDGE_CURVE('',#11953,#11986,#11988,.T.);
#11986 = VERTEX_POINT('',#11987);
#11987 = CARTESIAN_POINT('',(3.3,-0.8,1.6));
#11988 = LINE('',#11989,#11990);
#11989 = CARTESIAN_POINT('',(2.86,-0.8,1.6));
#11990 = VECTOR('',#11991,1.);
#11991 = DIRECTION('',(1.,0.,0.));
#11992 = ORIENTED_EDGE('',*,*,#11993,.F.);
#11993 = EDGE_CURVE('',#11994,#11986,#11996,.T.);
#11994 = VERTEX_POINT('',#11995);
#11995 = CARTESIAN_POINT('',(3.3,-0.8,2.1));
#11996 = LINE('',#11997,#11998);
#11997 = CARTESIAN_POINT('',(3.3,-0.8,2.1));
#11998 = VECTOR('',#11999,1.);
#11999 = DIRECTION('',(-0.,-0.,-1.));
#12000 = ORIENTED_EDGE('',*,*,#12001,.F.);
#12001 = EDGE_CURVE('',#11962,#11994,#12002,.T.);
#12002 = LINE('',#12003,#12004);
#12003 = CARTESIAN_POINT('',(2.86,-0.8,2.1));
#12004 = VECTOR('',#12005,1.);
#12005 = DIRECTION('',(1.,0.,0.));
#12006 = ORIENTED_EDGE('',*,*,#11961,.T.);
#12007 = PLANE('',#12008);
#12008 = AXIS2_PLACEMENT_3D('',#12009,#12010,#12011);
#12009 = CARTESIAN_POINT('',(2.86,-0.8,2.1));
#12010 = DIRECTION('',(0.,1.,0.));
#12011 = DIRECTION('',(0.,-0.,1.));
#12012 = ADVANCED_FACE('',(#12013),#12038,.F.);
#12013 = FACE_BOUND('',#12014,.T.);
#12014 = EDGE_LOOP('',(#12015,#12023,#12031,#12037));
#12015 = ORIENTED_EDGE('',*,*,#12016,.T.);
#12016 = EDGE_CURVE('',#11986,#12017,#12019,.T.);
#12017 = VERTEX_POINT('',#12018);
#12018 = CARTESIAN_POINT('',(3.3,-0.67,1.6));
#12019 = LINE('',#12020,#12021);
#12020 = CARTESIAN_POINT('',(3.3,-0.67,1.6));
#12021 = VECTOR('',#12022,1.);
#12022 = DIRECTION('',(-0.,1.,-0.));
#12023 = ORIENTED_EDGE('',*,*,#12024,.F.);
#12024 = EDGE_CURVE('',#12025,#12017,#12027,.T.);
#12025 = VERTEX_POINT('',#12026);
#12026 = CARTESIAN_POINT('',(3.3,-0.67,2.1));
#12027 = LINE('',#12028,#12029);
#12028 = CARTESIAN_POINT('',(3.3,-0.67,2.1));
#12029 = VECTOR('',#12030,1.);
#12030 = DIRECTION('',(-0.,-0.,-1.));
#12031 = ORIENTED_EDGE('',*,*,#12032,.F.);
#12032 = EDGE_CURVE('',#11994,#12025,#12033,.T.);
#12033 = LINE('',#12034,#12035);
#12034 = CARTESIAN_POINT('',(3.3,-0.67,2.1));
#12035 = VECTOR('',#12036,1.);
#12036 = DIRECTION('',(-0.,1.,-0.));
#12037 = ORIENTED_EDGE('',*,*,#11993,.T.);
#12038 = PLANE('',#12039);
#12039 = AXIS2_PLACEMENT_3D('',#12040,#12041,#12042);
#12040 = CARTESIAN_POINT('',(3.3,-0.67,2.1));
#12041 = DIRECTION('',(-1.,0.,0.));
#12042 = DIRECTION('',(0.,0.,1.));
#12043 = ADVANCED_FACE('',(#12044),#12069,.F.);
#12044 = FACE_BOUND('',#12045,.T.);
#12045 = EDGE_LOOP('',(#12046,#12054,#12062,#12068));
#12046 = ORIENTED_EDGE('',*,*,#12047,.T.);
#12047 = EDGE_CURVE('',#12017,#12048,#12050,.T.);
#12048 = VERTEX_POINT('',#12049);
#12049 = CARTESIAN_POINT('',(2.86,-0.67,1.6));
#12050 = LINE('',#12051,#12052);
#12051 = CARTESIAN_POINT('',(2.86,-0.67,1.6));
#12052 = VECTOR('',#12053,1.);
#12053 = DIRECTION('',(-1.,-2.464095846558E-16,-0.));
#12054 = ORIENTED_EDGE('',*,*,#12055,.F.);
#12055 = EDGE_CURVE('',#12056,#12048,#12058,.T.);
#12056 = VERTEX_POINT('',#12057);
#12057 = CARTESIAN_POINT('',(2.86,-0.67,2.1));
#12058 = LINE('',#12059,#12060);
#12059 = CARTESIAN_POINT('',(2.86,-0.67,2.1));
#12060 = VECTOR('',#12061,1.);
#12061 = DIRECTION('',(-0.,-0.,-1.));
#12062 = ORIENTED_EDGE('',*,*,#12063,.F.);
#12063 = EDGE_CURVE('',#12025,#12056,#12064,.T.);
#12064 = LINE('',#12065,#12066);
#12065 = CARTESIAN_POINT('',(2.86,-0.67,2.1));
#12066 = VECTOR('',#12067,1.);
#12067 = DIRECTION('',(-1.,-2.464095846558E-16,-0.));
#12068 = ORIENTED_EDGE('',*,*,#12024,.T.);
#12069 = PLANE('',#12070);
#12070 = AXIS2_PLACEMENT_3D('',#12071,#12072,#12073);
#12071 = CARTESIAN_POINT('',(2.86,-0.67,2.1));
#12072 = DIRECTION('',(2.464095846558E-16,-1.,0.));
#12073 = DIRECTION('',(1.,2.464095846558E-16,0.));
#12074 = ADVANCED_FACE('',(#12075),#12102,.F.);
#12075 = FACE_BOUND('',#12076,.F.);
#12076 = EDGE_LOOP('',(#12077,#12078,#12087,#12095));
#12077 = ORIENTED_EDGE('',*,*,#12055,.F.);
#12078 = ORIENTED_EDGE('',*,*,#12079,.T.);
#12079 = EDGE_CURVE('',#12056,#12080,#12082,.T.);
#12080 = VERTEX_POINT('',#12081);
#12081 = CARTESIAN_POINT('',(2.790521769385,-0.608530854038,2.1));
#12082 = CIRCLE('',#12083,7.E-02);
#12083 = AXIS2_PLACEMENT_3D('',#12084,#12085,#12086);
#12084 = CARTESIAN_POINT('',(2.86,-0.6,2.1));
#12085 = DIRECTION('',(0.,0.,-1.));
#12086 = DIRECTION('',(1.,0.,0.));
#12087 = ORIENTED_EDGE('',*,*,#12088,.T.);
#12088 = EDGE_CURVE('',#12080,#12089,#12091,.T.);
#12089 = VERTEX_POINT('',#12090);
#12090 = CARTESIAN_POINT('',(2.790521769385,-0.608530854038,1.6));
#12091 = LINE('',#12092,#12093);
#12092 = CARTESIAN_POINT('',(2.790521769385,-0.608530854038,2.1));
#12093 = VECTOR('',#12094,1.);
#12094 = DIRECTION('',(-0.,-0.,-1.));
#12095 = ORIENTED_EDGE('',*,*,#12096,.F.);
#12096 = EDGE_CURVE('',#12048,#12089,#12097,.T.);
#12097 = CIRCLE('',#12098,7.E-02);
#12098 = AXIS2_PLACEMENT_3D('',#12099,#12100,#12101);
#12099 = CARTESIAN_POINT('',(2.86,-0.6,1.6));
#12100 = DIRECTION('',(0.,0.,-1.));
#12101 = DIRECTION('',(1.,0.,0.));
#12102 = CYLINDRICAL_SURFACE('',#12103,7.E-02);
#12103 = AXIS2_PLACEMENT_3D('',#12104,#12105,#12106);
#12104 = CARTESIAN_POINT('',(2.86,-0.6,2.1));
#12105 = DIRECTION('',(-0.,-0.,-1.));
#12106 = DIRECTION('',(-1.,0.,0.));
#12107 = ADVANCED_FACE('',(#12108),#12133,.F.);
#12108 = FACE_BOUND('',#12109,.T.);
#12109 = EDGE_LOOP('',(#12110,#12118,#12126,#12132));
#12110 = ORIENTED_EDGE('',*,*,#12111,.T.);
#12111 = EDGE_CURVE('',#12089,#12112,#12114,.T.);
#12112 = VERTEX_POINT('',#12113);
#12113 = CARTESIAN_POINT('',(2.783337145063,-0.550016784602,1.6));
#12114 = LINE('',#12115,#12116);
#12115 = CARTESIAN_POINT('',(2.783337145063,-0.550016784602,1.6));
#12116 = VECTOR('',#12117,1.);
#12117 = DIRECTION('',(-0.121869343405,0.992546151641,-0.));
#12118 = ORIENTED_EDGE('',*,*,#12119,.F.);
#12119 = EDGE_CURVE('',#12120,#12112,#12122,.T.);
#12120 = VERTEX_POINT('',#12121);
#12121 = CARTESIAN_POINT('',(2.783337145063,-0.550016784602,2.1));
#12122 = LINE('',#12123,#12124);
#12123 = CARTESIAN_POINT('',(2.783337145063,-0.550016784602,2.1));
#12124 = VECTOR('',#12125,1.);
#12125 = DIRECTION('',(-0.,-0.,-1.));
#12126 = ORIENTED_EDGE('',*,*,#12127,.F.);
#12127 = EDGE_CURVE('',#12080,#12120,#12128,.T.);
#12128 = LINE('',#12129,#12130);
#12129 = CARTESIAN_POINT('',(2.783337145063,-0.550016784602,2.1));
#12130 = VECTOR('',#12131,1.);
#12131 = DIRECTION('',(-0.121869343405,0.992546151641,-0.));
#12132 = ORIENTED_EDGE('',*,*,#12088,.T.);
#12133 = PLANE('',#12134);
#12134 = AXIS2_PLACEMENT_3D('',#12135,#12136,#12137);
#12135 = CARTESIAN_POINT('',(2.783337145063,-0.550016784602,2.1));
#12136 = DIRECTION('',(-0.992546151641,-0.121869343405,0.));
#12137 = DIRECTION('',(0.121869343405,-0.992546151641,0.));
#12138 = ADVANCED_FACE('',(#12139),#12166,.T.);
#12139 = FACE_BOUND('',#12140,.T.);
#12140 = EDGE_LOOP('',(#12141,#12150,#12158,#12165));
#12141 = ORIENTED_EDGE('',*,*,#12142,.T.);
#12142 = EDGE_CURVE('',#12112,#12143,#12145,.T.);
#12143 = VERTEX_POINT('',#12144);
#12144 = CARTESIAN_POINT('',(2.579865183976,-0.37,1.6));
#12145 = CIRCLE('',#12146,0.205);
#12146 = AXIS2_PLACEMENT_3D('',#12147,#12148,#12149);
#12147 = CARTESIAN_POINT('',(2.579865183976,-0.575,1.6));
#12148 = DIRECTION('',(0.,0.,1.));
#12149 = DIRECTION('',(-1.,0.,0.));
#12150 = ORIENTED_EDGE('',*,*,#12151,.F.);
#12151 = EDGE_CURVE('',#12152,#12143,#12154,.T.);
#12152 = VERTEX_POINT('',#12153);
#12153 = CARTESIAN_POINT('',(2.579865183976,-0.37,2.1));
#12154 = LINE('',#12155,#12156);
#12155 = CARTESIAN_POINT('',(2.579865183976,-0.37,2.1));
#12156 = VECTOR('',#12157,1.);
#12157 = DIRECTION('',(-0.,-0.,-1.));
#12158 = ORIENTED_EDGE('',*,*,#12159,.F.);
#12159 = EDGE_CURVE('',#12120,#12152,#12160,.T.);
#12160 = CIRCLE('',#12161,0.205);
#12161 = AXIS2_PLACEMENT_3D('',#12162,#12163,#12164);
#12162 = CARTESIAN_POINT('',(2.579865183976,-0.575,2.1));
#12163 = DIRECTION('',(0.,0.,1.));
#12164 = DIRECTION('',(-1.,0.,0.));
#12165 = ORIENTED_EDGE('',*,*,#12119,.T.);
#12166 = CYLINDRICAL_SURFACE('',#12167,0.205);
#12167 = AXIS2_PLACEMENT_3D('',#12168,#12169,#12170);
#12168 = CARTESIAN_POINT('',(2.579865183976,-0.575,2.1));
#12169 = DIRECTION('',(-0.,-0.,-1.));
#12170 = DIRECTION('',(-1.,0.,0.));
#12171 = ADVANCED_FACE('',(#12172),#12188,.F.);
#12172 = FACE_BOUND('',#12173,.T.);
#12173 = EDGE_LOOP('',(#12174,#12180,#12181,#12187));
#12174 = ORIENTED_EDGE('',*,*,#12175,.T.);
#12175 = EDGE_CURVE('',#12143,#11818,#12176,.T.);
#12176 = LINE('',#12177,#12178);
#12177 = CARTESIAN_POINT('',(1.7,-0.37,1.6));
#12178 = VECTOR('',#12179,1.);
#12179 = DIRECTION('',(-1.,-0.,-0.));
#12180 = ORIENTED_EDGE('',*,*,#11843,.F.);
#12181 = ORIENTED_EDGE('',*,*,#12182,.F.);
#12182 = EDGE_CURVE('',#12152,#11836,#12183,.T.);
#12183 = LINE('',#12184,#12185);
#12184 = CARTESIAN_POINT('',(1.7,-0.37,2.1));
#12185 = VECTOR('',#12186,1.);
#12186 = DIRECTION('',(-1.,-0.,-0.));
#12187 = ORIENTED_EDGE('',*,*,#12151,.T.);
#12188 = PLANE('',#12189);
#12189 = AXIS2_PLACEMENT_3D('',#12190,#12191,#12192);
#12190 = CARTESIAN_POINT('',(1.7,-0.37,2.1));
#12191 = DIRECTION('',(0.,-1.,0.));
#12192 = DIRECTION('',(0.,-0.,-1.));
#12193 = ADVANCED_FACE('',(#12194),#12208,.F.);
#12194 = FACE_BOUND('',#12195,.T.);
#12195 = EDGE_LOOP('',(#12196,#12197,#12198,#12199,#12200,#12201,#12202,
    #12203,#12204,#12205,#12206,#12207));
#12196 = ORIENTED_EDGE('',*,*,#11835,.T.);
#12197 = ORIENTED_EDGE('',*,*,#11873,.T.);
#12198 = ORIENTED_EDGE('',*,*,#11889,.T.);
#12199 = ORIENTED_EDGE('',*,*,#11937,.T.);
#12200 = ORIENTED_EDGE('',*,*,#11969,.T.);
#12201 = ORIENTED_EDGE('',*,*,#12001,.T.);
#12202 = ORIENTED_EDGE('',*,*,#12032,.T.);
#12203 = ORIENTED_EDGE('',*,*,#12063,.T.);
#12204 = ORIENTED_EDGE('',*,*,#12079,.T.);
#12205 = ORIENTED_EDGE('',*,*,#12127,.T.);
#12206 = ORIENTED_EDGE('',*,*,#12159,.T.);
#12207 = ORIENTED_EDGE('',*,*,#12182,.T.);
#12208 = PLANE('',#12209);
#12209 = AXIS2_PLACEMENT_3D('',#12210,#12211,#12212);
#12210 = CARTESIAN_POINT('',(2.579865183976,-0.575,2.1));
#12211 = DIRECTION('',(-0.,0.,-1.));
#12212 = DIRECTION('',(-1.,0.,0.));
#12213 = ADVANCED_FACE('',(#12214),#12228,.T.);
#12214 = FACE_BOUND('',#12215,.T.);
#12215 = EDGE_LOOP('',(#12216,#12217,#12218,#12219,#12220,#12221,#12222,
    #12223,#12224,#12225,#12226,#12227));
#12216 = ORIENTED_EDGE('',*,*,#11817,.F.);
#12217 = ORIENTED_EDGE('',*,*,#12175,.F.);
#12218 = ORIENTED_EDGE('',*,*,#12142,.F.);
#12219 = ORIENTED_EDGE('',*,*,#12111,.F.);
#12220 = ORIENTED_EDGE('',*,*,#12096,.F.);
#12221 = ORIENTED_EDGE('',*,*,#12047,.F.);
#12222 = ORIENTED_EDGE('',*,*,#12016,.F.);
#12223 = ORIENTED_EDGE('',*,*,#11985,.F.);
#12224 = ORIENTED_EDGE('',*,*,#11952,.F.);
#12225 = ORIENTED_EDGE('',*,*,#11921,.F.);
#12226 = ORIENTED_EDGE('',*,*,#11906,.F.);
#12227 = ORIENTED_EDGE('',*,*,#11857,.F.);
#12228 = PLANE('',#12229);
#12229 = AXIS2_PLACEMENT_3D('',#12230,#12231,#12232);
#12230 = CARTESIAN_POINT('',(2.579865183976,-0.575,1.6));
#12231 = DIRECTION('',(-0.,0.,-1.));
#12232 = DIRECTION('',(-1.,0.,0.));
#12233 = MANIFOLD_SOLID_BREP('',#12234);
#12234 = CLOSED_SHELL('',(#12235,#12309,#12340,#12405,#12436,#12501,
    #12532,#12597,#12619,#12635,#12651,#12674,#12697,#12714,#12726,
    #12749,#12772,#12789,#12801,#12824,#12847,#12864,#12876,#12899,
    #12922,#12939));
#12235 = ADVANCED_FACE('',(#12236,#12270),#12304,.F.);
#12236 = FACE_BOUND('',#12237,.T.);
#12237 = EDGE_LOOP('',(#12238,#12248,#12256,#12264));
#12238 = ORIENTED_EDGE('',*,*,#12239,.T.);
#12239 = EDGE_CURVE('',#12240,#12242,#12244,.T.);
#12240 = VERTEX_POINT('',#12241);
#12241 = CARTESIAN_POINT('',(1.7,-0.37,2.1));
#12242 = VERTEX_POINT('',#12243);
#12243 = CARTESIAN_POINT('',(2.2,-0.37,1.6));
#12244 = LINE('',#12245,#12246);
#12245 = CARTESIAN_POINT('',(1.45,-0.37,2.35));
#12246 = VECTOR('',#12247,1.);
#12247 = DIRECTION('',(0.707106781187,0.,-0.707106781187));
#12248 = ORIENTED_EDGE('',*,*,#12249,.T.);
#12249 = EDGE_CURVE('',#12242,#12250,#12252,.T.);
#12250 = VERTEX_POINT('',#12251);
#12251 = CARTESIAN_POINT('',(2.2,-0.5,1.6));
#12252 = LINE('',#12253,#12254);
#12253 = CARTESIAN_POINT('',(2.2,-0.75,1.6));
#12254 = VECTOR('',#12255,1.);
#12255 = DIRECTION('',(0.,-1.,0.));
#12256 = ORIENTED_EDGE('',*,*,#12257,.T.);
#12257 = EDGE_CURVE('',#12250,#12258,#12260,.T.);
#12258 = VERTEX_POINT('',#12259);
#12259 = CARTESIAN_POINT('',(1.7,-0.5,2.1));
#12260 = LINE('',#12261,#12262);
#12261 = CARTESIAN_POINT('',(1.45,-0.5,2.35));
#12262 = VECTOR('',#12263,1.);
#12263 = DIRECTION('',(-0.707106781187,8.713229279935E-17,0.707106781187
    ));
#12264 = ORIENTED_EDGE('',*,*,#12265,.F.);
#12265 = EDGE_CURVE('',#12240,#12258,#12266,.T.);
#12266 = LINE('',#12267,#12268);
#12267 = CARTESIAN_POINT('',(1.7,-0.37,2.1));
#12268 = VECTOR('',#12269,1.);
#12269 = DIRECTION('',(0.,-1.,0.));
#12270 = FACE_BOUND('',#12271,.T.);
#12271 = EDGE_LOOP('',(#12272,#12282,#12290,#12298));
#12272 = ORIENTED_EDGE('',*,*,#12273,.T.);
#12273 = EDGE_CURVE('',#12274,#12276,#12278,.T.);
#12274 = VERTEX_POINT('',#12275);
#12275 = CARTESIAN_POINT('',(2.35,-0.15,1.45));
#12276 = VERTEX_POINT('',#12277);
#12277 = CARTESIAN_POINT('',(1.45,-0.15,2.35));
#12278 = LINE('',#12279,#12280);
#12279 = CARTESIAN_POINT('',(1.45,-0.15,2.35));
#12280 = VECTOR('',#12281,1.);
#12281 = DIRECTION('',(-0.707106781187,-0.,0.707106781187));
#12282 = ORIENTED_EDGE('',*,*,#12283,.F.);
#12283 = EDGE_CURVE('',#12284,#12276,#12286,.T.);
#12284 = VERTEX_POINT('',#12285);
#12285 = CARTESIAN_POINT('',(1.45,-0.75,2.35));
#12286 = LINE('',#12287,#12288);
#12287 = CARTESIAN_POINT('',(1.45,-0.75,2.35));
#12288 = VECTOR('',#12289,1.);
#12289 = DIRECTION('',(-0.,1.,-0.));
#12290 = ORIENTED_EDGE('',*,*,#12291,.F.);
#12291 = EDGE_CURVE('',#12292,#12284,#12294,.T.);
#12292 = VERTEX_POINT('',#12293);
#12293 = CARTESIAN_POINT('',(2.35,-0.75,1.45));
#12294 = LINE('',#12295,#12296);
#12295 = CARTESIAN_POINT('',(1.45,-0.75,2.35));
#12296 = VECTOR('',#12297,1.);
#12297 = DIRECTION('',(-0.707106781187,-0.,0.707106781187));
#12298 = ORIENTED_EDGE('',*,*,#12299,.T.);
#12299 = EDGE_CURVE('',#12292,#12274,#12300,.T.);
#12300 = LINE('',#12301,#12302);
#12301 = CARTESIAN_POINT('',(2.35,-0.75,1.45));
#12302 = VECTOR('',#12303,1.);
#12303 = DIRECTION('',(-0.,1.,-0.));
#12304 = PLANE('',#12305);
#12305 = AXIS2_PLACEMENT_3D('',#12306,#12307,#12308);
#12306 = CARTESIAN_POINT('',(1.45,-0.75,2.35));
#12307 = DIRECTION('',(-0.707106781187,0.,-0.707106781187));
#12308 = DIRECTION('',(-0.707106781187,0.,0.707106781187));
#12309 = ADVANCED_FACE('',(#12310),#12335,.F.);
#12310 = FACE_BOUND('',#12311,.T.);
#12311 = EDGE_LOOP('',(#12312,#12320,#12328,#12334));
#12312 = ORIENTED_EDGE('',*,*,#12313,.T.);
#12313 = EDGE_CURVE('',#12276,#12314,#12316,.T.);
#12314 = VERTEX_POINT('',#12315);
#12315 = CARTESIAN_POINT('',(-1.45,-0.15,2.35));
#12316 = LINE('',#12317,#12318);
#12317 = CARTESIAN_POINT('',(-1.45,-0.15,2.35));
#12318 = VECTOR('',#12319,1.);
#12319 = DIRECTION('',(-1.,-0.,-0.));
#12320 = ORIENTED_EDGE('',*,*,#12321,.F.);
#12321 = EDGE_CURVE('',#12322,#12314,#12324,.T.);
#12322 = VERTEX_POINT('',#12323);
#12323 = CARTESIAN_POINT('',(-1.45,-0.75,2.35));
#12324 = LINE('',#12325,#12326);
#12325 = CARTESIAN_POINT('',(-1.45,-0.75,2.35));
#12326 = VECTOR('',#12327,1.);
#12327 = DIRECTION('',(-0.,1.,-0.));
#12328 = ORIENTED_EDGE('',*,*,#12329,.F.);
#12329 = EDGE_CURVE('',#12284,#12322,#12330,.T.);
#12330 = LINE('',#12331,#12332);
#12331 = CARTESIAN_POINT('',(-1.45,-0.75,2.35));
#12332 = VECTOR('',#12333,1.);
#12333 = DIRECTION('',(-1.,-0.,-0.));
#12334 = ORIENTED_EDGE('',*,*,#12283,.T.);
#12335 = PLANE('',#12336);
#12336 = AXIS2_PLACEMENT_3D('',#12337,#12338,#12339);
#12337 = CARTESIAN_POINT('',(-1.45,-0.75,2.35));
#12338 = DIRECTION('',(0.,0.,-1.));
#12339 = DIRECTION('',(-1.,0.,-0.));
#12340 = ADVANCED_FACE('',(#12341,#12375),#12400,.F.);
#12341 = FACE_BOUND('',#12342,.T.);
#12342 = EDGE_LOOP('',(#12343,#12353,#12361,#12369));
#12343 = ORIENTED_EDGE('',*,*,#12344,.F.);
#12344 = EDGE_CURVE('',#12345,#12347,#12349,.T.);
#12345 = VERTEX_POINT('',#12346);
#12346 = CARTESIAN_POINT('',(-2.2,-0.5,1.6));
#12347 = VERTEX_POINT('',#12348);
#12348 = CARTESIAN_POINT('',(-1.7,-0.5,2.1));
#12349 = LINE('',#12350,#12351);
#12350 = CARTESIAN_POINT('',(-2.35,-0.5,1.45));
#12351 = VECTOR('',#12352,1.);
#12352 = DIRECTION('',(0.707106781187,8.713229279935E-17,0.707106781187)
  );
#12353 = ORIENTED_EDGE('',*,*,#12354,.T.);
#12354 = EDGE_CURVE('',#12345,#12355,#12357,.T.);
#12355 = VERTEX_POINT('',#12356);
#12356 = CARTESIAN_POINT('',(-2.2,-0.37,1.6));
#12357 = LINE('',#12358,#12359);
#12358 = CARTESIAN_POINT('',(-2.2,-0.75,1.6));
#12359 = VECTOR('',#12360,1.);
#12360 = DIRECTION('',(0.,1.,0.));
#12361 = ORIENTED_EDGE('',*,*,#12362,.F.);
#12362 = EDGE_CURVE('',#12363,#12355,#12365,.T.);
#12363 = VERTEX_POINT('',#12364);
#12364 = CARTESIAN_POINT('',(-1.7,-0.37,2.1));
#12365 = LINE('',#12366,#12367);
#12366 = CARTESIAN_POINT('',(-2.35,-0.37,1.45));
#12367 = VECTOR('',#12368,1.);
#12368 = DIRECTION('',(-0.707106781187,0.,-0.707106781187));
#12369 = ORIENTED_EDGE('',*,*,#12370,.T.);
#12370 = EDGE_CURVE('',#12363,#12347,#12371,.T.);
#12371 = LINE('',#12372,#12373);
#12372 = CARTESIAN_POINT('',(-1.7,-0.37,2.1));
#12373 = VECTOR('',#12374,1.);
#12374 = DIRECTION('',(0.,-1.,0.));
#12375 = FACE_BOUND('',#12376,.T.);
#12376 = EDGE_LOOP('',(#12377,#12385,#12393,#12399));
#12377 = ORIENTED_EDGE('',*,*,#12378,.T.);
#12378 = EDGE_CURVE('',#12314,#12379,#12381,.T.);
#12379 = VERTEX_POINT('',#12380);
#12380 = CARTESIAN_POINT('',(-2.35,-0.15,1.45));
#12381 = LINE('',#12382,#12383);
#12382 = CARTESIAN_POINT('',(-2.35,-0.15,1.45));
#12383 = VECTOR('',#12384,1.);
#12384 = DIRECTION('',(-0.707106781187,-0.,-0.707106781187));
#12385 = ORIENTED_EDGE('',*,*,#12386,.F.);
#12386 = EDGE_CURVE('',#12387,#12379,#12389,.T.);
#12387 = VERTEX_POINT('',#12388);
#12388 = CARTESIAN_POINT('',(-2.35,-0.75,1.45));
#12389 = LINE('',#12390,#12391);
#12390 = CARTESIAN_POINT('',(-2.35,-0.75,1.45));
#12391 = VECTOR('',#12392,1.);
#12392 = DIRECTION('',(-0.,1.,-0.));
#12393 = ORIENTED_EDGE('',*,*,#12394,.F.);
#12394 = EDGE_CURVE('',#12322,#12387,#12395,.T.);
#12395 = LINE('',#12396,#12397);
#12396 = CARTESIAN_POINT('',(-2.35,-0.75,1.45));
#12397 = VECTOR('',#12398,1.);
#12398 = DIRECTION('',(-0.707106781187,-0.,-0.707106781187));
#12399 = ORIENTED_EDGE('',*,*,#12321,.T.);
#12400 = PLANE('',#12401);
#12401 = AXIS2_PLACEMENT_3D('',#12402,#12403,#12404);
#12402 = CARTESIAN_POINT('',(-2.35,-0.75,1.45));
#12403 = DIRECTION('',(0.707106781187,0.,-0.707106781187));
#12404 = DIRECTION('',(-0.707106781187,0.,-0.707106781187));
#12405 = ADVANCED_FACE('',(#12406),#12431,.F.);
#12406 = FACE_BOUND('',#12407,.T.);
#12407 = EDGE_LOOP('',(#12408,#12416,#12424,#12430));
#12408 = ORIENTED_EDGE('',*,*,#12409,.T.);
#12409 = EDGE_CURVE('',#12379,#12410,#12412,.T.);
#12410 = VERTEX_POINT('',#12411);
#12411 = CARTESIAN_POINT('',(-2.35,-0.15,-1.45));
#12412 = LINE('',#12413,#12414);
#12413 = CARTESIAN_POINT('',(-2.35,-0.15,-1.45));
#12414 = VECTOR('',#12415,1.);
#12415 = DIRECTION('',(-0.,-0.,-1.));
#12416 = ORIENTED_EDGE('',*,*,#12417,.F.);
#12417 = EDGE_CURVE('',#12418,#12410,#12420,.T.);
#12418 = VERTEX_POINT('',#12419);
#12419 = CARTESIAN_POINT('',(-2.35,-0.75,-1.45));
#12420 = LINE('',#12421,#12422);
#12421 = CARTESIAN_POINT('',(-2.35,-0.75,-1.45));
#12422 = VECTOR('',#12423,1.);
#12423 = DIRECTION('',(-0.,1.,-0.));
#12424 = ORIENTED_EDGE('',*,*,#12425,.F.);
#12425 = EDGE_CURVE('',#12387,#12418,#12426,.T.);
#12426 = LINE('',#12427,#12428);
#12427 = CARTESIAN_POINT('',(-2.35,-0.75,-1.45));
#12428 = VECTOR('',#12429,1.);
#12429 = DIRECTION('',(-0.,-0.,-1.));
#12430 = ORIENTED_EDGE('',*,*,#12386,.T.);
#12431 = PLANE('',#12432);
#12432 = AXIS2_PLACEMENT_3D('',#12433,#12434,#12435);
#12433 = CARTESIAN_POINT('',(-2.35,-0.75,-1.45));
#12434 = DIRECTION('',(1.,0.,-0.));
#12435 = DIRECTION('',(-0.,0.,-1.));
#12436 = ADVANCED_FACE('',(#12437,#12471),#12496,.F.);
#12437 = FACE_BOUND('',#12438,.T.);
#12438 = EDGE_LOOP('',(#12439,#12449,#12457,#12465));
#12439 = ORIENTED_EDGE('',*,*,#12440,.T.);
#12440 = EDGE_CURVE('',#12441,#12443,#12445,.T.);
#12441 = VERTEX_POINT('',#12442);
#12442 = CARTESIAN_POINT('',(-1.7,-0.37,-2.1));
#12443 = VERTEX_POINT('',#12444);
#12444 = CARTESIAN_POINT('',(-2.2,-0.37,-1.6));
#12445 = LINE('',#12446,#12447);
#12446 = CARTESIAN_POINT('',(-2.35,-0.37,-1.45));
#12447 = VECTOR('',#12448,1.);
#12448 = DIRECTION('',(-0.707106781187,0.,0.707106781187));
#12449 = ORIENTED_EDGE('',*,*,#12450,.T.);
#12450 = EDGE_CURVE('',#12443,#12451,#12453,.T.);
#12451 = VERTEX_POINT('',#12452);
#12452 = CARTESIAN_POINT('',(-2.2,-0.5,-1.6));
#12453 = LINE('',#12454,#12455);
#12454 = CARTESIAN_POINT('',(-2.2,-0.75,-1.6));
#12455 = VECTOR('',#12456,1.);
#12456 = DIRECTION('',(0.,-1.,-0.));
#12457 = ORIENTED_EDGE('',*,*,#12458,.T.);
#12458 = EDGE_CURVE('',#12451,#12459,#12461,.T.);
#12459 = VERTEX_POINT('',#12460);
#12460 = CARTESIAN_POINT('',(-1.7,-0.5,-2.1));
#12461 = LINE('',#12462,#12463);
#12462 = CARTESIAN_POINT('',(-2.35,-0.5,-1.45));
#12463 = VECTOR('',#12464,1.);
#12464 = DIRECTION('',(0.707106781187,8.713229279935E-17,-0.707106781187
    ));
#12465 = ORIENTED_EDGE('',*,*,#12466,.F.);
#12466 = EDGE_CURVE('',#12441,#12459,#12467,.T.);
#12467 = LINE('',#12468,#12469);
#12468 = CARTESIAN_POINT('',(-1.7,-0.37,-2.1));
#12469 = VECTOR('',#12470,1.);
#12470 = DIRECTION('',(0.,-1.,0.));
#12471 = FACE_BOUND('',#12472,.T.);
#12472 = EDGE_LOOP('',(#12473,#12481,#12489,#12495));
#12473 = ORIENTED_EDGE('',*,*,#12474,.T.);
#12474 = EDGE_CURVE('',#12410,#12475,#12477,.T.);
#12475 = VERTEX_POINT('',#12476);
#12476 = CARTESIAN_POINT('',(-1.45,-0.15,-2.35));
#12477 = LINE('',#12478,#12479);
#12478 = CARTESIAN_POINT('',(-2.35,-0.15,-1.45));
#12479 = VECTOR('',#12480,1.);
#12480 = DIRECTION('',(0.707106781187,0.,-0.707106781187));
#12481 = ORIENTED_EDGE('',*,*,#12482,.F.);
#12482 = EDGE_CURVE('',#12483,#12475,#12485,.T.);
#12483 = VERTEX_POINT('',#12484);
#12484 = CARTESIAN_POINT('',(-1.45,-0.75,-2.35));
#12485 = LINE('',#12486,#12487);
#12486 = CARTESIAN_POINT('',(-1.45,-0.75,-2.35));
#12487 = VECTOR('',#12488,1.);
#12488 = DIRECTION('',(-0.,1.,-0.));
#12489 = ORIENTED_EDGE('',*,*,#12490,.F.);
#12490 = EDGE_CURVE('',#12418,#12483,#12491,.T.);
#12491 = LINE('',#12492,#12493);
#12492 = CARTESIAN_POINT('',(-2.35,-0.75,-1.45));
#12493 = VECTOR('',#12494,1.);
#12494 = DIRECTION('',(0.707106781187,0.,-0.707106781187));
#12495 = ORIENTED_EDGE('',*,*,#12417,.T.);
#12496 = PLANE('',#12497);
#12497 = AXIS2_PLACEMENT_3D('',#12498,#12499,#12500);
#12498 = CARTESIAN_POINT('',(-2.35,-0.75,-1.45));
#12499 = DIRECTION('',(0.707106781187,0.,0.707106781187));
#12500 = DIRECTION('',(0.707106781187,0.,-0.707106781187));
#12501 = ADVANCED_FACE('',(#12502),#12527,.F.);
#12502 = FACE_BOUND('',#12503,.T.);
#12503 = EDGE_LOOP('',(#12504,#12512,#12520,#12526));
#12504 = ORIENTED_EDGE('',*,*,#12505,.T.);
#12505 = EDGE_CURVE('',#12475,#12506,#12508,.T.);
#12506 = VERTEX_POINT('',#12507);
#12507 = CARTESIAN_POINT('',(1.45,-0.15,-2.35));
#12508 = LINE('',#12509,#12510);
#12509 = CARTESIAN_POINT('',(-1.45,-0.15,-2.35));
#12510 = VECTOR('',#12511,1.);
#12511 = DIRECTION('',(1.,0.,0.));
#12512 = ORIENTED_EDGE('',*,*,#12513,.F.);
#12513 = EDGE_CURVE('',#12514,#12506,#12516,.T.);
#12514 = VERTEX_POINT('',#12515);
#12515 = CARTESIAN_POINT('',(1.45,-0.75,-2.35));
#12516 = LINE('',#12517,#12518);
#12517 = CARTESIAN_POINT('',(1.45,-0.75,-2.35));
#12518 = VECTOR('',#12519,1.);
#12519 = DIRECTION('',(-0.,1.,-0.));
#12520 = ORIENTED_EDGE('',*,*,#12521,.F.);
#12521 = EDGE_CURVE('',#12483,#12514,#12522,.T.);
#12522 = LINE('',#12523,#12524);
#12523 = CARTESIAN_POINT('',(-1.45,-0.75,-2.35));
#12524 = VECTOR('',#12525,1.);
#12525 = DIRECTION('',(1.,0.,0.));
#12526 = ORIENTED_EDGE('',*,*,#12482,.T.);
#12527 = PLANE('',#12528);
#12528 = AXIS2_PLACEMENT_3D('',#12529,#12530,#12531);
#12529 = CARTESIAN_POINT('',(-1.45,-0.75,-2.35));
#12530 = DIRECTION('',(-0.,0.,1.));
#12531 = DIRECTION('',(1.,0.,0.));
#12532 = ADVANCED_FACE('',(#12533,#12567),#12592,.F.);
#12533 = FACE_BOUND('',#12534,.T.);
#12534 = EDGE_LOOP('',(#12535,#12545,#12553,#12561));
#12535 = ORIENTED_EDGE('',*,*,#12536,.F.);
#12536 = EDGE_CURVE('',#12537,#12539,#12541,.T.);
#12537 = VERTEX_POINT('',#12538);
#12538 = CARTESIAN_POINT('',(2.2,-0.5,-1.6));
#12539 = VERTEX_POINT('',#12540);
#12540 = CARTESIAN_POINT('',(1.7,-0.5,-2.1));
#12541 = LINE('',#12542,#12543);
#12542 = CARTESIAN_POINT('',(1.45,-0.5,-2.35));
#12543 = VECTOR('',#12544,1.);
#12544 = DIRECTION('',(-0.707106781187,8.713229279935E-17,
    -0.707106781187));
#12545 = ORIENTED_EDGE('',*,*,#12546,.T.);
#12546 = EDGE_CURVE('',#12537,#12547,#12549,.T.);
#12547 = VERTEX_POINT('',#12548);
#12548 = CARTESIAN_POINT('',(2.2,-0.37,-1.6));
#12549 = LINE('',#12550,#12551);
#12550 = CARTESIAN_POINT('',(2.2,-0.75,-1.6));
#12551 = VECTOR('',#12552,1.);
#12552 = DIRECTION('',(0.,1.,0.));
#12553 = ORIENTED_EDGE('',*,*,#12554,.F.);
#12554 = EDGE_CURVE('',#12555,#12547,#12557,.T.);
#12555 = VERTEX_POINT('',#12556);
#12556 = CARTESIAN_POINT('',(1.7,-0.37,-2.1));
#12557 = LINE('',#12558,#12559);
#12558 = CARTESIAN_POINT('',(1.45,-0.37,-2.35));
#12559 = VECTOR('',#12560,1.);
#12560 = DIRECTION('',(0.707106781187,0.,0.707106781187));
#12561 = ORIENTED_EDGE('',*,*,#12562,.T.);
#12562 = EDGE_CURVE('',#12555,#12539,#12563,.T.);
#12563 = LINE('',#12564,#12565);
#12564 = CARTESIAN_POINT('',(1.7,-0.37,-2.1));
#12565 = VECTOR('',#12566,1.);
#12566 = DIRECTION('',(0.,-1.,0.));
#12567 = FACE_BOUND('',#12568,.T.);
#12568 = EDGE_LOOP('',(#12569,#12577,#12585,#12591));
#12569 = ORIENTED_EDGE('',*,*,#12570,.T.);
#12570 = EDGE_CURVE('',#12506,#12571,#12573,.T.);
#12571 = VERTEX_POINT('',#12572);
#12572 = CARTESIAN_POINT('',(2.35,-0.15,-1.45));
#12573 = LINE('',#12574,#12575);
#12574 = CARTESIAN_POINT('',(1.45,-0.15,-2.35));
#12575 = VECTOR('',#12576,1.);
#12576 = DIRECTION('',(0.707106781187,0.,0.707106781187));
#12577 = ORIENTED_EDGE('',*,*,#12578,.F.);
#12578 = EDGE_CURVE('',#12579,#12571,#12581,.T.);
#12579 = VERTEX_POINT('',#12580);
#12580 = CARTESIAN_POINT('',(2.35,-0.75,-1.45));
#12581 = LINE('',#12582,#12583);
#12582 = CARTESIAN_POINT('',(2.35,-0.75,-1.45));
#12583 = VECTOR('',#12584,1.);
#12584 = DIRECTION('',(-0.,1.,-0.));
#12585 = ORIENTED_EDGE('',*,*,#12586,.F.);
#12586 = EDGE_CURVE('',#12514,#12579,#12587,.T.);
#12587 = LINE('',#12588,#12589);
#12588 = CARTESIAN_POINT('',(1.45,-0.75,-2.35));
#12589 = VECTOR('',#12590,1.);
#12590 = DIRECTION('',(0.707106781187,0.,0.707106781187));
#12591 = ORIENTED_EDGE('',*,*,#12513,.T.);
#12592 = PLANE('',#12593);
#12593 = AXIS2_PLACEMENT_3D('',#12594,#12595,#12596);
#12594 = CARTESIAN_POINT('',(1.45,-0.75,-2.35));
#12595 = DIRECTION('',(-0.707106781187,0.,0.707106781187));
#12596 = DIRECTION('',(0.707106781187,0.,0.707106781187));
#12597 = ADVANCED_FACE('',(#12598),#12614,.F.);
#12598 = FACE_BOUND('',#12599,.T.);
#12599 = EDGE_LOOP('',(#12600,#12606,#12607,#12613));
#12600 = ORIENTED_EDGE('',*,*,#12601,.T.);
#12601 = EDGE_CURVE('',#12571,#12274,#12602,.T.);
#12602 = LINE('',#12603,#12604);
#12603 = CARTESIAN_POINT('',(2.35,-0.15,-1.45));
#12604 = VECTOR('',#12605,1.);
#12605 = DIRECTION('',(0.,0.,1.));
#12606 = ORIENTED_EDGE('',*,*,#12299,.F.);
#12607 = ORIENTED_EDGE('',*,*,#12608,.F.);
#12608 = EDGE_CURVE('',#12579,#12292,#12609,.T.);
#12609 = LINE('',#12610,#12611);
#12610 = CARTESIAN_POINT('',(2.35,-0.75,-1.45));
#12611 = VECTOR('',#12612,1.);
#12612 = DIRECTION('',(0.,0.,1.));
#12613 = ORIENTED_EDGE('',*,*,#12578,.T.);
#12614 = PLANE('',#12615);
#12615 = AXIS2_PLACEMENT_3D('',#12616,#12617,#12618);
#12616 = CARTESIAN_POINT('',(2.35,-0.75,-1.45));
#12617 = DIRECTION('',(-1.,0.,0.));
#12618 = DIRECTION('',(0.,0.,1.));
#12619 = ADVANCED_FACE('',(#12620),#12630,.T.);
#12620 = FACE_BOUND('',#12621,.T.);
#12621 = EDGE_LOOP('',(#12622,#12623,#12624,#12625,#12626,#12627,#12628,
    #12629));
#12622 = ORIENTED_EDGE('',*,*,#12291,.T.);
#12623 = ORIENTED_EDGE('',*,*,#12329,.T.);
#12624 = ORIENTED_EDGE('',*,*,#12394,.T.);
#12625 = ORIENTED_EDGE('',*,*,#12425,.T.);
#12626 = ORIENTED_EDGE('',*,*,#12490,.T.);
#12627 = ORIENTED_EDGE('',*,*,#12521,.T.);
#12628 = ORIENTED_EDGE('',*,*,#12586,.T.);
#12629 = ORIENTED_EDGE('',*,*,#12608,.T.);
#12630 = PLANE('',#12631);
#12631 = AXIS2_PLACEMENT_3D('',#12632,#12633,#12634);
#12632 = CARTESIAN_POINT('',(0.,-0.75,0.));
#12633 = DIRECTION('',(0.,-1.,0.));
#12634 = DIRECTION('',(0.,-0.,-1.));
#12635 = ADVANCED_FACE('',(#12636),#12646,.F.);
#12636 = FACE_BOUND('',#12637,.T.);
#12637 = EDGE_LOOP('',(#12638,#12639,#12640,#12641,#12642,#12643,#12644,
    #12645));
#12638 = ORIENTED_EDGE('',*,*,#12273,.F.);
#12639 = ORIENTED_EDGE('',*,*,#12601,.F.);
#12640 = ORIENTED_EDGE('',*,*,#12570,.F.);
#12641 = ORIENTED_EDGE('',*,*,#12505,.F.);
#12642 = ORIENTED_EDGE('',*,*,#12474,.F.);
#12643 = ORIENTED_EDGE('',*,*,#12409,.F.);
#12644 = ORIENTED_EDGE('',*,*,#12378,.F.);
#12645 = ORIENTED_EDGE('',*,*,#12313,.F.);
#12646 = PLANE('',#12647);
#12647 = AXIS2_PLACEMENT_3D('',#12648,#12649,#12650);
#12648 = CARTESIAN_POINT('',(0.,-0.15,0.));
#12649 = DIRECTION('',(0.,-1.,0.));
#12650 = DIRECTION('',(0.,-0.,-1.));
#12651 = ADVANCED_FACE('',(#12652),#12669,.F.);
#12652 = FACE_BOUND('',#12653,.T.);
#12653 = EDGE_LOOP('',(#12654,#12662,#12668));
#12654 = ORIENTED_EDGE('',*,*,#12655,.F.);
#12655 = EDGE_CURVE('',#12656,#12240,#12658,.T.);
#12656 = VERTEX_POINT('',#12657);
#12657 = CARTESIAN_POINT('',(1.7,-0.37,1.6));
#12658 = LINE('',#12659,#12660);
#12659 = CARTESIAN_POINT('',(1.7,-0.37,1.6));
#12660 = VECTOR('',#12661,1.);
#12661 = DIRECTION('',(-0.,-0.,1.));
#12662 = ORIENTED_EDGE('',*,*,#12663,.F.);
#12663 = EDGE_CURVE('',#12242,#12656,#12664,.T.);
#12664 = LINE('',#12665,#12666);
#12665 = CARTESIAN_POINT('',(1.7,-0.37,1.6));
#12666 = VECTOR('',#12667,1.);
#12667 = DIRECTION('',(-1.,-0.,-0.));
#12668 = ORIENTED_EDGE('',*,*,#12239,.F.);
#12669 = PLANE('',#12670);
#12670 = AXIS2_PLACEMENT_3D('',#12671,#12672,#12673);
#12671 = CARTESIAN_POINT('',(1.7,-0.37,1.6));
#12672 = DIRECTION('',(-0.,1.,0.));
#12673 = DIRECTION('',(0.,0.,1.));
#12674 = ADVANCED_FACE('',(#12675),#12692,.F.);
#12675 = FACE_BOUND('',#12676,.T.);
#12676 = EDGE_LOOP('',(#12677,#12685,#12691));
#12677 = ORIENTED_EDGE('',*,*,#12678,.F.);
#12678 = EDGE_CURVE('',#12679,#12250,#12681,.T.);
#12679 = VERTEX_POINT('',#12680);
#12680 = CARTESIAN_POINT('',(1.7,-0.5,1.6));
#12681 = LINE('',#12682,#12683);
#12682 = CARTESIAN_POINT('',(1.7,-0.5,1.6));
#12683 = VECTOR('',#12684,1.);
#12684 = DIRECTION('',(1.,-1.232236701975E-16,0.));
#12685 = ORIENTED_EDGE('',*,*,#12686,.T.);
#12686 = EDGE_CURVE('',#12679,#12258,#12687,.T.);
#12687 = LINE('',#12688,#12689);
#12688 = CARTESIAN_POINT('',(1.7,-0.5,1.6));
#12689 = VECTOR('',#12690,1.);
#12690 = DIRECTION('',(-0.,-0.,1.));
#12691 = ORIENTED_EDGE('',*,*,#12257,.F.);
#12692 = PLANE('',#12693);
#12693 = AXIS2_PLACEMENT_3D('',#12694,#12695,#12696);
#12694 = CARTESIAN_POINT('',(1.7,-0.5,1.6));
#12695 = DIRECTION('',(-1.232236701975E-16,-1.,0.));
#12696 = DIRECTION('',(1.,-1.232236701975E-16,0.));
#12697 = ADVANCED_FACE('',(#12698),#12709,.F.);
#12698 = FACE_BOUND('',#12699,.T.);
#12699 = EDGE_LOOP('',(#12700,#12701,#12707,#12708));
#12700 = ORIENTED_EDGE('',*,*,#12663,.T.);
#12701 = ORIENTED_EDGE('',*,*,#12702,.T.);
#12702 = EDGE_CURVE('',#12656,#12679,#12703,.T.);
#12703 = LINE('',#12704,#12705);
#12704 = CARTESIAN_POINT('',(1.7,-0.37,1.6));
#12705 = VECTOR('',#12706,1.);
#12706 = DIRECTION('',(0.,-1.,0.));
#12707 = ORIENTED_EDGE('',*,*,#12678,.T.);
#12708 = ORIENTED_EDGE('',*,*,#12249,.F.);
#12709 = PLANE('',#12710);
#12710 = AXIS2_PLACEMENT_3D('',#12711,#12712,#12713);
#12711 = CARTESIAN_POINT('',(2.579865183976,-0.575,1.6));
#12712 = DIRECTION('',(-0.,0.,-1.));
#12713 = DIRECTION('',(-1.,0.,0.));
#12714 = ADVANCED_FACE('',(#12715),#12721,.F.);
#12715 = FACE_BOUND('',#12716,.T.);
#12716 = EDGE_LOOP('',(#12717,#12718,#12719,#12720));
#12717 = ORIENTED_EDGE('',*,*,#12265,.T.);
#12718 = ORIENTED_EDGE('',*,*,#12686,.F.);
#12719 = ORIENTED_EDGE('',*,*,#12702,.F.);
#12720 = ORIENTED_EDGE('',*,*,#12655,.T.);
#12721 = PLANE('',#12722);
#12722 = AXIS2_PLACEMENT_3D('',#12723,#12724,#12725);
#12723 = CARTESIAN_POINT('',(1.7,-0.37,1.6));
#12724 = DIRECTION('',(-1.,0.,-0.));
#12725 = DIRECTION('',(0.,0.,1.));
#12726 = ADVANCED_FACE('',(#12727),#12744,.T.);
#12727 = FACE_BOUND('',#12728,.T.);
#12728 = EDGE_LOOP('',(#12729,#12730,#12738));
#12729 = ORIENTED_EDGE('',*,*,#12536,.T.);
#12730 = ORIENTED_EDGE('',*,*,#12731,.F.);
#12731 = EDGE_CURVE('',#12732,#12539,#12734,.T.);
#12732 = VERTEX_POINT('',#12733);
#12733 = CARTESIAN_POINT('',(1.7,-0.5,-1.6));
#12734 = LINE('',#12735,#12736);
#12735 = CARTESIAN_POINT('',(1.7,-0.5,-1.6));
#12736 = VECTOR('',#12737,1.);
#12737 = DIRECTION('',(-0.,-0.,-1.));
#12738 = ORIENTED_EDGE('',*,*,#12739,.T.);
#12739 = EDGE_CURVE('',#12732,#12537,#12740,.T.);
#12740 = LINE('',#12741,#12742);
#12741 = CARTESIAN_POINT('',(1.7,-0.5,-1.6));
#12742 = VECTOR('',#12743,1.);
#12743 = DIRECTION('',(1.,-1.232236701975E-16,0.));
#12744 = PLANE('',#12745);
#12745 = AXIS2_PLACEMENT_3D('',#12746,#12747,#12748);
#12746 = CARTESIAN_POINT('',(1.7,-0.5,-1.6));
#12747 = DIRECTION('',(1.232236701975E-16,1.,-0.));
#12748 = DIRECTION('',(-1.,1.232236701975E-16,0.));
#12749 = ADVANCED_FACE('',(#12750),#12767,.T.);
#12750 = FACE_BOUND('',#12751,.T.);
#12751 = EDGE_LOOP('',(#12752,#12753,#12761));
#12752 = ORIENTED_EDGE('',*,*,#12554,.T.);
#12753 = ORIENTED_EDGE('',*,*,#12754,.T.);
#12754 = EDGE_CURVE('',#12547,#12755,#12757,.T.);
#12755 = VERTEX_POINT('',#12756);
#12756 = CARTESIAN_POINT('',(1.7,-0.37,-1.6));
#12757 = LINE('',#12758,#12759);
#12758 = CARTESIAN_POINT('',(1.7,-0.37,-1.6));
#12759 = VECTOR('',#12760,1.);
#12760 = DIRECTION('',(-1.,-0.,0.));
#12761 = ORIENTED_EDGE('',*,*,#12762,.T.);
#12762 = EDGE_CURVE('',#12755,#12555,#12763,.T.);
#12763 = LINE('',#12764,#12765);
#12764 = CARTESIAN_POINT('',(1.7,-0.37,-1.6));
#12765 = VECTOR('',#12766,1.);
#12766 = DIRECTION('',(-0.,-0.,-1.));
#12767 = PLANE('',#12768);
#12768 = AXIS2_PLACEMENT_3D('',#12769,#12770,#12771);
#12769 = CARTESIAN_POINT('',(1.7,-0.37,-1.6));
#12770 = DIRECTION('',(0.,-1.,0.));
#12771 = DIRECTION('',(0.,-0.,-1.));
#12772 = ADVANCED_FACE('',(#12773),#12784,.F.);
#12773 = FACE_BOUND('',#12774,.T.);
#12774 = EDGE_LOOP('',(#12775,#12776,#12782,#12783));
#12775 = ORIENTED_EDGE('',*,*,#12739,.F.);
#12776 = ORIENTED_EDGE('',*,*,#12777,.F.);
#12777 = EDGE_CURVE('',#12755,#12732,#12778,.T.);
#12778 = LINE('',#12779,#12780);
#12779 = CARTESIAN_POINT('',(1.7,-0.37,-1.6));
#12780 = VECTOR('',#12781,1.);
#12781 = DIRECTION('',(0.,-1.,0.));
#12782 = ORIENTED_EDGE('',*,*,#12754,.F.);
#12783 = ORIENTED_EDGE('',*,*,#12546,.F.);
#12784 = PLANE('',#12785);
#12785 = AXIS2_PLACEMENT_3D('',#12786,#12787,#12788);
#12786 = CARTESIAN_POINT('',(2.579865183976,-0.575,-1.6));
#12787 = DIRECTION('',(0.,-0.,1.));
#12788 = DIRECTION('',(-1.,0.,0.));
#12789 = ADVANCED_FACE('',(#12790),#12796,.T.);
#12790 = FACE_BOUND('',#12791,.T.);
#12791 = EDGE_LOOP('',(#12792,#12793,#12794,#12795));
#12792 = ORIENTED_EDGE('',*,*,#12562,.F.);
#12793 = ORIENTED_EDGE('',*,*,#12762,.F.);
#12794 = ORIENTED_EDGE('',*,*,#12777,.T.);
#12795 = ORIENTED_EDGE('',*,*,#12731,.T.);
#12796 = PLANE('',#12797);
#12797 = AXIS2_PLACEMENT_3D('',#12798,#12799,#12800);
#12798 = CARTESIAN_POINT('',(1.7,-0.37,-1.6));
#12799 = DIRECTION('',(1.,0.,-0.));
#12800 = DIRECTION('',(-0.,0.,-1.));
#12801 = ADVANCED_FACE('',(#12802),#12819,.F.);
#12802 = FACE_BOUND('',#12803,.T.);
#12803 = EDGE_LOOP('',(#12804,#12812,#12818));
#12804 = ORIENTED_EDGE('',*,*,#12805,.F.);
#12805 = EDGE_CURVE('',#12806,#12441,#12808,.T.);
#12806 = VERTEX_POINT('',#12807);
#12807 = CARTESIAN_POINT('',(-1.7,-0.37,-1.6));
#12808 = LINE('',#12809,#12810);
#12809 = CARTESIAN_POINT('',(-1.7,-0.37,-1.6));
#12810 = VECTOR('',#12811,1.);
#12811 = DIRECTION('',(-0.,-0.,-1.));
#12812 = ORIENTED_EDGE('',*,*,#12813,.F.);
#12813 = EDGE_CURVE('',#12443,#12806,#12814,.T.);
#12814 = LINE('',#12815,#12816);
#12815 = CARTESIAN_POINT('',(-1.7,-0.37,-1.6));
#12816 = VECTOR('',#12817,1.);
#12817 = DIRECTION('',(1.,-0.,0.));
#12818 = ORIENTED_EDGE('',*,*,#12440,.F.);
#12819 = PLANE('',#12820);
#12820 = AXIS2_PLACEMENT_3D('',#12821,#12822,#12823);
#12821 = CARTESIAN_POINT('',(-1.7,-0.37,-1.6));
#12822 = DIRECTION('',(0.,1.,-0.));
#12823 = DIRECTION('',(0.,0.,1.));
#12824 = ADVANCED_FACE('',(#12825),#12842,.F.);
#12825 = FACE_BOUND('',#12826,.T.);
#12826 = EDGE_LOOP('',(#12827,#12835,#12841));
#12827 = ORIENTED_EDGE('',*,*,#12828,.F.);
#12828 = EDGE_CURVE('',#12829,#12451,#12831,.T.);
#12829 = VERTEX_POINT('',#12830);
#12830 = CARTESIAN_POINT('',(-1.7,-0.5,-1.6));
#12831 = LINE('',#12832,#12833);
#12832 = CARTESIAN_POINT('',(-1.7,-0.5,-1.6));
#12833 = VECTOR('',#12834,1.);
#12834 = DIRECTION('',(-1.,-1.232236701975E-16,0.));
#12835 = ORIENTED_EDGE('',*,*,#12836,.T.);
#12836 = EDGE_CURVE('',#12829,#12459,#12837,.T.);
#12837 = LINE('',#12838,#12839);
#12838 = CARTESIAN_POINT('',(-1.7,-0.5,-1.6));
#12839 = VECTOR('',#12840,1.);
#12840 = DIRECTION('',(-0.,-0.,-1.));
#12841 = ORIENTED_EDGE('',*,*,#12458,.F.);
#12842 = PLANE('',#12843);
#12843 = AXIS2_PLACEMENT_3D('',#12844,#12845,#12846);
#12844 = CARTESIAN_POINT('',(-1.7,-0.5,-1.6));
#12845 = DIRECTION('',(1.232236701975E-16,-1.,0.));
#12846 = DIRECTION('',(1.,1.232236701975E-16,0.));
#12847 = ADVANCED_FACE('',(#12848),#12859,.F.);
#12848 = FACE_BOUND('',#12849,.T.);
#12849 = EDGE_LOOP('',(#12850,#12851,#12857,#12858));
#12850 = ORIENTED_EDGE('',*,*,#12813,.T.);
#12851 = ORIENTED_EDGE('',*,*,#12852,.T.);
#12852 = EDGE_CURVE('',#12806,#12829,#12853,.T.);
#12853 = LINE('',#12854,#12855);
#12854 = CARTESIAN_POINT('',(-1.7,-0.37,-1.6));
#12855 = VECTOR('',#12856,1.);
#12856 = DIRECTION('',(0.,-1.,0.));
#12857 = ORIENTED_EDGE('',*,*,#12828,.T.);
#12858 = ORIENTED_EDGE('',*,*,#12450,.F.);
#12859 = PLANE('',#12860);
#12860 = AXIS2_PLACEMENT_3D('',#12861,#12862,#12863);
#12861 = CARTESIAN_POINT('',(-2.579865183976,-0.575,-1.6));
#12862 = DIRECTION('',(0.,-0.,1.));
#12863 = DIRECTION('',(1.,0.,0.));
#12864 = ADVANCED_FACE('',(#12865),#12871,.F.);
#12865 = FACE_BOUND('',#12866,.T.);
#12866 = EDGE_LOOP('',(#12867,#12868,#12869,#12870));
#12867 = ORIENTED_EDGE('',*,*,#12466,.T.);
#12868 = ORIENTED_EDGE('',*,*,#12836,.F.);
#12869 = ORIENTED_EDGE('',*,*,#12852,.F.);
#12870 = ORIENTED_EDGE('',*,*,#12805,.T.);
#12871 = PLANE('',#12872);
#12872 = AXIS2_PLACEMENT_3D('',#12873,#12874,#12875);
#12873 = CARTESIAN_POINT('',(-1.7,-0.37,-1.6));
#12874 = DIRECTION('',(1.,0.,-0.));
#12875 = DIRECTION('',(-0.,0.,-1.));
#12876 = ADVANCED_FACE('',(#12877),#12894,.T.);
#12877 = FACE_BOUND('',#12878,.T.);
#12878 = EDGE_LOOP('',(#12879,#12880,#12888));
#12879 = ORIENTED_EDGE('',*,*,#12344,.T.);
#12880 = ORIENTED_EDGE('',*,*,#12881,.F.);
#12881 = EDGE_CURVE('',#12882,#12347,#12884,.T.);
#12882 = VERTEX_POINT('',#12883);
#12883 = CARTESIAN_POINT('',(-1.7,-0.5,1.6));
#12884 = LINE('',#12885,#12886);
#12885 = CARTESIAN_POINT('',(-1.7,-0.5,1.6));
#12886 = VECTOR('',#12887,1.);
#12887 = DIRECTION('',(-0.,-0.,1.));
#12888 = ORIENTED_EDGE('',*,*,#12889,.T.);
#12889 = EDGE_CURVE('',#12882,#12345,#12890,.T.);
#12890 = LINE('',#12891,#12892);
#12891 = CARTESIAN_POINT('',(-1.7,-0.5,1.6));
#12892 = VECTOR('',#12893,1.);
#12893 = DIRECTION('',(-1.,-1.232236701975E-16,0.));
#12894 = PLANE('',#12895);
#12895 = AXIS2_PLACEMENT_3D('',#12896,#12897,#12898);
#12896 = CARTESIAN_POINT('',(-1.7,-0.5,1.6));
#12897 = DIRECTION('',(-1.232236701975E-16,1.,0.));
#12898 = DIRECTION('',(-1.,-1.232236701975E-16,0.));
#12899 = ADVANCED_FACE('',(#12900),#12917,.T.);
#12900 = FACE_BOUND('',#12901,.T.);
#12901 = EDGE_LOOP('',(#12902,#12903,#12911));
#12902 = ORIENTED_EDGE('',*,*,#12362,.T.);
#12903 = ORIENTED_EDGE('',*,*,#12904,.T.);
#12904 = EDGE_CURVE('',#12355,#12905,#12907,.T.);
#12905 = VERTEX_POINT('',#12906);
#12906 = CARTESIAN_POINT('',(-1.7,-0.37,1.6));
#12907 = LINE('',#12908,#12909);
#12908 = CARTESIAN_POINT('',(-1.7,-0.37,1.6));
#12909 = VECTOR('',#12910,1.);
#12910 = DIRECTION('',(1.,-0.,-0.));
#12911 = ORIENTED_EDGE('',*,*,#12912,.T.);
#12912 = EDGE_CURVE('',#12905,#12363,#12913,.T.);
#12913 = LINE('',#12914,#12915);
#12914 = CARTESIAN_POINT('',(-1.7,-0.37,1.6));
#12915 = VECTOR('',#12916,1.);
#12916 = DIRECTION('',(-0.,-0.,1.));
#12917 = PLANE('',#12918);
#12918 = AXIS2_PLACEMENT_3D('',#12919,#12920,#12921);
#12919 = CARTESIAN_POINT('',(-1.7,-0.37,1.6));
#12920 = DIRECTION('',(0.,-1.,-0.));
#12921 = DIRECTION('',(0.,0.,-1.));
#12922 = ADVANCED_FACE('',(#12923),#12934,.F.);
#12923 = FACE_BOUND('',#12924,.T.);
#12924 = EDGE_LOOP('',(#12925,#12926,#12932,#12933));
#12925 = ORIENTED_EDGE('',*,*,#12889,.F.);
#12926 = ORIENTED_EDGE('',*,*,#12927,.F.);
#12927 = EDGE_CURVE('',#12905,#12882,#12928,.T.);
#12928 = LINE('',#12929,#12930);
#12929 = CARTESIAN_POINT('',(-1.7,-0.37,1.6));
#12930 = VECTOR('',#12931,1.);
#12931 = DIRECTION('',(0.,-1.,0.));
#12932 = ORIENTED_EDGE('',*,*,#12904,.F.);
#12933 = ORIENTED_EDGE('',*,*,#12354,.F.);
#12934 = PLANE('',#12935);
#12935 = AXIS2_PLACEMENT_3D('',#12936,#12937,#12938);
#12936 = CARTESIAN_POINT('',(-2.579865183976,-0.575,1.6));
#12937 = DIRECTION('',(0.,0.,-1.));
#12938 = DIRECTION('',(1.,0.,0.));
#12939 = ADVANCED_FACE('',(#12940),#12946,.T.);
#12940 = FACE_BOUND('',#12941,.T.);
#12941 = EDGE_LOOP('',(#12942,#12943,#12944,#12945));
#12942 = ORIENTED_EDGE('',*,*,#12370,.F.);
#12943 = ORIENTED_EDGE('',*,*,#12912,.F.);
#12944 = ORIENTED_EDGE('',*,*,#12927,.T.);
#12945 = ORIENTED_EDGE('',*,*,#12881,.T.);
#12946 = PLANE('',#12947);
#12947 = AXIS2_PLACEMENT_3D('',#12948,#12949,#12950);
#12948 = CARTESIAN_POINT('',(-1.7,-0.37,1.6));
#12949 = DIRECTION('',(-1.,0.,-0.));
#12950 = DIRECTION('',(0.,0.,1.));
#12951 = MANIFOLD_SOLID_BREP('',#12952);
#12952 = CLOSED_SHELL('',(#12953,#12993,#13024,#13057,#13088,#13121,
    #13152,#13183,#13214,#13247,#13278,#13311,#13333,#13353));
#12953 = ADVANCED_FACE('',(#12954),#12988,.F.);
#12954 = FACE_BOUND('',#12955,.T.);
#12955 = EDGE_LOOP('',(#12956,#12966,#12974,#12982));
#12956 = ORIENTED_EDGE('',*,*,#12957,.F.);
#12957 = EDGE_CURVE('',#12958,#12960,#12962,.T.);
#12958 = VERTEX_POINT('',#12959);
#12959 = CARTESIAN_POINT('',(-1.7,-0.37,1.6));
#12960 = VERTEX_POINT('',#12961);
#12961 = CARTESIAN_POINT('',(-1.7,-0.5,1.6));
#12962 = LINE('',#12963,#12964);
#12963 = CARTESIAN_POINT('',(-1.7,-0.37,1.6));
#12964 = VECTOR('',#12965,1.);
#12965 = DIRECTION('',(0.,-1.,0.));
#12966 = ORIENTED_EDGE('',*,*,#12967,.F.);
#12967 = EDGE_CURVE('',#12968,#12958,#12970,.T.);
#12968 = VERTEX_POINT('',#12969);
#12969 = CARTESIAN_POINT('',(-1.7,-0.37,2.1));
#12970 = LINE('',#12971,#12972);
#12971 = CARTESIAN_POINT('',(-1.7,-0.37,2.1));
#12972 = VECTOR('',#12973,1.);
#12973 = DIRECTION('',(0.,-0.,-1.));
#12974 = ORIENTED_EDGE('',*,*,#12975,.T.);
#12975 = EDGE_CURVE('',#12968,#12976,#12978,.T.);
#12976 = VERTEX_POINT('',#12977);
#12977 = CARTESIAN_POINT('',(-1.7,-0.5,2.1));
#12978 = LINE('',#12979,#12980);
#12979 = CARTESIAN_POINT('',(-1.7,-0.37,2.1));
#12980 = VECTOR('',#12981,1.);
#12981 = DIRECTION('',(0.,-1.,0.));
#12982 = ORIENTED_EDGE('',*,*,#12983,.T.);
#12983 = EDGE_CURVE('',#12976,#12960,#12984,.T.);
#12984 = LINE('',#12985,#12986);
#12985 = CARTESIAN_POINT('',(-1.7,-0.5,2.1));
#12986 = VECTOR('',#12987,1.);
#12987 = DIRECTION('',(0.,-0.,-1.));
#12988 = PLANE('',#12989);
#12989 = AXIS2_PLACEMENT_3D('',#12990,#12991,#12992);
#12990 = CARTESIAN_POINT('',(-1.7,-0.37,2.1));
#12991 = DIRECTION('',(-1.,0.,0.));
#12992 = DIRECTION('',(0.,0.,-1.));
#12993 = ADVANCED_FACE('',(#12994),#13019,.F.);
#12994 = FACE_BOUND('',#12995,.T.);
#12995 = EDGE_LOOP('',(#12996,#13004,#13005,#13013));
#12996 = ORIENTED_EDGE('',*,*,#12997,.F.);
#12997 = EDGE_CURVE('',#12960,#12998,#13000,.T.);
#12998 = VERTEX_POINT('',#12999);
#12999 = CARTESIAN_POINT('',(-2.579865183976,-0.5,1.6));
#13000 = LINE('',#13001,#13002);
#13001 = CARTESIAN_POINT('',(-1.7,-0.5,1.6));
#13002 = VECTOR('',#13003,1.);
#13003 = DIRECTION('',(-1.,-1.232236701975E-16,0.));
#13004 = ORIENTED_EDGE('',*,*,#12983,.F.);
#13005 = ORIENTED_EDGE('',*,*,#13006,.T.);
#13006 = EDGE_CURVE('',#12976,#13007,#13009,.T.);
#13007 = VERTEX_POINT('',#13008);
#13008 = CARTESIAN_POINT('',(-2.579865183976,-0.5,2.1));
#13009 = LINE('',#13010,#13011);
#13010 = CARTESIAN_POINT('',(-1.7,-0.5,2.1));
#13011 = VECTOR('',#13012,1.);
#13012 = DIRECTION('',(-1.,-1.232236701975E-16,0.));
#13013 = ORIENTED_EDGE('',*,*,#13014,.T.);
#13014 = EDGE_CURVE('',#13007,#12998,#13015,.T.);
#13015 = LINE('',#13016,#13017);
#13016 = CARTESIAN_POINT('',(-2.579865183976,-0.5,2.1));
#13017 = VECTOR('',#13018,1.);
#13018 = DIRECTION('',(0.,-0.,-1.));
#13019 = PLANE('',#13020);
#13020 = AXIS2_PLACEMENT_3D('',#13021,#13022,#13023);
#13021 = CARTESIAN_POINT('',(-1.7,-0.5,2.1));
#13022 = DIRECTION('',(-1.232236701975E-16,1.,0.));
#13023 = DIRECTION('',(1.,1.232236701975E-16,0.));
#13024 = ADVANCED_FACE('',(#13025),#13052,.F.);
#13025 = FACE_BOUND('',#13026,.F.);
#13026 = EDGE_LOOP('',(#13027,#13037,#13044,#13045));
#13027 = ORIENTED_EDGE('',*,*,#13028,.F.);
#13028 = EDGE_CURVE('',#13029,#13031,#13033,.T.);
#13029 = VERTEX_POINT('',#13030);
#13030 = CARTESIAN_POINT('',(-2.654306145349,-0.565859799245,2.1));
#13031 = VERTEX_POINT('',#13032);
#13032 = CARTESIAN_POINT('',(-2.654306145349,-0.565859799245,1.6));
#13033 = LINE('',#13034,#13035);
#13034 = CARTESIAN_POINT('',(-2.654306145349,-0.565859799245,2.1));
#13035 = VECTOR('',#13036,1.);
#13036 = DIRECTION('',(0.,-0.,-1.));
#13037 = ORIENTED_EDGE('',*,*,#13038,.F.);
#13038 = EDGE_CURVE('',#13007,#13029,#13039,.T.);
#13039 = CIRCLE('',#13040,7.5E-02);
#13040 = AXIS2_PLACEMENT_3D('',#13041,#13042,#13043);
#13041 = CARTESIAN_POINT('',(-2.579865183976,-0.575,2.1));
#13042 = DIRECTION('',(-0.,0.,1.));
#13043 = DIRECTION('',(1.,0.,0.));
#13044 = ORIENTED_EDGE('',*,*,#13014,.T.);
#13045 = ORIENTED_EDGE('',*,*,#13046,.T.);
#13046 = EDGE_CURVE('',#12998,#13031,#13047,.T.);
#13047 = CIRCLE('',#13048,7.5E-02);
#13048 = AXIS2_PLACEMENT_3D('',#13049,#13050,#13051);
#13049 = CARTESIAN_POINT('',(-2.579865183976,-0.575,1.6));
#13050 = DIRECTION('',(-0.,0.,1.));
#13051 = DIRECTION('',(1.,0.,0.));
#13052 = CYLINDRICAL_SURFACE('',#13053,7.5E-02);
#13053 = AXIS2_PLACEMENT_3D('',#13054,#13055,#13056);
#13054 = CARTESIAN_POINT('',(-2.579865183976,-0.575,2.1));
#13055 = DIRECTION('',(0.,-0.,-1.));
#13056 = DIRECTION('',(1.,0.,0.));
#13057 = ADVANCED_FACE('',(#13058),#13083,.F.);
#13058 = FACE_BOUND('',#13059,.T.);
#13059 = EDGE_LOOP('',(#13060,#13068,#13069,#13077));
#13060 = ORIENTED_EDGE('',*,*,#13061,.F.);
#13061 = EDGE_CURVE('',#13031,#13062,#13064,.T.);
#13062 = VERTEX_POINT('',#13063);
#13063 = CARTESIAN_POINT('',(-2.661490769672,-0.624373868681,1.6));
#13064 = LINE('',#13065,#13066);
#13065 = CARTESIAN_POINT('',(-2.654306145349,-0.565859799245,1.6));
#13066 = VECTOR('',#13067,1.);
#13067 = DIRECTION('',(-0.121869343405,-0.992546151641,0.));
#13068 = ORIENTED_EDGE('',*,*,#13028,.F.);
#13069 = ORIENTED_EDGE('',*,*,#13070,.T.);
#13070 = EDGE_CURVE('',#13029,#13071,#13073,.T.);
#13071 = VERTEX_POINT('',#13072);
#13072 = CARTESIAN_POINT('',(-2.661490769672,-0.624373868681,2.1));
#13073 = LINE('',#13074,#13075);
#13074 = CARTESIAN_POINT('',(-2.654306145349,-0.565859799245,2.1));
#13075 = VECTOR('',#13076,1.);
#13076 = DIRECTION('',(-0.121869343405,-0.992546151641,0.));
#13077 = ORIENTED_EDGE('',*,*,#13078,.T.);
#13078 = EDGE_CURVE('',#13071,#13062,#13079,.T.);
#13079 = LINE('',#13080,#13081);
#13080 = CARTESIAN_POINT('',(-2.661490769672,-0.624373868681,2.1));
#13081 = VECTOR('',#13082,1.);
#13082 = DIRECTION('',(0.,-0.,-1.));
#13083 = PLANE('',#13084);
#13084 = AXIS2_PLACEMENT_3D('',#13085,#13086,#13087);
#13085 = CARTESIAN_POINT('',(-2.654306145349,-0.565859799245,2.1));
#13086 = DIRECTION('',(-0.992546151641,0.121869343405,0.));
#13087 = DIRECTION('',(0.121869343405,0.992546151641,0.));
#13088 = ADVANCED_FACE('',(#13089),#13116,.T.);
#13089 = FACE_BOUND('',#13090,.T.);
#13090 = EDGE_LOOP('',(#13091,#13100,#13101,#13110));
#13091 = ORIENTED_EDGE('',*,*,#13092,.F.);
#13092 = EDGE_CURVE('',#13062,#13093,#13095,.T.);
#13093 = VERTEX_POINT('',#13094);
#13094 = CARTESIAN_POINT('',(-2.86,-0.8,1.6));
#13095 = CIRCLE('',#13096,0.2);
#13096 = AXIS2_PLACEMENT_3D('',#13097,#13098,#13099);
#13097 = CARTESIAN_POINT('',(-2.86,-0.6,1.6));
#13098 = DIRECTION('',(-0.,0.,-1.));
#13099 = DIRECTION('',(-1.,0.,0.));
#13100 = ORIENTED_EDGE('',*,*,#13078,.F.);
#13101 = ORIENTED_EDGE('',*,*,#13102,.T.);
#13102 = EDGE_CURVE('',#13071,#13103,#13105,.T.);
#13103 = VERTEX_POINT('',#13104);
#13104 = CARTESIAN_POINT('',(-2.86,-0.8,2.1));
#13105 = CIRCLE('',#13106,0.2);
#13106 = AXIS2_PLACEMENT_3D('',#13107,#13108,#13109);
#13107 = CARTESIAN_POINT('',(-2.86,-0.6,2.1));
#13108 = DIRECTION('',(-0.,0.,-1.));
#13109 = DIRECTION('',(-1.,0.,0.));
#13110 = ORIENTED_EDGE('',*,*,#13111,.T.);
#13111 = EDGE_CURVE('',#13103,#13093,#13112,.T.);
#13112 = LINE('',#13113,#13114);
#13113 = CARTESIAN_POINT('',(-2.86,-0.8,2.1));
#13114 = VECTOR('',#13115,1.);
#13115 = DIRECTION('',(0.,-0.,-1.));
#13116 = CYLINDRICAL_SURFACE('',#13117,0.2);
#13117 = AXIS2_PLACEMENT_3D('',#13118,#13119,#13120);
#13118 = CARTESIAN_POINT('',(-2.86,-0.6,2.1));
#13119 = DIRECTION('',(0.,-0.,-1.));
#13120 = DIRECTION('',(1.,0.,0.));
#13121 = ADVANCED_FACE('',(#13122),#13147,.F.);
#13122 = FACE_BOUND('',#13123,.T.);
#13123 = EDGE_LOOP('',(#13124,#13132,#13133,#13141));
#13124 = ORIENTED_EDGE('',*,*,#13125,.F.);
#13125 = EDGE_CURVE('',#13093,#13126,#13128,.T.);
#13126 = VERTEX_POINT('',#13127);
#13127 = CARTESIAN_POINT('',(-3.3,-0.8,1.6));
#13128 = LINE('',#13129,#13130);
#13129 = CARTESIAN_POINT('',(-2.86,-0.8,1.6));
#13130 = VECTOR('',#13131,1.);
#13131 = DIRECTION('',(-1.,0.,0.));
#13132 = ORIENTED_EDGE('',*,*,#13111,.F.);
#13133 = ORIENTED_EDGE('',*,*,#13134,.T.);
#13134 = EDGE_CURVE('',#13103,#13135,#13137,.T.);
#13135 = VERTEX_POINT('',#13136);
#13136 = CARTESIAN_POINT('',(-3.3,-0.8,2.1));
#13137 = LINE('',#13138,#13139);
#13138 = CARTESIAN_POINT('',(-2.86,-0.8,2.1));
#13139 = VECTOR('',#13140,1.);
#13140 = DIRECTION('',(-1.,0.,0.));
#13141 = ORIENTED_EDGE('',*,*,#13142,.T.);
#13142 = EDGE_CURVE('',#13135,#13126,#13143,.T.);
#13143 = LINE('',#13144,#13145);
#13144 = CARTESIAN_POINT('',(-3.3,-0.8,2.1));
#13145 = VECTOR('',#13146,1.);
#13146 = DIRECTION('',(0.,-0.,-1.));
#13147 = PLANE('',#13148);
#13148 = AXIS2_PLACEMENT_3D('',#13149,#13150,#13151);
#13149 = CARTESIAN_POINT('',(-2.86,-0.8,2.1));
#13150 = DIRECTION('',(0.,1.,0.));
#13151 = DIRECTION('',(0.,-0.,1.));
#13152 = ADVANCED_FACE('',(#13153),#13178,.F.);
#13153 = FACE_BOUND('',#13154,.T.);
#13154 = EDGE_LOOP('',(#13155,#13163,#13164,#13172));
#13155 = ORIENTED_EDGE('',*,*,#13156,.F.);
#13156 = EDGE_CURVE('',#13126,#13157,#13159,.T.);
#13157 = VERTEX_POINT('',#13158);
#13158 = CARTESIAN_POINT('',(-3.3,-0.67,1.6));
#13159 = LINE('',#13160,#13161);
#13160 = CARTESIAN_POINT('',(-3.3,-0.67,1.6));
#13161 = VECTOR('',#13162,1.);
#13162 = DIRECTION('',(0.,1.,0.));
#13163 = ORIENTED_EDGE('',*,*,#13142,.F.);
#13164 = ORIENTED_EDGE('',*,*,#13165,.T.);
#13165 = EDGE_CURVE('',#13135,#13166,#13168,.T.);
#13166 = VERTEX_POINT('',#13167);
#13167 = CARTESIAN_POINT('',(-3.3,-0.67,2.1));
#13168 = LINE('',#13169,#13170);
#13169 = CARTESIAN_POINT('',(-3.3,-0.67,2.1));
#13170 = VECTOR('',#13171,1.);
#13171 = DIRECTION('',(0.,1.,0.));
#13172 = ORIENTED_EDGE('',*,*,#13173,.T.);
#13173 = EDGE_CURVE('',#13166,#13157,#13174,.T.);
#13174 = LINE('',#13175,#13176);
#13175 = CARTESIAN_POINT('',(-3.3,-0.67,2.1));
#13176 = VECTOR('',#13177,1.);
#13177 = DIRECTION('',(0.,-0.,-1.));
#13178 = PLANE('',#13179);
#13179 = AXIS2_PLACEMENT_3D('',#13180,#13181,#13182);
#13180 = CARTESIAN_POINT('',(-3.3,-0.67,2.1));
#13181 = DIRECTION('',(1.,0.,-0.));
#13182 = DIRECTION('',(0.,0.,1.));
#13183 = ADVANCED_FACE('',(#13184),#13209,.F.);
#13184 = FACE_BOUND('',#13185,.T.);
#13185 = EDGE_LOOP('',(#13186,#13194,#13195,#13203));
#13186 = ORIENTED_EDGE('',*,*,#13187,.F.);
#13187 = EDGE_CURVE('',#13157,#13188,#13190,.T.);
#13188 = VERTEX_POINT('',#13189);
#13189 = CARTESIAN_POINT('',(-2.86,-0.67,1.6));
#13190 = LINE('',#13191,#13192);
#13191 = CARTESIAN_POINT('',(-2.86,-0.67,1.6));
#13192 = VECTOR('',#13193,1.);
#13193 = DIRECTION('',(1.,-2.464095846558E-16,-0.));
#13194 = ORIENTED_EDGE('',*,*,#13173,.F.);
#13195 = ORIENTED_EDGE('',*,*,#13196,.T.);
#13196 = EDGE_CURVE('',#13166,#13197,#13199,.T.);
#13197 = VERTEX_POINT('',#13198);
#13198 = CARTESIAN_POINT('',(-2.86,-0.67,2.1));
#13199 = LINE('',#13200,#13201);
#13200 = CARTESIAN_POINT('',(-2.86,-0.67,2.1));
#13201 = VECTOR('',#13202,1.);
#13202 = DIRECTION('',(1.,-2.464095846558E-16,-0.));
#13203 = ORIENTED_EDGE('',*,*,#13204,.T.);
#13204 = EDGE_CURVE('',#13197,#13188,#13205,.T.);
#13205 = LINE('',#13206,#13207);
#13206 = CARTESIAN_POINT('',(-2.86,-0.67,2.1));
#13207 = VECTOR('',#13208,1.);
#13208 = DIRECTION('',(0.,-0.,-1.));
#13209 = PLANE('',#13210);
#13210 = AXIS2_PLACEMENT_3D('',#13211,#13212,#13213);
#13211 = CARTESIAN_POINT('',(-2.86,-0.67,2.1));
#13212 = DIRECTION('',(-2.464095846558E-16,-1.,0.));
#13213 = DIRECTION('',(-1.,2.464095846558E-16,0.));
#13214 = ADVANCED_FACE('',(#13215),#13242,.F.);
#13215 = FACE_BOUND('',#13216,.F.);
#13216 = EDGE_LOOP('',(#13217,#13227,#13234,#13235));
#13217 = ORIENTED_EDGE('',*,*,#13218,.F.);
#13218 = EDGE_CURVE('',#13219,#13221,#13223,.T.);
#13219 = VERTEX_POINT('',#13220);
#13220 = CARTESIAN_POINT('',(-2.790521769385,-0.608530854038,2.1));
#13221 = VERTEX_POINT('',#13222);
#13222 = CARTESIAN_POINT('',(-2.790521769385,-0.608530854038,1.6));
#13223 = LINE('',#13224,#13225);
#13224 = CARTESIAN_POINT('',(-2.790521769385,-0.608530854038,2.1));
#13225 = VECTOR('',#13226,1.);
#13226 = DIRECTION('',(0.,-0.,-1.));
#13227 = ORIENTED_EDGE('',*,*,#13228,.F.);
#13228 = EDGE_CURVE('',#13197,#13219,#13229,.T.);
#13229 = CIRCLE('',#13230,7.E-02);
#13230 = AXIS2_PLACEMENT_3D('',#13231,#13232,#13233);
#13231 = CARTESIAN_POINT('',(-2.86,-0.6,2.1));
#13232 = DIRECTION('',(0.,0.,1.));
#13233 = DIRECTION('',(-1.,0.,-0.));
#13234 = ORIENTED_EDGE('',*,*,#13204,.T.);
#13235 = ORIENTED_EDGE('',*,*,#13236,.T.);
#13236 = EDGE_CURVE('',#13188,#13221,#13237,.T.);
#13237 = CIRCLE('',#13238,7.E-02);
#13238 = AXIS2_PLACEMENT_3D('',#13239,#13240,#13241);
#13239 = CARTESIAN_POINT('',(-2.86,-0.6,1.6));
#13240 = DIRECTION('',(0.,0.,1.));
#13241 = DIRECTION('',(-1.,0.,-0.));
#13242 = CYLINDRICAL_SURFACE('',#13243,7.E-02);
#13243 = AXIS2_PLACEMENT_3D('',#13244,#13245,#13246);
#13244 = CARTESIAN_POINT('',(-2.86,-0.6,2.1));
#13245 = DIRECTION('',(0.,-0.,-1.));
#13246 = DIRECTION('',(1.,0.,0.));
#13247 = ADVANCED_FACE('',(#13248),#13273,.F.);
#13248 = FACE_BOUND('',#13249,.T.);
#13249 = EDGE_LOOP('',(#13250,#13258,#13259,#13267));
#13250 = ORIENTED_EDGE('',*,*,#13251,.F.);
#13251 = EDGE_CURVE('',#13221,#13252,#13254,.T.);
#13252 = VERTEX_POINT('',#13253);
#13253 = CARTESIAN_POINT('',(-2.783337145063,-0.550016784602,1.6));
#13254 = LINE('',#13255,#13256);
#13255 = CARTESIAN_POINT('',(-2.783337145063,-0.550016784602,1.6));
#13256 = VECTOR('',#13257,1.);
#13257 = DIRECTION('',(0.121869343405,0.992546151641,0.));
#13258 = ORIENTED_EDGE('',*,*,#13218,.F.);
#13259 = ORIENTED_EDGE('',*,*,#13260,.T.);
#13260 = EDGE_CURVE('',#13219,#13261,#13263,.T.);
#13261 = VERTEX_POINT('',#13262);
#13262 = CARTESIAN_POINT('',(-2.783337145063,-0.550016784602,2.1));
#13263 = LINE('',#13264,#13265);
#13264 = CARTESIAN_POINT('',(-2.783337145063,-0.550016784602,2.1));
#13265 = VECTOR('',#13266,1.);
#13266 = DIRECTION('',(0.121869343405,0.992546151641,0.));
#13267 = ORIENTED_EDGE('',*,*,#13268,.T.);
#13268 = EDGE_CURVE('',#13261,#13252,#13269,.T.);
#13269 = LINE('',#13270,#13271);
#13270 = CARTESIAN_POINT('',(-2.783337145063,-0.550016784602,2.1));
#13271 = VECTOR('',#13272,1.);
#13272 = DIRECTION('',(0.,-0.,-1.));
#13273 = PLANE('',#13274);
#13274 = AXIS2_PLACEMENT_3D('',#13275,#13276,#13277);
#13275 = CARTESIAN_POINT('',(-2.783337145063,-0.550016784602,2.1));
#13276 = DIRECTION('',(0.992546151641,-0.121869343405,0.));
#13277 = DIRECTION('',(-0.121869343405,-0.992546151641,0.));
#13278 = ADVANCED_FACE('',(#13279),#13306,.T.);
#13279 = FACE_BOUND('',#13280,.T.);
#13280 = EDGE_LOOP('',(#13281,#13290,#13291,#13300));
#13281 = ORIENTED_EDGE('',*,*,#13282,.F.);
#13282 = EDGE_CURVE('',#13252,#13283,#13285,.T.);
#13283 = VERTEX_POINT('',#13284);
#13284 = CARTESIAN_POINT('',(-2.579865183976,-0.37,1.6));
#13285 = CIRCLE('',#13286,0.205);
#13286 = AXIS2_PLACEMENT_3D('',#13287,#13288,#13289);
#13287 = CARTESIAN_POINT('',(-2.579865183976,-0.575,1.6));
#13288 = DIRECTION('',(0.,0.,-1.));
#13289 = DIRECTION('',(1.,0.,0.));
#13290 = ORIENTED_EDGE('',*,*,#13268,.F.);
#13291 = ORIENTED_EDGE('',*,*,#13292,.T.);
#13292 = EDGE_CURVE('',#13261,#13293,#13295,.T.);
#13293 = VERTEX_POINT('',#13294);
#13294 = CARTESIAN_POINT('',(-2.579865183976,-0.37,2.1));
#13295 = CIRCLE('',#13296,0.205);
#13296 = AXIS2_PLACEMENT_3D('',#13297,#13298,#13299);
#13297 = CARTESIAN_POINT('',(-2.579865183976,-0.575,2.1));
#13298 = DIRECTION('',(0.,0.,-1.));
#13299 = DIRECTION('',(1.,0.,0.));
#13300 = ORIENTED_EDGE('',*,*,#13301,.T.);
#13301 = EDGE_CURVE('',#13293,#13283,#13302,.T.);
#13302 = LINE('',#13303,#13304);
#13303 = CARTESIAN_POINT('',(-2.579865183976,-0.37,2.1));
#13304 = VECTOR('',#13305,1.);
#13305 = DIRECTION('',(0.,-0.,-1.));
#13306 = CYLINDRICAL_SURFACE('',#13307,0.205);
#13307 = AXIS2_PLACEMENT_3D('',#13308,#13309,#13310);
#13308 = CARTESIAN_POINT('',(-2.579865183976,-0.575,2.1));
#13309 = DIRECTION('',(0.,-0.,-1.));
#13310 = DIRECTION('',(1.,0.,0.));
#13311 = ADVANCED_FACE('',(#13312),#13328,.F.);
#13312 = FACE_BOUND('',#13313,.T.);
#13313 = EDGE_LOOP('',(#13314,#13320,#13321,#13327));
#13314 = ORIENTED_EDGE('',*,*,#13315,.F.);
#13315 = EDGE_CURVE('',#13283,#12958,#13316,.T.);
#13316 = LINE('',#13317,#13318);
#13317 = CARTESIAN_POINT('',(-1.7,-0.37,1.6));
#13318 = VECTOR('',#13319,1.);
#13319 = DIRECTION('',(1.,-0.,-0.));
#13320 = ORIENTED_EDGE('',*,*,#13301,.F.);
#13321 = ORIENTED_EDGE('',*,*,#13322,.T.);
#13322 = EDGE_CURVE('',#13293,#12968,#13323,.T.);
#13323 = LINE('',#13324,#13325);
#13324 = CARTESIAN_POINT('',(-1.7,-0.37,2.1));
#13325 = VECTOR('',#13326,1.);
#13326 = DIRECTION('',(1.,-0.,-0.));
#13327 = ORIENTED_EDGE('',*,*,#12967,.T.);
#13328 = PLANE('',#13329);
#13329 = AXIS2_PLACEMENT_3D('',#13330,#13331,#13332);
#13330 = CARTESIAN_POINT('',(-1.7,-0.37,2.1));
#13331 = DIRECTION('',(0.,-1.,-0.));
#13332 = DIRECTION('',(-0.,0.,-1.));
#13333 = ADVANCED_FACE('',(#13334),#13348,.F.);
#13334 = FACE_BOUND('',#13335,.T.);
#13335 = EDGE_LOOP('',(#13336,#13337,#13338,#13339,#13340,#13341,#13342,
    #13343,#13344,#13345,#13346,#13347));
#13336 = ORIENTED_EDGE('',*,*,#12975,.F.);
#13337 = ORIENTED_EDGE('',*,*,#13322,.F.);
#13338 = ORIENTED_EDGE('',*,*,#13292,.F.);
#13339 = ORIENTED_EDGE('',*,*,#13260,.F.);
#13340 = ORIENTED_EDGE('',*,*,#13228,.F.);
#13341 = ORIENTED_EDGE('',*,*,#13196,.F.);
#13342 = ORIENTED_EDGE('',*,*,#13165,.F.);
#13343 = ORIENTED_EDGE('',*,*,#13134,.F.);
#13344 = ORIENTED_EDGE('',*,*,#13102,.F.);
#13345 = ORIENTED_EDGE('',*,*,#13070,.F.);
#13346 = ORIENTED_EDGE('',*,*,#13038,.F.);
#13347 = ORIENTED_EDGE('',*,*,#13006,.F.);
#13348 = PLANE('',#13349);
#13349 = AXIS2_PLACEMENT_3D('',#13350,#13351,#13352);
#13350 = CARTESIAN_POINT('',(-2.579865183976,-0.575,2.1));
#13351 = DIRECTION('',(0.,0.,-1.));
#13352 = DIRECTION('',(1.,0.,0.));
#13353 = ADVANCED_FACE('',(#13354),#13368,.T.);
#13354 = FACE_BOUND('',#13355,.T.);
#13355 = EDGE_LOOP('',(#13356,#13357,#13358,#13359,#13360,#13361,#13362,
    #13363,#13364,#13365,#13366,#13367));
#13356 = ORIENTED_EDGE('',*,*,#12957,.T.);
#13357 = ORIENTED_EDGE('',*,*,#12997,.T.);
#13358 = ORIENTED_EDGE('',*,*,#13046,.T.);
#13359 = ORIENTED_EDGE('',*,*,#13061,.T.);
#13360 = ORIENTED_EDGE('',*,*,#13092,.T.);
#13361 = ORIENTED_EDGE('',*,*,#13125,.T.);
#13362 = ORIENTED_EDGE('',*,*,#13156,.T.);
#13363 = ORIENTED_EDGE('',*,*,#13187,.T.);
#13364 = ORIENTED_EDGE('',*,*,#13236,.T.);
#13365 = ORIENTED_EDGE('',*,*,#13251,.T.);
#13366 = ORIENTED_EDGE('',*,*,#13282,.T.);
#13367 = ORIENTED_EDGE('',*,*,#13315,.T.);
#13368 = PLANE('',#13369);
#13369 = AXIS2_PLACEMENT_3D('',#13370,#13371,#13372);
#13370 = CARTESIAN_POINT('',(-2.579865183976,-0.575,1.6));
#13371 = DIRECTION('',(0.,0.,-1.));
#13372 = DIRECTION('',(1.,0.,0.));
#13373 = MANIFOLD_SOLID_BREP('',#13374);
#13374 = CLOSED_SHELL('',(#13375,#13415,#13446,#13479,#13510,#13543,
    #13574,#13605,#13636,#13669,#13700,#13733,#13755,#13775));
#13375 = ADVANCED_FACE('',(#13376),#13410,.F.);
#13376 = FACE_BOUND('',#13377,.T.);
#13377 = EDGE_LOOP('',(#13378,#13388,#13396,#13404));
#13378 = ORIENTED_EDGE('',*,*,#13379,.T.);
#13379 = EDGE_CURVE('',#13380,#13382,#13384,.T.);
#13380 = VERTEX_POINT('',#13381);
#13381 = CARTESIAN_POINT('',(-1.7,-0.37,-1.6));
#13382 = VERTEX_POINT('',#13383);
#13383 = CARTESIAN_POINT('',(-1.7,-0.5,-1.6));
#13384 = LINE('',#13385,#13386);
#13385 = CARTESIAN_POINT('',(-1.7,-0.37,-1.6));
#13386 = VECTOR('',#13387,1.);
#13387 = DIRECTION('',(0.,-1.,0.));
#13388 = ORIENTED_EDGE('',*,*,#13389,.F.);
#13389 = EDGE_CURVE('',#13390,#13382,#13392,.T.);
#13390 = VERTEX_POINT('',#13391);
#13391 = CARTESIAN_POINT('',(-1.7,-0.5,-2.1));
#13392 = LINE('',#13393,#13394);
#13393 = CARTESIAN_POINT('',(-1.7,-0.5,-2.1));
#13394 = VECTOR('',#13395,1.);
#13395 = DIRECTION('',(0.,0.,1.));
#13396 = ORIENTED_EDGE('',*,*,#13397,.F.);
#13397 = EDGE_CURVE('',#13398,#13390,#13400,.T.);
#13398 = VERTEX_POINT('',#13399);
#13399 = CARTESIAN_POINT('',(-1.7,-0.37,-2.1));
#13400 = LINE('',#13401,#13402);
#13401 = CARTESIAN_POINT('',(-1.7,-0.37,-2.1));
#13402 = VECTOR('',#13403,1.);
#13403 = DIRECTION('',(0.,-1.,0.));
#13404 = ORIENTED_EDGE('',*,*,#13405,.T.);
#13405 = EDGE_CURVE('',#13398,#13380,#13406,.T.);
#13406 = LINE('',#13407,#13408);
#13407 = CARTESIAN_POINT('',(-1.7,-0.37,-2.1));
#13408 = VECTOR('',#13409,1.);
#13409 = DIRECTION('',(0.,0.,1.));
#13410 = PLANE('',#13411);
#13411 = AXIS2_PLACEMENT_3D('',#13412,#13413,#13414);
#13412 = CARTESIAN_POINT('',(-1.7,-0.37,-2.1));
#13413 = DIRECTION('',(-1.,0.,0.));
#13414 = DIRECTION('',(0.,0.,1.));
#13415 = ADVANCED_FACE('',(#13416),#13441,.F.);
#13416 = FACE_BOUND('',#13417,.T.);
#13417 = EDGE_LOOP('',(#13418,#13426,#13434,#13440));
#13418 = ORIENTED_EDGE('',*,*,#13419,.T.);
#13419 = EDGE_CURVE('',#13382,#13420,#13422,.T.);
#13420 = VERTEX_POINT('',#13421);
#13421 = CARTESIAN_POINT('',(-2.579865183976,-0.5,-1.6));
#13422 = LINE('',#13423,#13424);
#13423 = CARTESIAN_POINT('',(-1.7,-0.5,-1.6));
#13424 = VECTOR('',#13425,1.);
#13425 = DIRECTION('',(-1.,-1.232236701975E-16,-0.));
#13426 = ORIENTED_EDGE('',*,*,#13427,.F.);
#13427 = EDGE_CURVE('',#13428,#13420,#13430,.T.);
#13428 = VERTEX_POINT('',#13429);
#13429 = CARTESIAN_POINT('',(-2.579865183976,-0.5,-2.1));
#13430 = LINE('',#13431,#13432);
#13431 = CARTESIAN_POINT('',(-2.579865183976,-0.5,-2.1));
#13432 = VECTOR('',#13433,1.);
#13433 = DIRECTION('',(0.,0.,1.));
#13434 = ORIENTED_EDGE('',*,*,#13435,.F.);
#13435 = EDGE_CURVE('',#13390,#13428,#13436,.T.);
#13436 = LINE('',#13437,#13438);
#13437 = CARTESIAN_POINT('',(-1.7,-0.5,-2.1));
#13438 = VECTOR('',#13439,1.);
#13439 = DIRECTION('',(-1.,-1.232236701975E-16,-0.));
#13440 = ORIENTED_EDGE('',*,*,#13389,.T.);
#13441 = PLANE('',#13442);
#13442 = AXIS2_PLACEMENT_3D('',#13443,#13444,#13445);
#13443 = CARTESIAN_POINT('',(-1.7,-0.5,-2.1));
#13444 = DIRECTION('',(-1.232236701975E-16,1.,0.));
#13445 = DIRECTION('',(1.,1.232236701975E-16,0.));
#13446 = ADVANCED_FACE('',(#13447),#13474,.F.);
#13447 = FACE_BOUND('',#13448,.F.);
#13448 = EDGE_LOOP('',(#13449,#13450,#13459,#13467));
#13449 = ORIENTED_EDGE('',*,*,#13427,.F.);
#13450 = ORIENTED_EDGE('',*,*,#13451,.T.);
#13451 = EDGE_CURVE('',#13428,#13452,#13454,.T.);
#13452 = VERTEX_POINT('',#13453);
#13453 = CARTESIAN_POINT('',(-2.654306145349,-0.565859799245,-2.1));
#13454 = CIRCLE('',#13455,7.5E-02);
#13455 = AXIS2_PLACEMENT_3D('',#13456,#13457,#13458);
#13456 = CARTESIAN_POINT('',(-2.579865183976,-0.575,-2.1));
#13457 = DIRECTION('',(0.,-0.,1.));
#13458 = DIRECTION('',(1.,0.,0.));
#13459 = ORIENTED_EDGE('',*,*,#13460,.T.);
#13460 = EDGE_CURVE('',#13452,#13461,#13463,.T.);
#13461 = VERTEX_POINT('',#13462);
#13462 = CARTESIAN_POINT('',(-2.654306145349,-0.565859799245,-1.6));
#13463 = LINE('',#13464,#13465);
#13464 = CARTESIAN_POINT('',(-2.654306145349,-0.565859799245,-2.1));
#13465 = VECTOR('',#13466,1.);
#13466 = DIRECTION('',(0.,0.,1.));
#13467 = ORIENTED_EDGE('',*,*,#13468,.F.);
#13468 = EDGE_CURVE('',#13420,#13461,#13469,.T.);
#13469 = CIRCLE('',#13470,7.5E-02);
#13470 = AXIS2_PLACEMENT_3D('',#13471,#13472,#13473);
#13471 = CARTESIAN_POINT('',(-2.579865183976,-0.575,-1.6));
#13472 = DIRECTION('',(0.,-0.,1.));
#13473 = DIRECTION('',(1.,0.,0.));
#13474 = CYLINDRICAL_SURFACE('',#13475,7.5E-02);
#13475 = AXIS2_PLACEMENT_3D('',#13476,#13477,#13478);
#13476 = CARTESIAN_POINT('',(-2.579865183976,-0.575,-2.1));
#13477 = DIRECTION('',(0.,0.,1.));
#13478 = DIRECTION('',(1.,0.,-0.));
#13479 = ADVANCED_FACE('',(#13480),#13505,.F.);
#13480 = FACE_BOUND('',#13481,.T.);
#13481 = EDGE_LOOP('',(#13482,#13490,#13498,#13504));
#13482 = ORIENTED_EDGE('',*,*,#13483,.T.);
#13483 = EDGE_CURVE('',#13461,#13484,#13486,.T.);
#13484 = VERTEX_POINT('',#13485);
#13485 = CARTESIAN_POINT('',(-2.661490769672,-0.624373868681,-1.6));
#13486 = LINE('',#13487,#13488);
#13487 = CARTESIAN_POINT('',(-2.654306145349,-0.565859799245,-1.6));
#13488 = VECTOR('',#13489,1.);
#13489 = DIRECTION('',(-0.121869343405,-0.992546151641,-0.));
#13490 = ORIENTED_EDGE('',*,*,#13491,.F.);
#13491 = EDGE_CURVE('',#13492,#13484,#13494,.T.);
#13492 = VERTEX_POINT('',#13493);
#13493 = CARTESIAN_POINT('',(-2.661490769672,-0.624373868681,-2.1));
#13494 = LINE('',#13495,#13496);
#13495 = CARTESIAN_POINT('',(-2.661490769672,-0.624373868681,-2.1));
#13496 = VECTOR('',#13497,1.);
#13497 = DIRECTION('',(0.,0.,1.));
#13498 = ORIENTED_EDGE('',*,*,#13499,.F.);
#13499 = EDGE_CURVE('',#13452,#13492,#13500,.T.);
#13500 = LINE('',#13501,#13502);
#13501 = CARTESIAN_POINT('',(-2.654306145349,-0.565859799245,-2.1));
#13502 = VECTOR('',#13503,1.);
#13503 = DIRECTION('',(-0.121869343405,-0.992546151641,-0.));
#13504 = ORIENTED_EDGE('',*,*,#13460,.T.);
#13505 = PLANE('',#13506);
#13506 = AXIS2_PLACEMENT_3D('',#13507,#13508,#13509);
#13507 = CARTESIAN_POINT('',(-2.654306145349,-0.565859799245,-2.1));
#13508 = DIRECTION('',(-0.992546151641,0.121869343405,0.));
#13509 = DIRECTION('',(0.121869343405,0.992546151641,0.));
#13510 = ADVANCED_FACE('',(#13511),#13538,.T.);
#13511 = FACE_BOUND('',#13512,.T.);
#13512 = EDGE_LOOP('',(#13513,#13522,#13530,#13537));
#13513 = ORIENTED_EDGE('',*,*,#13514,.T.);
#13514 = EDGE_CURVE('',#13484,#13515,#13517,.T.);
#13515 = VERTEX_POINT('',#13516);
#13516 = CARTESIAN_POINT('',(-2.86,-0.8,-1.6));
#13517 = CIRCLE('',#13518,0.2);
#13518 = AXIS2_PLACEMENT_3D('',#13519,#13520,#13521);
#13519 = CARTESIAN_POINT('',(-2.86,-0.6,-1.6));
#13520 = DIRECTION('',(0.,0.,-1.));
#13521 = DIRECTION('',(-1.,0.,0.));
#13522 = ORIENTED_EDGE('',*,*,#13523,.F.);
#13523 = EDGE_CURVE('',#13524,#13515,#13526,.T.);
#13524 = VERTEX_POINT('',#13525);
#13525 = CARTESIAN_POINT('',(-2.86,-0.8,-2.1));
#13526 = LINE('',#13527,#13528);
#13527 = CARTESIAN_POINT('',(-2.86,-0.8,-2.1));
#13528 = VECTOR('',#13529,1.);
#13529 = DIRECTION('',(0.,0.,1.));
#13530 = ORIENTED_EDGE('',*,*,#13531,.F.);
#13531 = EDGE_CURVE('',#13492,#13524,#13532,.T.);
#13532 = CIRCLE('',#13533,0.2);
#13533 = AXIS2_PLACEMENT_3D('',#13534,#13535,#13536);
#13534 = CARTESIAN_POINT('',(-2.86,-0.6,-2.1));
#13535 = DIRECTION('',(0.,0.,-1.));
#13536 = DIRECTION('',(-1.,0.,0.));
#13537 = ORIENTED_EDGE('',*,*,#13491,.T.);
#13538 = CYLINDRICAL_SURFACE('',#13539,0.2);
#13539 = AXIS2_PLACEMENT_3D('',#13540,#13541,#13542);
#13540 = CARTESIAN_POINT('',(-2.86,-0.6,-2.1));
#13541 = DIRECTION('',(0.,0.,1.));
#13542 = DIRECTION('',(1.,0.,-0.));
#13543 = ADVANCED_FACE('',(#13544),#13569,.F.);
#13544 = FACE_BOUND('',#13545,.T.);
#13545 = EDGE_LOOP('',(#13546,#13554,#13562,#13568));
#13546 = ORIENTED_EDGE('',*,*,#13547,.T.);
#13547 = EDGE_CURVE('',#13515,#13548,#13550,.T.);
#13548 = VERTEX_POINT('',#13549);
#13549 = CARTESIAN_POINT('',(-3.3,-0.8,-1.6));
#13550 = LINE('',#13551,#13552);
#13551 = CARTESIAN_POINT('',(-2.86,-0.8,-1.6));
#13552 = VECTOR('',#13553,1.);
#13553 = DIRECTION('',(-1.,0.,0.));
#13554 = ORIENTED_EDGE('',*,*,#13555,.F.);
#13555 = EDGE_CURVE('',#13556,#13548,#13558,.T.);
#13556 = VERTEX_POINT('',#13557);
#13557 = CARTESIAN_POINT('',(-3.3,-0.8,-2.1));
#13558 = LINE('',#13559,#13560);
#13559 = CARTESIAN_POINT('',(-3.3,-0.8,-2.1));
#13560 = VECTOR('',#13561,1.);
#13561 = DIRECTION('',(0.,0.,1.));
#13562 = ORIENTED_EDGE('',*,*,#13563,.F.);
#13563 = EDGE_CURVE('',#13524,#13556,#13564,.T.);
#13564 = LINE('',#13565,#13566);
#13565 = CARTESIAN_POINT('',(-2.86,-0.8,-2.1));
#13566 = VECTOR('',#13567,1.);
#13567 = DIRECTION('',(-1.,0.,0.));
#13568 = ORIENTED_EDGE('',*,*,#13523,.T.);
#13569 = PLANE('',#13570);
#13570 = AXIS2_PLACEMENT_3D('',#13571,#13572,#13573);
#13571 = CARTESIAN_POINT('',(-2.86,-0.8,-2.1));
#13572 = DIRECTION('',(0.,1.,0.));
#13573 = DIRECTION('',(0.,0.,-1.));
#13574 = ADVANCED_FACE('',(#13575),#13600,.F.);
#13575 = FACE_BOUND('',#13576,.T.);
#13576 = EDGE_LOOP('',(#13577,#13585,#13593,#13599));
#13577 = ORIENTED_EDGE('',*,*,#13578,.T.);
#13578 = EDGE_CURVE('',#13548,#13579,#13581,.T.);
#13579 = VERTEX_POINT('',#13580);
#13580 = CARTESIAN_POINT('',(-3.3,-0.67,-1.6));
#13581 = LINE('',#13582,#13583);
#13582 = CARTESIAN_POINT('',(-3.3,-0.67,-1.6));
#13583 = VECTOR('',#13584,1.);
#13584 = DIRECTION('',(0.,1.,0.));
#13585 = ORIENTED_EDGE('',*,*,#13586,.F.);
#13586 = EDGE_CURVE('',#13587,#13579,#13589,.T.);
#13587 = VERTEX_POINT('',#13588);
#13588 = CARTESIAN_POINT('',(-3.3,-0.67,-2.1));
#13589 = LINE('',#13590,#13591);
#13590 = CARTESIAN_POINT('',(-3.3,-0.67,-2.1));
#13591 = VECTOR('',#13592,1.);
#13592 = DIRECTION('',(0.,0.,1.));
#13593 = ORIENTED_EDGE('',*,*,#13594,.F.);
#13594 = EDGE_CURVE('',#13556,#13587,#13595,.T.);
#13595 = LINE('',#13596,#13597);
#13596 = CARTESIAN_POINT('',(-3.3,-0.67,-2.1));
#13597 = VECTOR('',#13598,1.);
#13598 = DIRECTION('',(0.,1.,0.));
#13599 = ORIENTED_EDGE('',*,*,#13555,.T.);
#13600 = PLANE('',#13601);
#13601 = AXIS2_PLACEMENT_3D('',#13602,#13603,#13604);
#13602 = CARTESIAN_POINT('',(-3.3,-0.67,-2.1));
#13603 = DIRECTION('',(1.,0.,0.));
#13604 = DIRECTION('',(0.,0.,-1.));
#13605 = ADVANCED_FACE('',(#13606),#13631,.F.);
#13606 = FACE_BOUND('',#13607,.T.);
#13607 = EDGE_LOOP('',(#13608,#13616,#13624,#13630));
#13608 = ORIENTED_EDGE('',*,*,#13609,.T.);
#13609 = EDGE_CURVE('',#13579,#13610,#13612,.T.);
#13610 = VERTEX_POINT('',#13611);
#13611 = CARTESIAN_POINT('',(-2.86,-0.67,-1.6));
#13612 = LINE('',#13613,#13614);
#13613 = CARTESIAN_POINT('',(-2.86,-0.67,-1.6));
#13614 = VECTOR('',#13615,1.);
#13615 = DIRECTION('',(1.,-2.464095846558E-16,0.));
#13616 = ORIENTED_EDGE('',*,*,#13617,.F.);
#13617 = EDGE_CURVE('',#13618,#13610,#13620,.T.);
#13618 = VERTEX_POINT('',#13619);
#13619 = CARTESIAN_POINT('',(-2.86,-0.67,-2.1));
#13620 = LINE('',#13621,#13622);
#13621 = CARTESIAN_POINT('',(-2.86,-0.67,-2.1));
#13622 = VECTOR('',#13623,1.);
#13623 = DIRECTION('',(0.,0.,1.));
#13624 = ORIENTED_EDGE('',*,*,#13625,.F.);
#13625 = EDGE_CURVE('',#13587,#13618,#13626,.T.);
#13626 = LINE('',#13627,#13628);
#13627 = CARTESIAN_POINT('',(-2.86,-0.67,-2.1));
#13628 = VECTOR('',#13629,1.);
#13629 = DIRECTION('',(1.,-2.464095846558E-16,0.));
#13630 = ORIENTED_EDGE('',*,*,#13586,.T.);
#13631 = PLANE('',#13632);
#13632 = AXIS2_PLACEMENT_3D('',#13633,#13634,#13635);
#13633 = CARTESIAN_POINT('',(-2.86,-0.67,-2.1));
#13634 = DIRECTION('',(-2.464095846558E-16,-1.,-0.));
#13635 = DIRECTION('',(-1.,2.464095846558E-16,0.));
#13636 = ADVANCED_FACE('',(#13637),#13664,.F.);
#13637 = FACE_BOUND('',#13638,.F.);
#13638 = EDGE_LOOP('',(#13639,#13640,#13649,#13657));
#13639 = ORIENTED_EDGE('',*,*,#13617,.F.);
#13640 = ORIENTED_EDGE('',*,*,#13641,.T.);
#13641 = EDGE_CURVE('',#13618,#13642,#13644,.T.);
#13642 = VERTEX_POINT('',#13643);
#13643 = CARTESIAN_POINT('',(-2.790521769385,-0.608530854038,-2.1));
#13644 = CIRCLE('',#13645,7.E-02);
#13645 = AXIS2_PLACEMENT_3D('',#13646,#13647,#13648);
#13646 = CARTESIAN_POINT('',(-2.86,-0.6,-2.1));
#13647 = DIRECTION('',(0.,-0.,1.));
#13648 = DIRECTION('',(-1.,0.,0.));
#13649 = ORIENTED_EDGE('',*,*,#13650,.T.);
#13650 = EDGE_CURVE('',#13642,#13651,#13653,.T.);
#13651 = VERTEX_POINT('',#13652);
#13652 = CARTESIAN_POINT('',(-2.790521769385,-0.608530854038,-1.6));
#13653 = LINE('',#13654,#13655);
#13654 = CARTESIAN_POINT('',(-2.790521769385,-0.608530854038,-2.1));
#13655 = VECTOR('',#13656,1.);
#13656 = DIRECTION('',(0.,0.,1.));
#13657 = ORIENTED_EDGE('',*,*,#13658,.F.);
#13658 = EDGE_CURVE('',#13610,#13651,#13659,.T.);
#13659 = CIRCLE('',#13660,7.E-02);
#13660 = AXIS2_PLACEMENT_3D('',#13661,#13662,#13663);
#13661 = CARTESIAN_POINT('',(-2.86,-0.6,-1.6));
#13662 = DIRECTION('',(0.,-0.,1.));
#13663 = DIRECTION('',(-1.,0.,0.));
#13664 = CYLINDRICAL_SURFACE('',#13665,7.E-02);
#13665 = AXIS2_PLACEMENT_3D('',#13666,#13667,#13668);
#13666 = CARTESIAN_POINT('',(-2.86,-0.6,-2.1));
#13667 = DIRECTION('',(0.,0.,1.));
#13668 = DIRECTION('',(1.,0.,-0.));
#13669 = ADVANCED_FACE('',(#13670),#13695,.F.);
#13670 = FACE_BOUND('',#13671,.T.);
#13671 = EDGE_LOOP('',(#13672,#13680,#13688,#13694));
#13672 = ORIENTED_EDGE('',*,*,#13673,.T.);
#13673 = EDGE_CURVE('',#13651,#13674,#13676,.T.);
#13674 = VERTEX_POINT('',#13675);
#13675 = CARTESIAN_POINT('',(-2.783337145063,-0.550016784602,-1.6));
#13676 = LINE('',#13677,#13678);
#13677 = CARTESIAN_POINT('',(-2.783337145063,-0.550016784602,-1.6));
#13678 = VECTOR('',#13679,1.);
#13679 = DIRECTION('',(0.121869343405,0.992546151641,0.));
#13680 = ORIENTED_EDGE('',*,*,#13681,.F.);
#13681 = EDGE_CURVE('',#13682,#13674,#13684,.T.);
#13682 = VERTEX_POINT('',#13683);
#13683 = CARTESIAN_POINT('',(-2.783337145063,-0.550016784602,-2.1));
#13684 = LINE('',#13685,#13686);
#13685 = CARTESIAN_POINT('',(-2.783337145063,-0.550016784602,-2.1));
#13686 = VECTOR('',#13687,1.);
#13687 = DIRECTION('',(0.,0.,1.));
#13688 = ORIENTED_EDGE('',*,*,#13689,.F.);
#13689 = EDGE_CURVE('',#13642,#13682,#13690,.T.);
#13690 = LINE('',#13691,#13692);
#13691 = CARTESIAN_POINT('',(-2.783337145063,-0.550016784602,-2.1));
#13692 = VECTOR('',#13693,1.);
#13693 = DIRECTION('',(0.121869343405,0.992546151641,0.));
#13694 = ORIENTED_EDGE('',*,*,#13650,.T.);
#13695 = PLANE('',#13696);
#13696 = AXIS2_PLACEMENT_3D('',#13697,#13698,#13699);
#13697 = CARTESIAN_POINT('',(-2.783337145063,-0.550016784602,-2.1));
#13698 = DIRECTION('',(0.992546151641,-0.121869343405,0.));
#13699 = DIRECTION('',(-0.121869343405,-0.992546151641,0.));
#13700 = ADVANCED_FACE('',(#13701),#13728,.T.);
#13701 = FACE_BOUND('',#13702,.T.);
#13702 = EDGE_LOOP('',(#13703,#13712,#13720,#13727));
#13703 = ORIENTED_EDGE('',*,*,#13704,.T.);
#13704 = EDGE_CURVE('',#13674,#13705,#13707,.T.);
#13705 = VERTEX_POINT('',#13706);
#13706 = CARTESIAN_POINT('',(-2.579865183976,-0.37,-1.6));
#13707 = CIRCLE('',#13708,0.205);
#13708 = AXIS2_PLACEMENT_3D('',#13709,#13710,#13711);
#13709 = CARTESIAN_POINT('',(-2.579865183976,-0.575,-1.6));
#13710 = DIRECTION('',(0.,0.,-1.));
#13711 = DIRECTION('',(1.,0.,0.));
#13712 = ORIENTED_EDGE('',*,*,#13713,.F.);
#13713 = EDGE_CURVE('',#13714,#13705,#13716,.T.);
#13714 = VERTEX_POINT('',#13715);
#13715 = CARTESIAN_POINT('',(-2.579865183976,-0.37,-2.1));
#13716 = LINE('',#13717,#13718);
#13717 = CARTESIAN_POINT('',(-2.579865183976,-0.37,-2.1));
#13718 = VECTOR('',#13719,1.);
#13719 = DIRECTION('',(0.,0.,1.));
#13720 = ORIENTED_EDGE('',*,*,#13721,.F.);
#13721 = EDGE_CURVE('',#13682,#13714,#13722,.T.);
#13722 = CIRCLE('',#13723,0.205);
#13723 = AXIS2_PLACEMENT_3D('',#13724,#13725,#13726);
#13724 = CARTESIAN_POINT('',(-2.579865183976,-0.575,-2.1));
#13725 = DIRECTION('',(0.,0.,-1.));
#13726 = DIRECTION('',(1.,0.,0.));
#13727 = ORIENTED_EDGE('',*,*,#13681,.T.);
#13728 = CYLINDRICAL_SURFACE('',#13729,0.205);
#13729 = AXIS2_PLACEMENT_3D('',#13730,#13731,#13732);
#13730 = CARTESIAN_POINT('',(-2.579865183976,-0.575,-2.1));
#13731 = DIRECTION('',(0.,0.,1.));
#13732 = DIRECTION('',(1.,0.,-0.));
#13733 = ADVANCED_FACE('',(#13734),#13750,.F.);
#13734 = FACE_BOUND('',#13735,.T.);
#13735 = EDGE_LOOP('',(#13736,#13742,#13743,#13749));
#13736 = ORIENTED_EDGE('',*,*,#13737,.T.);
#13737 = EDGE_CURVE('',#13705,#13380,#13738,.T.);
#13738 = LINE('',#13739,#13740);
#13739 = CARTESIAN_POINT('',(-1.7,-0.37,-1.6));
#13740 = VECTOR('',#13741,1.);
#13741 = DIRECTION('',(1.,0.,0.));
#13742 = ORIENTED_EDGE('',*,*,#13405,.F.);
#13743 = ORIENTED_EDGE('',*,*,#13744,.F.);
#13744 = EDGE_CURVE('',#13714,#13398,#13745,.T.);
#13745 = LINE('',#13746,#13747);
#13746 = CARTESIAN_POINT('',(-1.7,-0.37,-2.1));
#13747 = VECTOR('',#13748,1.);
#13748 = DIRECTION('',(1.,0.,0.));
#13749 = ORIENTED_EDGE('',*,*,#13713,.T.);
#13750 = PLANE('',#13751);
#13751 = AXIS2_PLACEMENT_3D('',#13752,#13753,#13754);
#13752 = CARTESIAN_POINT('',(-1.7,-0.37,-2.1));
#13753 = DIRECTION('',(0.,-1.,0.));
#13754 = DIRECTION('',(0.,0.,1.));
#13755 = ADVANCED_FACE('',(#13756),#13770,.F.);
#13756 = FACE_BOUND('',#13757,.T.);
#13757 = EDGE_LOOP('',(#13758,#13759,#13760,#13761,#13762,#13763,#13764,
    #13765,#13766,#13767,#13768,#13769));
#13758 = ORIENTED_EDGE('',*,*,#13397,.T.);
#13759 = ORIENTED_EDGE('',*,*,#13435,.T.);
#13760 = ORIENTED_EDGE('',*,*,#13451,.T.);
#13761 = ORIENTED_EDGE('',*,*,#13499,.T.);
#13762 = ORIENTED_EDGE('',*,*,#13531,.T.);
#13763 = ORIENTED_EDGE('',*,*,#13563,.T.);
#13764 = ORIENTED_EDGE('',*,*,#13594,.T.);
#13765 = ORIENTED_EDGE('',*,*,#13625,.T.);
#13766 = ORIENTED_EDGE('',*,*,#13641,.T.);
#13767 = ORIENTED_EDGE('',*,*,#13689,.T.);
#13768 = ORIENTED_EDGE('',*,*,#13721,.T.);
#13769 = ORIENTED_EDGE('',*,*,#13744,.T.);
#13770 = PLANE('',#13771);
#13771 = AXIS2_PLACEMENT_3D('',#13772,#13773,#13774);
#13772 = CARTESIAN_POINT('',(-2.579865183976,-0.575,-2.1));
#13773 = DIRECTION('',(0.,0.,1.));
#13774 = DIRECTION('',(1.,0.,-0.));
#13775 = ADVANCED_FACE('',(#13776),#13790,.T.);
#13776 = FACE_BOUND('',#13777,.T.);
#13777 = EDGE_LOOP('',(#13778,#13779,#13780,#13781,#13782,#13783,#13784,
    #13785,#13786,#13787,#13788,#13789));
#13778 = ORIENTED_EDGE('',*,*,#13379,.F.);
#13779 = ORIENTED_EDGE('',*,*,#13737,.F.);
#13780 = ORIENTED_EDGE('',*,*,#13704,.F.);
#13781 = ORIENTED_EDGE('',*,*,#13673,.F.);
#13782 = ORIENTED_EDGE('',*,*,#13658,.F.);
#13783 = ORIENTED_EDGE('',*,*,#13609,.F.);
#13784 = ORIENTED_EDGE('',*,*,#13578,.F.);
#13785 = ORIENTED_EDGE('',*,*,#13547,.F.);
#13786 = ORIENTED_EDGE('',*,*,#13514,.F.);
#13787 = ORIENTED_EDGE('',*,*,#13483,.F.);
#13788 = ORIENTED_EDGE('',*,*,#13468,.F.);
#13789 = ORIENTED_EDGE('',*,*,#13419,.F.);
#13790 = PLANE('',#13791);
#13791 = AXIS2_PLACEMENT_3D('',#13792,#13793,#13794);
#13792 = CARTESIAN_POINT('',(-2.579865183976,-0.575,-1.6));
#13793 = DIRECTION('',(0.,0.,1.));
#13794 = DIRECTION('',(1.,0.,-0.));
#13795 = MANIFOLD_SOLID_BREP('',#13796);
#13796 = CLOSED_SHELL('',(#13797,#13837,#13868,#13901,#13932,#13965,
    #13996,#14027,#14058,#14091,#14122,#14155,#14177,#14197));
#13797 = ADVANCED_FACE('',(#13798),#13832,.F.);
#13798 = FACE_BOUND('',#13799,.T.);
#13799 = EDGE_LOOP('',(#13800,#13810,#13818,#13826));
#13800 = ORIENTED_EDGE('',*,*,#13801,.F.);
#13801 = EDGE_CURVE('',#13802,#13804,#13806,.T.);
#13802 = VERTEX_POINT('',#13803);
#13803 = CARTESIAN_POINT('',(1.7,-0.37,-1.6));
#13804 = VERTEX_POINT('',#13805);
#13805 = CARTESIAN_POINT('',(1.7,-0.5,-1.6));
#13806 = LINE('',#13807,#13808);
#13807 = CARTESIAN_POINT('',(1.7,-0.37,-1.6));
#13808 = VECTOR('',#13809,1.);
#13809 = DIRECTION('',(0.,-1.,0.));
#13810 = ORIENTED_EDGE('',*,*,#13811,.F.);
#13811 = EDGE_CURVE('',#13812,#13802,#13814,.T.);
#13812 = VERTEX_POINT('',#13813);
#13813 = CARTESIAN_POINT('',(1.7,-0.37,-2.1));
#13814 = LINE('',#13815,#13816);
#13815 = CARTESIAN_POINT('',(1.7,-0.37,-2.1));
#13816 = VECTOR('',#13817,1.);
#13817 = DIRECTION('',(-0.,-0.,1.));
#13818 = ORIENTED_EDGE('',*,*,#13819,.T.);
#13819 = EDGE_CURVE('',#13812,#13820,#13822,.T.);
#13820 = VERTEX_POINT('',#13821);
#13821 = CARTESIAN_POINT('',(1.7,-0.5,-2.1));
#13822 = LINE('',#13823,#13824);
#13823 = CARTESIAN_POINT('',(1.7,-0.37,-2.1));
#13824 = VECTOR('',#13825,1.);
#13825 = DIRECTION('',(0.,-1.,0.));
#13826 = ORIENTED_EDGE('',*,*,#13827,.T.);
#13827 = EDGE_CURVE('',#13820,#13804,#13828,.T.);
#13828 = LINE('',#13829,#13830);
#13829 = CARTESIAN_POINT('',(1.7,-0.5,-2.1));
#13830 = VECTOR('',#13831,1.);
#13831 = DIRECTION('',(-0.,-0.,1.));
#13832 = PLANE('',#13833);
#13833 = AXIS2_PLACEMENT_3D('',#13834,#13835,#13836);
#13834 = CARTESIAN_POINT('',(1.7,-0.37,-2.1));
#13835 = DIRECTION('',(1.,0.,-0.));
#13836 = DIRECTION('',(0.,0.,1.));
#13837 = ADVANCED_FACE('',(#13838),#13863,.F.);
#13838 = FACE_BOUND('',#13839,.T.);
#13839 = EDGE_LOOP('',(#13840,#13848,#13849,#13857));
#13840 = ORIENTED_EDGE('',*,*,#13841,.F.);
#13841 = EDGE_CURVE('',#13804,#13842,#13844,.T.);
#13842 = VERTEX_POINT('',#13843);
#13843 = CARTESIAN_POINT('',(2.579865183976,-0.5,-1.6));
#13844 = LINE('',#13845,#13846);
#13845 = CARTESIAN_POINT('',(1.7,-0.5,-1.6));
#13846 = VECTOR('',#13847,1.);
#13847 = DIRECTION('',(1.,-1.232236701975E-16,0.));
#13848 = ORIENTED_EDGE('',*,*,#13827,.F.);
#13849 = ORIENTED_EDGE('',*,*,#13850,.T.);
#13850 = EDGE_CURVE('',#13820,#13851,#13853,.T.);
#13851 = VERTEX_POINT('',#13852);
#13852 = CARTESIAN_POINT('',(2.579865183976,-0.5,-2.1));
#13853 = LINE('',#13854,#13855);
#13854 = CARTESIAN_POINT('',(1.7,-0.5,-2.1));
#13855 = VECTOR('',#13856,1.);
#13856 = DIRECTION('',(1.,-1.232236701975E-16,0.));
#13857 = ORIENTED_EDGE('',*,*,#13858,.T.);
#13858 = EDGE_CURVE('',#13851,#13842,#13859,.T.);
#13859 = LINE('',#13860,#13861);
#13860 = CARTESIAN_POINT('',(2.579865183976,-0.5,-2.1));
#13861 = VECTOR('',#13862,1.);
#13862 = DIRECTION('',(-0.,-0.,1.));
#13863 = PLANE('',#13864);
#13864 = AXIS2_PLACEMENT_3D('',#13865,#13866,#13867);
#13865 = CARTESIAN_POINT('',(1.7,-0.5,-2.1));
#13866 = DIRECTION('',(1.232236701975E-16,1.,0.));
#13867 = DIRECTION('',(-1.,1.232236701975E-16,0.));
#13868 = ADVANCED_FACE('',(#13869),#13896,.F.);
#13869 = FACE_BOUND('',#13870,.F.);
#13870 = EDGE_LOOP('',(#13871,#13881,#13888,#13889));
#13871 = ORIENTED_EDGE('',*,*,#13872,.F.);
#13872 = EDGE_CURVE('',#13873,#13875,#13877,.T.);
#13873 = VERTEX_POINT('',#13874);
#13874 = CARTESIAN_POINT('',(2.654306145349,-0.565859799245,-2.1));
#13875 = VERTEX_POINT('',#13876);
#13876 = CARTESIAN_POINT('',(2.654306145349,-0.565859799245,-1.6));
#13877 = LINE('',#13878,#13879);
#13878 = CARTESIAN_POINT('',(2.654306145349,-0.565859799245,-2.1));
#13879 = VECTOR('',#13880,1.);
#13880 = DIRECTION('',(-0.,-0.,1.));
#13881 = ORIENTED_EDGE('',*,*,#13882,.F.);
#13882 = EDGE_CURVE('',#13851,#13873,#13883,.T.);
#13883 = CIRCLE('',#13884,7.5E-02);
#13884 = AXIS2_PLACEMENT_3D('',#13885,#13886,#13887);
#13885 = CARTESIAN_POINT('',(2.579865183976,-0.575,-2.1));
#13886 = DIRECTION('',(0.,0.,-1.));
#13887 = DIRECTION('',(-1.,0.,0.));
#13888 = ORIENTED_EDGE('',*,*,#13858,.T.);
#13889 = ORIENTED_EDGE('',*,*,#13890,.T.);
#13890 = EDGE_CURVE('',#13842,#13875,#13891,.T.);
#13891 = CIRCLE('',#13892,7.5E-02);
#13892 = AXIS2_PLACEMENT_3D('',#13893,#13894,#13895);
#13893 = CARTESIAN_POINT('',(2.579865183976,-0.575,-1.6));
#13894 = DIRECTION('',(0.,0.,-1.));
#13895 = DIRECTION('',(-1.,0.,0.));
#13896 = CYLINDRICAL_SURFACE('',#13897,7.5E-02);
#13897 = AXIS2_PLACEMENT_3D('',#13898,#13899,#13900);
#13898 = CARTESIAN_POINT('',(2.579865183976,-0.575,-2.1));
#13899 = DIRECTION('',(-0.,-0.,1.));
#13900 = DIRECTION('',(-1.,0.,0.));
#13901 = ADVANCED_FACE('',(#13902),#13927,.F.);
#13902 = FACE_BOUND('',#13903,.T.);
#13903 = EDGE_LOOP('',(#13904,#13912,#13913,#13921));
#13904 = ORIENTED_EDGE('',*,*,#13905,.F.);
#13905 = EDGE_CURVE('',#13875,#13906,#13908,.T.);
#13906 = VERTEX_POINT('',#13907);
#13907 = CARTESIAN_POINT('',(2.661490769672,-0.624373868681,-1.6));
#13908 = LINE('',#13909,#13910);
#13909 = CARTESIAN_POINT('',(2.654306145349,-0.565859799245,-1.6));
#13910 = VECTOR('',#13911,1.);
#13911 = DIRECTION('',(0.121869343405,-0.992546151641,0.));
#13912 = ORIENTED_EDGE('',*,*,#13872,.F.);
#13913 = ORIENTED_EDGE('',*,*,#13914,.T.);
#13914 = EDGE_CURVE('',#13873,#13915,#13917,.T.);
#13915 = VERTEX_POINT('',#13916);
#13916 = CARTESIAN_POINT('',(2.661490769672,-0.624373868681,-2.1));
#13917 = LINE('',#13918,#13919);
#13918 = CARTESIAN_POINT('',(2.654306145349,-0.565859799245,-2.1));
#13919 = VECTOR('',#13920,1.);
#13920 = DIRECTION('',(0.121869343405,-0.992546151641,0.));
#13921 = ORIENTED_EDGE('',*,*,#13922,.T.);
#13922 = EDGE_CURVE('',#13915,#13906,#13923,.T.);
#13923 = LINE('',#13924,#13925);
#13924 = CARTESIAN_POINT('',(2.661490769672,-0.624373868681,-2.1));
#13925 = VECTOR('',#13926,1.);
#13926 = DIRECTION('',(-0.,-0.,1.));
#13927 = PLANE('',#13928);
#13928 = AXIS2_PLACEMENT_3D('',#13929,#13930,#13931);
#13929 = CARTESIAN_POINT('',(2.654306145349,-0.565859799245,-2.1));
#13930 = DIRECTION('',(0.992546151641,0.121869343405,0.));
#13931 = DIRECTION('',(-0.121869343405,0.992546151641,0.));
#13932 = ADVANCED_FACE('',(#13933),#13960,.T.);
#13933 = FACE_BOUND('',#13934,.T.);
#13934 = EDGE_LOOP('',(#13935,#13944,#13945,#13954));
#13935 = ORIENTED_EDGE('',*,*,#13936,.F.);
#13936 = EDGE_CURVE('',#13906,#13937,#13939,.T.);
#13937 = VERTEX_POINT('',#13938);
#13938 = CARTESIAN_POINT('',(2.86,-0.8,-1.6));
#13939 = CIRCLE('',#13940,0.2);
#13940 = AXIS2_PLACEMENT_3D('',#13941,#13942,#13943);
#13941 = CARTESIAN_POINT('',(2.86,-0.6,-1.6));
#13942 = DIRECTION('',(0.,-0.,1.));
#13943 = DIRECTION('',(1.,0.,0.));
#13944 = ORIENTED_EDGE('',*,*,#13922,.F.);
#13945 = ORIENTED_EDGE('',*,*,#13946,.T.);
#13946 = EDGE_CURVE('',#13915,#13947,#13949,.T.);
#13947 = VERTEX_POINT('',#13948);
#13948 = CARTESIAN_POINT('',(2.86,-0.8,-2.1));
#13949 = CIRCLE('',#13950,0.2);
#13950 = AXIS2_PLACEMENT_3D('',#13951,#13952,#13953);
#13951 = CARTESIAN_POINT('',(2.86,-0.6,-2.1));
#13952 = DIRECTION('',(0.,-0.,1.));
#13953 = DIRECTION('',(1.,0.,0.));
#13954 = ORIENTED_EDGE('',*,*,#13955,.T.);
#13955 = EDGE_CURVE('',#13947,#13937,#13956,.T.);
#13956 = LINE('',#13957,#13958);
#13957 = CARTESIAN_POINT('',(2.86,-0.8,-2.1));
#13958 = VECTOR('',#13959,1.);
#13959 = DIRECTION('',(-0.,-0.,1.));
#13960 = CYLINDRICAL_SURFACE('',#13961,0.2);
#13961 = AXIS2_PLACEMENT_3D('',#13962,#13963,#13964);
#13962 = CARTESIAN_POINT('',(2.86,-0.6,-2.1));
#13963 = DIRECTION('',(-0.,-0.,1.));
#13964 = DIRECTION('',(-1.,0.,0.));
#13965 = ADVANCED_FACE('',(#13966),#13991,.F.);
#13966 = FACE_BOUND('',#13967,.T.);
#13967 = EDGE_LOOP('',(#13968,#13976,#13977,#13985));
#13968 = ORIENTED_EDGE('',*,*,#13969,.F.);
#13969 = EDGE_CURVE('',#13937,#13970,#13972,.T.);
#13970 = VERTEX_POINT('',#13971);
#13971 = CARTESIAN_POINT('',(3.3,-0.8,-1.6));
#13972 = LINE('',#13973,#13974);
#13973 = CARTESIAN_POINT('',(2.86,-0.8,-1.6));
#13974 = VECTOR('',#13975,1.);
#13975 = DIRECTION('',(1.,0.,0.));
#13976 = ORIENTED_EDGE('',*,*,#13955,.F.);
#13977 = ORIENTED_EDGE('',*,*,#13978,.T.);
#13978 = EDGE_CURVE('',#13947,#13979,#13981,.T.);
#13979 = VERTEX_POINT('',#13980);
#13980 = CARTESIAN_POINT('',(3.3,-0.8,-2.1));
#13981 = LINE('',#13982,#13983);
#13982 = CARTESIAN_POINT('',(2.86,-0.8,-2.1));
#13983 = VECTOR('',#13984,1.);
#13984 = DIRECTION('',(1.,0.,0.));
#13985 = ORIENTED_EDGE('',*,*,#13986,.T.);
#13986 = EDGE_CURVE('',#13979,#13970,#13987,.T.);
#13987 = LINE('',#13988,#13989);
#13988 = CARTESIAN_POINT('',(3.3,-0.8,-2.1));
#13989 = VECTOR('',#13990,1.);
#13990 = DIRECTION('',(-0.,-0.,1.));
#13991 = PLANE('',#13992);
#13992 = AXIS2_PLACEMENT_3D('',#13993,#13994,#13995);
#13993 = CARTESIAN_POINT('',(2.86,-0.8,-2.1));
#13994 = DIRECTION('',(0.,1.,0.));
#13995 = DIRECTION('',(0.,0.,-1.));
#13996 = ADVANCED_FACE('',(#13997),#14022,.F.);
#13997 = FACE_BOUND('',#13998,.T.);
#13998 = EDGE_LOOP('',(#13999,#14007,#14008,#14016));
#13999 = ORIENTED_EDGE('',*,*,#14000,.F.);
#14000 = EDGE_CURVE('',#13970,#14001,#14003,.T.);
#14001 = VERTEX_POINT('',#14002);
#14002 = CARTESIAN_POINT('',(3.3,-0.67,-1.6));
#14003 = LINE('',#14004,#14005);
#14004 = CARTESIAN_POINT('',(3.3,-0.67,-1.6));
#14005 = VECTOR('',#14006,1.);
#14006 = DIRECTION('',(0.,1.,0.));
#14007 = ORIENTED_EDGE('',*,*,#13986,.F.);
#14008 = ORIENTED_EDGE('',*,*,#14009,.T.);
#14009 = EDGE_CURVE('',#13979,#14010,#14012,.T.);
#14010 = VERTEX_POINT('',#14011);
#14011 = CARTESIAN_POINT('',(3.3,-0.67,-2.1));
#14012 = LINE('',#14013,#14014);
#14013 = CARTESIAN_POINT('',(3.3,-0.67,-2.1));
#14014 = VECTOR('',#14015,1.);
#14015 = DIRECTION('',(0.,1.,0.));
#14016 = ORIENTED_EDGE('',*,*,#14017,.T.);
#14017 = EDGE_CURVE('',#14010,#14001,#14018,.T.);
#14018 = LINE('',#14019,#14020);
#14019 = CARTESIAN_POINT('',(3.3,-0.67,-2.1));
#14020 = VECTOR('',#14021,1.);
#14021 = DIRECTION('',(-0.,-0.,1.));
#14022 = PLANE('',#14023);
#14023 = AXIS2_PLACEMENT_3D('',#14024,#14025,#14026);
#14024 = CARTESIAN_POINT('',(3.3,-0.67,-2.1));
#14025 = DIRECTION('',(-1.,0.,0.));
#14026 = DIRECTION('',(0.,0.,-1.));
#14027 = ADVANCED_FACE('',(#14028),#14053,.F.);
#14028 = FACE_BOUND('',#14029,.T.);
#14029 = EDGE_LOOP('',(#14030,#14038,#14039,#14047));
#14030 = ORIENTED_EDGE('',*,*,#14031,.F.);
#14031 = EDGE_CURVE('',#14001,#14032,#14034,.T.);
#14032 = VERTEX_POINT('',#14033);
#14033 = CARTESIAN_POINT('',(2.86,-0.67,-1.6));
#14034 = LINE('',#14035,#14036);
#14035 = CARTESIAN_POINT('',(2.86,-0.67,-1.6));
#14036 = VECTOR('',#14037,1.);
#14037 = DIRECTION('',(-1.,-2.464095846558E-16,0.));
#14038 = ORIENTED_EDGE('',*,*,#14017,.F.);
#14039 = ORIENTED_EDGE('',*,*,#14040,.T.);
#14040 = EDGE_CURVE('',#14010,#14041,#14043,.T.);
#14041 = VERTEX_POINT('',#14042);
#14042 = CARTESIAN_POINT('',(2.86,-0.67,-2.1));
#14043 = LINE('',#14044,#14045);
#14044 = CARTESIAN_POINT('',(2.86,-0.67,-2.1));
#14045 = VECTOR('',#14046,1.);
#14046 = DIRECTION('',(-1.,-2.464095846558E-16,0.));
#14047 = ORIENTED_EDGE('',*,*,#14048,.T.);
#14048 = EDGE_CURVE('',#14041,#14032,#14049,.T.);
#14049 = LINE('',#14050,#14051);
#14050 = CARTESIAN_POINT('',(2.86,-0.67,-2.1));
#14051 = VECTOR('',#14052,1.);
#14052 = DIRECTION('',(-0.,-0.,1.));
#14053 = PLANE('',#14054);
#14054 = AXIS2_PLACEMENT_3D('',#14055,#14056,#14057);
#14055 = CARTESIAN_POINT('',(2.86,-0.67,-2.1));
#14056 = DIRECTION('',(2.464095846558E-16,-1.,0.));
#14057 = DIRECTION('',(1.,2.464095846558E-16,0.));
#14058 = ADVANCED_FACE('',(#14059),#14086,.F.);
#14059 = FACE_BOUND('',#14060,.F.);
#14060 = EDGE_LOOP('',(#14061,#14071,#14078,#14079));
#14061 = ORIENTED_EDGE('',*,*,#14062,.F.);
#14062 = EDGE_CURVE('',#14063,#14065,#14067,.T.);
#14063 = VERTEX_POINT('',#14064);
#14064 = CARTESIAN_POINT('',(2.790521769385,-0.608530854038,-2.1));
#14065 = VERTEX_POINT('',#14066);
#14066 = CARTESIAN_POINT('',(2.790521769385,-0.608530854038,-1.6));
#14067 = LINE('',#14068,#14069);
#14068 = CARTESIAN_POINT('',(2.790521769385,-0.608530854038,-2.1));
#14069 = VECTOR('',#14070,1.);
#14070 = DIRECTION('',(-0.,-0.,1.));
#14071 = ORIENTED_EDGE('',*,*,#14072,.F.);
#14072 = EDGE_CURVE('',#14041,#14063,#14073,.T.);
#14073 = CIRCLE('',#14074,7.E-02);
#14074 = AXIS2_PLACEMENT_3D('',#14075,#14076,#14077);
#14075 = CARTESIAN_POINT('',(2.86,-0.6,-2.1));
#14076 = DIRECTION('',(0.,0.,-1.));
#14077 = DIRECTION('',(1.,0.,0.));
#14078 = ORIENTED_EDGE('',*,*,#14048,.T.);
#14079 = ORIENTED_EDGE('',*,*,#14080,.T.);
#14080 = EDGE_CURVE('',#14032,#14065,#14081,.T.);
#14081 = CIRCLE('',#14082,7.E-02);
#14082 = AXIS2_PLACEMENT_3D('',#14083,#14084,#14085);
#14083 = CARTESIAN_POINT('',(2.86,-0.6,-1.6));
#14084 = DIRECTION('',(0.,0.,-1.));
#14085 = DIRECTION('',(1.,0.,0.));
#14086 = CYLINDRICAL_SURFACE('',#14087,7.E-02);
#14087 = AXIS2_PLACEMENT_3D('',#14088,#14089,#14090);
#14088 = CARTESIAN_POINT('',(2.86,-0.6,-2.1));
#14089 = DIRECTION('',(-0.,-0.,1.));
#14090 = DIRECTION('',(-1.,0.,0.));
#14091 = ADVANCED_FACE('',(#14092),#14117,.F.);
#14092 = FACE_BOUND('',#14093,.T.);
#14093 = EDGE_LOOP('',(#14094,#14102,#14103,#14111));
#14094 = ORIENTED_EDGE('',*,*,#14095,.F.);
#14095 = EDGE_CURVE('',#14065,#14096,#14098,.T.);
#14096 = VERTEX_POINT('',#14097);
#14097 = CARTESIAN_POINT('',(2.783337145063,-0.550016784602,-1.6));
#14098 = LINE('',#14099,#14100);
#14099 = CARTESIAN_POINT('',(2.783337145063,-0.550016784602,-1.6));
#14100 = VECTOR('',#14101,1.);
#14101 = DIRECTION('',(-0.121869343405,0.992546151641,0.));
#14102 = ORIENTED_EDGE('',*,*,#14062,.F.);
#14103 = ORIENTED_EDGE('',*,*,#14104,.T.);
#14104 = EDGE_CURVE('',#14063,#14105,#14107,.T.);
#14105 = VERTEX_POINT('',#14106);
#14106 = CARTESIAN_POINT('',(2.783337145063,-0.550016784602,-2.1));
#14107 = LINE('',#14108,#14109);
#14108 = CARTESIAN_POINT('',(2.783337145063,-0.550016784602,-2.1));
#14109 = VECTOR('',#14110,1.);
#14110 = DIRECTION('',(-0.121869343405,0.992546151641,0.));
#14111 = ORIENTED_EDGE('',*,*,#14112,.T.);
#14112 = EDGE_CURVE('',#14105,#14096,#14113,.T.);
#14113 = LINE('',#14114,#14115);
#14114 = CARTESIAN_POINT('',(2.783337145063,-0.550016784602,-2.1));
#14115 = VECTOR('',#14116,1.);
#14116 = DIRECTION('',(-0.,-0.,1.));
#14117 = PLANE('',#14118);
#14118 = AXIS2_PLACEMENT_3D('',#14119,#14120,#14121);
#14119 = CARTESIAN_POINT('',(2.783337145063,-0.550016784602,-2.1));
#14120 = DIRECTION('',(-0.992546151641,-0.121869343405,0.));
#14121 = DIRECTION('',(0.121869343405,-0.992546151641,0.));
#14122 = ADVANCED_FACE('',(#14123),#14150,.T.);
#14123 = FACE_BOUND('',#14124,.T.);
#14124 = EDGE_LOOP('',(#14125,#14134,#14135,#14144));
#14125 = ORIENTED_EDGE('',*,*,#14126,.F.);
#14126 = EDGE_CURVE('',#14096,#14127,#14129,.T.);
#14127 = VERTEX_POINT('',#14128);
#14128 = CARTESIAN_POINT('',(2.579865183976,-0.37,-1.6));
#14129 = CIRCLE('',#14130,0.205);
#14130 = AXIS2_PLACEMENT_3D('',#14131,#14132,#14133);
#14131 = CARTESIAN_POINT('',(2.579865183976,-0.575,-1.6));
#14132 = DIRECTION('',(0.,-0.,1.));
#14133 = DIRECTION('',(-1.,0.,0.));
#14134 = ORIENTED_EDGE('',*,*,#14112,.F.);
#14135 = ORIENTED_EDGE('',*,*,#14136,.T.);
#14136 = EDGE_CURVE('',#14105,#14137,#14139,.T.);
#14137 = VERTEX_POINT('',#14138);
#14138 = CARTESIAN_POINT('',(2.579865183976,-0.37,-2.1));
#14139 = CIRCLE('',#14140,0.205);
#14140 = AXIS2_PLACEMENT_3D('',#14141,#14142,#14143);
#14141 = CARTESIAN_POINT('',(2.579865183976,-0.575,-2.1));
#14142 = DIRECTION('',(0.,-0.,1.));
#14143 = DIRECTION('',(-1.,0.,0.));
#14144 = ORIENTED_EDGE('',*,*,#14145,.T.);
#14145 = EDGE_CURVE('',#14137,#14127,#14146,.T.);
#14146 = LINE('',#14147,#14148);
#14147 = CARTESIAN_POINT('',(2.579865183976,-0.37,-2.1));
#14148 = VECTOR('',#14149,1.);
#14149 = DIRECTION('',(-0.,-0.,1.));
#14150 = CYLINDRICAL_SURFACE('',#14151,0.205);
#14151 = AXIS2_PLACEMENT_3D('',#14152,#14153,#14154);
#14152 = CARTESIAN_POINT('',(2.579865183976,-0.575,-2.1));
#14153 = DIRECTION('',(-0.,-0.,1.));
#14154 = DIRECTION('',(-1.,0.,0.));
#14155 = ADVANCED_FACE('',(#14156),#14172,.F.);
#14156 = FACE_BOUND('',#14157,.T.);
#14157 = EDGE_LOOP('',(#14158,#14164,#14165,#14171));
#14158 = ORIENTED_EDGE('',*,*,#14159,.F.);
#14159 = EDGE_CURVE('',#14127,#13802,#14160,.T.);
#14160 = LINE('',#14161,#14162);
#14161 = CARTESIAN_POINT('',(1.7,-0.37,-1.6));
#14162 = VECTOR('',#14163,1.);
#14163 = DIRECTION('',(-1.,-0.,0.));
#14164 = ORIENTED_EDGE('',*,*,#14145,.F.);
#14165 = ORIENTED_EDGE('',*,*,#14166,.T.);
#14166 = EDGE_CURVE('',#14137,#13812,#14167,.T.);
#14167 = LINE('',#14168,#14169);
#14168 = CARTESIAN_POINT('',(1.7,-0.37,-2.1));
#14169 = VECTOR('',#14170,1.);
#14170 = DIRECTION('',(-1.,-0.,0.));
#14171 = ORIENTED_EDGE('',*,*,#13811,.T.);
#14172 = PLANE('',#14173);
#14173 = AXIS2_PLACEMENT_3D('',#14174,#14175,#14176);
#14174 = CARTESIAN_POINT('',(1.7,-0.37,-2.1));
#14175 = DIRECTION('',(0.,-1.,0.));
#14176 = DIRECTION('',(0.,0.,1.));
#14177 = ADVANCED_FACE('',(#14178),#14192,.F.);
#14178 = FACE_BOUND('',#14179,.T.);
#14179 = EDGE_LOOP('',(#14180,#14181,#14182,#14183,#14184,#14185,#14186,
    #14187,#14188,#14189,#14190,#14191));
#14180 = ORIENTED_EDGE('',*,*,#13819,.F.);
#14181 = ORIENTED_EDGE('',*,*,#14166,.F.);
#14182 = ORIENTED_EDGE('',*,*,#14136,.F.);
#14183 = ORIENTED_EDGE('',*,*,#14104,.F.);
#14184 = ORIENTED_EDGE('',*,*,#14072,.F.);
#14185 = ORIENTED_EDGE('',*,*,#14040,.F.);
#14186 = ORIENTED_EDGE('',*,*,#14009,.F.);
#14187 = ORIENTED_EDGE('',*,*,#13978,.F.);
#14188 = ORIENTED_EDGE('',*,*,#13946,.F.);
#14189 = ORIENTED_EDGE('',*,*,#13914,.F.);
#14190 = ORIENTED_EDGE('',*,*,#13882,.F.);
#14191 = ORIENTED_EDGE('',*,*,#13850,.F.);
#14192 = PLANE('',#14193);
#14193 = AXIS2_PLACEMENT_3D('',#14194,#14195,#14196);
#14194 = CARTESIAN_POINT('',(2.579865183976,-0.575,-2.1));
#14195 = DIRECTION('',(0.,-0.,1.));
#14196 = DIRECTION('',(-1.,0.,0.));
#14197 = ADVANCED_FACE('',(#14198),#14212,.T.);
#14198 = FACE_BOUND('',#14199,.T.);
#14199 = EDGE_LOOP('',(#14200,#14201,#14202,#14203,#14204,#14205,#14206,
    #14207,#14208,#14209,#14210,#14211));
#14200 = ORIENTED_EDGE('',*,*,#13801,.T.);
#14201 = ORIENTED_EDGE('',*,*,#13841,.T.);
#14202 = ORIENTED_EDGE('',*,*,#13890,.T.);
#14203 = ORIENTED_EDGE('',*,*,#13905,.T.);
#14204 = ORIENTED_EDGE('',*,*,#13936,.T.);
#14205 = ORIENTED_EDGE('',*,*,#13969,.T.);
#14206 = ORIENTED_EDGE('',*,*,#14000,.T.);
#14207 = ORIENTED_EDGE('',*,*,#14031,.T.);
#14208 = ORIENTED_EDGE('',*,*,#14080,.T.);
#14209 = ORIENTED_EDGE('',*,*,#14095,.T.);
#14210 = ORIENTED_EDGE('',*,*,#14126,.T.);
#14211 = ORIENTED_EDGE('',*,*,#14159,.T.);
#14212 = PLANE('',#14213);
#14213 = AXIS2_PLACEMENT_3D('',#14214,#14215,#14216);
#14214 = CARTESIAN_POINT('',(2.579865183976,-0.575,-1.6));
#14215 = DIRECTION('',(0.,-0.,1.));
#14216 = DIRECTION('',(-1.,0.,0.));
#14217 = ( GEOMETRIC_REPRESENTATION_CONTEXT(3) 
GLOBAL_UNCERTAINTY_ASSIGNED_CONTEXT((#14221)) 
GLOBAL_UNIT_ASSIGNED_CONTEXT((#14218,#14219,#14220)) 
REPRESENTATION_CONTEXT('Context #1',
  '3D Context with UNIT and UNCERTAINTY') );
#14218 = ( LENGTH_UNIT() NAMED_UNIT(*) SI_UNIT(.MILLI.,.METRE.) );
#14219 = ( NAMED_UNIT(*) PLANE_ANGLE_UNIT() SI_UNIT($,.RADIAN.) );
#14220 = ( NAMED_UNIT(*) SI_UNIT($,.STERADIAN.) SOLID_ANGLE_UNIT() );
#14221 = UNCERTAINTY_MEASURE_WITH_UNIT(LENGTH_MEASURE(1.E-07),#14218,
  'distance_accuracy_value','confusion accuracy');
#14222 = CONTEXT_DEPENDENT_SHAPE_REPRESENTATION(#14223,#14225);
#14223 = ( REPRESENTATION_RELATIONSHIP('','',#9662,#10) 
REPRESENTATION_RELATIONSHIP_WITH_TRANSFORMATION(#14224) 
SHAPE_REPRESENTATION_RELATIONSHIP() );
#14224 = ITEM_DEFINED_TRANSFORMATION('','',#11,#51);
#14225 = PRODUCT_DEFINITION_SHAPE('Placement','Placement of an item',
  #14226);
#14226 = NEXT_ASSEMBLY_USAGE_OCCURRENCE('10','S1','',#5,#9657,$);
#14227 = PRODUCT_RELATED_PRODUCT_CATEGORY('part',$,(#9659));
#14228 = SHAPE_DEFINITION_REPRESENTATION(#14229,#14235);
#14229 = PRODUCT_DEFINITION_SHAPE('','',#14230);
#14230 = PRODUCT_DEFINITION('design','',#14231,#14234);
#14231 = PRODUCT_DEFINITION_FORMATION('','',#14232);
#14232 = PRODUCT('JST_PH_B2B-PH-K_1x02_P2.00mm_Vertical',
  'JST_PH_B2B-PH-K_1x02_P2.00mm_Vertical','',(#14233));
#14233 = PRODUCT_CONTEXT('',#2,'mechanical');
#14234 = PRODUCT_DEFINITION_CONTEXT('part definition',#2,'design');
#14235 = ADVANCED_BREP_SHAPE_REPRESENTATION('',(#11,#14236),#17128);
#14236 = MANIFOLD_SOLID_BREP('',#14237);
#14237 = CLOSED_SHELL('',(#14238,#14278,#14342,#14430,#14470,#14681,
    #14721,#14745,#14770,#14794,#14843,#14865,#14898,#14922,#14953,
    #14970,#15003,#15020,#15063,#15080,#15126,#15143,#15206,#15230,
    #15277,#15301,#15325,#15342,#15359,#15383,#15407,#15424,#15455,
    #15479,#15503,#15520,#15555,#15595,#15619,#15660,#15709,#15755,
    #15772,#15784,#15815,#15871,#15895,#15944,#15956,#16059,#16083,
    #16107,#16124,#16155,#16211,#16235,#16284,#16301,#16348,#16374,
    #16391,#16417,#16450,#16462,#16493,#16517,#16541,#16558,#16589,
    #16613,#16637,#16654,#16671,#16718,#16744,#16761,#16787,#16820,
    #16837,#16854,#16866,#16897,#16921,#16945,#16962,#16993,#17017,
    #17041,#17058,#17075,#17092,#17104,#17116));
#14238 = ADVANCED_FACE('',(#14239),#14273,.F.);
#14239 = FACE_BOUND('',#14240,.F.);
#14240 = EDGE_LOOP('',(#14241,#14251,#14259,#14267));
#14241 = ORIENTED_EDGE('',*,*,#14242,.T.);
#14242 = EDGE_CURVE('',#14243,#14245,#14247,.T.);
#14243 = VERTEX_POINT('',#14244);
#14244 = CARTESIAN_POINT('',(3.95,-2.8,0.));
#14245 = VERTEX_POINT('',#14246);
#14246 = CARTESIAN_POINT('',(3.95,1.7,0.));
#14247 = LINE('',#14248,#14249);
#14248 = CARTESIAN_POINT('',(3.95,-2.8,0.));
#14249 = VECTOR('',#14250,1.);
#14250 = DIRECTION('',(1.224646799147E-16,1.,0.));
#14251 = ORIENTED_EDGE('',*,*,#14252,.T.);
#14252 = EDGE_CURVE('',#14245,#14253,#14255,.T.);
#14253 = VERTEX_POINT('',#14254);
#14254 = CARTESIAN_POINT('',(2.75,1.7,0.));
#14255 = LINE('',#14256,#14257);
#14256 = CARTESIAN_POINT('',(3.95,1.7,0.));
#14257 = VECTOR('',#14258,1.);
#14258 = DIRECTION('',(-1.,1.224646799147E-16,0.));
#14259 = ORIENTED_EDGE('',*,*,#14260,.F.);
#14260 = EDGE_CURVE('',#14261,#14253,#14263,.T.);
#14261 = VERTEX_POINT('',#14262);
#14262 = CARTESIAN_POINT('',(2.75,-2.8,0.));
#14263 = LINE('',#14264,#14265);
#14264 = CARTESIAN_POINT('',(2.75,-2.8,0.));
#14265 = VECTOR('',#14266,1.);
#14266 = DIRECTION('',(1.224646799147E-16,1.,0.));
#14267 = ORIENTED_EDGE('',*,*,#14268,.T.);
#14268 = EDGE_CURVE('',#14261,#14243,#14269,.T.);
#14269 = LINE('',#14270,#14271);
#14270 = CARTESIAN_POINT('',(-1.95,-2.8,0.));
#14271 = VECTOR('',#14272,1.);
#14272 = DIRECTION('',(1.,-1.224646799147E-16,0.));
#14273 = PLANE('',#14274);
#14274 = AXIS2_PLACEMENT_3D('',#14275,#14276,#14277);
#14275 = CARTESIAN_POINT('',(1.,-0.55,0.));
#14276 = DIRECTION('',(0.,0.,1.));
#14277 = DIRECTION('',(-1.,1.224646799147E-16,0.));
#14278 = ADVANCED_FACE('',(#14279),#14337,.F.);
#14279 = FACE_BOUND('',#14280,.F.);
#14280 = EDGE_LOOP('',(#14281,#14282,#14290,#14298,#14306,#14315,#14323,
    #14331));
#14281 = ORIENTED_EDGE('',*,*,#14242,.F.);
#14282 = ORIENTED_EDGE('',*,*,#14283,.T.);
#14283 = EDGE_CURVE('',#14243,#14284,#14286,.T.);
#14284 = VERTEX_POINT('',#14285);
#14285 = CARTESIAN_POINT('',(3.95,-2.8,6.));
#14286 = LINE('',#14287,#14288);
#14287 = CARTESIAN_POINT('',(3.95,-2.8,0.));
#14288 = VECTOR('',#14289,1.);
#14289 = DIRECTION('',(0.,0.,1.));
#14290 = ORIENTED_EDGE('',*,*,#14291,.T.);
#14291 = EDGE_CURVE('',#14284,#14292,#14294,.T.);
#14292 = VERTEX_POINT('',#14293);
#14293 = CARTESIAN_POINT('',(3.95,-0.6,6.));
#14294 = LINE('',#14295,#14296);
#14295 = CARTESIAN_POINT('',(3.95,-2.8,6.));
#14296 = VECTOR('',#14297,1.);
#14297 = DIRECTION('',(1.224646799147E-16,1.,0.));
#14298 = ORIENTED_EDGE('',*,*,#14299,.F.);
#14299 = EDGE_CURVE('',#14300,#14292,#14302,.T.);
#14300 = VERTEX_POINT('',#14301);
#14301 = CARTESIAN_POINT('',(3.95,-0.6,4.4));
#14302 = LINE('',#14303,#14304);
#14303 = CARTESIAN_POINT('',(3.95,-0.6,4.4));
#14304 = VECTOR('',#14305,1.);
#14305 = DIRECTION('',(0.,0.,1.));
#14306 = ORIENTED_EDGE('',*,*,#14307,.F.);
#14307 = EDGE_CURVE('',#14308,#14300,#14310,.T.);
#14308 = VERTEX_POINT('',#14309);
#14309 = CARTESIAN_POINT('',(3.95,0.2,4.4));
#14310 = CIRCLE('',#14311,0.4);
#14311 = AXIS2_PLACEMENT_3D('',#14312,#14313,#14314);
#14312 = CARTESIAN_POINT('',(3.95,-0.2,4.4));
#14313 = DIRECTION('',(-1.,1.224646799147E-16,0.));
#14314 = DIRECTION('',(1.224646799147E-16,1.,0.));
#14315 = ORIENTED_EDGE('',*,*,#14316,.F.);
#14316 = EDGE_CURVE('',#14317,#14308,#14319,.T.);
#14317 = VERTEX_POINT('',#14318);
#14318 = CARTESIAN_POINT('',(3.95,0.2,6.));
#14319 = LINE('',#14320,#14321);
#14320 = CARTESIAN_POINT('',(3.95,0.2,6.));
#14321 = VECTOR('',#14322,1.);
#14322 = DIRECTION('',(-0.,0.,-1.));
#14323 = ORIENTED_EDGE('',*,*,#14324,.T.);
#14324 = EDGE_CURVE('',#14317,#14325,#14327,.T.);
#14325 = VERTEX_POINT('',#14326);
#14326 = CARTESIAN_POINT('',(3.95,1.7,6.));
#14327 = LINE('',#14328,#14329);
#14328 = CARTESIAN_POINT('',(3.95,-2.8,6.));
#14329 = VECTOR('',#14330,1.);
#14330 = DIRECTION('',(1.224646799147E-16,1.,0.));
#14331 = ORIENTED_EDGE('',*,*,#14332,.F.);
#14332 = EDGE_CURVE('',#14245,#14325,#14333,.T.);
#14333 = LINE('',#14334,#14335);
#14334 = CARTESIAN_POINT('',(3.95,1.7,0.));
#14335 = VECTOR('',#14336,1.);
#14336 = DIRECTION('',(0.,0.,1.));
#14337 = PLANE('',#14338);
#14338 = AXIS2_PLACEMENT_3D('',#14339,#14340,#14341);
#14339 = CARTESIAN_POINT('',(3.95,-2.8,0.));
#14340 = DIRECTION('',(-1.,1.224646799147E-16,0.));
#14341 = DIRECTION('',(1.224646799147E-16,1.,0.));
#14342 = ADVANCED_FACE('',(#14343),#14425,.F.);
#14343 = FACE_BOUND('',#14344,.F.);
#14344 = EDGE_LOOP('',(#14345,#14355,#14363,#14369,#14370,#14371,#14379,
    #14387,#14395,#14403,#14411,#14419));
#14345 = ORIENTED_EDGE('',*,*,#14346,.F.);
#14346 = EDGE_CURVE('',#14347,#14349,#14351,.T.);
#14347 = VERTEX_POINT('',#14348);
#14348 = CARTESIAN_POINT('',(-1.95,-2.8,0.));
#14349 = VERTEX_POINT('',#14350);
#14350 = CARTESIAN_POINT('',(-0.75,-2.8,0.));
#14351 = LINE('',#14352,#14353);
#14352 = CARTESIAN_POINT('',(-1.95,-2.8,0.));
#14353 = VECTOR('',#14354,1.);
#14354 = DIRECTION('',(1.,-1.224646799147E-16,0.));
#14355 = ORIENTED_EDGE('',*,*,#14356,.T.);
#14356 = EDGE_CURVE('',#14347,#14357,#14359,.T.);
#14357 = VERTEX_POINT('',#14358);
#14358 = CARTESIAN_POINT('',(-1.95,-2.8,6.));
#14359 = LINE('',#14360,#14361);
#14360 = CARTESIAN_POINT('',(-1.95,-2.8,0.));
#14361 = VECTOR('',#14362,1.);
#14362 = DIRECTION('',(0.,0.,1.));
#14363 = ORIENTED_EDGE('',*,*,#14364,.T.);
#14364 = EDGE_CURVE('',#14357,#14284,#14365,.T.);
#14365 = LINE('',#14366,#14367);
#14366 = CARTESIAN_POINT('',(-1.95,-2.8,6.));
#14367 = VECTOR('',#14368,1.);
#14368 = DIRECTION('',(1.,-1.224646799147E-16,0.));
#14369 = ORIENTED_EDGE('',*,*,#14283,.F.);
#14370 = ORIENTED_EDGE('',*,*,#14268,.F.);
#14371 = ORIENTED_EDGE('',*,*,#14372,.F.);
#14372 = EDGE_CURVE('',#14373,#14261,#14375,.T.);
#14373 = VERTEX_POINT('',#14374);
#14374 = CARTESIAN_POINT('',(2.75,-2.8,0.2));
#14375 = LINE('',#14376,#14377);
#14376 = CARTESIAN_POINT('',(2.75,-2.8,0.2));
#14377 = VECTOR('',#14378,1.);
#14378 = DIRECTION('',(-0.,0.,-1.));
#14379 = ORIENTED_EDGE('',*,*,#14380,.T.);
#14380 = EDGE_CURVE('',#14373,#14381,#14383,.T.);
#14381 = VERTEX_POINT('',#14382);
#14382 = CARTESIAN_POINT('',(1.25,-2.8,0.2));
#14383 = LINE('',#14384,#14385);
#14384 = CARTESIAN_POINT('',(2.75,-2.8,0.2));
#14385 = VECTOR('',#14386,1.);
#14386 = DIRECTION('',(-1.,1.224646799147E-16,0.));
#14387 = ORIENTED_EDGE('',*,*,#14388,.T.);
#14388 = EDGE_CURVE('',#14381,#14389,#14391,.T.);
#14389 = VERTEX_POINT('',#14390);
#14390 = CARTESIAN_POINT('',(1.25,-2.8,0.));
#14391 = LINE('',#14392,#14393);
#14392 = CARTESIAN_POINT('',(1.25,-2.8,0.2));
#14393 = VECTOR('',#14394,1.);
#14394 = DIRECTION('',(-0.,0.,-1.));
#14395 = ORIENTED_EDGE('',*,*,#14396,.F.);
#14396 = EDGE_CURVE('',#14397,#14389,#14399,.T.);
#14397 = VERTEX_POINT('',#14398);
#14398 = CARTESIAN_POINT('',(0.75,-2.8,0.));
#14399 = LINE('',#14400,#14401);
#14400 = CARTESIAN_POINT('',(-1.95,-2.8,0.));
#14401 = VECTOR('',#14402,1.);
#14402 = DIRECTION('',(1.,-1.224646799147E-16,0.));
#14403 = ORIENTED_EDGE('',*,*,#14404,.F.);
#14404 = EDGE_CURVE('',#14405,#14397,#14407,.T.);
#14405 = VERTEX_POINT('',#14406);
#14406 = CARTESIAN_POINT('',(0.75,-2.8,0.2));
#14407 = LINE('',#14408,#14409);
#14408 = CARTESIAN_POINT('',(0.75,-2.8,0.2));
#14409 = VECTOR('',#14410,1.);
#14410 = DIRECTION('',(-0.,0.,-1.));
#14411 = ORIENTED_EDGE('',*,*,#14412,.T.);
#14412 = EDGE_CURVE('',#14405,#14413,#14415,.T.);
#14413 = VERTEX_POINT('',#14414);
#14414 = CARTESIAN_POINT('',(-0.75,-2.8,0.2));
#14415 = LINE('',#14416,#14417);
#14416 = CARTESIAN_POINT('',(0.75,-2.8,0.2));
#14417 = VECTOR('',#14418,1.);
#14418 = DIRECTION('',(-1.,1.224646799147E-16,0.));
#14419 = ORIENTED_EDGE('',*,*,#14420,.T.);
#14420 = EDGE_CURVE('',#14413,#14349,#14421,.T.);
#14421 = LINE('',#14422,#14423);
#14422 = CARTESIAN_POINT('',(-0.75,-2.8,0.2));
#14423 = VECTOR('',#14424,1.);
#14424 = DIRECTION('',(-0.,0.,-1.));
#14425 = PLANE('',#14426);
#14426 = AXIS2_PLACEMENT_3D('',#14427,#14428,#14429);
#14427 = CARTESIAN_POINT('',(-1.95,-2.8,0.));
#14428 = DIRECTION('',(1.224646799147E-16,1.,0.));
#14429 = DIRECTION('',(1.,-1.224646799147E-16,0.));
#14430 = ADVANCED_FACE('',(#14431),#14465,.F.);
#14431 = FACE_BOUND('',#14432,.F.);
#14432 = EDGE_LOOP('',(#14433,#14441,#14449,#14457,#14463,#14464));
#14433 = ORIENTED_EDGE('',*,*,#14434,.T.);
#14434 = EDGE_CURVE('',#14253,#14435,#14437,.T.);
#14435 = VERTEX_POINT('',#14436);
#14436 = CARTESIAN_POINT('',(2.75,1.7,0.2));
#14437 = LINE('',#14438,#14439);
#14438 = CARTESIAN_POINT('',(2.75,1.7,0.));
#14439 = VECTOR('',#14440,1.);
#14440 = DIRECTION('',(0.,0.,1.));
#14441 = ORIENTED_EDGE('',*,*,#14442,.T.);
#14442 = EDGE_CURVE('',#14435,#14443,#14445,.T.);
#14443 = VERTEX_POINT('',#14444);
#14444 = CARTESIAN_POINT('',(2.75,0.5,0.1));
#14445 = LINE('',#14446,#14447);
#14446 = CARTESIAN_POINT('',(2.75,1.7,0.2));
#14447 = VECTOR('',#14448,1.);
#14448 = DIRECTION('',(-1.220416573038E-16,-0.996545758245,
    -8.304547985373E-02));
#14449 = ORIENTED_EDGE('',*,*,#14450,.T.);
#14450 = EDGE_CURVE('',#14443,#14451,#14453,.T.);
#14451 = VERTEX_POINT('',#14452);
#14452 = CARTESIAN_POINT('',(2.75,-0.5,0.1));
#14453 = LINE('',#14454,#14455);
#14454 = CARTESIAN_POINT('',(2.75,0.5,0.1));
#14455 = VECTOR('',#14456,1.);
#14456 = DIRECTION('',(-1.224646799147E-16,-1.,0.));
#14457 = ORIENTED_EDGE('',*,*,#14458,.T.);
#14458 = EDGE_CURVE('',#14451,#14373,#14459,.T.);
#14459 = LINE('',#14460,#14461);
#14460 = CARTESIAN_POINT('',(2.75,-0.5,0.1));
#14461 = VECTOR('',#14462,1.);
#14462 = DIRECTION('',(-1.223490926498E-16,-0.999056158355,
    4.343722427631E-02));
#14463 = ORIENTED_EDGE('',*,*,#14372,.T.);
#14464 = ORIENTED_EDGE('',*,*,#14260,.T.);
#14465 = PLANE('',#14466);
#14466 = AXIS2_PLACEMENT_3D('',#14467,#14468,#14469);
#14467 = CARTESIAN_POINT('',(2.75,-0.549524476701,7.07980355453E-02));
#14468 = DIRECTION('',(1.,-1.224646799147E-16,-0.));
#14469 = DIRECTION('',(-0.,0.,-1.));
#14470 = ADVANCED_FACE('',(#14471,#14642),#14676,.F.);
#14471 = FACE_BOUND('',#14472,.F.);
#14472 = EDGE_LOOP('',(#14473,#14474,#14475,#14483,#14491,#14499,#14507,
    #14515,#14523,#14531,#14539,#14547,#14555,#14563,#14571,#14579,
    #14587,#14595,#14603,#14611,#14619,#14627,#14635,#14641));
#14473 = ORIENTED_EDGE('',*,*,#14252,.F.);
#14474 = ORIENTED_EDGE('',*,*,#14332,.T.);
#14475 = ORIENTED_EDGE('',*,*,#14476,.T.);
#14476 = EDGE_CURVE('',#14325,#14477,#14479,.T.);
#14477 = VERTEX_POINT('',#14478);
#14478 = CARTESIAN_POINT('',(1.45,1.7,6.));
#14479 = LINE('',#14480,#14481);
#14480 = CARTESIAN_POINT('',(3.95,1.7,6.));
#14481 = VECTOR('',#14482,1.);
#14482 = DIRECTION('',(-1.,1.224646799147E-16,0.));
#14483 = ORIENTED_EDGE('',*,*,#14484,.T.);
#14484 = EDGE_CURVE('',#14477,#14485,#14487,.T.);
#14485 = VERTEX_POINT('',#14486);
#14486 = CARTESIAN_POINT('',(1.45,1.7,2.1));
#14487 = LINE('',#14488,#14489);
#14488 = CARTESIAN_POINT('',(1.45,1.7,6.));
#14489 = VECTOR('',#14490,1.);
#14490 = DIRECTION('',(-0.,0.,-1.));
#14491 = ORIENTED_EDGE('',*,*,#14492,.T.);
#14492 = EDGE_CURVE('',#14485,#14493,#14495,.T.);
#14493 = VERTEX_POINT('',#14494);
#14494 = CARTESIAN_POINT('',(0.55,1.7,2.1));
#14495 = LINE('',#14496,#14497);
#14496 = CARTESIAN_POINT('',(1.45,1.7,2.1));
#14497 = VECTOR('',#14498,1.);
#14498 = DIRECTION('',(-1.,1.224646799147E-16,0.));
#14499 = ORIENTED_EDGE('',*,*,#14500,.T.);
#14500 = EDGE_CURVE('',#14493,#14501,#14503,.T.);
#14501 = VERTEX_POINT('',#14502);
#14502 = CARTESIAN_POINT('',(0.55,1.7,6.));
#14503 = LINE('',#14504,#14505);
#14504 = CARTESIAN_POINT('',(0.55,1.7,2.1));
#14505 = VECTOR('',#14506,1.);
#14506 = DIRECTION('',(0.,0.,1.));
#14507 = ORIENTED_EDGE('',*,*,#14508,.T.);
#14508 = EDGE_CURVE('',#14501,#14509,#14511,.T.);
#14509 = VERTEX_POINT('',#14510);
#14510 = CARTESIAN_POINT('',(-0.45,1.7,6.));
#14511 = LINE('',#14512,#14513);
#14512 = CARTESIAN_POINT('',(3.95,1.7,6.));
#14513 = VECTOR('',#14514,1.);
#14514 = DIRECTION('',(-1.,1.224646799147E-16,0.));
#14515 = ORIENTED_EDGE('',*,*,#14516,.F.);
#14516 = EDGE_CURVE('',#14517,#14509,#14519,.T.);
#14517 = VERTEX_POINT('',#14518);
#14518 = CARTESIAN_POINT('',(-0.45,1.7,4.2));
#14519 = LINE('',#14520,#14521);
#14520 = CARTESIAN_POINT('',(-0.45,1.7,4.2));
#14521 = VECTOR('',#14522,1.);
#14522 = DIRECTION('',(0.,0.,1.));
#14523 = ORIENTED_EDGE('',*,*,#14524,.F.);
#14524 = EDGE_CURVE('',#14525,#14517,#14527,.T.);
#14525 = VERTEX_POINT('',#14526);
#14526 = CARTESIAN_POINT('',(-0.4,1.7,4.2));
#14527 = LINE('',#14528,#14529);
#14528 = CARTESIAN_POINT('',(-0.4,1.7,4.2));
#14529 = VECTOR('',#14530,1.);
#14530 = DIRECTION('',(-1.,1.224646799147E-16,0.));
#14531 = ORIENTED_EDGE('',*,*,#14532,.F.);
#14532 = EDGE_CURVE('',#14533,#14525,#14535,.T.);
#14533 = VERTEX_POINT('',#14534);
#14534 = CARTESIAN_POINT('',(-0.4,1.7,2.4));
#14535 = LINE('',#14536,#14537);
#14536 = CARTESIAN_POINT('',(-0.4,1.7,2.4));
#14537 = VECTOR('',#14538,1.);
#14538 = DIRECTION('',(0.,0.,1.));
#14539 = ORIENTED_EDGE('',*,*,#14540,.F.);
#14540 = EDGE_CURVE('',#14541,#14533,#14543,.T.);
#14541 = VERTEX_POINT('',#14542);
#14542 = CARTESIAN_POINT('',(-1.4,1.7,2.4));
#14543 = LINE('',#14544,#14545);
#14544 = CARTESIAN_POINT('',(-1.4,1.7,2.4));
#14545 = VECTOR('',#14546,1.);
#14546 = DIRECTION('',(1.,-1.224646799147E-16,0.));
#14547 = ORIENTED_EDGE('',*,*,#14548,.F.);
#14548 = EDGE_CURVE('',#14549,#14541,#14551,.T.);
#14549 = VERTEX_POINT('',#14550);
#14550 = CARTESIAN_POINT('',(-1.4,1.7,4.2));
#14551 = LINE('',#14552,#14553);
#14552 = CARTESIAN_POINT('',(-1.4,1.7,4.2));
#14553 = VECTOR('',#14554,1.);
#14554 = DIRECTION('',(-0.,0.,-1.));
#14555 = ORIENTED_EDGE('',*,*,#14556,.F.);
#14556 = EDGE_CURVE('',#14557,#14549,#14559,.T.);
#14557 = VERTEX_POINT('',#14558);
#14558 = CARTESIAN_POINT('',(-0.95,1.7,4.2));
#14559 = LINE('',#14560,#14561);
#14560 = CARTESIAN_POINT('',(-0.4,1.7,4.2));
#14561 = VECTOR('',#14562,1.);
#14562 = DIRECTION('',(-1.,1.224646799147E-16,0.));
#14563 = ORIENTED_EDGE('',*,*,#14564,.T.);
#14564 = EDGE_CURVE('',#14557,#14565,#14567,.T.);
#14565 = VERTEX_POINT('',#14566);
#14566 = CARTESIAN_POINT('',(-0.95,1.7,6.));
#14567 = LINE('',#14568,#14569);
#14568 = CARTESIAN_POINT('',(-0.95,1.7,4.2));
#14569 = VECTOR('',#14570,1.);
#14570 = DIRECTION('',(0.,0.,1.));
#14571 = ORIENTED_EDGE('',*,*,#14572,.T.);
#14572 = EDGE_CURVE('',#14565,#14573,#14575,.T.);
#14573 = VERTEX_POINT('',#14574);
#14574 = CARTESIAN_POINT('',(-1.95,1.7,6.));
#14575 = LINE('',#14576,#14577);
#14576 = CARTESIAN_POINT('',(3.95,1.7,6.));
#14577 = VECTOR('',#14578,1.);
#14578 = DIRECTION('',(-1.,1.224646799147E-16,0.));
#14579 = ORIENTED_EDGE('',*,*,#14580,.F.);
#14580 = EDGE_CURVE('',#14581,#14573,#14583,.T.);
#14581 = VERTEX_POINT('',#14582);
#14582 = CARTESIAN_POINT('',(-1.95,1.7,0.));
#14583 = LINE('',#14584,#14585);
#14584 = CARTESIAN_POINT('',(-1.95,1.7,0.));
#14585 = VECTOR('',#14586,1.);
#14586 = DIRECTION('',(0.,0.,1.));
#14587 = ORIENTED_EDGE('',*,*,#14588,.F.);
#14588 = EDGE_CURVE('',#14589,#14581,#14591,.T.);
#14589 = VERTEX_POINT('',#14590);
#14590 = CARTESIAN_POINT('',(-0.75,1.7,0.));
#14591 = LINE('',#14592,#14593);
#14592 = CARTESIAN_POINT('',(3.95,1.7,0.));
#14593 = VECTOR('',#14594,1.);
#14594 = DIRECTION('',(-1.,1.224646799147E-16,0.));
#14595 = ORIENTED_EDGE('',*,*,#14596,.T.);
#14596 = EDGE_CURVE('',#14589,#14597,#14599,.T.);
#14597 = VERTEX_POINT('',#14598);
#14598 = CARTESIAN_POINT('',(-0.75,1.7,0.2));
#14599 = LINE('',#14600,#14601);
#14600 = CARTESIAN_POINT('',(-0.75,1.7,0.));
#14601 = VECTOR('',#14602,1.);
#14602 = DIRECTION('',(0.,0.,1.));
#14603 = ORIENTED_EDGE('',*,*,#14604,.F.);
#14604 = EDGE_CURVE('',#14605,#14597,#14607,.T.);
#14605 = VERTEX_POINT('',#14606);
#14606 = CARTESIAN_POINT('',(0.75,1.7,0.2));
#14607 = LINE('',#14608,#14609);
#14608 = CARTESIAN_POINT('',(0.75,1.7,0.2));
#14609 = VECTOR('',#14610,1.);
#14610 = DIRECTION('',(-1.,1.224646799147E-16,0.));
#14611 = ORIENTED_EDGE('',*,*,#14612,.F.);
#14612 = EDGE_CURVE('',#14613,#14605,#14615,.T.);
#14613 = VERTEX_POINT('',#14614);
#14614 = CARTESIAN_POINT('',(0.75,1.7,0.));
#14615 = LINE('',#14616,#14617);
#14616 = CARTESIAN_POINT('',(0.75,1.7,0.));
#14617 = VECTOR('',#14618,1.);
#14618 = DIRECTION('',(0.,0.,1.));
#14619 = ORIENTED_EDGE('',*,*,#14620,.F.);
#14620 = EDGE_CURVE('',#14621,#14613,#14623,.T.);
#14621 = VERTEX_POINT('',#14622);
#14622 = CARTESIAN_POINT('',(1.25,1.7,0.));
#14623 = LINE('',#14624,#14625);
#14624 = CARTESIAN_POINT('',(3.95,1.7,0.));
#14625 = VECTOR('',#14626,1.);
#14626 = DIRECTION('',(-1.,1.224646799147E-16,0.));
#14627 = ORIENTED_EDGE('',*,*,#14628,.T.);
#14628 = EDGE_CURVE('',#14621,#14629,#14631,.T.);
#14629 = VERTEX_POINT('',#14630);
#14630 = CARTESIAN_POINT('',(1.25,1.7,0.2));
#14631 = LINE('',#14632,#14633);
#14632 = CARTESIAN_POINT('',(1.25,1.7,0.));
#14633 = VECTOR('',#14634,1.);
#14634 = DIRECTION('',(0.,0.,1.));
#14635 = ORIENTED_EDGE('',*,*,#14636,.F.);
#14636 = EDGE_CURVE('',#14435,#14629,#14637,.T.);
#14637 = LINE('',#14638,#14639);
#14638 = CARTESIAN_POINT('',(2.75,1.7,0.2));
#14639 = VECTOR('',#14640,1.);
#14640 = DIRECTION('',(-1.,1.224646799147E-16,0.));
#14641 = ORIENTED_EDGE('',*,*,#14434,.F.);
#14642 = FACE_BOUND('',#14643,.F.);
#14643 = EDGE_LOOP('',(#14644,#14654,#14662,#14670));
#14644 = ORIENTED_EDGE('',*,*,#14645,.T.);
#14645 = EDGE_CURVE('',#14646,#14648,#14650,.T.);
#14646 = VERTEX_POINT('',#14647);
#14647 = CARTESIAN_POINT('',(2.4,1.7,4.2));
#14648 = VERTEX_POINT('',#14649);
#14649 = CARTESIAN_POINT('',(3.4,1.7,4.2));
#14650 = LINE('',#14651,#14652);
#14651 = CARTESIAN_POINT('',(2.4,1.7,4.2));
#14652 = VECTOR('',#14653,1.);
#14653 = DIRECTION('',(1.,-1.224646799147E-16,0.));
#14654 = ORIENTED_EDGE('',*,*,#14655,.T.);
#14655 = EDGE_CURVE('',#14648,#14656,#14658,.T.);
#14656 = VERTEX_POINT('',#14657);
#14657 = CARTESIAN_POINT('',(3.4,1.7,2.4));
#14658 = LINE('',#14659,#14660);
#14659 = CARTESIAN_POINT('',(3.4,1.7,4.2));
#14660 = VECTOR('',#14661,1.);
#14661 = DIRECTION('',(-0.,0.,-1.));
#14662 = ORIENTED_EDGE('',*,*,#14663,.T.);
#14663 = EDGE_CURVE('',#14656,#14664,#14666,.T.);
#14664 = VERTEX_POINT('',#14665);
#14665 = CARTESIAN_POINT('',(2.4,1.7,2.4));
#14666 = LINE('',#14667,#14668);
#14667 = CARTESIAN_POINT('',(3.4,1.7,2.4));
#14668 = VECTOR('',#14669,1.);
#14669 = DIRECTION('',(-1.,1.224646799147E-16,0.));
#14670 = ORIENTED_EDGE('',*,*,#14671,.T.);
#14671 = EDGE_CURVE('',#14664,#14646,#14672,.T.);
#14672 = LINE('',#14673,#14674);
#14673 = CARTESIAN_POINT('',(2.4,1.7,2.4));
#14674 = VECTOR('',#14675,1.);
#14675 = DIRECTION('',(0.,0.,1.));
#14676 = PLANE('',#14677);
#14677 = AXIS2_PLACEMENT_3D('',#14678,#14679,#14680);
#14678 = CARTESIAN_POINT('',(3.95,1.7,0.));
#14679 = DIRECTION('',(-1.224646799147E-16,-1.,0.));
#14680 = DIRECTION('',(-1.,1.224646799147E-16,0.));
#14681 = ADVANCED_FACE('',(#14682),#14716,.T.);
#14682 = FACE_BOUND('',#14683,.T.);
#14683 = EDGE_LOOP('',(#14684,#14692,#14693,#14694,#14702,#14710));
#14684 = ORIENTED_EDGE('',*,*,#14685,.F.);
#14685 = EDGE_CURVE('',#14317,#14686,#14688,.T.);
#14686 = VERTEX_POINT('',#14687);
#14687 = CARTESIAN_POINT('',(3.45,0.2,6.));
#14688 = LINE('',#14689,#14690);
#14689 = CARTESIAN_POINT('',(3.95,0.2,6.));
#14690 = VECTOR('',#14691,1.);
#14691 = DIRECTION('',(-1.,1.224646799147E-16,0.));
#14692 = ORIENTED_EDGE('',*,*,#14324,.T.);
#14693 = ORIENTED_EDGE('',*,*,#14476,.T.);
#14694 = ORIENTED_EDGE('',*,*,#14695,.T.);
#14695 = EDGE_CURVE('',#14477,#14696,#14698,.T.);
#14696 = VERTEX_POINT('',#14697);
#14697 = CARTESIAN_POINT('',(1.45,1.1,6.));
#14698 = LINE('',#14699,#14700);
#14699 = CARTESIAN_POINT('',(1.45,1.7,6.));
#14700 = VECTOR('',#14701,1.);
#14701 = DIRECTION('',(-1.224646799147E-16,-1.,0.));
#14702 = ORIENTED_EDGE('',*,*,#14703,.F.);
#14703 = EDGE_CURVE('',#14704,#14696,#14706,.T.);
#14704 = VERTEX_POINT('',#14705);
#14705 = CARTESIAN_POINT('',(3.45,1.1,6.));
#14706 = LINE('',#14707,#14708);
#14707 = CARTESIAN_POINT('',(3.45,1.1,6.));
#14708 = VECTOR('',#14709,1.);
#14709 = DIRECTION('',(-1.,1.224646799147E-16,0.));
#14710 = ORIENTED_EDGE('',*,*,#14711,.F.);
#14711 = EDGE_CURVE('',#14686,#14704,#14712,.T.);
#14712 = LINE('',#14713,#14714);
#14713 = CARTESIAN_POINT('',(3.45,-2.3,6.));
#14714 = VECTOR('',#14715,1.);
#14715 = DIRECTION('',(1.224646799147E-16,1.,0.));
#14716 = PLANE('',#14717);
#14717 = AXIS2_PLACEMENT_3D('',#14718,#14719,#14720);
#14718 = CARTESIAN_POINT('',(1.,-0.55,6.));
#14719 = DIRECTION('',(0.,0.,1.));
#14720 = DIRECTION('',(-1.,1.224646799147E-16,0.));
#14721 = ADVANCED_FACE('',(#14722),#14740,.T.);
#14722 = FACE_BOUND('',#14723,.T.);
#14723 = EDGE_LOOP('',(#14724,#14725,#14726,#14734));
#14724 = ORIENTED_EDGE('',*,*,#14316,.F.);
#14725 = ORIENTED_EDGE('',*,*,#14685,.T.);
#14726 = ORIENTED_EDGE('',*,*,#14727,.T.);
#14727 = EDGE_CURVE('',#14686,#14728,#14730,.T.);
#14728 = VERTEX_POINT('',#14729);
#14729 = CARTESIAN_POINT('',(3.45,0.2,4.4));
#14730 = LINE('',#14731,#14732);
#14731 = CARTESIAN_POINT('',(3.45,0.2,6.));
#14732 = VECTOR('',#14733,1.);
#14733 = DIRECTION('',(-0.,0.,-1.));
#14734 = ORIENTED_EDGE('',*,*,#14735,.F.);
#14735 = EDGE_CURVE('',#14308,#14728,#14736,.T.);
#14736 = LINE('',#14737,#14738);
#14737 = CARTESIAN_POINT('',(3.95,0.2,4.4));
#14738 = VECTOR('',#14739,1.);
#14739 = DIRECTION('',(-1.,1.224646799147E-16,0.));
#14740 = PLANE('',#14741);
#14741 = AXIS2_PLACEMENT_3D('',#14742,#14743,#14744);
#14742 = CARTESIAN_POINT('',(3.95,0.2,6.));
#14743 = DIRECTION('',(-1.224646799147E-16,-1.,0.));
#14744 = DIRECTION('',(-0.,0.,-1.));
#14745 = ADVANCED_FACE('',(#14746),#14765,.F.);
#14746 = FACE_BOUND('',#14747,.F.);
#14747 = EDGE_LOOP('',(#14748,#14756,#14763,#14764));
#14748 = ORIENTED_EDGE('',*,*,#14749,.T.);
#14749 = EDGE_CURVE('',#14300,#14750,#14752,.T.);
#14750 = VERTEX_POINT('',#14751);
#14751 = CARTESIAN_POINT('',(3.45,-0.6,4.4));
#14752 = LINE('',#14753,#14754);
#14753 = CARTESIAN_POINT('',(3.95,-0.6,4.4));
#14754 = VECTOR('',#14755,1.);
#14755 = DIRECTION('',(-1.,1.224646799147E-16,0.));
#14756 = ORIENTED_EDGE('',*,*,#14757,.T.);
#14757 = EDGE_CURVE('',#14750,#14728,#14758,.T.);
#14758 = CIRCLE('',#14759,0.4);
#14759 = AXIS2_PLACEMENT_3D('',#14760,#14761,#14762);
#14760 = CARTESIAN_POINT('',(3.45,-0.2,4.4));
#14761 = DIRECTION('',(1.,-1.224646799147E-16,0.));
#14762 = DIRECTION('',(1.224646799147E-16,1.,0.));
#14763 = ORIENTED_EDGE('',*,*,#14735,.F.);
#14764 = ORIENTED_EDGE('',*,*,#14307,.T.);
#14765 = CYLINDRICAL_SURFACE('',#14766,0.4);
#14766 = AXIS2_PLACEMENT_3D('',#14767,#14768,#14769);
#14767 = CARTESIAN_POINT('',(3.95,-0.2,4.4));
#14768 = DIRECTION('',(1.,-1.224646799147E-16,-0.));
#14769 = DIRECTION('',(1.224646799147E-16,1.,0.));
#14770 = ADVANCED_FACE('',(#14771),#14789,.T.);
#14771 = FACE_BOUND('',#14772,.T.);
#14772 = EDGE_LOOP('',(#14773,#14774,#14775,#14783));
#14773 = ORIENTED_EDGE('',*,*,#14299,.F.);
#14774 = ORIENTED_EDGE('',*,*,#14749,.T.);
#14775 = ORIENTED_EDGE('',*,*,#14776,.T.);
#14776 = EDGE_CURVE('',#14750,#14777,#14779,.T.);
#14777 = VERTEX_POINT('',#14778);
#14778 = CARTESIAN_POINT('',(3.45,-0.6,6.));
#14779 = LINE('',#14780,#14781);
#14780 = CARTESIAN_POINT('',(3.45,-0.6,5.2));
#14781 = VECTOR('',#14782,1.);
#14782 = DIRECTION('',(0.,0.,1.));
#14783 = ORIENTED_EDGE('',*,*,#14784,.F.);
#14784 = EDGE_CURVE('',#14292,#14777,#14785,.T.);
#14785 = LINE('',#14786,#14787);
#14786 = CARTESIAN_POINT('',(3.95,-0.6,6.));
#14787 = VECTOR('',#14788,1.);
#14788 = DIRECTION('',(-1.,1.224646799147E-16,0.));
#14789 = PLANE('',#14790);
#14790 = AXIS2_PLACEMENT_3D('',#14791,#14792,#14793);
#14791 = CARTESIAN_POINT('',(3.95,-0.6,4.4));
#14792 = DIRECTION('',(1.224646799147E-16,1.,0.));
#14793 = DIRECTION('',(0.,-0.,1.));
#14794 = ADVANCED_FACE('',(#14795),#14838,.T.);
#14795 = FACE_BOUND('',#14796,.T.);
#14796 = EDGE_LOOP('',(#14797,#14798,#14799,#14807,#14815,#14823,#14831,
    #14837));
#14797 = ORIENTED_EDGE('',*,*,#14291,.T.);
#14798 = ORIENTED_EDGE('',*,*,#14784,.T.);
#14799 = ORIENTED_EDGE('',*,*,#14800,.F.);
#14800 = EDGE_CURVE('',#14801,#14777,#14803,.T.);
#14801 = VERTEX_POINT('',#14802);
#14802 = CARTESIAN_POINT('',(3.45,-2.3,6.));
#14803 = LINE('',#14804,#14805);
#14804 = CARTESIAN_POINT('',(3.45,-2.3,6.));
#14805 = VECTOR('',#14806,1.);
#14806 = DIRECTION('',(1.224646799147E-16,1.,0.));
#14807 = ORIENTED_EDGE('',*,*,#14808,.F.);
#14808 = EDGE_CURVE('',#14809,#14801,#14811,.T.);
#14809 = VERTEX_POINT('',#14810);
#14810 = CARTESIAN_POINT('',(-1.45,-2.3,6.));
#14811 = LINE('',#14812,#14813);
#14812 = CARTESIAN_POINT('',(-1.45,-2.3,6.));
#14813 = VECTOR('',#14814,1.);
#14814 = DIRECTION('',(1.,-1.224646799147E-16,0.));
#14815 = ORIENTED_EDGE('',*,*,#14816,.F.);
#14816 = EDGE_CURVE('',#14817,#14809,#14819,.T.);
#14817 = VERTEX_POINT('',#14818);
#14818 = CARTESIAN_POINT('',(-1.45,-0.6,6.));
#14819 = LINE('',#14820,#14821);
#14820 = CARTESIAN_POINT('',(-1.45,1.1,6.));
#14821 = VECTOR('',#14822,1.);
#14822 = DIRECTION('',(-1.224646799147E-16,-1.,0.));
#14823 = ORIENTED_EDGE('',*,*,#14824,.T.);
#14824 = EDGE_CURVE('',#14817,#14825,#14827,.T.);
#14825 = VERTEX_POINT('',#14826);
#14826 = CARTESIAN_POINT('',(-1.95,-0.6,6.));
#14827 = LINE('',#14828,#14829);
#14828 = CARTESIAN_POINT('',(3.95,-0.6,6.));
#14829 = VECTOR('',#14830,1.);
#14830 = DIRECTION('',(-1.,1.224646799147E-16,0.));
#14831 = ORIENTED_EDGE('',*,*,#14832,.T.);
#14832 = EDGE_CURVE('',#14825,#14357,#14833,.T.);
#14833 = LINE('',#14834,#14835);
#14834 = CARTESIAN_POINT('',(-1.95,1.7,6.));
#14835 = VECTOR('',#14836,1.);
#14836 = DIRECTION('',(-1.224646799147E-16,-1.,0.));
#14837 = ORIENTED_EDGE('',*,*,#14364,.T.);
#14838 = PLANE('',#14839);
#14839 = AXIS2_PLACEMENT_3D('',#14840,#14841,#14842);
#14840 = CARTESIAN_POINT('',(1.,-0.55,6.));
#14841 = DIRECTION('',(0.,0.,1.));
#14842 = DIRECTION('',(-1.,1.224646799147E-16,0.));
#14843 = ADVANCED_FACE('',(#14844),#14860,.F.);
#14844 = FACE_BOUND('',#14845,.F.);
#14845 = EDGE_LOOP('',(#14846,#14847,#14853,#14854));
#14846 = ORIENTED_EDGE('',*,*,#14346,.T.);
#14847 = ORIENTED_EDGE('',*,*,#14848,.T.);
#14848 = EDGE_CURVE('',#14349,#14589,#14849,.T.);
#14849 = LINE('',#14850,#14851);
#14850 = CARTESIAN_POINT('',(-0.75,-2.8,0.));
#14851 = VECTOR('',#14852,1.);
#14852 = DIRECTION('',(1.224646799147E-16,1.,0.));
#14853 = ORIENTED_EDGE('',*,*,#14588,.T.);
#14854 = ORIENTED_EDGE('',*,*,#14855,.T.);
#14855 = EDGE_CURVE('',#14581,#14347,#14856,.T.);
#14856 = LINE('',#14857,#14858);
#14857 = CARTESIAN_POINT('',(-1.95,1.7,0.));
#14858 = VECTOR('',#14859,1.);
#14859 = DIRECTION('',(-1.224646799147E-16,-1.,0.));
#14860 = PLANE('',#14861);
#14861 = AXIS2_PLACEMENT_3D('',#14862,#14863,#14864);
#14862 = CARTESIAN_POINT('',(1.,-0.55,0.));
#14863 = DIRECTION('',(0.,0.,1.));
#14864 = DIRECTION('',(-1.,1.224646799147E-16,0.));
#14865 = ADVANCED_FACE('',(#14866),#14893,.T.);
#14866 = FACE_BOUND('',#14867,.T.);
#14867 = EDGE_LOOP('',(#14868,#14869,#14877,#14885,#14891,#14892));
#14868 = ORIENTED_EDGE('',*,*,#14596,.T.);
#14869 = ORIENTED_EDGE('',*,*,#14870,.T.);
#14870 = EDGE_CURVE('',#14597,#14871,#14873,.T.);
#14871 = VERTEX_POINT('',#14872);
#14872 = CARTESIAN_POINT('',(-0.75,0.5,0.1));
#14873 = LINE('',#14874,#14875);
#14874 = CARTESIAN_POINT('',(-0.75,1.7,0.2));
#14875 = VECTOR('',#14876,1.);
#14876 = DIRECTION('',(-1.220416573038E-16,-0.996545758245,
    -8.304547985373E-02));
#14877 = ORIENTED_EDGE('',*,*,#14878,.T.);
#14878 = EDGE_CURVE('',#14871,#14879,#14881,.T.);
#14879 = VERTEX_POINT('',#14880);
#14880 = CARTESIAN_POINT('',(-0.75,-0.5,0.1));
#14881 = LINE('',#14882,#14883);
#14882 = CARTESIAN_POINT('',(-0.75,0.5,0.1));
#14883 = VECTOR('',#14884,1.);
#14884 = DIRECTION('',(-1.224646799147E-16,-1.,0.));
#14885 = ORIENTED_EDGE('',*,*,#14886,.T.);
#14886 = EDGE_CURVE('',#14879,#14413,#14887,.T.);
#14887 = LINE('',#14888,#14889);
#14888 = CARTESIAN_POINT('',(-0.75,-0.5,0.1));
#14889 = VECTOR('',#14890,1.);
#14890 = DIRECTION('',(-1.223490926498E-16,-0.999056158355,
    4.343722427631E-02));
#14891 = ORIENTED_EDGE('',*,*,#14420,.T.);
#14892 = ORIENTED_EDGE('',*,*,#14848,.T.);
#14893 = PLANE('',#14894);
#14894 = AXIS2_PLACEMENT_3D('',#14895,#14896,#14897);
#14895 = CARTESIAN_POINT('',(-0.75,-0.549524476701,7.07980355453E-02));
#14896 = DIRECTION('',(1.,-1.224646799147E-16,-0.));
#14897 = DIRECTION('',(-0.,0.,-1.));
#14898 = ADVANCED_FACE('',(#14899),#14917,.F.);
#14899 = FACE_BOUND('',#14900,.F.);
#14900 = EDGE_LOOP('',(#14901,#14909,#14910,#14911));
#14901 = ORIENTED_EDGE('',*,*,#14902,.T.);
#14902 = EDGE_CURVE('',#14903,#14879,#14905,.T.);
#14903 = VERTEX_POINT('',#14904);
#14904 = CARTESIAN_POINT('',(0.75,-0.5,0.1));
#14905 = LINE('',#14906,#14907);
#14906 = CARTESIAN_POINT('',(0.75,-0.5,0.1));
#14907 = VECTOR('',#14908,1.);
#14908 = DIRECTION('',(-1.,1.224646799147E-16,0.));
#14909 = ORIENTED_EDGE('',*,*,#14886,.T.);
#14910 = ORIENTED_EDGE('',*,*,#14412,.F.);
#14911 = ORIENTED_EDGE('',*,*,#14912,.F.);
#14912 = EDGE_CURVE('',#14903,#14405,#14913,.T.);
#14913 = LINE('',#14914,#14915);
#14914 = CARTESIAN_POINT('',(0.75,-0.5,0.1));
#14915 = VECTOR('',#14916,1.);
#14916 = DIRECTION('',(-1.223490926498E-16,-0.999056158355,
    4.343722427631E-02));
#14917 = PLANE('',#14918);
#14918 = AXIS2_PLACEMENT_3D('',#14919,#14920,#14921);
#14919 = CARTESIAN_POINT('',(0.75,-0.5,0.1));
#14920 = DIRECTION('',(5.319525767383E-18,4.343722427631E-02,
    0.999056158355));
#14921 = DIRECTION('',(-1.223490926498E-16,-0.999056158355,
    4.343722427631E-02));
#14922 = ADVANCED_FACE('',(#14923),#14948,.F.);
#14923 = FACE_BOUND('',#14924,.F.);
#14924 = EDGE_LOOP('',(#14925,#14926,#14934,#14940,#14941,#14942));
#14925 = ORIENTED_EDGE('',*,*,#14612,.T.);
#14926 = ORIENTED_EDGE('',*,*,#14927,.T.);
#14927 = EDGE_CURVE('',#14605,#14928,#14930,.T.);
#14928 = VERTEX_POINT('',#14929);
#14929 = CARTESIAN_POINT('',(0.75,0.5,0.1));
#14930 = LINE('',#14931,#14932);
#14931 = CARTESIAN_POINT('',(0.75,1.7,0.2));
#14932 = VECTOR('',#14933,1.);
#14933 = DIRECTION('',(-1.220416573038E-16,-0.996545758245,
    -8.304547985373E-02));
#14934 = ORIENTED_EDGE('',*,*,#14935,.T.);
#14935 = EDGE_CURVE('',#14928,#14903,#14936,.T.);
#14936 = LINE('',#14937,#14938);
#14937 = CARTESIAN_POINT('',(0.75,0.5,0.1));
#14938 = VECTOR('',#14939,1.);
#14939 = DIRECTION('',(-1.224646799147E-16,-1.,0.));
#14940 = ORIENTED_EDGE('',*,*,#14912,.T.);
#14941 = ORIENTED_EDGE('',*,*,#14404,.T.);
#14942 = ORIENTED_EDGE('',*,*,#14943,.T.);
#14943 = EDGE_CURVE('',#14397,#14613,#14944,.T.);
#14944 = LINE('',#14945,#14946);
#14945 = CARTESIAN_POINT('',(0.75,-2.8,0.));
#14946 = VECTOR('',#14947,1.);
#14947 = DIRECTION('',(1.224646799147E-16,1.,0.));
#14948 = PLANE('',#14949);
#14949 = AXIS2_PLACEMENT_3D('',#14950,#14951,#14952);
#14950 = CARTESIAN_POINT('',(0.75,-0.549524476701,7.07980355453E-02));
#14951 = DIRECTION('',(1.,-1.224646799147E-16,-0.));
#14952 = DIRECTION('',(-0.,0.,-1.));
#14953 = ADVANCED_FACE('',(#14954),#14965,.F.);
#14954 = FACE_BOUND('',#14955,.F.);
#14955 = EDGE_LOOP('',(#14956,#14957,#14963,#14964));
#14956 = ORIENTED_EDGE('',*,*,#14396,.T.);
#14957 = ORIENTED_EDGE('',*,*,#14958,.T.);
#14958 = EDGE_CURVE('',#14389,#14621,#14959,.T.);
#14959 = LINE('',#14960,#14961);
#14960 = CARTESIAN_POINT('',(1.25,-2.8,0.));
#14961 = VECTOR('',#14962,1.);
#14962 = DIRECTION('',(1.224646799147E-16,1.,0.));
#14963 = ORIENTED_EDGE('',*,*,#14620,.T.);
#14964 = ORIENTED_EDGE('',*,*,#14943,.F.);
#14965 = PLANE('',#14966);
#14966 = AXIS2_PLACEMENT_3D('',#14967,#14968,#14969);
#14967 = CARTESIAN_POINT('',(1.,-0.55,0.));
#14968 = DIRECTION('',(0.,0.,1.));
#14969 = DIRECTION('',(-1.,1.224646799147E-16,0.));
#14970 = ADVANCED_FACE('',(#14971),#14998,.T.);
#14971 = FACE_BOUND('',#14972,.T.);
#14972 = EDGE_LOOP('',(#14973,#14974,#14982,#14990,#14996,#14997));
#14973 = ORIENTED_EDGE('',*,*,#14628,.T.);
#14974 = ORIENTED_EDGE('',*,*,#14975,.T.);
#14975 = EDGE_CURVE('',#14629,#14976,#14978,.T.);
#14976 = VERTEX_POINT('',#14977);
#14977 = CARTESIAN_POINT('',(1.25,0.5,0.1));
#14978 = LINE('',#14979,#14980);
#14979 = CARTESIAN_POINT('',(1.25,1.7,0.2));
#14980 = VECTOR('',#14981,1.);
#14981 = DIRECTION('',(-1.220416573038E-16,-0.996545758245,
    -8.304547985373E-02));
#14982 = ORIENTED_EDGE('',*,*,#14983,.T.);
#14983 = EDGE_CURVE('',#14976,#14984,#14986,.T.);
#14984 = VERTEX_POINT('',#14985);
#14985 = CARTESIAN_POINT('',(1.25,-0.5,0.1));
#14986 = LINE('',#14987,#14988);
#14987 = CARTESIAN_POINT('',(1.25,0.5,0.1));
#14988 = VECTOR('',#14989,1.);
#14989 = DIRECTION('',(-1.224646799147E-16,-1.,0.));
#14990 = ORIENTED_EDGE('',*,*,#14991,.T.);
#14991 = EDGE_CURVE('',#14984,#14381,#14992,.T.);
#14992 = LINE('',#14993,#14994);
#14993 = CARTESIAN_POINT('',(1.25,-0.5,0.1));
#14994 = VECTOR('',#14995,1.);
#14995 = DIRECTION('',(-1.223490926498E-16,-0.999056158355,
    4.343722427631E-02));
#14996 = ORIENTED_EDGE('',*,*,#14388,.T.);
#14997 = ORIENTED_EDGE('',*,*,#14958,.T.);
#14998 = PLANE('',#14999);
#14999 = AXIS2_PLACEMENT_3D('',#15000,#15001,#15002);
#15000 = CARTESIAN_POINT('',(1.25,-0.549524476701,7.07980355453E-02));
#15001 = DIRECTION('',(1.,-1.224646799147E-16,-0.));
#15002 = DIRECTION('',(-0.,0.,-1.));
#15003 = ADVANCED_FACE('',(#15004),#15015,.F.);
#15004 = FACE_BOUND('',#15005,.F.);
#15005 = EDGE_LOOP('',(#15006,#15012,#15013,#15014));
#15006 = ORIENTED_EDGE('',*,*,#15007,.T.);
#15007 = EDGE_CURVE('',#14451,#14984,#15008,.T.);
#15008 = LINE('',#15009,#15010);
#15009 = CARTESIAN_POINT('',(2.75,-0.5,0.1));
#15010 = VECTOR('',#15011,1.);
#15011 = DIRECTION('',(-1.,1.224646799147E-16,0.));
#15012 = ORIENTED_EDGE('',*,*,#14991,.T.);
#15013 = ORIENTED_EDGE('',*,*,#14380,.F.);
#15014 = ORIENTED_EDGE('',*,*,#14458,.F.);
#15015 = PLANE('',#15016);
#15016 = AXIS2_PLACEMENT_3D('',#15017,#15018,#15019);
#15017 = CARTESIAN_POINT('',(2.75,-0.5,0.1));
#15018 = DIRECTION('',(5.319525767383E-18,4.343722427631E-02,
    0.999056158355));
#15019 = DIRECTION('',(-1.223490926498E-16,-0.999056158355,
    4.343722427631E-02));
#15020 = ADVANCED_FACE('',(#15021),#15058,.F.);
#15021 = FACE_BOUND('',#15022,.F.);
#15022 = EDGE_LOOP('',(#15023,#15024,#15025,#15033,#15041,#15050,#15056,
    #15057));
#15023 = ORIENTED_EDGE('',*,*,#14855,.F.);
#15024 = ORIENTED_EDGE('',*,*,#14580,.T.);
#15025 = ORIENTED_EDGE('',*,*,#15026,.T.);
#15026 = EDGE_CURVE('',#14573,#15027,#15029,.T.);
#15027 = VERTEX_POINT('',#15028);
#15028 = CARTESIAN_POINT('',(-1.95,0.2,6.));
#15029 = LINE('',#15030,#15031);
#15030 = CARTESIAN_POINT('',(-1.95,1.7,6.));
#15031 = VECTOR('',#15032,1.);
#15032 = DIRECTION('',(-1.224646799147E-16,-1.,0.));
#15033 = ORIENTED_EDGE('',*,*,#15034,.T.);
#15034 = EDGE_CURVE('',#15027,#15035,#15037,.T.);
#15035 = VERTEX_POINT('',#15036);
#15036 = CARTESIAN_POINT('',(-1.95,0.2,4.4));
#15037 = LINE('',#15038,#15039);
#15038 = CARTESIAN_POINT('',(-1.95,0.2,3.));
#15039 = VECTOR('',#15040,1.);
#15040 = DIRECTION('',(-0.,0.,-1.));
#15041 = ORIENTED_EDGE('',*,*,#15042,.F.);
#15042 = EDGE_CURVE('',#15043,#15035,#15045,.T.);
#15043 = VERTEX_POINT('',#15044);
#15044 = CARTESIAN_POINT('',(-1.95,-0.6,4.4));
#15045 = CIRCLE('',#15046,0.4);
#15046 = AXIS2_PLACEMENT_3D('',#15047,#15048,#15049);
#15047 = CARTESIAN_POINT('',(-1.95,-0.2,4.4));
#15048 = DIRECTION('',(1.,-1.224646799147E-16,0.));
#15049 = DIRECTION('',(1.224646799147E-16,1.,0.));
#15050 = ORIENTED_EDGE('',*,*,#15051,.T.);
#15051 = EDGE_CURVE('',#15043,#14825,#15052,.T.);
#15052 = LINE('',#15053,#15054);
#15053 = CARTESIAN_POINT('',(-1.95,-0.6,2.2));
#15054 = VECTOR('',#15055,1.);
#15055 = DIRECTION('',(0.,0.,1.));
#15056 = ORIENTED_EDGE('',*,*,#14832,.T.);
#15057 = ORIENTED_EDGE('',*,*,#14356,.F.);
#15058 = PLANE('',#15059);
#15059 = AXIS2_PLACEMENT_3D('',#15060,#15061,#15062);
#15060 = CARTESIAN_POINT('',(-1.95,1.7,0.));
#15061 = DIRECTION('',(1.,-1.224646799147E-16,0.));
#15062 = DIRECTION('',(-1.224646799147E-16,-1.,0.));
#15063 = ADVANCED_FACE('',(#15064),#15075,.F.);
#15064 = FACE_BOUND('',#15065,.F.);
#15065 = EDGE_LOOP('',(#15066,#15067,#15068,#15074));
#15066 = ORIENTED_EDGE('',*,*,#14636,.T.);
#15067 = ORIENTED_EDGE('',*,*,#14975,.T.);
#15068 = ORIENTED_EDGE('',*,*,#15069,.F.);
#15069 = EDGE_CURVE('',#14443,#14976,#15070,.T.);
#15070 = LINE('',#15071,#15072);
#15071 = CARTESIAN_POINT('',(2.75,0.5,0.1));
#15072 = VECTOR('',#15073,1.);
#15073 = DIRECTION('',(-1.,1.224646799147E-16,0.));
#15074 = ORIENTED_EDGE('',*,*,#14442,.F.);
#15075 = PLANE('',#15076);
#15076 = AXIS2_PLACEMENT_3D('',#15077,#15078,#15079);
#15077 = CARTESIAN_POINT('',(2.75,1.7,0.2));
#15078 = DIRECTION('',(-1.017013810865E-17,-8.304547985373E-02,
    0.996545758245));
#15079 = DIRECTION('',(-1.220416573038E-16,-0.996545758245,
    -8.304547985373E-02));
#15080 = ADVANCED_FACE('',(#15081,#15087),#15121,.F.);
#15081 = FACE_BOUND('',#15082,.F.);
#15082 = EDGE_LOOP('',(#15083,#15084,#15085,#15086));
#15083 = ORIENTED_EDGE('',*,*,#15069,.T.);
#15084 = ORIENTED_EDGE('',*,*,#14983,.T.);
#15085 = ORIENTED_EDGE('',*,*,#15007,.F.);
#15086 = ORIENTED_EDGE('',*,*,#14450,.F.);
#15087 = FACE_BOUND('',#15088,.F.);
#15088 = EDGE_LOOP('',(#15089,#15099,#15107,#15115));
#15089 = ORIENTED_EDGE('',*,*,#15090,.T.);
#15090 = EDGE_CURVE('',#15091,#15093,#15095,.T.);
#15091 = VERTEX_POINT('',#15092);
#15092 = CARTESIAN_POINT('',(1.75,0.25,0.1));
#15093 = VERTEX_POINT('',#15094);
#15094 = CARTESIAN_POINT('',(2.25,0.25,0.1));
#15095 = LINE('',#15096,#15097);
#15096 = CARTESIAN_POINT('',(2.5,0.25,0.1));
#15097 = VECTOR('',#15098,1.);
#15098 = DIRECTION('',(1.,-1.224646799147E-16,0.));
#15099 = ORIENTED_EDGE('',*,*,#15100,.T.);
#15100 = EDGE_CURVE('',#15093,#15101,#15103,.T.);
#15101 = VERTEX_POINT('',#15102);
#15102 = CARTESIAN_POINT('',(2.25,-0.25,0.1));
#15103 = LINE('',#15104,#15105);
#15104 = CARTESIAN_POINT('',(2.25,0.271633216363,0.1));
#15105 = VECTOR('',#15106,1.);
#15106 = DIRECTION('',(-1.224646799147E-16,-1.,0.));
#15107 = ORIENTED_EDGE('',*,*,#15108,.T.);
#15108 = EDGE_CURVE('',#15101,#15109,#15111,.T.);
#15109 = VERTEX_POINT('',#15110);
#15110 = CARTESIAN_POINT('',(1.75,-0.25,0.1));
#15111 = LINE('',#15112,#15113);
#15112 = CARTESIAN_POINT('',(2.5,-0.25,0.1));
#15113 = VECTOR('',#15114,1.);
#15114 = DIRECTION('',(-1.,1.224646799147E-16,0.));
#15115 = ORIENTED_EDGE('',*,*,#15116,.F.);
#15116 = EDGE_CURVE('',#15091,#15109,#15117,.T.);
#15117 = LINE('',#15118,#15119);
#15118 = CARTESIAN_POINT('',(1.75,0.271633216363,0.1));
#15119 = VECTOR('',#15120,1.);
#15120 = DIRECTION('',(-1.224646799147E-16,-1.,0.));
#15121 = PLANE('',#15122);
#15122 = AXIS2_PLACEMENT_3D('',#15123,#15124,#15125);
#15123 = CARTESIAN_POINT('',(2.75,0.5,0.1));
#15124 = DIRECTION('',(0.,0.,1.));
#15125 = DIRECTION('',(-1.224646799147E-16,-1.,0.));
#15126 = ADVANCED_FACE('',(#15127),#15138,.F.);
#15127 = FACE_BOUND('',#15128,.F.);
#15128 = EDGE_LOOP('',(#15129,#15130,#15131,#15137));
#15129 = ORIENTED_EDGE('',*,*,#14604,.T.);
#15130 = ORIENTED_EDGE('',*,*,#14870,.T.);
#15131 = ORIENTED_EDGE('',*,*,#15132,.F.);
#15132 = EDGE_CURVE('',#14928,#14871,#15133,.T.);
#15133 = LINE('',#15134,#15135);
#15134 = CARTESIAN_POINT('',(0.75,0.5,0.1));
#15135 = VECTOR('',#15136,1.);
#15136 = DIRECTION('',(-1.,1.224646799147E-16,0.));
#15137 = ORIENTED_EDGE('',*,*,#14927,.F.);
#15138 = PLANE('',#15139);
#15139 = AXIS2_PLACEMENT_3D('',#15140,#15141,#15142);
#15140 = CARTESIAN_POINT('',(0.75,1.7,0.2));
#15141 = DIRECTION('',(-1.017013810865E-17,-8.304547985373E-02,
    0.996545758245));
#15142 = DIRECTION('',(-1.220416573038E-16,-0.996545758245,
    -8.304547985373E-02));
#15143 = ADVANCED_FACE('',(#15144),#15201,.T.);
#15144 = FACE_BOUND('',#15145,.T.);
#15145 = EDGE_LOOP('',(#15146,#15154,#15155,#15163,#15171,#15177,#15178,
    #15179,#15187,#15195));
#15146 = ORIENTED_EDGE('',*,*,#15147,.F.);
#15147 = EDGE_CURVE('',#14501,#15148,#15150,.T.);
#15148 = VERTEX_POINT('',#15149);
#15149 = CARTESIAN_POINT('',(0.55,1.1,6.));
#15150 = LINE('',#15151,#15152);
#15151 = CARTESIAN_POINT('',(0.55,1.7,6.));
#15152 = VECTOR('',#15153,1.);
#15153 = DIRECTION('',(-1.224646799147E-16,-1.,0.));
#15154 = ORIENTED_EDGE('',*,*,#14508,.T.);
#15155 = ORIENTED_EDGE('',*,*,#15156,.T.);
#15156 = EDGE_CURVE('',#14509,#15157,#15159,.T.);
#15157 = VERTEX_POINT('',#15158);
#15158 = CARTESIAN_POINT('',(-0.45,1.75,6.));
#15159 = LINE('',#15160,#15161);
#15160 = CARTESIAN_POINT('',(-0.45,1.7,6.));
#15161 = VECTOR('',#15162,1.);
#15162 = DIRECTION('',(1.224646799147E-16,1.,0.));
#15163 = ORIENTED_EDGE('',*,*,#15164,.T.);
#15164 = EDGE_CURVE('',#15157,#15165,#15167,.T.);
#15165 = VERTEX_POINT('',#15166);
#15166 = CARTESIAN_POINT('',(-0.95,1.75,6.));
#15167 = LINE('',#15168,#15169);
#15168 = CARTESIAN_POINT('',(-0.45,1.75,6.));
#15169 = VECTOR('',#15170,1.);
#15170 = DIRECTION('',(-1.,1.224646799147E-16,0.));
#15171 = ORIENTED_EDGE('',*,*,#15172,.T.);
#15172 = EDGE_CURVE('',#15165,#14565,#15173,.T.);
#15173 = LINE('',#15174,#15175);
#15174 = CARTESIAN_POINT('',(-0.95,1.75,6.));
#15175 = VECTOR('',#15176,1.);
#15176 = DIRECTION('',(-1.224646799147E-16,-1.,0.));
#15177 = ORIENTED_EDGE('',*,*,#14572,.T.);
#15178 = ORIENTED_EDGE('',*,*,#15026,.T.);
#15179 = ORIENTED_EDGE('',*,*,#15180,.F.);
#15180 = EDGE_CURVE('',#15181,#15027,#15183,.T.);
#15181 = VERTEX_POINT('',#15182);
#15182 = CARTESIAN_POINT('',(-1.45,0.2,6.));
#15183 = LINE('',#15184,#15185);
#15184 = CARTESIAN_POINT('',(3.95,0.2,6.));
#15185 = VECTOR('',#15186,1.);
#15186 = DIRECTION('',(-1.,1.224646799147E-16,0.));
#15187 = ORIENTED_EDGE('',*,*,#15188,.F.);
#15188 = EDGE_CURVE('',#15189,#15181,#15191,.T.);
#15189 = VERTEX_POINT('',#15190);
#15190 = CARTESIAN_POINT('',(-1.45,1.1,6.));
#15191 = LINE('',#15192,#15193);
#15192 = CARTESIAN_POINT('',(-1.45,1.1,6.));
#15193 = VECTOR('',#15194,1.);
#15194 = DIRECTION('',(-1.224646799147E-16,-1.,0.));
#15195 = ORIENTED_EDGE('',*,*,#15196,.F.);
#15196 = EDGE_CURVE('',#15148,#15189,#15197,.T.);
#15197 = LINE('',#15198,#15199);
#15198 = CARTESIAN_POINT('',(3.45,1.1,6.));
#15199 = VECTOR('',#15200,1.);
#15200 = DIRECTION('',(-1.,1.224646799147E-16,0.));
#15201 = PLANE('',#15202);
#15202 = AXIS2_PLACEMENT_3D('',#15203,#15204,#15205);
#15203 = CARTESIAN_POINT('',(-0.922222222222,1.18487654321,6.));
#15204 = DIRECTION('',(0.,0.,1.));
#15205 = DIRECTION('',(-1.,1.224646799147E-16,0.));
#15206 = ADVANCED_FACE('',(#15207),#15225,.F.);
#15207 = FACE_BOUND('',#15208,.F.);
#15208 = EDGE_LOOP('',(#15209,#15217,#15218,#15219));
#15209 = ORIENTED_EDGE('',*,*,#15210,.T.);
#15210 = EDGE_CURVE('',#15211,#15165,#15213,.T.);
#15211 = VERTEX_POINT('',#15212);
#15212 = CARTESIAN_POINT('',(-0.95,1.75,4.2));
#15213 = LINE('',#15214,#15215);
#15214 = CARTESIAN_POINT('',(-0.95,1.75,4.2));
#15215 = VECTOR('',#15216,1.);
#15216 = DIRECTION('',(0.,0.,1.));
#15217 = ORIENTED_EDGE('',*,*,#15172,.T.);
#15218 = ORIENTED_EDGE('',*,*,#14564,.F.);
#15219 = ORIENTED_EDGE('',*,*,#15220,.F.);
#15220 = EDGE_CURVE('',#15211,#14557,#15221,.T.);
#15221 = LINE('',#15222,#15223);
#15222 = CARTESIAN_POINT('',(-0.95,1.75,4.2));
#15223 = VECTOR('',#15224,1.);
#15224 = DIRECTION('',(-1.224646799147E-16,-1.,0.));
#15225 = PLANE('',#15226);
#15226 = AXIS2_PLACEMENT_3D('',#15227,#15228,#15229);
#15227 = CARTESIAN_POINT('',(-0.95,1.75,4.2));
#15228 = DIRECTION('',(1.,-1.224646799147E-16,0.));
#15229 = DIRECTION('',(-1.224646799147E-16,-1.,0.));
#15230 = ADVANCED_FACE('',(#15231),#15272,.T.);
#15231 = FACE_BOUND('',#15232,.T.);
#15232 = EDGE_LOOP('',(#15233,#15234,#15242,#15250,#15256,#15257,#15258,
    #15266));
#15233 = ORIENTED_EDGE('',*,*,#14524,.F.);
#15234 = ORIENTED_EDGE('',*,*,#15235,.T.);
#15235 = EDGE_CURVE('',#14525,#15236,#15238,.T.);
#15236 = VERTEX_POINT('',#15237);
#15237 = CARTESIAN_POINT('',(-0.4,1.1,4.2));
#15238 = LINE('',#15239,#15240);
#15239 = CARTESIAN_POINT('',(-0.4,1.7,4.2));
#15240 = VECTOR('',#15241,1.);
#15241 = DIRECTION('',(-1.224646799147E-16,-1.,0.));
#15242 = ORIENTED_EDGE('',*,*,#15243,.T.);
#15243 = EDGE_CURVE('',#15236,#15244,#15246,.T.);
#15244 = VERTEX_POINT('',#15245);
#15245 = CARTESIAN_POINT('',(-1.4,1.1,4.2));
#15246 = LINE('',#15247,#15248);
#15247 = CARTESIAN_POINT('',(1.525,1.1,4.2));
#15248 = VECTOR('',#15249,1.);
#15249 = DIRECTION('',(-1.,1.224646799147E-16,0.));
#15250 = ORIENTED_EDGE('',*,*,#15251,.F.);
#15251 = EDGE_CURVE('',#14549,#15244,#15252,.T.);
#15252 = LINE('',#15253,#15254);
#15253 = CARTESIAN_POINT('',(-1.4,1.7,4.2));
#15254 = VECTOR('',#15255,1.);
#15255 = DIRECTION('',(-1.224646799147E-16,-1.,0.));
#15256 = ORIENTED_EDGE('',*,*,#14556,.F.);
#15257 = ORIENTED_EDGE('',*,*,#15220,.F.);
#15258 = ORIENTED_EDGE('',*,*,#15259,.F.);
#15259 = EDGE_CURVE('',#15260,#15211,#15262,.T.);
#15260 = VERTEX_POINT('',#15261);
#15261 = CARTESIAN_POINT('',(-0.45,1.75,4.2));
#15262 = LINE('',#15263,#15264);
#15263 = CARTESIAN_POINT('',(-0.45,1.75,4.2));
#15264 = VECTOR('',#15265,1.);
#15265 = DIRECTION('',(-1.,1.224646799147E-16,0.));
#15266 = ORIENTED_EDGE('',*,*,#15267,.F.);
#15267 = EDGE_CURVE('',#14517,#15260,#15268,.T.);
#15268 = LINE('',#15269,#15270);
#15269 = CARTESIAN_POINT('',(-0.45,1.7,4.2));
#15270 = VECTOR('',#15271,1.);
#15271 = DIRECTION('',(1.224646799147E-16,1.,0.));
#15272 = PLANE('',#15273);
#15273 = AXIS2_PLACEMENT_3D('',#15274,#15275,#15276);
#15274 = CARTESIAN_POINT('',(-0.893939393939,1.417424242424,4.2));
#15275 = DIRECTION('',(-2.590322521168E-30,-2.221330562073E-31,-1.));
#15276 = DIRECTION('',(1.,-1.224646799147E-16,-2.590322521168E-30));
#15277 = ADVANCED_FACE('',(#15278),#15296,.T.);
#15278 = FACE_BOUND('',#15279,.T.);
#15279 = EDGE_LOOP('',(#15280,#15281,#15282,#15290));
#15280 = ORIENTED_EDGE('',*,*,#14548,.F.);
#15281 = ORIENTED_EDGE('',*,*,#15251,.T.);
#15282 = ORIENTED_EDGE('',*,*,#15283,.T.);
#15283 = EDGE_CURVE('',#15244,#15284,#15286,.T.);
#15284 = VERTEX_POINT('',#15285);
#15285 = CARTESIAN_POINT('',(-1.4,1.1,2.4));
#15286 = LINE('',#15287,#15288);
#15287 = CARTESIAN_POINT('',(-1.4,1.1,5.1));
#15288 = VECTOR('',#15289,1.);
#15289 = DIRECTION('',(-0.,0.,-1.));
#15290 = ORIENTED_EDGE('',*,*,#15291,.F.);
#15291 = EDGE_CURVE('',#14541,#15284,#15292,.T.);
#15292 = LINE('',#15293,#15294);
#15293 = CARTESIAN_POINT('',(-1.4,1.7,2.4));
#15294 = VECTOR('',#15295,1.);
#15295 = DIRECTION('',(-1.224646799147E-16,-1.,0.));
#15296 = PLANE('',#15297);
#15297 = AXIS2_PLACEMENT_3D('',#15298,#15299,#15300);
#15298 = CARTESIAN_POINT('',(-1.4,1.7,4.2));
#15299 = DIRECTION('',(1.,-1.224646799147E-16,-0.));
#15300 = DIRECTION('',(-0.,0.,-1.));
#15301 = ADVANCED_FACE('',(#15302),#15320,.T.);
#15302 = FACE_BOUND('',#15303,.T.);
#15303 = EDGE_LOOP('',(#15304,#15305,#15306,#15314));
#15304 = ORIENTED_EDGE('',*,*,#14540,.F.);
#15305 = ORIENTED_EDGE('',*,*,#15291,.T.);
#15306 = ORIENTED_EDGE('',*,*,#15307,.T.);
#15307 = EDGE_CURVE('',#15284,#15308,#15310,.T.);
#15308 = VERTEX_POINT('',#15309);
#15309 = CARTESIAN_POINT('',(-0.4,1.1,2.4));
#15310 = LINE('',#15311,#15312);
#15311 = CARTESIAN_POINT('',(1.025,1.1,2.4));
#15312 = VECTOR('',#15313,1.);
#15313 = DIRECTION('',(1.,-1.224646799147E-16,0.));
#15314 = ORIENTED_EDGE('',*,*,#15315,.F.);
#15315 = EDGE_CURVE('',#14533,#15308,#15316,.T.);
#15316 = LINE('',#15317,#15318);
#15317 = CARTESIAN_POINT('',(-0.4,1.7,2.4));
#15318 = VECTOR('',#15319,1.);
#15319 = DIRECTION('',(-1.224646799147E-16,-1.,0.));
#15320 = PLANE('',#15321);
#15321 = AXIS2_PLACEMENT_3D('',#15322,#15323,#15324);
#15322 = CARTESIAN_POINT('',(-1.4,1.7,2.4));
#15323 = DIRECTION('',(0.,0.,1.));
#15324 = DIRECTION('',(1.,-1.224646799147E-16,0.));
#15325 = ADVANCED_FACE('',(#15326),#15337,.T.);
#15326 = FACE_BOUND('',#15327,.T.);
#15327 = EDGE_LOOP('',(#15328,#15329,#15330,#15336));
#15328 = ORIENTED_EDGE('',*,*,#14532,.F.);
#15329 = ORIENTED_EDGE('',*,*,#15315,.T.);
#15330 = ORIENTED_EDGE('',*,*,#15331,.T.);
#15331 = EDGE_CURVE('',#15308,#15236,#15332,.T.);
#15332 = LINE('',#15333,#15334);
#15333 = CARTESIAN_POINT('',(-0.4,1.1,4.2));
#15334 = VECTOR('',#15335,1.);
#15335 = DIRECTION('',(0.,0.,1.));
#15336 = ORIENTED_EDGE('',*,*,#15235,.F.);
#15337 = PLANE('',#15338);
#15338 = AXIS2_PLACEMENT_3D('',#15339,#15340,#15341);
#15339 = CARTESIAN_POINT('',(-0.4,1.7,2.4));
#15340 = DIRECTION('',(-1.,1.224646799147E-16,0.));
#15341 = DIRECTION('',(0.,0.,1.));
#15342 = ADVANCED_FACE('',(#15343),#15354,.F.);
#15343 = FACE_BOUND('',#15344,.F.);
#15344 = EDGE_LOOP('',(#15345,#15346,#15347,#15353));
#15345 = ORIENTED_EDGE('',*,*,#14516,.T.);
#15346 = ORIENTED_EDGE('',*,*,#15156,.T.);
#15347 = ORIENTED_EDGE('',*,*,#15348,.F.);
#15348 = EDGE_CURVE('',#15260,#15157,#15349,.T.);
#15349 = LINE('',#15350,#15351);
#15350 = CARTESIAN_POINT('',(-0.45,1.75,4.2));
#15351 = VECTOR('',#15352,1.);
#15352 = DIRECTION('',(0.,0.,1.));
#15353 = ORIENTED_EDGE('',*,*,#15267,.F.);
#15354 = PLANE('',#15355);
#15355 = AXIS2_PLACEMENT_3D('',#15356,#15357,#15358);
#15356 = CARTESIAN_POINT('',(-0.45,1.7,4.2));
#15357 = DIRECTION('',(-1.,1.224646799147E-16,0.));
#15358 = DIRECTION('',(1.224646799147E-16,1.,0.));
#15359 = ADVANCED_FACE('',(#15360),#15378,.F.);
#15360 = FACE_BOUND('',#15361,.F.);
#15361 = EDGE_LOOP('',(#15362,#15363,#15371,#15377));
#15362 = ORIENTED_EDGE('',*,*,#14500,.F.);
#15363 = ORIENTED_EDGE('',*,*,#15364,.T.);
#15364 = EDGE_CURVE('',#14493,#15365,#15367,.T.);
#15365 = VERTEX_POINT('',#15366);
#15366 = CARTESIAN_POINT('',(0.55,1.1,2.1));
#15367 = LINE('',#15368,#15369);
#15368 = CARTESIAN_POINT('',(0.55,1.7,2.1));
#15369 = VECTOR('',#15370,1.);
#15370 = DIRECTION('',(-1.224646799147E-16,-1.,0.));
#15371 = ORIENTED_EDGE('',*,*,#15372,.T.);
#15372 = EDGE_CURVE('',#15365,#15148,#15373,.T.);
#15373 = LINE('',#15374,#15375);
#15374 = CARTESIAN_POINT('',(0.55,1.1,4.05));
#15375 = VECTOR('',#15376,1.);
#15376 = DIRECTION('',(0.,0.,1.));
#15377 = ORIENTED_EDGE('',*,*,#15147,.F.);
#15378 = PLANE('',#15379);
#15379 = AXIS2_PLACEMENT_3D('',#15380,#15381,#15382);
#15380 = CARTESIAN_POINT('',(0.55,1.7,2.1));
#15381 = DIRECTION('',(-1.,1.224646799147E-16,0.));
#15382 = DIRECTION('',(0.,0.,1.));
#15383 = ADVANCED_FACE('',(#15384),#15402,.F.);
#15384 = FACE_BOUND('',#15385,.F.);
#15385 = EDGE_LOOP('',(#15386,#15387,#15395,#15401));
#15386 = ORIENTED_EDGE('',*,*,#14492,.F.);
#15387 = ORIENTED_EDGE('',*,*,#15388,.T.);
#15388 = EDGE_CURVE('',#14485,#15389,#15391,.T.);
#15389 = VERTEX_POINT('',#15390);
#15390 = CARTESIAN_POINT('',(1.45,1.1,2.1));
#15391 = LINE('',#15392,#15393);
#15392 = CARTESIAN_POINT('',(1.45,1.7,2.1));
#15393 = VECTOR('',#15394,1.);
#15394 = DIRECTION('',(-1.224646799147E-16,-1.,0.));
#15395 = ORIENTED_EDGE('',*,*,#15396,.T.);
#15396 = EDGE_CURVE('',#15389,#15365,#15397,.T.);
#15397 = LINE('',#15398,#15399);
#15398 = CARTESIAN_POINT('',(2.45,1.1,2.1));
#15399 = VECTOR('',#15400,1.);
#15400 = DIRECTION('',(-1.,1.224646799147E-16,0.));
#15401 = ORIENTED_EDGE('',*,*,#15364,.F.);
#15402 = PLANE('',#15403);
#15403 = AXIS2_PLACEMENT_3D('',#15404,#15405,#15406);
#15404 = CARTESIAN_POINT('',(1.45,1.7,2.1));
#15405 = DIRECTION('',(-0.,0.,-1.));
#15406 = DIRECTION('',(-1.,1.224646799147E-16,0.));
#15407 = ADVANCED_FACE('',(#15408),#15419,.F.);
#15408 = FACE_BOUND('',#15409,.F.);
#15409 = EDGE_LOOP('',(#15410,#15411,#15412,#15418));
#15410 = ORIENTED_EDGE('',*,*,#14484,.F.);
#15411 = ORIENTED_EDGE('',*,*,#14695,.T.);
#15412 = ORIENTED_EDGE('',*,*,#15413,.T.);
#15413 = EDGE_CURVE('',#14696,#15389,#15414,.T.);
#15414 = LINE('',#15415,#15416);
#15415 = CARTESIAN_POINT('',(1.45,1.1,6.));
#15416 = VECTOR('',#15417,1.);
#15417 = DIRECTION('',(-0.,0.,-1.));
#15418 = ORIENTED_EDGE('',*,*,#15388,.F.);
#15419 = PLANE('',#15420);
#15420 = AXIS2_PLACEMENT_3D('',#15421,#15422,#15423);
#15421 = CARTESIAN_POINT('',(1.45,1.7,6.));
#15422 = DIRECTION('',(1.,-1.224646799147E-16,0.));
#15423 = DIRECTION('',(0.,-0.,-1.));
#15424 = ADVANCED_FACE('',(#15425),#15450,.F.);
#15425 = FACE_BOUND('',#15426,.F.);
#15426 = EDGE_LOOP('',(#15427,#15428,#15436,#15444));
#15427 = ORIENTED_EDGE('',*,*,#14645,.F.);
#15428 = ORIENTED_EDGE('',*,*,#15429,.T.);
#15429 = EDGE_CURVE('',#14646,#15430,#15432,.T.);
#15430 = VERTEX_POINT('',#15431);
#15431 = CARTESIAN_POINT('',(2.4,1.1,4.2));
#15432 = LINE('',#15433,#15434);
#15433 = CARTESIAN_POINT('',(2.4,1.7,4.2));
#15434 = VECTOR('',#15435,1.);
#15435 = DIRECTION('',(-1.224646799147E-16,-1.,0.));
#15436 = ORIENTED_EDGE('',*,*,#15437,.T.);
#15437 = EDGE_CURVE('',#15430,#15438,#15440,.T.);
#15438 = VERTEX_POINT('',#15439);
#15439 = CARTESIAN_POINT('',(3.4,1.1,4.2));
#15440 = LINE('',#15441,#15442);
#15441 = CARTESIAN_POINT('',(2.925,1.1,4.2));
#15442 = VECTOR('',#15443,1.);
#15443 = DIRECTION('',(1.,-1.224646799147E-16,0.));
#15444 = ORIENTED_EDGE('',*,*,#15445,.F.);
#15445 = EDGE_CURVE('',#14648,#15438,#15446,.T.);
#15446 = LINE('',#15447,#15448);
#15447 = CARTESIAN_POINT('',(3.4,1.7,4.2));
#15448 = VECTOR('',#15449,1.);
#15449 = DIRECTION('',(-1.224646799147E-16,-1.,0.));
#15450 = PLANE('',#15451);
#15451 = AXIS2_PLACEMENT_3D('',#15452,#15453,#15454);
#15452 = CARTESIAN_POINT('',(2.4,1.7,4.2));
#15453 = DIRECTION('',(0.,0.,1.));
#15454 = DIRECTION('',(1.,-1.224646799147E-16,0.));
#15455 = ADVANCED_FACE('',(#15456),#15474,.F.);
#15456 = FACE_BOUND('',#15457,.F.);
#15457 = EDGE_LOOP('',(#15458,#15459,#15467,#15473));
#15458 = ORIENTED_EDGE('',*,*,#14671,.F.);
#15459 = ORIENTED_EDGE('',*,*,#15460,.T.);
#15460 = EDGE_CURVE('',#14664,#15461,#15463,.T.);
#15461 = VERTEX_POINT('',#15462);
#15462 = CARTESIAN_POINT('',(2.4,1.1,2.4));
#15463 = LINE('',#15464,#15465);
#15464 = CARTESIAN_POINT('',(2.4,1.7,2.4));
#15465 = VECTOR('',#15466,1.);
#15466 = DIRECTION('',(-1.224646799147E-16,-1.,0.));
#15467 = ORIENTED_EDGE('',*,*,#15468,.T.);
#15468 = EDGE_CURVE('',#15461,#15430,#15469,.T.);
#15469 = LINE('',#15470,#15471);
#15470 = CARTESIAN_POINT('',(2.4,1.1,4.2));
#15471 = VECTOR('',#15472,1.);
#15472 = DIRECTION('',(0.,0.,1.));
#15473 = ORIENTED_EDGE('',*,*,#15429,.F.);
#15474 = PLANE('',#15475);
#15475 = AXIS2_PLACEMENT_3D('',#15476,#15477,#15478);
#15476 = CARTESIAN_POINT('',(2.4,1.7,2.4));
#15477 = DIRECTION('',(-1.,1.224646799147E-16,0.));
#15478 = DIRECTION('',(0.,0.,1.));
#15479 = ADVANCED_FACE('',(#15480),#15498,.F.);
#15480 = FACE_BOUND('',#15481,.F.);
#15481 = EDGE_LOOP('',(#15482,#15483,#15484,#15492));
#15482 = ORIENTED_EDGE('',*,*,#14655,.F.);
#15483 = ORIENTED_EDGE('',*,*,#15445,.T.);
#15484 = ORIENTED_EDGE('',*,*,#15485,.T.);
#15485 = EDGE_CURVE('',#15438,#15486,#15488,.T.);
#15486 = VERTEX_POINT('',#15487);
#15487 = CARTESIAN_POINT('',(3.4,1.1,2.4));
#15488 = LINE('',#15489,#15490);
#15489 = CARTESIAN_POINT('',(3.4,1.1,5.1));
#15490 = VECTOR('',#15491,1.);
#15491 = DIRECTION('',(-0.,0.,-1.));
#15492 = ORIENTED_EDGE('',*,*,#15493,.F.);
#15493 = EDGE_CURVE('',#14656,#15486,#15494,.T.);
#15494 = LINE('',#15495,#15496);
#15495 = CARTESIAN_POINT('',(3.4,1.7,2.4));
#15496 = VECTOR('',#15497,1.);
#15497 = DIRECTION('',(-1.224646799147E-16,-1.,0.));
#15498 = PLANE('',#15499);
#15499 = AXIS2_PLACEMENT_3D('',#15500,#15501,#15502);
#15500 = CARTESIAN_POINT('',(3.4,1.7,4.2));
#15501 = DIRECTION('',(1.,-1.224646799147E-16,-0.));
#15502 = DIRECTION('',(-0.,0.,-1.));
#15503 = ADVANCED_FACE('',(#15504),#15515,.F.);
#15504 = FACE_BOUND('',#15505,.F.);
#15505 = EDGE_LOOP('',(#15506,#15507,#15508,#15514));
#15506 = ORIENTED_EDGE('',*,*,#14663,.F.);
#15507 = ORIENTED_EDGE('',*,*,#15493,.T.);
#15508 = ORIENTED_EDGE('',*,*,#15509,.T.);
#15509 = EDGE_CURVE('',#15486,#15461,#15510,.T.);
#15510 = LINE('',#15511,#15512);
#15511 = CARTESIAN_POINT('',(3.425,1.1,2.4));
#15512 = VECTOR('',#15513,1.);
#15513 = DIRECTION('',(-1.,1.224646799147E-16,0.));
#15514 = ORIENTED_EDGE('',*,*,#15460,.F.);
#15515 = PLANE('',#15516);
#15516 = AXIS2_PLACEMENT_3D('',#15517,#15518,#15519);
#15517 = CARTESIAN_POINT('',(3.4,1.7,2.4));
#15518 = DIRECTION('',(-0.,0.,-1.));
#15519 = DIRECTION('',(-1.,1.224646799147E-16,0.));
#15520 = ADVANCED_FACE('',(#15521),#15550,.F.);
#15521 = FACE_BOUND('',#15522,.F.);
#15522 = EDGE_LOOP('',(#15523,#15524,#15532,#15540,#15546,#15547,#15548,
    #15549));
#15523 = ORIENTED_EDGE('',*,*,#14800,.F.);
#15524 = ORIENTED_EDGE('',*,*,#15525,.T.);
#15525 = EDGE_CURVE('',#14801,#15526,#15528,.T.);
#15526 = VERTEX_POINT('',#15527);
#15527 = CARTESIAN_POINT('',(3.45,-2.3,1.8));
#15528 = LINE('',#15529,#15530);
#15529 = CARTESIAN_POINT('',(3.45,-2.3,6.));
#15530 = VECTOR('',#15531,1.);
#15531 = DIRECTION('',(0.,0.,-1.));
#15532 = ORIENTED_EDGE('',*,*,#15533,.T.);
#15533 = EDGE_CURVE('',#15526,#15534,#15536,.T.);
#15534 = VERTEX_POINT('',#15535);
#15535 = CARTESIAN_POINT('',(3.45,1.1,1.8));
#15536 = LINE('',#15537,#15538);
#15537 = CARTESIAN_POINT('',(3.45,-2.3,1.8));
#15538 = VECTOR('',#15539,1.);
#15539 = DIRECTION('',(1.224646799147E-16,1.,0.));
#15540 = ORIENTED_EDGE('',*,*,#15541,.F.);
#15541 = EDGE_CURVE('',#14704,#15534,#15542,.T.);
#15542 = LINE('',#15543,#15544);
#15543 = CARTESIAN_POINT('',(3.45,1.1,6.));
#15544 = VECTOR('',#15545,1.);
#15545 = DIRECTION('',(0.,0.,-1.));
#15546 = ORIENTED_EDGE('',*,*,#14711,.F.);
#15547 = ORIENTED_EDGE('',*,*,#14727,.T.);
#15548 = ORIENTED_EDGE('',*,*,#14757,.F.);
#15549 = ORIENTED_EDGE('',*,*,#14776,.T.);
#15550 = PLANE('',#15551);
#15551 = AXIS2_PLACEMENT_3D('',#15552,#15553,#15554);
#15552 = CARTESIAN_POINT('',(3.45,-2.3,6.));
#15553 = DIRECTION('',(1.,-1.224646799147E-16,0.));
#15554 = DIRECTION('',(1.224646799147E-16,1.,0.));
#15555 = ADVANCED_FACE('',(#15556,#15578,#15584),#15590,.F.);
#15556 = FACE_BOUND('',#15557,.F.);
#15557 = EDGE_LOOP('',(#15558,#15559,#15560,#15568,#15574,#15575,#15576,
    #15577));
#15558 = ORIENTED_EDGE('',*,*,#14703,.F.);
#15559 = ORIENTED_EDGE('',*,*,#15541,.T.);
#15560 = ORIENTED_EDGE('',*,*,#15561,.T.);
#15561 = EDGE_CURVE('',#15534,#15562,#15564,.T.);
#15562 = VERTEX_POINT('',#15563);
#15563 = CARTESIAN_POINT('',(-1.45,1.1,1.8));
#15564 = LINE('',#15565,#15566);
#15565 = CARTESIAN_POINT('',(3.45,1.1,1.8));
#15566 = VECTOR('',#15567,1.);
#15567 = DIRECTION('',(-1.,1.224646799147E-16,0.));
#15568 = ORIENTED_EDGE('',*,*,#15569,.F.);
#15569 = EDGE_CURVE('',#15189,#15562,#15570,.T.);
#15570 = LINE('',#15571,#15572);
#15571 = CARTESIAN_POINT('',(-1.45,1.1,6.));
#15572 = VECTOR('',#15573,1.);
#15573 = DIRECTION('',(0.,0.,-1.));
#15574 = ORIENTED_EDGE('',*,*,#15196,.F.);
#15575 = ORIENTED_EDGE('',*,*,#15372,.F.);
#15576 = ORIENTED_EDGE('',*,*,#15396,.F.);
#15577 = ORIENTED_EDGE('',*,*,#15413,.F.);
#15578 = FACE_BOUND('',#15579,.F.);
#15579 = EDGE_LOOP('',(#15580,#15581,#15582,#15583));
#15580 = ORIENTED_EDGE('',*,*,#15243,.T.);
#15581 = ORIENTED_EDGE('',*,*,#15283,.T.);
#15582 = ORIENTED_EDGE('',*,*,#15307,.T.);
#15583 = ORIENTED_EDGE('',*,*,#15331,.T.);
#15584 = FACE_BOUND('',#15585,.F.);
#15585 = EDGE_LOOP('',(#15586,#15587,#15588,#15589));
#15586 = ORIENTED_EDGE('',*,*,#15509,.F.);
#15587 = ORIENTED_EDGE('',*,*,#15485,.F.);
#15588 = ORIENTED_EDGE('',*,*,#15437,.F.);
#15589 = ORIENTED_EDGE('',*,*,#15468,.F.);
#15590 = PLANE('',#15591);
#15591 = AXIS2_PLACEMENT_3D('',#15592,#15593,#15594);
#15592 = CARTESIAN_POINT('',(3.45,1.1,6.));
#15593 = DIRECTION('',(1.224646799147E-16,1.,0.));
#15594 = DIRECTION('',(-1.,1.224646799147E-16,0.));
#15595 = ADVANCED_FACE('',(#15596),#15614,.T.);
#15596 = FACE_BOUND('',#15597,.T.);
#15597 = EDGE_LOOP('',(#15598,#15606,#15612,#15613));
#15598 = ORIENTED_EDGE('',*,*,#15599,.T.);
#15599 = EDGE_CURVE('',#14817,#15600,#15602,.T.);
#15600 = VERTEX_POINT('',#15601);
#15601 = CARTESIAN_POINT('',(-1.45,-0.6,4.4));
#15602 = LINE('',#15603,#15604);
#15603 = CARTESIAN_POINT('',(-1.45,-0.6,5.2));
#15604 = VECTOR('',#15605,1.);
#15605 = DIRECTION('',(-0.,0.,-1.));
#15606 = ORIENTED_EDGE('',*,*,#15607,.T.);
#15607 = EDGE_CURVE('',#15600,#15043,#15608,.T.);
#15608 = LINE('',#15609,#15610);
#15609 = CARTESIAN_POINT('',(3.95,-0.6,4.4));
#15610 = VECTOR('',#15611,1.);
#15611 = DIRECTION('',(-1.,1.224646799147E-16,0.));
#15612 = ORIENTED_EDGE('',*,*,#15051,.T.);
#15613 = ORIENTED_EDGE('',*,*,#14824,.F.);
#15614 = PLANE('',#15615);
#15615 = AXIS2_PLACEMENT_3D('',#15616,#15617,#15618);
#15616 = CARTESIAN_POINT('',(3.95,-0.6,4.4));
#15617 = DIRECTION('',(1.224646799147E-16,1.,0.));
#15618 = DIRECTION('',(0.,-0.,1.));
#15619 = ADVANCED_FACE('',(#15620),#15655,.F.);
#15620 = FACE_BOUND('',#15621,.F.);
#15621 = EDGE_LOOP('',(#15622,#15623,#15624,#15632,#15638,#15639,#15640,
    #15649));
#15622 = ORIENTED_EDGE('',*,*,#15188,.F.);
#15623 = ORIENTED_EDGE('',*,*,#15569,.T.);
#15624 = ORIENTED_EDGE('',*,*,#15625,.T.);
#15625 = EDGE_CURVE('',#15562,#15626,#15628,.T.);
#15626 = VERTEX_POINT('',#15627);
#15627 = CARTESIAN_POINT('',(-1.45,-2.3,1.8));
#15628 = LINE('',#15629,#15630);
#15629 = CARTESIAN_POINT('',(-1.45,1.1,1.8));
#15630 = VECTOR('',#15631,1.);
#15631 = DIRECTION('',(-1.224646799147E-16,-1.,0.));
#15632 = ORIENTED_EDGE('',*,*,#15633,.F.);
#15633 = EDGE_CURVE('',#14809,#15626,#15634,.T.);
#15634 = LINE('',#15635,#15636);
#15635 = CARTESIAN_POINT('',(-1.45,-2.3,6.));
#15636 = VECTOR('',#15637,1.);
#15637 = DIRECTION('',(0.,0.,-1.));
#15638 = ORIENTED_EDGE('',*,*,#14816,.F.);
#15639 = ORIENTED_EDGE('',*,*,#15599,.T.);
#15640 = ORIENTED_EDGE('',*,*,#15641,.T.);
#15641 = EDGE_CURVE('',#15600,#15642,#15644,.T.);
#15642 = VERTEX_POINT('',#15643);
#15643 = CARTESIAN_POINT('',(-1.45,0.2,4.4));
#15644 = CIRCLE('',#15645,0.4);
#15645 = AXIS2_PLACEMENT_3D('',#15646,#15647,#15648);
#15646 = CARTESIAN_POINT('',(-1.45,-0.2,4.4));
#15647 = DIRECTION('',(1.,-1.224646799147E-16,0.));
#15648 = DIRECTION('',(1.224646799147E-16,1.,0.));
#15649 = ORIENTED_EDGE('',*,*,#15650,.T.);
#15650 = EDGE_CURVE('',#15642,#15181,#15651,.T.);
#15651 = LINE('',#15652,#15653);
#15652 = CARTESIAN_POINT('',(-1.45,0.2,6.));
#15653 = VECTOR('',#15654,1.);
#15654 = DIRECTION('',(0.,0.,1.));
#15655 = PLANE('',#15656);
#15656 = AXIS2_PLACEMENT_3D('',#15657,#15658,#15659);
#15657 = CARTESIAN_POINT('',(-1.45,1.1,6.));
#15658 = DIRECTION('',(-1.,1.224646799147E-16,0.));
#15659 = DIRECTION('',(-1.224646799147E-16,-1.,0.));
#15660 = ADVANCED_FACE('',(#15661),#15704,.F.);
#15661 = FACE_BOUND('',#15662,.F.);
#15662 = EDGE_LOOP('',(#15663,#15664,#15665,#15673,#15681,#15689,#15697,
    #15703));
#15663 = ORIENTED_EDGE('',*,*,#14808,.F.);
#15664 = ORIENTED_EDGE('',*,*,#15633,.T.);
#15665 = ORIENTED_EDGE('',*,*,#15666,.T.);
#15666 = EDGE_CURVE('',#15626,#15667,#15669,.T.);
#15667 = VERTEX_POINT('',#15668);
#15668 = CARTESIAN_POINT('',(0.8,-2.3,1.8));
#15669 = LINE('',#15670,#15671);
#15670 = CARTESIAN_POINT('',(-1.45,-2.3,1.8));
#15671 = VECTOR('',#15672,1.);
#15672 = DIRECTION('',(1.,-1.224646799147E-16,0.));
#15673 = ORIENTED_EDGE('',*,*,#15674,.T.);
#15674 = EDGE_CURVE('',#15667,#15675,#15677,.T.);
#15675 = VERTEX_POINT('',#15676);
#15676 = CARTESIAN_POINT('',(0.8,-2.3,3.7));
#15677 = LINE('',#15678,#15679);
#15678 = CARTESIAN_POINT('',(0.8,-2.3,1.8));
#15679 = VECTOR('',#15680,1.);
#15680 = DIRECTION('',(0.,0.,1.));
#15681 = ORIENTED_EDGE('',*,*,#15682,.T.);
#15682 = EDGE_CURVE('',#15675,#15683,#15685,.T.);
#15683 = VERTEX_POINT('',#15684);
#15684 = CARTESIAN_POINT('',(1.2,-2.3,3.7));
#15685 = LINE('',#15686,#15687);
#15686 = CARTESIAN_POINT('',(0.8,-2.3,3.7));
#15687 = VECTOR('',#15688,1.);
#15688 = DIRECTION('',(1.,-1.224646799147E-16,0.));
#15689 = ORIENTED_EDGE('',*,*,#15690,.F.);
#15690 = EDGE_CURVE('',#15691,#15683,#15693,.T.);
#15691 = VERTEX_POINT('',#15692);
#15692 = CARTESIAN_POINT('',(1.2,-2.3,1.8));
#15693 = LINE('',#15694,#15695);
#15694 = CARTESIAN_POINT('',(1.2,-2.3,1.8));
#15695 = VECTOR('',#15696,1.);
#15696 = DIRECTION('',(0.,0.,1.));
#15697 = ORIENTED_EDGE('',*,*,#15698,.T.);
#15698 = EDGE_CURVE('',#15691,#15526,#15699,.T.);
#15699 = LINE('',#15700,#15701);
#15700 = CARTESIAN_POINT('',(-1.45,-2.3,1.8));
#15701 = VECTOR('',#15702,1.);
#15702 = DIRECTION('',(1.,-1.224646799147E-16,0.));
#15703 = ORIENTED_EDGE('',*,*,#15525,.F.);
#15704 = PLANE('',#15705);
#15705 = AXIS2_PLACEMENT_3D('',#15706,#15707,#15708);
#15706 = CARTESIAN_POINT('',(-1.45,-2.3,6.));
#15707 = DIRECTION('',(-1.224646799147E-16,-1.,0.));
#15708 = DIRECTION('',(1.,-1.224646799147E-16,0.));
#15709 = ADVANCED_FACE('',(#15710,#15716),#15750,.F.);
#15710 = FACE_BOUND('',#15711,.F.);
#15711 = EDGE_LOOP('',(#15712,#15713,#15714,#15715));
#15712 = ORIENTED_EDGE('',*,*,#15132,.T.);
#15713 = ORIENTED_EDGE('',*,*,#14878,.T.);
#15714 = ORIENTED_EDGE('',*,*,#14902,.F.);
#15715 = ORIENTED_EDGE('',*,*,#14935,.F.);
#15716 = FACE_BOUND('',#15717,.F.);
#15717 = EDGE_LOOP('',(#15718,#15728,#15736,#15744));
#15718 = ORIENTED_EDGE('',*,*,#15719,.T.);
#15719 = EDGE_CURVE('',#15720,#15722,#15724,.T.);
#15720 = VERTEX_POINT('',#15721);
#15721 = CARTESIAN_POINT('',(-0.25,0.25,0.1));
#15722 = VERTEX_POINT('',#15723);
#15723 = CARTESIAN_POINT('',(0.25,0.25,0.1));
#15724 = LINE('',#15725,#15726);
#15725 = CARTESIAN_POINT('',(0.5,0.25,0.1));
#15726 = VECTOR('',#15727,1.);
#15727 = DIRECTION('',(1.,-1.224646799147E-16,0.));
#15728 = ORIENTED_EDGE('',*,*,#15729,.T.);
#15729 = EDGE_CURVE('',#15722,#15730,#15732,.T.);
#15730 = VERTEX_POINT('',#15731);
#15731 = CARTESIAN_POINT('',(0.25,-0.25,0.1));
#15732 = LINE('',#15733,#15734);
#15733 = CARTESIAN_POINT('',(0.25,0.271633216363,0.1));
#15734 = VECTOR('',#15735,1.);
#15735 = DIRECTION('',(-1.224646799147E-16,-1.,0.));
#15736 = ORIENTED_EDGE('',*,*,#15737,.T.);
#15737 = EDGE_CURVE('',#15730,#15738,#15740,.T.);
#15738 = VERTEX_POINT('',#15739);
#15739 = CARTESIAN_POINT('',(-0.25,-0.25,0.1));
#15740 = LINE('',#15741,#15742);
#15741 = CARTESIAN_POINT('',(0.5,-0.25,0.1));
#15742 = VECTOR('',#15743,1.);
#15743 = DIRECTION('',(-1.,1.224646799147E-16,0.));
#15744 = ORIENTED_EDGE('',*,*,#15745,.F.);
#15745 = EDGE_CURVE('',#15720,#15738,#15746,.T.);
#15746 = LINE('',#15747,#15748);
#15747 = CARTESIAN_POINT('',(-0.25,0.271633216363,0.1));
#15748 = VECTOR('',#15749,1.);
#15749 = DIRECTION('',(-1.224646799147E-16,-1.,0.));
#15750 = PLANE('',#15751);
#15751 = AXIS2_PLACEMENT_3D('',#15752,#15753,#15754);
#15752 = CARTESIAN_POINT('',(0.75,0.5,0.1));
#15753 = DIRECTION('',(0.,0.,1.));
#15754 = DIRECTION('',(-1.224646799147E-16,-1.,0.));
#15755 = ADVANCED_FACE('',(#15756),#15767,.F.);
#15756 = FACE_BOUND('',#15757,.F.);
#15757 = EDGE_LOOP('',(#15758,#15759,#15760,#15766));
#15758 = ORIENTED_EDGE('',*,*,#15607,.T.);
#15759 = ORIENTED_EDGE('',*,*,#15042,.T.);
#15760 = ORIENTED_EDGE('',*,*,#15761,.F.);
#15761 = EDGE_CURVE('',#15642,#15035,#15762,.T.);
#15762 = LINE('',#15763,#15764);
#15763 = CARTESIAN_POINT('',(3.95,0.2,4.4));
#15764 = VECTOR('',#15765,1.);
#15765 = DIRECTION('',(-1.,1.224646799147E-16,0.));
#15766 = ORIENTED_EDGE('',*,*,#15641,.F.);
#15767 = CYLINDRICAL_SURFACE('',#15768,0.4);
#15768 = AXIS2_PLACEMENT_3D('',#15769,#15770,#15771);
#15769 = CARTESIAN_POINT('',(3.95,-0.2,4.4));
#15770 = DIRECTION('',(1.,-1.224646799147E-16,-0.));
#15771 = DIRECTION('',(1.224646799147E-16,1.,0.));
#15772 = ADVANCED_FACE('',(#15773),#15779,.T.);
#15773 = FACE_BOUND('',#15774,.T.);
#15774 = EDGE_LOOP('',(#15775,#15776,#15777,#15778));
#15775 = ORIENTED_EDGE('',*,*,#15650,.T.);
#15776 = ORIENTED_EDGE('',*,*,#15180,.T.);
#15777 = ORIENTED_EDGE('',*,*,#15034,.T.);
#15778 = ORIENTED_EDGE('',*,*,#15761,.F.);
#15779 = PLANE('',#15780);
#15780 = AXIS2_PLACEMENT_3D('',#15781,#15782,#15783);
#15781 = CARTESIAN_POINT('',(3.95,0.2,6.));
#15782 = DIRECTION('',(-1.224646799147E-16,-1.,0.));
#15783 = DIRECTION('',(-0.,0.,-1.));
#15784 = ADVANCED_FACE('',(#15785),#15810,.F.);
#15785 = FACE_BOUND('',#15786,.F.);
#15786 = EDGE_LOOP('',(#15787,#15795,#15796,#15804));
#15787 = ORIENTED_EDGE('',*,*,#15788,.F.);
#15788 = EDGE_CURVE('',#15093,#15789,#15791,.T.);
#15789 = VERTEX_POINT('',#15790);
#15790 = CARTESIAN_POINT('',(2.25,0.25,-0.9));
#15791 = LINE('',#15792,#15793);
#15792 = CARTESIAN_POINT('',(2.25,0.25,5.));
#15793 = VECTOR('',#15794,1.);
#15794 = DIRECTION('',(-0.,0.,-1.));
#15795 = ORIENTED_EDGE('',*,*,#15090,.F.);
#15796 = ORIENTED_EDGE('',*,*,#15797,.T.);
#15797 = EDGE_CURVE('',#15091,#15798,#15800,.T.);
#15798 = VERTEX_POINT('',#15799);
#15799 = CARTESIAN_POINT('',(1.75,0.25,-0.9));
#15800 = LINE('',#15801,#15802);
#15801 = CARTESIAN_POINT('',(1.75,0.25,5.));
#15802 = VECTOR('',#15803,1.);
#15803 = DIRECTION('',(-0.,0.,-1.));
#15804 = ORIENTED_EDGE('',*,*,#15805,.F.);
#15805 = EDGE_CURVE('',#15789,#15798,#15806,.T.);
#15806 = LINE('',#15807,#15808);
#15807 = CARTESIAN_POINT('',(2.25,0.25,-0.9));
#15808 = VECTOR('',#15809,1.);
#15809 = DIRECTION('',(-1.,1.224646799147E-16,0.));
#15810 = PLANE('',#15811);
#15811 = AXIS2_PLACEMENT_3D('',#15812,#15813,#15814);
#15812 = CARTESIAN_POINT('',(2.25,0.25,5.));
#15813 = DIRECTION('',(-1.224646799147E-16,-1.,0.));
#15814 = DIRECTION('',(-0.,0.,-1.));
#15815 = ADVANCED_FACE('',(#15816),#15866,.T.);
#15816 = FACE_BOUND('',#15817,.T.);
#15817 = EDGE_LOOP('',(#15818,#15828,#15836,#15844,#15850,#15851,#15852,
    #15860));
#15818 = ORIENTED_EDGE('',*,*,#15819,.T.);
#15819 = EDGE_CURVE('',#15820,#15822,#15824,.T.);
#15820 = VERTEX_POINT('',#15821);
#15821 = CARTESIAN_POINT('',(1.75,0.281578947368,-3.2));
#15822 = VERTEX_POINT('',#15823);
#15823 = CARTESIAN_POINT('',(1.75,-0.218421052632,-3.2));
#15824 = LINE('',#15825,#15826);
#15825 = CARTESIAN_POINT('',(1.75,0.25,-3.2));
#15826 = VECTOR('',#15827,1.);
#15827 = DIRECTION('',(-1.224646799147E-16,-1.,0.));
#15828 = ORIENTED_EDGE('',*,*,#15829,.T.);
#15829 = EDGE_CURVE('',#15822,#15830,#15832,.T.);
#15830 = VERTEX_POINT('',#15831);
#15831 = CARTESIAN_POINT('',(1.75,5.E-02,-1.5));
#15832 = LINE('',#15833,#15834);
#15833 = CARTESIAN_POINT('',(1.75,-0.25,-3.4));
#15834 = VECTOR('',#15835,1.);
#15835 = DIRECTION('',(1.909990663905E-17,0.155962573473,0.987762965329)
  );
#15836 = ORIENTED_EDGE('',*,*,#15837,.T.);
#15837 = EDGE_CURVE('',#15830,#15838,#15840,.T.);
#15838 = VERTEX_POINT('',#15839);
#15839 = CARTESIAN_POINT('',(1.75,-0.25,-0.9));
#15840 = LINE('',#15841,#15842);
#15841 = CARTESIAN_POINT('',(1.75,5.E-02,-1.5));
#15842 = VECTOR('',#15843,1.);
#15843 = DIRECTION('',(-5.476786982641E-17,-0.4472135955,0.894427191));
#15844 = ORIENTED_EDGE('',*,*,#15845,.T.);
#15845 = EDGE_CURVE('',#15838,#15109,#15846,.T.);
#15846 = LINE('',#15847,#15848);
#15847 = CARTESIAN_POINT('',(1.75,-0.25,-0.9));
#15848 = VECTOR('',#15849,1.);
#15849 = DIRECTION('',(0.,0.,1.));
#15850 = ORIENTED_EDGE('',*,*,#15116,.F.);
#15851 = ORIENTED_EDGE('',*,*,#15797,.T.);
#15852 = ORIENTED_EDGE('',*,*,#15853,.T.);
#15853 = EDGE_CURVE('',#15798,#15854,#15856,.T.);
#15854 = VERTEX_POINT('',#15855);
#15855 = CARTESIAN_POINT('',(1.75,0.55,-1.5));
#15856 = LINE('',#15857,#15858);
#15857 = CARTESIAN_POINT('',(1.75,0.25,-0.9));
#15858 = VECTOR('',#15859,1.);
#15859 = DIRECTION('',(5.476786982641E-17,0.4472135955,-0.894427191));
#15860 = ORIENTED_EDGE('',*,*,#15861,.T.);
#15861 = EDGE_CURVE('',#15854,#15820,#15862,.T.);
#15862 = LINE('',#15863,#15864);
#15863 = CARTESIAN_POINT('',(1.75,0.55,-1.5));
#15864 = VECTOR('',#15865,1.);
#15865 = DIRECTION('',(-1.909990663905E-17,-0.155962573473,
    -0.987762965329));
#15866 = PLANE('',#15867);
#15867 = AXIS2_PLACEMENT_3D('',#15868,#15869,#15870);
#15868 = CARTESIAN_POINT('',(1.75,4.326643272645E-02,0.775746953017));
#15869 = DIRECTION('',(-1.,1.224646799147E-16,0.));
#15870 = DIRECTION('',(0.,0.,1.));
#15871 = ADVANCED_FACE('',(#15872),#15890,.F.);
#15872 = FACE_BOUND('',#15873,.F.);
#15873 = EDGE_LOOP('',(#15874,#15882,#15888,#15889));
#15874 = ORIENTED_EDGE('',*,*,#15875,.F.);
#15875 = EDGE_CURVE('',#15876,#15101,#15878,.T.);
#15876 = VERTEX_POINT('',#15877);
#15877 = CARTESIAN_POINT('',(2.25,-0.25,-0.9));
#15878 = LINE('',#15879,#15880);
#15879 = CARTESIAN_POINT('',(2.25,-0.25,-0.9));
#15880 = VECTOR('',#15881,1.);
#15881 = DIRECTION('',(0.,0.,1.));
#15882 = ORIENTED_EDGE('',*,*,#15883,.T.);
#15883 = EDGE_CURVE('',#15876,#15838,#15884,.T.);
#15884 = LINE('',#15885,#15886);
#15885 = CARTESIAN_POINT('',(2.25,-0.25,-0.9));
#15886 = VECTOR('',#15887,1.);
#15887 = DIRECTION('',(-1.,1.224646799147E-16,0.));
#15888 = ORIENTED_EDGE('',*,*,#15845,.T.);
#15889 = ORIENTED_EDGE('',*,*,#15108,.F.);
#15890 = PLANE('',#15891);
#15891 = AXIS2_PLACEMENT_3D('',#15892,#15893,#15894);
#15892 = CARTESIAN_POINT('',(2.25,-0.25,-0.9));
#15893 = DIRECTION('',(1.224646799147E-16,1.,0.));
#15894 = DIRECTION('',(0.,-0.,1.));
#15895 = ADVANCED_FACE('',(#15896),#15939,.F.);
#15896 = FACE_BOUND('',#15897,.F.);
#15897 = EDGE_LOOP('',(#15898,#15908,#15916,#15922,#15923,#15924,#15925,
    #15933));
#15898 = ORIENTED_EDGE('',*,*,#15899,.T.);
#15899 = EDGE_CURVE('',#15900,#15902,#15904,.T.);
#15900 = VERTEX_POINT('',#15901);
#15901 = CARTESIAN_POINT('',(2.25,0.281578947368,-3.2));
#15902 = VERTEX_POINT('',#15903);
#15903 = CARTESIAN_POINT('',(2.25,-0.218421052632,-3.2));
#15904 = LINE('',#15905,#15906);
#15905 = CARTESIAN_POINT('',(2.25,0.25,-3.2));
#15906 = VECTOR('',#15907,1.);
#15907 = DIRECTION('',(-1.224646799147E-16,-1.,0.));
#15908 = ORIENTED_EDGE('',*,*,#15909,.T.);
#15909 = EDGE_CURVE('',#15902,#15910,#15912,.T.);
#15910 = VERTEX_POINT('',#15911);
#15911 = CARTESIAN_POINT('',(2.25,5.E-02,-1.5));
#15912 = LINE('',#15913,#15914);
#15913 = CARTESIAN_POINT('',(2.25,-0.25,-3.4));
#15914 = VECTOR('',#15915,1.);
#15915 = DIRECTION('',(1.909990663905E-17,0.155962573473,0.987762965329)
  );
#15916 = ORIENTED_EDGE('',*,*,#15917,.T.);
#15917 = EDGE_CURVE('',#15910,#15876,#15918,.T.);
#15918 = LINE('',#15919,#15920);
#15919 = CARTESIAN_POINT('',(2.25,5.E-02,-1.5));
#15920 = VECTOR('',#15921,1.);
#15921 = DIRECTION('',(-5.476786982641E-17,-0.4472135955,0.894427191));
#15922 = ORIENTED_EDGE('',*,*,#15875,.T.);
#15923 = ORIENTED_EDGE('',*,*,#15100,.F.);
#15924 = ORIENTED_EDGE('',*,*,#15788,.T.);
#15925 = ORIENTED_EDGE('',*,*,#15926,.T.);
#15926 = EDGE_CURVE('',#15789,#15927,#15929,.T.);
#15927 = VERTEX_POINT('',#15928);
#15928 = CARTESIAN_POINT('',(2.25,0.55,-1.5));
#15929 = LINE('',#15930,#15931);
#15930 = CARTESIAN_POINT('',(2.25,0.25,-0.9));
#15931 = VECTOR('',#15932,1.);
#15932 = DIRECTION('',(5.476786982641E-17,0.4472135955,-0.894427191));
#15933 = ORIENTED_EDGE('',*,*,#15934,.T.);
#15934 = EDGE_CURVE('',#15927,#15900,#15935,.T.);
#15935 = LINE('',#15936,#15937);
#15936 = CARTESIAN_POINT('',(2.25,0.55,-1.5));
#15937 = VECTOR('',#15938,1.);
#15938 = DIRECTION('',(-1.909990663905E-17,-0.155962573473,
    -0.987762965329));
#15939 = PLANE('',#15940);
#15940 = AXIS2_PLACEMENT_3D('',#15941,#15942,#15943);
#15941 = CARTESIAN_POINT('',(2.25,4.326643272645E-02,0.775746953017));
#15942 = DIRECTION('',(-1.,1.224646799147E-16,0.));
#15943 = DIRECTION('',(0.,0.,1.));
#15944 = ADVANCED_FACE('',(#15945),#15951,.F.);
#15945 = FACE_BOUND('',#15946,.F.);
#15946 = EDGE_LOOP('',(#15947,#15948,#15949,#15950));
#15947 = ORIENTED_EDGE('',*,*,#15348,.T.);
#15948 = ORIENTED_EDGE('',*,*,#15164,.T.);
#15949 = ORIENTED_EDGE('',*,*,#15210,.F.);
#15950 = ORIENTED_EDGE('',*,*,#15259,.F.);
#15951 = PLANE('',#15952);
#15952 = AXIS2_PLACEMENT_3D('',#15953,#15954,#15955);
#15953 = CARTESIAN_POINT('',(-0.45,1.75,4.2));
#15954 = DIRECTION('',(-1.224646799147E-16,-1.,0.));
#15955 = DIRECTION('',(-1.,1.224646799147E-16,0.));
#15956 = ADVANCED_FACE('',(#15957,#15986,#16020),#16054,.T.);
#15957 = FACE_BOUND('',#15958,.T.);
#15958 = EDGE_LOOP('',(#15959,#15960,#15961,#15962,#15963,#15971,#15979,
    #15985));
#15959 = ORIENTED_EDGE('',*,*,#15533,.T.);
#15960 = ORIENTED_EDGE('',*,*,#15561,.T.);
#15961 = ORIENTED_EDGE('',*,*,#15625,.T.);
#15962 = ORIENTED_EDGE('',*,*,#15666,.T.);
#15963 = ORIENTED_EDGE('',*,*,#15964,.F.);
#15964 = EDGE_CURVE('',#15965,#15667,#15967,.T.);
#15965 = VERTEX_POINT('',#15966);
#15966 = CARTESIAN_POINT('',(0.8,-2.,1.8));
#15967 = LINE('',#15968,#15969);
#15968 = CARTESIAN_POINT('',(0.8,-2.,1.8));
#15969 = VECTOR('',#15970,1.);
#15970 = DIRECTION('',(-1.224646799147E-16,-1.,0.));
#15971 = ORIENTED_EDGE('',*,*,#15972,.F.);
#15972 = EDGE_CURVE('',#15973,#15965,#15975,.T.);
#15973 = VERTEX_POINT('',#15974);
#15974 = CARTESIAN_POINT('',(1.2,-2.,1.8));
#15975 = LINE('',#15976,#15977);
#15976 = CARTESIAN_POINT('',(1.2,-2.,1.8));
#15977 = VECTOR('',#15978,1.);
#15978 = DIRECTION('',(-1.,1.224646799147E-16,0.));
#15979 = ORIENTED_EDGE('',*,*,#15980,.F.);
#15980 = EDGE_CURVE('',#15691,#15973,#15981,.T.);
#15981 = LINE('',#15982,#15983);
#15982 = CARTESIAN_POINT('',(1.2,-2.3,1.8));
#15983 = VECTOR('',#15984,1.);
#15984 = DIRECTION('',(1.224646799147E-16,1.,0.));
#15985 = ORIENTED_EDGE('',*,*,#15698,.T.);
#15986 = FACE_BOUND('',#15987,.T.);
#15987 = EDGE_LOOP('',(#15988,#15998,#16006,#16014));
#15988 = ORIENTED_EDGE('',*,*,#15989,.T.);
#15989 = EDGE_CURVE('',#15990,#15992,#15994,.T.);
#15990 = VERTEX_POINT('',#15991);
#15991 = CARTESIAN_POINT('',(1.75,0.25,1.8));
#15992 = VERTEX_POINT('',#15993);
#15993 = CARTESIAN_POINT('',(2.25,0.25,1.8));
#15994 = LINE('',#15995,#15996);
#15995 = CARTESIAN_POINT('',(1.625,0.25,1.8));
#15996 = VECTOR('',#15997,1.);
#15997 = DIRECTION('',(1.,-1.224646799147E-16,0.));
#15998 = ORIENTED_EDGE('',*,*,#15999,.T.);
#15999 = EDGE_CURVE('',#15992,#16000,#16002,.T.);
#16000 = VERTEX_POINT('',#16001);
#16001 = CARTESIAN_POINT('',(2.25,-0.25,1.8));
#16002 = LINE('',#16003,#16004);
#16003 = CARTESIAN_POINT('',(2.25,-0.278366783637,1.8));
#16004 = VECTOR('',#16005,1.);
#16005 = DIRECTION('',(-1.224646799147E-16,-1.,0.));
#16006 = ORIENTED_EDGE('',*,*,#16007,.T.);
#16007 = EDGE_CURVE('',#16000,#16008,#16010,.T.);
#16008 = VERTEX_POINT('',#16009);
#16009 = CARTESIAN_POINT('',(1.75,-0.25,1.8));
#16010 = LINE('',#16011,#16012);
#16011 = CARTESIAN_POINT('',(1.625,-0.25,1.8));
#16012 = VECTOR('',#16013,1.);
#16013 = DIRECTION('',(-1.,1.224646799147E-16,0.));
#16014 = ORIENTED_EDGE('',*,*,#16015,.F.);
#16015 = EDGE_CURVE('',#15990,#16008,#16016,.T.);
#16016 = LINE('',#16017,#16018);
#16017 = CARTESIAN_POINT('',(1.75,-0.278366783637,1.8));
#16018 = VECTOR('',#16019,1.);
#16019 = DIRECTION('',(-1.224646799147E-16,-1.,0.));
#16020 = FACE_BOUND('',#16021,.T.);
#16021 = EDGE_LOOP('',(#16022,#16032,#16040,#16048));
#16022 = ORIENTED_EDGE('',*,*,#16023,.T.);
#16023 = EDGE_CURVE('',#16024,#16026,#16028,.T.);
#16024 = VERTEX_POINT('',#16025);
#16025 = CARTESIAN_POINT('',(-0.25,0.25,1.8));
#16026 = VERTEX_POINT('',#16027);
#16027 = CARTESIAN_POINT('',(0.25,0.25,1.8));
#16028 = LINE('',#16029,#16030);
#16029 = CARTESIAN_POINT('',(0.625,0.25,1.8));
#16030 = VECTOR('',#16031,1.);
#16031 = DIRECTION('',(1.,-1.224646799147E-16,0.));
#16032 = ORIENTED_EDGE('',*,*,#16033,.T.);
#16033 = EDGE_CURVE('',#16026,#16034,#16036,.T.);
#16034 = VERTEX_POINT('',#16035);
#16035 = CARTESIAN_POINT('',(0.25,-0.25,1.8));
#16036 = LINE('',#16037,#16038);
#16037 = CARTESIAN_POINT('',(0.25,-0.278366783637,1.8));
#16038 = VECTOR('',#16039,1.);
#16039 = DIRECTION('',(-1.224646799147E-16,-1.,0.));
#16040 = ORIENTED_EDGE('',*,*,#16041,.T.);
#16041 = EDGE_CURVE('',#16034,#16042,#16044,.T.);
#16042 = VERTEX_POINT('',#16043);
#16043 = CARTESIAN_POINT('',(-0.25,-0.25,1.8));
#16044 = LINE('',#16045,#16046);
#16045 = CARTESIAN_POINT('',(0.625,-0.25,1.8));
#16046 = VECTOR('',#16047,1.);
#16047 = DIRECTION('',(-1.,1.224646799147E-16,0.));
#16048 = ORIENTED_EDGE('',*,*,#16049,.F.);
#16049 = EDGE_CURVE('',#16024,#16042,#16050,.T.);
#16050 = LINE('',#16051,#16052);
#16051 = CARTESIAN_POINT('',(-0.25,-0.278366783637,1.8));
#16052 = VECTOR('',#16053,1.);
#16053 = DIRECTION('',(-1.224646799147E-16,-1.,0.));
#16054 = PLANE('',#16055);
#16055 = AXIS2_PLACEMENT_3D('',#16056,#16057,#16058);
#16056 = CARTESIAN_POINT('',(1.,-0.6,1.8));
#16057 = DIRECTION('',(0.,0.,1.));
#16058 = DIRECTION('',(-1.,1.224646799147E-16,0.));
#16059 = ADVANCED_FACE('',(#16060),#16078,.F.);
#16060 = FACE_BOUND('',#16061,.F.);
#16061 = EDGE_LOOP('',(#16062,#16063,#16071,#16077));
#16062 = ORIENTED_EDGE('',*,*,#15690,.T.);
#16063 = ORIENTED_EDGE('',*,*,#16064,.T.);
#16064 = EDGE_CURVE('',#15683,#16065,#16067,.T.);
#16065 = VERTEX_POINT('',#16066);
#16066 = CARTESIAN_POINT('',(1.2,-2.,3.7));
#16067 = LINE('',#16068,#16069);
#16068 = CARTESIAN_POINT('',(1.2,-2.3,3.7));
#16069 = VECTOR('',#16070,1.);
#16070 = DIRECTION('',(1.224646799147E-16,1.,0.));
#16071 = ORIENTED_EDGE('',*,*,#16072,.F.);
#16072 = EDGE_CURVE('',#15973,#16065,#16073,.T.);
#16073 = LINE('',#16074,#16075);
#16074 = CARTESIAN_POINT('',(1.2,-2.,1.8));
#16075 = VECTOR('',#16076,1.);
#16076 = DIRECTION('',(0.,0.,1.));
#16077 = ORIENTED_EDGE('',*,*,#15980,.F.);
#16078 = PLANE('',#16079);
#16079 = AXIS2_PLACEMENT_3D('',#16080,#16081,#16082);
#16080 = CARTESIAN_POINT('',(1.2,-2.3,1.8));
#16081 = DIRECTION('',(-1.,1.224646799147E-16,0.));
#16082 = DIRECTION('',(1.224646799147E-16,1.,0.));
#16083 = ADVANCED_FACE('',(#16084),#16102,.T.);
#16084 = FACE_BOUND('',#16085,.T.);
#16085 = EDGE_LOOP('',(#16086,#16094,#16100,#16101));
#16086 = ORIENTED_EDGE('',*,*,#16087,.T.);
#16087 = EDGE_CURVE('',#16065,#16088,#16090,.T.);
#16088 = VERTEX_POINT('',#16089);
#16089 = CARTESIAN_POINT('',(0.8,-2.,3.7));
#16090 = LINE('',#16091,#16092);
#16091 = CARTESIAN_POINT('',(1.2,-2.,3.7));
#16092 = VECTOR('',#16093,1.);
#16093 = DIRECTION('',(-1.,1.224646799147E-16,0.));
#16094 = ORIENTED_EDGE('',*,*,#16095,.T.);
#16095 = EDGE_CURVE('',#16088,#15675,#16096,.T.);
#16096 = LINE('',#16097,#16098);
#16097 = CARTESIAN_POINT('',(0.8,-2.,3.7));
#16098 = VECTOR('',#16099,1.);
#16099 = DIRECTION('',(-1.224646799147E-16,-1.,0.));
#16100 = ORIENTED_EDGE('',*,*,#15682,.T.);
#16101 = ORIENTED_EDGE('',*,*,#16064,.T.);
#16102 = PLANE('',#16103);
#16103 = AXIS2_PLACEMENT_3D('',#16104,#16105,#16106);
#16104 = CARTESIAN_POINT('',(1.,-2.15,3.7));
#16105 = DIRECTION('',(0.,0.,1.));
#16106 = DIRECTION('',(-1.,1.224646799147E-16,0.));
#16107 = ADVANCED_FACE('',(#16108),#16119,.F.);
#16108 = FACE_BOUND('',#16109,.F.);
#16109 = EDGE_LOOP('',(#16110,#16116,#16117,#16118));
#16110 = ORIENTED_EDGE('',*,*,#16111,.T.);
#16111 = EDGE_CURVE('',#15965,#16088,#16112,.T.);
#16112 = LINE('',#16113,#16114);
#16113 = CARTESIAN_POINT('',(0.8,-2.,1.8));
#16114 = VECTOR('',#16115,1.);
#16115 = DIRECTION('',(0.,0.,1.));
#16116 = ORIENTED_EDGE('',*,*,#16095,.T.);
#16117 = ORIENTED_EDGE('',*,*,#15674,.F.);
#16118 = ORIENTED_EDGE('',*,*,#15964,.F.);
#16119 = PLANE('',#16120);
#16120 = AXIS2_PLACEMENT_3D('',#16121,#16122,#16123);
#16121 = CARTESIAN_POINT('',(0.8,-2.,1.8));
#16122 = DIRECTION('',(1.,-1.224646799147E-16,0.));
#16123 = DIRECTION('',(-1.224646799147E-16,-1.,0.));
#16124 = ADVANCED_FACE('',(#16125),#16150,.F.);
#16125 = FACE_BOUND('',#16126,.F.);
#16126 = EDGE_LOOP('',(#16127,#16135,#16136,#16144));
#16127 = ORIENTED_EDGE('',*,*,#16128,.F.);
#16128 = EDGE_CURVE('',#15722,#16129,#16131,.T.);
#16129 = VERTEX_POINT('',#16130);
#16130 = CARTESIAN_POINT('',(0.25,0.25,-0.9));
#16131 = LINE('',#16132,#16133);
#16132 = CARTESIAN_POINT('',(0.25,0.25,5.));
#16133 = VECTOR('',#16134,1.);
#16134 = DIRECTION('',(-0.,0.,-1.));
#16135 = ORIENTED_EDGE('',*,*,#15719,.F.);
#16136 = ORIENTED_EDGE('',*,*,#16137,.T.);
#16137 = EDGE_CURVE('',#15720,#16138,#16140,.T.);
#16138 = VERTEX_POINT('',#16139);
#16139 = CARTESIAN_POINT('',(-0.25,0.25,-0.9));
#16140 = LINE('',#16141,#16142);
#16141 = CARTESIAN_POINT('',(-0.25,0.25,5.));
#16142 = VECTOR('',#16143,1.);
#16143 = DIRECTION('',(-0.,0.,-1.));
#16144 = ORIENTED_EDGE('',*,*,#16145,.F.);
#16145 = EDGE_CURVE('',#16129,#16138,#16146,.T.);
#16146 = LINE('',#16147,#16148);
#16147 = CARTESIAN_POINT('',(0.25,0.25,-0.9));
#16148 = VECTOR('',#16149,1.);
#16149 = DIRECTION('',(-1.,1.224646799147E-16,0.));
#16150 = PLANE('',#16151);
#16151 = AXIS2_PLACEMENT_3D('',#16152,#16153,#16154);
#16152 = CARTESIAN_POINT('',(0.25,0.25,5.));
#16153 = DIRECTION('',(-1.224646799147E-16,-1.,0.));
#16154 = DIRECTION('',(-0.,0.,-1.));
#16155 = ADVANCED_FACE('',(#16156),#16206,.T.);
#16156 = FACE_BOUND('',#16157,.T.);
#16157 = EDGE_LOOP('',(#16158,#16168,#16176,#16184,#16190,#16191,#16192,
    #16200));
#16158 = ORIENTED_EDGE('',*,*,#16159,.T.);
#16159 = EDGE_CURVE('',#16160,#16162,#16164,.T.);
#16160 = VERTEX_POINT('',#16161);
#16161 = CARTESIAN_POINT('',(-0.25,0.281578947368,-3.2));
#16162 = VERTEX_POINT('',#16163);
#16163 = CARTESIAN_POINT('',(-0.25,-0.218421052632,-3.2));
#16164 = LINE('',#16165,#16166);
#16165 = CARTESIAN_POINT('',(-0.25,0.25,-3.2));
#16166 = VECTOR('',#16167,1.);
#16167 = DIRECTION('',(-1.224646799147E-16,-1.,0.));
#16168 = ORIENTED_EDGE('',*,*,#16169,.T.);
#16169 = EDGE_CURVE('',#16162,#16170,#16172,.T.);
#16170 = VERTEX_POINT('',#16171);
#16171 = CARTESIAN_POINT('',(-0.25,5.E-02,-1.5));
#16172 = LINE('',#16173,#16174);
#16173 = CARTESIAN_POINT('',(-0.25,-0.25,-3.4));
#16174 = VECTOR('',#16175,1.);
#16175 = DIRECTION('',(1.909990663905E-17,0.155962573473,0.987762965329)
  );
#16176 = ORIENTED_EDGE('',*,*,#16177,.T.);
#16177 = EDGE_CURVE('',#16170,#16178,#16180,.T.);
#16178 = VERTEX_POINT('',#16179);
#16179 = CARTESIAN_POINT('',(-0.25,-0.25,-0.9));
#16180 = LINE('',#16181,#16182);
#16181 = CARTESIAN_POINT('',(-0.25,5.E-02,-1.5));
#16182 = VECTOR('',#16183,1.);
#16183 = DIRECTION('',(-5.476786982641E-17,-0.4472135955,0.894427191));
#16184 = ORIENTED_EDGE('',*,*,#16185,.T.);
#16185 = EDGE_CURVE('',#16178,#15738,#16186,.T.);
#16186 = LINE('',#16187,#16188);
#16187 = CARTESIAN_POINT('',(-0.25,-0.25,-0.9));
#16188 = VECTOR('',#16189,1.);
#16189 = DIRECTION('',(0.,0.,1.));
#16190 = ORIENTED_EDGE('',*,*,#15745,.F.);
#16191 = ORIENTED_EDGE('',*,*,#16137,.T.);
#16192 = ORIENTED_EDGE('',*,*,#16193,.T.);
#16193 = EDGE_CURVE('',#16138,#16194,#16196,.T.);
#16194 = VERTEX_POINT('',#16195);
#16195 = CARTESIAN_POINT('',(-0.25,0.55,-1.5));
#16196 = LINE('',#16197,#16198);
#16197 = CARTESIAN_POINT('',(-0.25,0.25,-0.9));
#16198 = VECTOR('',#16199,1.);
#16199 = DIRECTION('',(5.476786982641E-17,0.4472135955,-0.894427191));
#16200 = ORIENTED_EDGE('',*,*,#16201,.T.);
#16201 = EDGE_CURVE('',#16194,#16160,#16202,.T.);
#16202 = LINE('',#16203,#16204);
#16203 = CARTESIAN_POINT('',(-0.25,0.55,-1.5));
#16204 = VECTOR('',#16205,1.);
#16205 = DIRECTION('',(-1.909990663905E-17,-0.155962573473,
    -0.987762965329));
#16206 = PLANE('',#16207);
#16207 = AXIS2_PLACEMENT_3D('',#16208,#16209,#16210);
#16208 = CARTESIAN_POINT('',(-0.25,4.326643272645E-02,0.775746953017));
#16209 = DIRECTION('',(-1.,1.224646799147E-16,0.));
#16210 = DIRECTION('',(0.,0.,1.));
#16211 = ADVANCED_FACE('',(#16212),#16230,.F.);
#16212 = FACE_BOUND('',#16213,.F.);
#16213 = EDGE_LOOP('',(#16214,#16222,#16228,#16229));
#16214 = ORIENTED_EDGE('',*,*,#16215,.F.);
#16215 = EDGE_CURVE('',#16216,#15730,#16218,.T.);
#16216 = VERTEX_POINT('',#16217);
#16217 = CARTESIAN_POINT('',(0.25,-0.25,-0.9));
#16218 = LINE('',#16219,#16220);
#16219 = CARTESIAN_POINT('',(0.25,-0.25,-0.9));
#16220 = VECTOR('',#16221,1.);
#16221 = DIRECTION('',(0.,0.,1.));
#16222 = ORIENTED_EDGE('',*,*,#16223,.T.);
#16223 = EDGE_CURVE('',#16216,#16178,#16224,.T.);
#16224 = LINE('',#16225,#16226);
#16225 = CARTESIAN_POINT('',(0.25,-0.25,-0.9));
#16226 = VECTOR('',#16227,1.);
#16227 = DIRECTION('',(-1.,1.224646799147E-16,0.));
#16228 = ORIENTED_EDGE('',*,*,#16185,.T.);
#16229 = ORIENTED_EDGE('',*,*,#15737,.F.);
#16230 = PLANE('',#16231);
#16231 = AXIS2_PLACEMENT_3D('',#16232,#16233,#16234);
#16232 = CARTESIAN_POINT('',(0.25,-0.25,-0.9));
#16233 = DIRECTION('',(1.224646799147E-16,1.,0.));
#16234 = DIRECTION('',(0.,-0.,1.));
#16235 = ADVANCED_FACE('',(#16236),#16279,.F.);
#16236 = FACE_BOUND('',#16237,.F.);
#16237 = EDGE_LOOP('',(#16238,#16248,#16256,#16262,#16263,#16264,#16265,
    #16273));
#16238 = ORIENTED_EDGE('',*,*,#16239,.T.);
#16239 = EDGE_CURVE('',#16240,#16242,#16244,.T.);
#16240 = VERTEX_POINT('',#16241);
#16241 = CARTESIAN_POINT('',(0.25,0.281578947368,-3.2));
#16242 = VERTEX_POINT('',#16243);
#16243 = CARTESIAN_POINT('',(0.25,-0.218421052632,-3.2));
#16244 = LINE('',#16245,#16246);
#16245 = CARTESIAN_POINT('',(0.25,0.25,-3.2));
#16246 = VECTOR('',#16247,1.);
#16247 = DIRECTION('',(-1.224646799147E-16,-1.,0.));
#16248 = ORIENTED_EDGE('',*,*,#16249,.T.);
#16249 = EDGE_CURVE('',#16242,#16250,#16252,.T.);
#16250 = VERTEX_POINT('',#16251);
#16251 = CARTESIAN_POINT('',(0.25,5.E-02,-1.5));
#16252 = LINE('',#16253,#16254);
#16253 = CARTESIAN_POINT('',(0.25,-0.25,-3.4));
#16254 = VECTOR('',#16255,1.);
#16255 = DIRECTION('',(1.909990663905E-17,0.155962573473,0.987762965329)
  );
#16256 = ORIENTED_EDGE('',*,*,#16257,.T.);
#16257 = EDGE_CURVE('',#16250,#16216,#16258,.T.);
#16258 = LINE('',#16259,#16260);
#16259 = CARTESIAN_POINT('',(0.25,5.E-02,-1.5));
#16260 = VECTOR('',#16261,1.);
#16261 = DIRECTION('',(-5.476786982641E-17,-0.4472135955,0.894427191));
#16262 = ORIENTED_EDGE('',*,*,#16215,.T.);
#16263 = ORIENTED_EDGE('',*,*,#15729,.F.);
#16264 = ORIENTED_EDGE('',*,*,#16128,.T.);
#16265 = ORIENTED_EDGE('',*,*,#16266,.T.);
#16266 = EDGE_CURVE('',#16129,#16267,#16269,.T.);
#16267 = VERTEX_POINT('',#16268);
#16268 = CARTESIAN_POINT('',(0.25,0.55,-1.5));
#16269 = LINE('',#16270,#16271);
#16270 = CARTESIAN_POINT('',(0.25,0.25,-0.9));
#16271 = VECTOR('',#16272,1.);
#16272 = DIRECTION('',(5.476786982641E-17,0.4472135955,-0.894427191));
#16273 = ORIENTED_EDGE('',*,*,#16274,.T.);
#16274 = EDGE_CURVE('',#16267,#16240,#16275,.T.);
#16275 = LINE('',#16276,#16277);
#16276 = CARTESIAN_POINT('',(0.25,0.55,-1.5));
#16277 = VECTOR('',#16278,1.);
#16278 = DIRECTION('',(-1.909990663905E-17,-0.155962573473,
    -0.987762965329));
#16279 = PLANE('',#16280);
#16280 = AXIS2_PLACEMENT_3D('',#16281,#16282,#16283);
#16281 = CARTESIAN_POINT('',(0.25,4.326643272645E-02,0.775746953017));
#16282 = DIRECTION('',(-1.,1.224646799147E-16,0.));
#16283 = DIRECTION('',(0.,0.,1.));
#16284 = ADVANCED_FACE('',(#16285),#16296,.F.);
#16285 = FACE_BOUND('',#16286,.F.);
#16286 = EDGE_LOOP('',(#16287,#16288,#16289,#16295));
#16287 = ORIENTED_EDGE('',*,*,#15805,.T.);
#16288 = ORIENTED_EDGE('',*,*,#15853,.T.);
#16289 = ORIENTED_EDGE('',*,*,#16290,.F.);
#16290 = EDGE_CURVE('',#15927,#15854,#16291,.T.);
#16291 = LINE('',#16292,#16293);
#16292 = CARTESIAN_POINT('',(2.25,0.55,-1.5));
#16293 = VECTOR('',#16294,1.);
#16294 = DIRECTION('',(-1.,1.224646799147E-16,0.));
#16295 = ORIENTED_EDGE('',*,*,#15926,.F.);
#16296 = PLANE('',#16297);
#16297 = AXIS2_PLACEMENT_3D('',#16298,#16299,#16300);
#16298 = CARTESIAN_POINT('',(2.25,0.25,-0.9));
#16299 = DIRECTION('',(-1.095357396528E-16,-0.894427191,-0.4472135955));
#16300 = DIRECTION('',(5.476786982641E-17,0.4472135955,-0.894427191));
#16301 = ADVANCED_FACE('',(#16302),#16343,.F.);
#16302 = FACE_BOUND('',#16303,.T.);
#16303 = EDGE_LOOP('',(#16304,#16314,#16320,#16321,#16329,#16337));
#16304 = ORIENTED_EDGE('',*,*,#16305,.T.);
#16305 = EDGE_CURVE('',#16306,#16308,#16310,.T.);
#16306 = VERTEX_POINT('',#16307);
#16307 = CARTESIAN_POINT('',(1.95,-5.E-02,-3.4));
#16308 = VERTEX_POINT('',#16309);
#16309 = CARTESIAN_POINT('',(1.752447406934,-0.218807485305,
    -3.202447406934));
#16310 = LINE('',#16311,#16312);
#16311 = CARTESIAN_POINT('',(1.983963101414,-2.097873708559E-02,
    -3.433963101414));
#16312 = VECTOR('',#16313,1.);
#16313 = DIRECTION('',(-0.605209817607,-0.517148096144,0.605209817607));
#16314 = ORIENTED_EDGE('',*,*,#16315,.T.);
#16315 = EDGE_CURVE('',#16308,#15822,#16316,.T.);
#16316 = LINE('',#16317,#16318);
#16317 = CARTESIAN_POINT('',(1.955198358413,-0.250820793434,
    -3.405198358413));
#16318 = VECTOR('',#16319,1.);
#16319 = DIRECTION('',(-0.702740385383,0.110959008218,0.702740385383));
#16320 = ORIENTED_EDGE('',*,*,#15819,.F.);
#16321 = ORIENTED_EDGE('',*,*,#16322,.F.);
#16322 = EDGE_CURVE('',#16323,#15820,#16325,.T.);
#16323 = VERTEX_POINT('',#16324);
#16324 = CARTESIAN_POINT('',(1.752447406934,0.281192514695,
    -3.202447406934));
#16325 = LINE('',#16326,#16327);
#16326 = CARTESIAN_POINT('',(1.493844049248,0.322024623803,
    -2.943844049248));
#16327 = VECTOR('',#16328,1.);
#16328 = DIRECTION('',(-0.702740385383,0.110959008218,0.702740385383));
#16329 = ORIENTED_EDGE('',*,*,#16330,.F.);
#16330 = EDGE_CURVE('',#16331,#16323,#16333,.T.);
#16331 = VERTEX_POINT('',#16332);
#16332 = CARTESIAN_POINT('',(1.95,5.E-02,-3.4));
#16333 = LINE('',#16334,#16335);
#16334 = CARTESIAN_POINT('',(1.895376695718,0.113924744707,
    -3.345376695718));
#16335 = VECTOR('',#16336,1.);
#16336 = DIRECTION('',(-0.544770019249,0.63753529491,0.544770019249));
#16337 = ORIENTED_EDGE('',*,*,#16338,.T.);
#16338 = EDGE_CURVE('',#16331,#16306,#16339,.T.);
#16339 = LINE('',#16340,#16341);
#16340 = CARTESIAN_POINT('',(1.95,0.25,-3.4));
#16341 = VECTOR('',#16342,1.);
#16342 = DIRECTION('',(-1.224646799147E-16,-1.,0.));
#16343 = PLANE('',#16344);
#16344 = AXIS2_PLACEMENT_3D('',#16345,#16346,#16347);
#16345 = CARTESIAN_POINT('',(1.85,0.25,-3.3));
#16346 = DIRECTION('',(0.707106781187,-8.833102285013E-17,0.707106781187
    ));
#16347 = DIRECTION('',(1.236918052038E-16,1.,1.227125289097E-18));
#16348 = ADVANCED_FACE('',(#16349),#16369,.F.);
#16349 = FACE_BOUND('',#16350,.F.);
#16350 = EDGE_LOOP('',(#16351,#16352,#16353,#16354,#16355,#16363));
#16351 = ORIENTED_EDGE('',*,*,#15934,.F.);
#16352 = ORIENTED_EDGE('',*,*,#16290,.T.);
#16353 = ORIENTED_EDGE('',*,*,#15861,.T.);
#16354 = ORIENTED_EDGE('',*,*,#16322,.F.);
#16355 = ORIENTED_EDGE('',*,*,#16356,.F.);
#16356 = EDGE_CURVE('',#16357,#16323,#16359,.T.);
#16357 = VERTEX_POINT('',#16358);
#16358 = CARTESIAN_POINT('',(2.247552593066,0.281192514695,
    -3.202447406934));
#16359 = LINE('',#16360,#16361);
#16360 = CARTESIAN_POINT('',(2.25,0.281192514695,-3.202447406934));
#16361 = VECTOR('',#16362,1.);
#16362 = DIRECTION('',(-1.,1.224646799147E-16,0.));
#16363 = ORIENTED_EDGE('',*,*,#16364,.T.);
#16364 = EDGE_CURVE('',#16357,#15900,#16365,.T.);
#16365 = LINE('',#16366,#16367);
#16366 = CARTESIAN_POINT('',(2.629616963064,0.341518467852,
    -2.820383036936));
#16367 = VECTOR('',#16368,1.);
#16368 = DIRECTION('',(0.702740385383,0.110959008218,0.702740385383));
#16369 = PLANE('',#16370);
#16370 = AXIS2_PLACEMENT_3D('',#16371,#16372,#16373);
#16371 = CARTESIAN_POINT('',(2.25,0.55,-1.5));
#16372 = DIRECTION('',(-1.209660753807E-16,-0.987762965329,
    0.155962573473));
#16373 = DIRECTION('',(-1.909990663905E-17,-0.155962573473,
    -0.987762965329));
#16374 = ADVANCED_FACE('',(#16375),#16386,.F.);
#16375 = FACE_BOUND('',#16376,.F.);
#16376 = EDGE_LOOP('',(#16377,#16383,#16384,#16385));
#16377 = ORIENTED_EDGE('',*,*,#16378,.T.);
#16378 = EDGE_CURVE('',#15910,#15830,#16379,.T.);
#16379 = LINE('',#16380,#16381);
#16380 = CARTESIAN_POINT('',(2.25,5.E-02,-1.5));
#16381 = VECTOR('',#16382,1.);
#16382 = DIRECTION('',(-1.,1.224646799147E-16,0.));
#16383 = ORIENTED_EDGE('',*,*,#15837,.T.);
#16384 = ORIENTED_EDGE('',*,*,#15883,.F.);
#16385 = ORIENTED_EDGE('',*,*,#15917,.F.);
#16386 = PLANE('',#16387);
#16387 = AXIS2_PLACEMENT_3D('',#16388,#16389,#16390);
#16388 = CARTESIAN_POINT('',(2.25,5.E-02,-1.5));
#16389 = DIRECTION('',(1.095357396528E-16,0.894427191,0.4472135955));
#16390 = DIRECTION('',(-5.476786982641E-17,-0.4472135955,0.894427191));
#16391 = ADVANCED_FACE('',(#16392),#16412,.F.);
#16392 = FACE_BOUND('',#16393,.F.);
#16393 = EDGE_LOOP('',(#16394,#16395,#16403,#16409,#16410,#16411));
#16394 = ORIENTED_EDGE('',*,*,#15909,.F.);
#16395 = ORIENTED_EDGE('',*,*,#16396,.F.);
#16396 = EDGE_CURVE('',#16397,#15902,#16399,.T.);
#16397 = VERTEX_POINT('',#16398);
#16398 = CARTESIAN_POINT('',(2.247552593066,-0.218807485305,
    -3.202447406934));
#16399 = LINE('',#16400,#16401);
#16400 = CARTESIAN_POINT('',(2.168262653899,-0.231326949384,
    -3.281737346101));
#16401 = VECTOR('',#16402,1.);
#16402 = DIRECTION('',(0.702740385383,0.110959008218,0.702740385383));
#16403 = ORIENTED_EDGE('',*,*,#16404,.T.);
#16404 = EDGE_CURVE('',#16397,#16308,#16405,.T.);
#16405 = LINE('',#16406,#16407);
#16406 = CARTESIAN_POINT('',(2.25,-0.218807485305,-3.202447406934));
#16407 = VECTOR('',#16408,1.);
#16408 = DIRECTION('',(-1.,1.224646799147E-16,0.));
#16409 = ORIENTED_EDGE('',*,*,#16315,.T.);
#16410 = ORIENTED_EDGE('',*,*,#15829,.T.);
#16411 = ORIENTED_EDGE('',*,*,#16378,.F.);
#16412 = PLANE('',#16413);
#16413 = AXIS2_PLACEMENT_3D('',#16414,#16415,#16416);
#16414 = CARTESIAN_POINT('',(2.25,-0.25,-3.4));
#16415 = DIRECTION('',(1.209660753807E-16,0.987762965329,-0.155962573473
    ));
#16416 = DIRECTION('',(1.909990663905E-17,0.155962573473,0.987762965329)
  );
#16417 = ADVANCED_FACE('',(#16418),#16445,.T.);
#16418 = FACE_BOUND('',#16419,.F.);
#16419 = EDGE_LOOP('',(#16420,#16428,#16429,#16430,#16431,#16439));
#16420 = ORIENTED_EDGE('',*,*,#16421,.T.);
#16421 = EDGE_CURVE('',#16422,#16397,#16424,.T.);
#16422 = VERTEX_POINT('',#16423);
#16423 = CARTESIAN_POINT('',(2.05,-5.E-02,-3.4));
#16424 = LINE('',#16425,#16426);
#16425 = CARTESIAN_POINT('',(2.107606629418,-9.922451332131E-02,
    -3.342393370582));
#16426 = VECTOR('',#16427,1.);
#16427 = DIRECTION('',(0.605209817607,-0.517148096144,0.605209817607));
#16428 = ORIENTED_EDGE('',*,*,#16396,.T.);
#16429 = ORIENTED_EDGE('',*,*,#15899,.F.);
#16430 = ORIENTED_EDGE('',*,*,#16364,.F.);
#16431 = ORIENTED_EDGE('',*,*,#16432,.F.);
#16432 = EDGE_CURVE('',#16433,#16357,#16435,.T.);
#16433 = VERTEX_POINT('',#16434);
#16434 = CARTESIAN_POINT('',(2.05,5.E-02,-3.4));
#16435 = LINE('',#16436,#16437);
#16436 = CARTESIAN_POINT('',(2.17881689775,0.200752273427,-3.27118310225
    ));
#16437 = VECTOR('',#16438,1.);
#16438 = DIRECTION('',(0.544770019249,0.63753529491,0.544770019249));
#16439 = ORIENTED_EDGE('',*,*,#16440,.T.);
#16440 = EDGE_CURVE('',#16433,#16422,#16441,.T.);
#16441 = LINE('',#16442,#16443);
#16442 = CARTESIAN_POINT('',(2.05,0.25,-3.4));
#16443 = VECTOR('',#16444,1.);
#16444 = DIRECTION('',(-1.224646799147E-16,-1.,0.));
#16445 = PLANE('',#16446);
#16446 = AXIS2_PLACEMENT_3D('',#16447,#16448,#16449);
#16447 = CARTESIAN_POINT('',(2.15,0.25,-3.3));
#16448 = DIRECTION('',(0.707106781187,-8.486018839685E-17,
    -0.707106781187));
#16449 = DIRECTION('',(1.212375546256E-16,1.,1.227125289196E-18));
#16450 = ADVANCED_FACE('',(#16451),#16457,.F.);
#16451 = FACE_BOUND('',#16452,.F.);
#16452 = EDGE_LOOP('',(#16453,#16454,#16455,#16456));
#16453 = ORIENTED_EDGE('',*,*,#16072,.T.);
#16454 = ORIENTED_EDGE('',*,*,#16087,.T.);
#16455 = ORIENTED_EDGE('',*,*,#16111,.F.);
#16456 = ORIENTED_EDGE('',*,*,#15972,.F.);
#16457 = PLANE('',#16458);
#16458 = AXIS2_PLACEMENT_3D('',#16459,#16460,#16461);
#16459 = CARTESIAN_POINT('',(1.2,-2.,1.8));
#16460 = DIRECTION('',(-1.224646799147E-16,-1.,0.));
#16461 = DIRECTION('',(-1.,1.224646799147E-16,0.));
#16462 = ADVANCED_FACE('',(#16463),#16488,.F.);
#16463 = FACE_BOUND('',#16464,.F.);
#16464 = EDGE_LOOP('',(#16465,#16473,#16481,#16487));
#16465 = ORIENTED_EDGE('',*,*,#16466,.F.);
#16466 = EDGE_CURVE('',#16467,#15992,#16469,.T.);
#16467 = VERTEX_POINT('',#16468);
#16468 = CARTESIAN_POINT('',(2.25,0.25,4.8));
#16469 = LINE('',#16470,#16471);
#16470 = CARTESIAN_POINT('',(2.25,0.25,5.));
#16471 = VECTOR('',#16472,1.);
#16472 = DIRECTION('',(-0.,0.,-1.));
#16473 = ORIENTED_EDGE('',*,*,#16474,.T.);
#16474 = EDGE_CURVE('',#16467,#16475,#16477,.T.);
#16475 = VERTEX_POINT('',#16476);
#16476 = CARTESIAN_POINT('',(1.75,0.25,4.8));
#16477 = LINE('',#16478,#16479);
#16478 = CARTESIAN_POINT('',(2.25,0.25,4.8));
#16479 = VECTOR('',#16480,1.);
#16480 = DIRECTION('',(-1.,1.224646799147E-16,0.));
#16481 = ORIENTED_EDGE('',*,*,#16482,.T.);
#16482 = EDGE_CURVE('',#16475,#15990,#16483,.T.);
#16483 = LINE('',#16484,#16485);
#16484 = CARTESIAN_POINT('',(1.75,0.25,5.));
#16485 = VECTOR('',#16486,1.);
#16486 = DIRECTION('',(-0.,0.,-1.));
#16487 = ORIENTED_EDGE('',*,*,#15989,.T.);
#16488 = PLANE('',#16489);
#16489 = AXIS2_PLACEMENT_3D('',#16490,#16491,#16492);
#16490 = CARTESIAN_POINT('',(2.25,0.25,5.));
#16491 = DIRECTION('',(-1.224646799147E-16,-1.,0.));
#16492 = DIRECTION('',(-0.,0.,-1.));
#16493 = ADVANCED_FACE('',(#16494),#16512,.T.);
#16494 = FACE_BOUND('',#16495,.T.);
#16495 = EDGE_LOOP('',(#16496,#16497,#16505,#16511));
#16496 = ORIENTED_EDGE('',*,*,#16015,.T.);
#16497 = ORIENTED_EDGE('',*,*,#16498,.T.);
#16498 = EDGE_CURVE('',#16008,#16499,#16501,.T.);
#16499 = VERTEX_POINT('',#16500);
#16500 = CARTESIAN_POINT('',(1.75,-0.25,4.8));
#16501 = LINE('',#16502,#16503);
#16502 = CARTESIAN_POINT('',(1.75,-0.25,-0.9));
#16503 = VECTOR('',#16504,1.);
#16504 = DIRECTION('',(0.,0.,1.));
#16505 = ORIENTED_EDGE('',*,*,#16506,.T.);
#16506 = EDGE_CURVE('',#16499,#16475,#16507,.T.);
#16507 = LINE('',#16508,#16509);
#16508 = CARTESIAN_POINT('',(1.75,-0.25,4.8));
#16509 = VECTOR('',#16510,1.);
#16510 = DIRECTION('',(1.224646799147E-16,1.,0.));
#16511 = ORIENTED_EDGE('',*,*,#16482,.T.);
#16512 = PLANE('',#16513);
#16513 = AXIS2_PLACEMENT_3D('',#16514,#16515,#16516);
#16514 = CARTESIAN_POINT('',(1.75,4.326643272645E-02,0.775746953017));
#16515 = DIRECTION('',(-1.,1.224646799147E-16,0.));
#16516 = DIRECTION('',(0.,0.,1.));
#16517 = ADVANCED_FACE('',(#16518),#16536,.F.);
#16518 = FACE_BOUND('',#16519,.F.);
#16519 = EDGE_LOOP('',(#16520,#16528,#16529,#16530));
#16520 = ORIENTED_EDGE('',*,*,#16521,.F.);
#16521 = EDGE_CURVE('',#16000,#16522,#16524,.T.);
#16522 = VERTEX_POINT('',#16523);
#16523 = CARTESIAN_POINT('',(2.25,-0.25,4.8));
#16524 = LINE('',#16525,#16526);
#16525 = CARTESIAN_POINT('',(2.25,-0.25,-0.9));
#16526 = VECTOR('',#16527,1.);
#16527 = DIRECTION('',(0.,0.,1.));
#16528 = ORIENTED_EDGE('',*,*,#16007,.T.);
#16529 = ORIENTED_EDGE('',*,*,#16498,.T.);
#16530 = ORIENTED_EDGE('',*,*,#16531,.F.);
#16531 = EDGE_CURVE('',#16522,#16499,#16532,.T.);
#16532 = LINE('',#16533,#16534);
#16533 = CARTESIAN_POINT('',(2.25,-0.25,4.8));
#16534 = VECTOR('',#16535,1.);
#16535 = DIRECTION('',(-1.,1.224646799147E-16,0.));
#16536 = PLANE('',#16537);
#16537 = AXIS2_PLACEMENT_3D('',#16538,#16539,#16540);
#16538 = CARTESIAN_POINT('',(2.25,-0.25,-0.9));
#16539 = DIRECTION('',(1.224646799147E-16,1.,0.));
#16540 = DIRECTION('',(0.,-0.,1.));
#16541 = ADVANCED_FACE('',(#16542),#16553,.F.);
#16542 = FACE_BOUND('',#16543,.F.);
#16543 = EDGE_LOOP('',(#16544,#16545,#16546,#16552));
#16544 = ORIENTED_EDGE('',*,*,#15999,.T.);
#16545 = ORIENTED_EDGE('',*,*,#16521,.T.);
#16546 = ORIENTED_EDGE('',*,*,#16547,.T.);
#16547 = EDGE_CURVE('',#16522,#16467,#16548,.T.);
#16548 = LINE('',#16549,#16550);
#16549 = CARTESIAN_POINT('',(2.25,-0.25,4.8));
#16550 = VECTOR('',#16551,1.);
#16551 = DIRECTION('',(1.224646799147E-16,1.,0.));
#16552 = ORIENTED_EDGE('',*,*,#16466,.T.);
#16553 = PLANE('',#16554);
#16554 = AXIS2_PLACEMENT_3D('',#16555,#16556,#16557);
#16555 = CARTESIAN_POINT('',(2.25,4.326643272645E-02,0.775746953017));
#16556 = DIRECTION('',(-1.,1.224646799147E-16,0.));
#16557 = DIRECTION('',(0.,0.,1.));
#16558 = ADVANCED_FACE('',(#16559),#16584,.F.);
#16559 = FACE_BOUND('',#16560,.F.);
#16560 = EDGE_LOOP('',(#16561,#16569,#16577,#16583));
#16561 = ORIENTED_EDGE('',*,*,#16562,.F.);
#16562 = EDGE_CURVE('',#16563,#16026,#16565,.T.);
#16563 = VERTEX_POINT('',#16564);
#16564 = CARTESIAN_POINT('',(0.25,0.25,4.8));
#16565 = LINE('',#16566,#16567);
#16566 = CARTESIAN_POINT('',(0.25,0.25,5.));
#16567 = VECTOR('',#16568,1.);
#16568 = DIRECTION('',(-0.,0.,-1.));
#16569 = ORIENTED_EDGE('',*,*,#16570,.T.);
#16570 = EDGE_CURVE('',#16563,#16571,#16573,.T.);
#16571 = VERTEX_POINT('',#16572);
#16572 = CARTESIAN_POINT('',(-0.25,0.25,4.8));
#16573 = LINE('',#16574,#16575);
#16574 = CARTESIAN_POINT('',(0.25,0.25,4.8));
#16575 = VECTOR('',#16576,1.);
#16576 = DIRECTION('',(-1.,1.224646799147E-16,0.));
#16577 = ORIENTED_EDGE('',*,*,#16578,.T.);
#16578 = EDGE_CURVE('',#16571,#16024,#16579,.T.);
#16579 = LINE('',#16580,#16581);
#16580 = CARTESIAN_POINT('',(-0.25,0.25,5.));
#16581 = VECTOR('',#16582,1.);
#16582 = DIRECTION('',(-0.,0.,-1.));
#16583 = ORIENTED_EDGE('',*,*,#16023,.T.);
#16584 = PLANE('',#16585);
#16585 = AXIS2_PLACEMENT_3D('',#16586,#16587,#16588);
#16586 = CARTESIAN_POINT('',(0.25,0.25,5.));
#16587 = DIRECTION('',(-1.224646799147E-16,-1.,0.));
#16588 = DIRECTION('',(-0.,0.,-1.));
#16589 = ADVANCED_FACE('',(#16590),#16608,.T.);
#16590 = FACE_BOUND('',#16591,.T.);
#16591 = EDGE_LOOP('',(#16592,#16593,#16601,#16607));
#16592 = ORIENTED_EDGE('',*,*,#16049,.T.);
#16593 = ORIENTED_EDGE('',*,*,#16594,.T.);
#16594 = EDGE_CURVE('',#16042,#16595,#16597,.T.);
#16595 = VERTEX_POINT('',#16596);
#16596 = CARTESIAN_POINT('',(-0.25,-0.25,4.8));
#16597 = LINE('',#16598,#16599);
#16598 = CARTESIAN_POINT('',(-0.25,-0.25,-0.9));
#16599 = VECTOR('',#16600,1.);
#16600 = DIRECTION('',(0.,0.,1.));
#16601 = ORIENTED_EDGE('',*,*,#16602,.T.);
#16602 = EDGE_CURVE('',#16595,#16571,#16603,.T.);
#16603 = LINE('',#16604,#16605);
#16604 = CARTESIAN_POINT('',(-0.25,-0.25,4.8));
#16605 = VECTOR('',#16606,1.);
#16606 = DIRECTION('',(1.224646799147E-16,1.,0.));
#16607 = ORIENTED_EDGE('',*,*,#16578,.T.);
#16608 = PLANE('',#16609);
#16609 = AXIS2_PLACEMENT_3D('',#16610,#16611,#16612);
#16610 = CARTESIAN_POINT('',(-0.25,4.326643272645E-02,0.775746953017));
#16611 = DIRECTION('',(-1.,1.224646799147E-16,0.));
#16612 = DIRECTION('',(0.,0.,1.));
#16613 = ADVANCED_FACE('',(#16614),#16632,.F.);
#16614 = FACE_BOUND('',#16615,.F.);
#16615 = EDGE_LOOP('',(#16616,#16624,#16625,#16626));
#16616 = ORIENTED_EDGE('',*,*,#16617,.F.);
#16617 = EDGE_CURVE('',#16034,#16618,#16620,.T.);
#16618 = VERTEX_POINT('',#16619);
#16619 = CARTESIAN_POINT('',(0.25,-0.25,4.8));
#16620 = LINE('',#16621,#16622);
#16621 = CARTESIAN_POINT('',(0.25,-0.25,-0.9));
#16622 = VECTOR('',#16623,1.);
#16623 = DIRECTION('',(0.,0.,1.));
#16624 = ORIENTED_EDGE('',*,*,#16041,.T.);
#16625 = ORIENTED_EDGE('',*,*,#16594,.T.);
#16626 = ORIENTED_EDGE('',*,*,#16627,.F.);
#16627 = EDGE_CURVE('',#16618,#16595,#16628,.T.);
#16628 = LINE('',#16629,#16630);
#16629 = CARTESIAN_POINT('',(0.25,-0.25,4.8));
#16630 = VECTOR('',#16631,1.);
#16631 = DIRECTION('',(-1.,1.224646799147E-16,0.));
#16632 = PLANE('',#16633);
#16633 = AXIS2_PLACEMENT_3D('',#16634,#16635,#16636);
#16634 = CARTESIAN_POINT('',(0.25,-0.25,-0.9));
#16635 = DIRECTION('',(1.224646799147E-16,1.,0.));
#16636 = DIRECTION('',(0.,-0.,1.));
#16637 = ADVANCED_FACE('',(#16638),#16649,.F.);
#16638 = FACE_BOUND('',#16639,.F.);
#16639 = EDGE_LOOP('',(#16640,#16641,#16642,#16648));
#16640 = ORIENTED_EDGE('',*,*,#16033,.T.);
#16641 = ORIENTED_EDGE('',*,*,#16617,.T.);
#16642 = ORIENTED_EDGE('',*,*,#16643,.T.);
#16643 = EDGE_CURVE('',#16618,#16563,#16644,.T.);
#16644 = LINE('',#16645,#16646);
#16645 = CARTESIAN_POINT('',(0.25,-0.25,4.8));
#16646 = VECTOR('',#16647,1.);
#16647 = DIRECTION('',(1.224646799147E-16,1.,0.));
#16648 = ORIENTED_EDGE('',*,*,#16562,.T.);
#16649 = PLANE('',#16650);
#16650 = AXIS2_PLACEMENT_3D('',#16651,#16652,#16653);
#16651 = CARTESIAN_POINT('',(0.25,4.326643272645E-02,0.775746953017));
#16652 = DIRECTION('',(-1.,1.224646799147E-16,0.));
#16653 = DIRECTION('',(0.,0.,1.));
#16654 = ADVANCED_FACE('',(#16655),#16666,.F.);
#16655 = FACE_BOUND('',#16656,.F.);
#16656 = EDGE_LOOP('',(#16657,#16658,#16659,#16665));
#16657 = ORIENTED_EDGE('',*,*,#16145,.T.);
#16658 = ORIENTED_EDGE('',*,*,#16193,.T.);
#16659 = ORIENTED_EDGE('',*,*,#16660,.F.);
#16660 = EDGE_CURVE('',#16267,#16194,#16661,.T.);
#16661 = LINE('',#16662,#16663);
#16662 = CARTESIAN_POINT('',(0.25,0.55,-1.5));
#16663 = VECTOR('',#16664,1.);
#16664 = DIRECTION('',(-1.,1.224646799147E-16,0.));
#16665 = ORIENTED_EDGE('',*,*,#16266,.F.);
#16666 = PLANE('',#16667);
#16667 = AXIS2_PLACEMENT_3D('',#16668,#16669,#16670);
#16668 = CARTESIAN_POINT('',(0.25,0.25,-0.9));
#16669 = DIRECTION('',(-1.095357396528E-16,-0.894427191,-0.4472135955));
#16670 = DIRECTION('',(5.476786982641E-17,0.4472135955,-0.894427191));
#16671 = ADVANCED_FACE('',(#16672),#16713,.F.);
#16672 = FACE_BOUND('',#16673,.T.);
#16673 = EDGE_LOOP('',(#16674,#16684,#16690,#16691,#16699,#16707));
#16674 = ORIENTED_EDGE('',*,*,#16675,.T.);
#16675 = EDGE_CURVE('',#16676,#16678,#16680,.T.);
#16676 = VERTEX_POINT('',#16677);
#16677 = CARTESIAN_POINT('',(-5.E-02,-5.E-02,-3.4));
#16678 = VERTEX_POINT('',#16679);
#16679 = CARTESIAN_POINT('',(-0.247552593066,-0.218807485305,
    -3.202447406934));
#16680 = LINE('',#16681,#16682);
#16681 = CARTESIAN_POINT('',(-1.603689858649E-02,-2.097873708559E-02,
    -3.433963101414));
#16682 = VECTOR('',#16683,1.);
#16683 = DIRECTION('',(-0.605209817607,-0.517148096144,0.605209817607));
#16684 = ORIENTED_EDGE('',*,*,#16685,.T.);
#16685 = EDGE_CURVE('',#16678,#16162,#16686,.T.);
#16686 = LINE('',#16687,#16688);
#16687 = CARTESIAN_POINT('',(-4.480164158687E-02,-0.250820793434,
    -3.405198358413));
#16688 = VECTOR('',#16689,1.);
#16689 = DIRECTION('',(-0.702740385383,0.110959008218,0.702740385383));
#16690 = ORIENTED_EDGE('',*,*,#16159,.F.);
#16691 = ORIENTED_EDGE('',*,*,#16692,.F.);
#16692 = EDGE_CURVE('',#16693,#16160,#16695,.T.);
#16693 = VERTEX_POINT('',#16694);
#16694 = CARTESIAN_POINT('',(-0.247552593066,0.281192514695,
    -3.202447406934));
#16695 = LINE('',#16696,#16697);
#16696 = CARTESIAN_POINT('',(-0.506155950752,0.322024623803,
    -2.943844049248));
#16697 = VECTOR('',#16698,1.);
#16698 = DIRECTION('',(-0.702740385383,0.110959008218,0.702740385383));
#16699 = ORIENTED_EDGE('',*,*,#16700,.F.);
#16700 = EDGE_CURVE('',#16701,#16693,#16703,.T.);
#16701 = VERTEX_POINT('',#16702);
#16702 = CARTESIAN_POINT('',(-5.E-02,5.E-02,-3.4));
#16703 = LINE('',#16704,#16705);
#16704 = CARTESIAN_POINT('',(-0.104623304282,0.113924744707,
    -3.345376695718));
#16705 = VECTOR('',#16706,1.);
#16706 = DIRECTION('',(-0.544770019249,0.63753529491,0.544770019249));
#16707 = ORIENTED_EDGE('',*,*,#16708,.T.);
#16708 = EDGE_CURVE('',#16701,#16676,#16709,.T.);
#16709 = LINE('',#16710,#16711);
#16710 = CARTESIAN_POINT('',(-5.E-02,0.25,-3.4));
#16711 = VECTOR('',#16712,1.);
#16712 = DIRECTION('',(-1.224646799147E-16,-1.,0.));
#16713 = PLANE('',#16714);
#16714 = AXIS2_PLACEMENT_3D('',#16715,#16716,#16717);
#16715 = CARTESIAN_POINT('',(-0.15,0.25,-3.3));
#16716 = DIRECTION('',(0.707106781187,-8.833102285013E-17,0.707106781187
    ));
#16717 = DIRECTION('',(1.236918052038E-16,1.,1.227125289097E-18));
#16718 = ADVANCED_FACE('',(#16719),#16739,.F.);
#16719 = FACE_BOUND('',#16720,.F.);
#16720 = EDGE_LOOP('',(#16721,#16722,#16723,#16724,#16725,#16733));
#16721 = ORIENTED_EDGE('',*,*,#16274,.F.);
#16722 = ORIENTED_EDGE('',*,*,#16660,.T.);
#16723 = ORIENTED_EDGE('',*,*,#16201,.T.);
#16724 = ORIENTED_EDGE('',*,*,#16692,.F.);
#16725 = ORIENTED_EDGE('',*,*,#16726,.F.);
#16726 = EDGE_CURVE('',#16727,#16693,#16729,.T.);
#16727 = VERTEX_POINT('',#16728);
#16728 = CARTESIAN_POINT('',(0.247552593066,0.281192514695,
    -3.202447406934));
#16729 = LINE('',#16730,#16731);
#16730 = CARTESIAN_POINT('',(0.25,0.281192514695,-3.202447406934));
#16731 = VECTOR('',#16732,1.);
#16732 = DIRECTION('',(-1.,1.224646799147E-16,0.));
#16733 = ORIENTED_EDGE('',*,*,#16734,.T.);
#16734 = EDGE_CURVE('',#16727,#16240,#16735,.T.);
#16735 = LINE('',#16736,#16737);
#16736 = CARTESIAN_POINT('',(0.629616963064,0.341518467852,
    -2.820383036936));
#16737 = VECTOR('',#16738,1.);
#16738 = DIRECTION('',(0.702740385383,0.110959008218,0.702740385383));
#16739 = PLANE('',#16740);
#16740 = AXIS2_PLACEMENT_3D('',#16741,#16742,#16743);
#16741 = CARTESIAN_POINT('',(0.25,0.55,-1.5));
#16742 = DIRECTION('',(-1.209660753807E-16,-0.987762965329,
    0.155962573473));
#16743 = DIRECTION('',(-1.909990663905E-17,-0.155962573473,
    -0.987762965329));
#16744 = ADVANCED_FACE('',(#16745),#16756,.F.);
#16745 = FACE_BOUND('',#16746,.F.);
#16746 = EDGE_LOOP('',(#16747,#16753,#16754,#16755));
#16747 = ORIENTED_EDGE('',*,*,#16748,.T.);
#16748 = EDGE_CURVE('',#16250,#16170,#16749,.T.);
#16749 = LINE('',#16750,#16751);
#16750 = CARTESIAN_POINT('',(0.25,5.E-02,-1.5));
#16751 = VECTOR('',#16752,1.);
#16752 = DIRECTION('',(-1.,1.224646799147E-16,0.));
#16753 = ORIENTED_EDGE('',*,*,#16177,.T.);
#16754 = ORIENTED_EDGE('',*,*,#16223,.F.);
#16755 = ORIENTED_EDGE('',*,*,#16257,.F.);
#16756 = PLANE('',#16757);
#16757 = AXIS2_PLACEMENT_3D('',#16758,#16759,#16760);
#16758 = CARTESIAN_POINT('',(0.25,5.E-02,-1.5));
#16759 = DIRECTION('',(1.095357396528E-16,0.894427191,0.4472135955));
#16760 = DIRECTION('',(-5.476786982641E-17,-0.4472135955,0.894427191));
#16761 = ADVANCED_FACE('',(#16762),#16782,.F.);
#16762 = FACE_BOUND('',#16763,.F.);
#16763 = EDGE_LOOP('',(#16764,#16765,#16773,#16779,#16780,#16781));
#16764 = ORIENTED_EDGE('',*,*,#16249,.F.);
#16765 = ORIENTED_EDGE('',*,*,#16766,.F.);
#16766 = EDGE_CURVE('',#16767,#16242,#16769,.T.);
#16767 = VERTEX_POINT('',#16768);
#16768 = CARTESIAN_POINT('',(0.247552593066,-0.218807485305,
    -3.202447406934));
#16769 = LINE('',#16770,#16771);
#16770 = CARTESIAN_POINT('',(0.168262653899,-0.231326949384,
    -3.281737346101));
#16771 = VECTOR('',#16772,1.);
#16772 = DIRECTION('',(0.702740385383,0.110959008218,0.702740385383));
#16773 = ORIENTED_EDGE('',*,*,#16774,.T.);
#16774 = EDGE_CURVE('',#16767,#16678,#16775,.T.);
#16775 = LINE('',#16776,#16777);
#16776 = CARTESIAN_POINT('',(0.25,-0.218807485305,-3.202447406934));
#16777 = VECTOR('',#16778,1.);
#16778 = DIRECTION('',(-1.,1.224646799147E-16,0.));
#16779 = ORIENTED_EDGE('',*,*,#16685,.T.);
#16780 = ORIENTED_EDGE('',*,*,#16169,.T.);
#16781 = ORIENTED_EDGE('',*,*,#16748,.F.);
#16782 = PLANE('',#16783);
#16783 = AXIS2_PLACEMENT_3D('',#16784,#16785,#16786);
#16784 = CARTESIAN_POINT('',(0.25,-0.25,-3.4));
#16785 = DIRECTION('',(1.209660753807E-16,0.987762965329,-0.155962573473
    ));
#16786 = DIRECTION('',(1.909990663905E-17,0.155962573473,0.987762965329)
  );
#16787 = ADVANCED_FACE('',(#16788),#16815,.T.);
#16788 = FACE_BOUND('',#16789,.F.);
#16789 = EDGE_LOOP('',(#16790,#16798,#16799,#16800,#16801,#16809));
#16790 = ORIENTED_EDGE('',*,*,#16791,.T.);
#16791 = EDGE_CURVE('',#16792,#16767,#16794,.T.);
#16792 = VERTEX_POINT('',#16793);
#16793 = CARTESIAN_POINT('',(5.E-02,-5.E-02,-3.4));
#16794 = LINE('',#16795,#16796);
#16795 = CARTESIAN_POINT('',(0.107606629418,-9.922451332131E-02,
    -3.342393370582));
#16796 = VECTOR('',#16797,1.);
#16797 = DIRECTION('',(0.605209817607,-0.517148096144,0.605209817607));
#16798 = ORIENTED_EDGE('',*,*,#16766,.T.);
#16799 = ORIENTED_EDGE('',*,*,#16239,.F.);
#16800 = ORIENTED_EDGE('',*,*,#16734,.F.);
#16801 = ORIENTED_EDGE('',*,*,#16802,.F.);
#16802 = EDGE_CURVE('',#16803,#16727,#16805,.T.);
#16803 = VERTEX_POINT('',#16804);
#16804 = CARTESIAN_POINT('',(5.E-02,5.E-02,-3.4));
#16805 = LINE('',#16806,#16807);
#16806 = CARTESIAN_POINT('',(0.17881689775,0.200752273427,-3.27118310225
    ));
#16807 = VECTOR('',#16808,1.);
#16808 = DIRECTION('',(0.544770019249,0.63753529491,0.544770019249));
#16809 = ORIENTED_EDGE('',*,*,#16810,.T.);
#16810 = EDGE_CURVE('',#16803,#16792,#16811,.T.);
#16811 = LINE('',#16812,#16813);
#16812 = CARTESIAN_POINT('',(5.E-02,0.25,-3.4));
#16813 = VECTOR('',#16814,1.);
#16814 = DIRECTION('',(-1.224646799147E-16,-1.,0.));
#16815 = PLANE('',#16816);
#16816 = AXIS2_PLACEMENT_3D('',#16817,#16818,#16819);
#16817 = CARTESIAN_POINT('',(0.15,0.25,-3.3));
#16818 = DIRECTION('',(0.707106781187,-8.486018839685E-17,
    -0.707106781187));
#16819 = DIRECTION('',(1.212375546256E-16,1.,1.227125289196E-18));
#16820 = ADVANCED_FACE('',(#16821),#16832,.T.);
#16821 = FACE_BOUND('',#16822,.F.);
#16822 = EDGE_LOOP('',(#16823,#16824,#16830,#16831));
#16823 = ORIENTED_EDGE('',*,*,#16421,.F.);
#16824 = ORIENTED_EDGE('',*,*,#16825,.T.);
#16825 = EDGE_CURVE('',#16422,#16306,#16826,.T.);
#16826 = LINE('',#16827,#16828);
#16827 = CARTESIAN_POINT('',(2.25,-5.E-02,-3.4));
#16828 = VECTOR('',#16829,1.);
#16829 = DIRECTION('',(-1.,1.224646799147E-16,0.));
#16830 = ORIENTED_EDGE('',*,*,#16305,.T.);
#16831 = ORIENTED_EDGE('',*,*,#16404,.F.);
#16832 = PLANE('',#16833);
#16833 = AXIS2_PLACEMENT_3D('',#16834,#16835,#16836);
#16834 = CARTESIAN_POINT('',(2.25,-0.134403742653,-3.301223703467));
#16835 = DIRECTION('',(-9.136856246232E-17,-0.760250805153,
    -0.64962967394));
#16836 = DIRECTION('',(1.,-1.211454098155E-16,1.127308249542E-18));
#16837 = ADVANCED_FACE('',(#16838),#16849,.F.);
#16838 = FACE_BOUND('',#16839,.F.);
#16839 = EDGE_LOOP('',(#16840,#16841,#16842,#16848));
#16840 = ORIENTED_EDGE('',*,*,#16825,.F.);
#16841 = ORIENTED_EDGE('',*,*,#16440,.F.);
#16842 = ORIENTED_EDGE('',*,*,#16843,.T.);
#16843 = EDGE_CURVE('',#16433,#16331,#16844,.T.);
#16844 = LINE('',#16845,#16846);
#16845 = CARTESIAN_POINT('',(2.25,5.E-02,-3.4));
#16846 = VECTOR('',#16847,1.);
#16847 = DIRECTION('',(-1.,1.224646799147E-16,0.));
#16848 = ORIENTED_EDGE('',*,*,#16338,.T.);
#16849 = PLANE('',#16850);
#16850 = AXIS2_PLACEMENT_3D('',#16851,#16852,#16853);
#16851 = CARTESIAN_POINT('',(2.25,0.25,-3.4));
#16852 = DIRECTION('',(0.,0.,1.));
#16853 = DIRECTION('',(-1.224646799147E-16,-1.,0.));
#16854 = ADVANCED_FACE('',(#16855),#16861,.T.);
#16855 = FACE_BOUND('',#16856,.T.);
#16856 = EDGE_LOOP('',(#16857,#16858,#16859,#16860));
#16857 = ORIENTED_EDGE('',*,*,#16432,.F.);
#16858 = ORIENTED_EDGE('',*,*,#16843,.T.);
#16859 = ORIENTED_EDGE('',*,*,#16330,.T.);
#16860 = ORIENTED_EDGE('',*,*,#16356,.F.);
#16861 = PLANE('',#16862);
#16862 = AXIS2_PLACEMENT_3D('',#16863,#16864,#16865);
#16863 = CARTESIAN_POINT('',(2.25,0.165596257347,-3.301223703467));
#16864 = DIRECTION('',(8.302774088379E-17,0.64962967394,-0.760250805153)
  );
#16865 = DIRECTION('',(-1.,1.247195775152E-16,-2.638869166629E-18));
#16866 = ADVANCED_FACE('',(#16867),#16892,.T.);
#16867 = FACE_BOUND('',#16868,.F.);
#16868 = EDGE_LOOP('',(#16869,#16877,#16885,#16891));
#16869 = ORIENTED_EDGE('',*,*,#16870,.F.);
#16870 = EDGE_CURVE('',#16871,#16467,#16873,.T.);
#16871 = VERTEX_POINT('',#16872);
#16872 = CARTESIAN_POINT('',(2.05,5.E-02,5.));
#16873 = LINE('',#16874,#16875);
#16874 = CARTESIAN_POINT('',(2.1,0.1,4.95));
#16875 = VECTOR('',#16876,1.);
#16876 = DIRECTION('',(0.57735026919,0.57735026919,-0.57735026919));
#16877 = ORIENTED_EDGE('',*,*,#16878,.T.);
#16878 = EDGE_CURVE('',#16871,#16879,#16881,.T.);
#16879 = VERTEX_POINT('',#16880);
#16880 = CARTESIAN_POINT('',(1.95,5.E-02,5.));
#16881 = LINE('',#16882,#16883);
#16882 = CARTESIAN_POINT('',(2.25,5.E-02,5.));
#16883 = VECTOR('',#16884,1.);
#16884 = DIRECTION('',(-1.,1.224646799147E-16,0.));
#16885 = ORIENTED_EDGE('',*,*,#16886,.T.);
#16886 = EDGE_CURVE('',#16879,#16475,#16887,.T.);
#16887 = LINE('',#16888,#16889);
#16888 = CARTESIAN_POINT('',(1.983333333333,1.666666666667E-02,
    5.033333333333));
#16889 = VECTOR('',#16890,1.);
#16890 = DIRECTION('',(-0.57735026919,0.57735026919,-0.57735026919));
#16891 = ORIENTED_EDGE('',*,*,#16474,.F.);
#16892 = PLANE('',#16893);
#16893 = AXIS2_PLACEMENT_3D('',#16894,#16895,#16896);
#16894 = CARTESIAN_POINT('',(2.25,0.15,4.9));
#16895 = DIRECTION('',(8.833102285013E-17,0.707106781187,0.707106781187)
  );
#16896 = DIRECTION('',(1.,-1.236918052038E-16,-1.227125289097E-18));
#16897 = ADVANCED_FACE('',(#16898),#16916,.F.);
#16898 = FACE_BOUND('',#16899,.T.);
#16899 = EDGE_LOOP('',(#16900,#16908,#16914,#16915));
#16900 = ORIENTED_EDGE('',*,*,#16901,.F.);
#16901 = EDGE_CURVE('',#16902,#16499,#16904,.T.);
#16902 = VERTEX_POINT('',#16903);
#16903 = CARTESIAN_POINT('',(1.95,-5.E-02,5.));
#16904 = LINE('',#16905,#16906);
#16905 = CARTESIAN_POINT('',(1.9,-0.1,4.95));
#16906 = VECTOR('',#16907,1.);
#16907 = DIRECTION('',(-0.57735026919,-0.57735026919,-0.57735026919));
#16908 = ORIENTED_EDGE('',*,*,#16909,.T.);
#16909 = EDGE_CURVE('',#16902,#16879,#16910,.T.);
#16910 = LINE('',#16911,#16912);
#16911 = CARTESIAN_POINT('',(1.95,-0.25,5.));
#16912 = VECTOR('',#16913,1.);
#16913 = DIRECTION('',(1.224646799147E-16,1.,0.));
#16914 = ORIENTED_EDGE('',*,*,#16886,.T.);
#16915 = ORIENTED_EDGE('',*,*,#16506,.F.);
#16916 = PLANE('',#16917);
#16917 = AXIS2_PLACEMENT_3D('',#16918,#16919,#16920);
#16918 = CARTESIAN_POINT('',(1.85,-0.25,4.9));
#16919 = DIRECTION('',(0.707106781187,-8.486018839685E-17,
    -0.707106781187));
#16920 = DIRECTION('',(-1.212375546256E-16,-1.,-1.227125289196E-18));
#16921 = ADVANCED_FACE('',(#16922),#16940,.T.);
#16922 = FACE_BOUND('',#16923,.F.);
#16923 = EDGE_LOOP('',(#16924,#16932,#16933,#16934));
#16924 = ORIENTED_EDGE('',*,*,#16925,.F.);
#16925 = EDGE_CURVE('',#16522,#16926,#16928,.T.);
#16926 = VERTEX_POINT('',#16927);
#16927 = CARTESIAN_POINT('',(2.05,-5.E-02,5.));
#16928 = LINE('',#16929,#16930);
#16929 = CARTESIAN_POINT('',(2.183333333333,-0.183333333333,
    4.866666666667));
#16930 = VECTOR('',#16931,1.);
#16931 = DIRECTION('',(-0.57735026919,0.57735026919,0.57735026919));
#16932 = ORIENTED_EDGE('',*,*,#16531,.T.);
#16933 = ORIENTED_EDGE('',*,*,#16901,.F.);
#16934 = ORIENTED_EDGE('',*,*,#16935,.F.);
#16935 = EDGE_CURVE('',#16926,#16902,#16936,.T.);
#16936 = LINE('',#16937,#16938);
#16937 = CARTESIAN_POINT('',(2.25,-5.E-02,5.));
#16938 = VECTOR('',#16939,1.);
#16939 = DIRECTION('',(-1.,1.224646799147E-16,0.));
#16940 = PLANE('',#16941);
#16941 = AXIS2_PLACEMENT_3D('',#16942,#16943,#16944);
#16942 = CARTESIAN_POINT('',(2.25,-0.15,4.9));
#16943 = DIRECTION('',(-8.833102285013E-17,-0.707106781187,
    0.707106781187));
#16944 = DIRECTION('',(1.,-1.236918052038E-16,1.227125289097E-18));
#16945 = ADVANCED_FACE('',(#16946),#16957,.T.);
#16946 = FACE_BOUND('',#16947,.F.);
#16947 = EDGE_LOOP('',(#16948,#16949,#16955,#16956));
#16948 = ORIENTED_EDGE('',*,*,#16925,.T.);
#16949 = ORIENTED_EDGE('',*,*,#16950,.T.);
#16950 = EDGE_CURVE('',#16926,#16871,#16951,.T.);
#16951 = LINE('',#16952,#16953);
#16952 = CARTESIAN_POINT('',(2.05,-0.25,5.));
#16953 = VECTOR('',#16954,1.);
#16954 = DIRECTION('',(1.224646799147E-16,1.,0.));
#16955 = ORIENTED_EDGE('',*,*,#16870,.T.);
#16956 = ORIENTED_EDGE('',*,*,#16547,.F.);
#16957 = PLANE('',#16958);
#16958 = AXIS2_PLACEMENT_3D('',#16959,#16960,#16961);
#16959 = CARTESIAN_POINT('',(2.15,-0.25,4.9));
#16960 = DIRECTION('',(0.707106781187,-8.833102285013E-17,0.707106781187
    ));
#16961 = DIRECTION('',(-1.236918052038E-16,-1.,-1.227125289097E-18));
#16962 = ADVANCED_FACE('',(#16963),#16988,.T.);
#16963 = FACE_BOUND('',#16964,.F.);
#16964 = EDGE_LOOP('',(#16965,#16973,#16981,#16987));
#16965 = ORIENTED_EDGE('',*,*,#16966,.F.);
#16966 = EDGE_CURVE('',#16967,#16563,#16969,.T.);
#16967 = VERTEX_POINT('',#16968);
#16968 = CARTESIAN_POINT('',(5.E-02,5.E-02,5.));
#16969 = LINE('',#16970,#16971);
#16970 = CARTESIAN_POINT('',(0.1,0.1,4.95));
#16971 = VECTOR('',#16972,1.);
#16972 = DIRECTION('',(0.57735026919,0.57735026919,-0.57735026919));
#16973 = ORIENTED_EDGE('',*,*,#16974,.T.);
#16974 = EDGE_CURVE('',#16967,#16975,#16977,.T.);
#16975 = VERTEX_POINT('',#16976);
#16976 = CARTESIAN_POINT('',(-5.E-02,5.E-02,5.));
#16977 = LINE('',#16978,#16979);
#16978 = CARTESIAN_POINT('',(0.25,5.E-02,5.));
#16979 = VECTOR('',#16980,1.);
#16980 = DIRECTION('',(-1.,1.224646799147E-16,0.));
#16981 = ORIENTED_EDGE('',*,*,#16982,.T.);
#16982 = EDGE_CURVE('',#16975,#16571,#16983,.T.);
#16983 = LINE('',#16984,#16985);
#16984 = CARTESIAN_POINT('',(-1.666666666667E-02,1.666666666667E-02,
    5.033333333333));
#16985 = VECTOR('',#16986,1.);
#16986 = DIRECTION('',(-0.57735026919,0.57735026919,-0.57735026919));
#16987 = ORIENTED_EDGE('',*,*,#16570,.F.);
#16988 = PLANE('',#16989);
#16989 = AXIS2_PLACEMENT_3D('',#16990,#16991,#16992);
#16990 = CARTESIAN_POINT('',(0.25,0.15,4.9));
#16991 = DIRECTION('',(8.833102285013E-17,0.707106781187,0.707106781187)
  );
#16992 = DIRECTION('',(1.,-1.236918052038E-16,-1.227125289097E-18));
#16993 = ADVANCED_FACE('',(#16994),#17012,.F.);
#16994 = FACE_BOUND('',#16995,.T.);
#16995 = EDGE_LOOP('',(#16996,#17004,#17010,#17011));
#16996 = ORIENTED_EDGE('',*,*,#16997,.F.);
#16997 = EDGE_CURVE('',#16998,#16595,#17000,.T.);
#16998 = VERTEX_POINT('',#16999);
#16999 = CARTESIAN_POINT('',(-5.E-02,-5.E-02,5.));
#17000 = LINE('',#17001,#17002);
#17001 = CARTESIAN_POINT('',(-0.1,-0.1,4.95));
#17002 = VECTOR('',#17003,1.);
#17003 = DIRECTION('',(-0.57735026919,-0.57735026919,-0.57735026919));
#17004 = ORIENTED_EDGE('',*,*,#17005,.T.);
#17005 = EDGE_CURVE('',#16998,#16975,#17006,.T.);
#17006 = LINE('',#17007,#17008);
#17007 = CARTESIAN_POINT('',(-5.E-02,-0.25,5.));
#17008 = VECTOR('',#17009,1.);
#17009 = DIRECTION('',(1.224646799147E-16,1.,0.));
#17010 = ORIENTED_EDGE('',*,*,#16982,.T.);
#17011 = ORIENTED_EDGE('',*,*,#16602,.F.);
#17012 = PLANE('',#17013);
#17013 = AXIS2_PLACEMENT_3D('',#17014,#17015,#17016);
#17014 = CARTESIAN_POINT('',(-0.15,-0.25,4.9));
#17015 = DIRECTION('',(0.707106781187,-8.486018839685E-17,
    -0.707106781187));
#17016 = DIRECTION('',(-1.212375546256E-16,-1.,-1.227125289196E-18));
#17017 = ADVANCED_FACE('',(#17018),#17036,.T.);
#17018 = FACE_BOUND('',#17019,.F.);
#17019 = EDGE_LOOP('',(#17020,#17028,#17029,#17030));
#17020 = ORIENTED_EDGE('',*,*,#17021,.F.);
#17021 = EDGE_CURVE('',#16618,#17022,#17024,.T.);
#17022 = VERTEX_POINT('',#17023);
#17023 = CARTESIAN_POINT('',(5.E-02,-5.E-02,5.));
#17024 = LINE('',#17025,#17026);
#17025 = CARTESIAN_POINT('',(0.183333333333,-0.183333333333,
    4.866666666667));
#17026 = VECTOR('',#17027,1.);
#17027 = DIRECTION('',(-0.57735026919,0.57735026919,0.57735026919));
#17028 = ORIENTED_EDGE('',*,*,#16627,.T.);
#17029 = ORIENTED_EDGE('',*,*,#16997,.F.);
#17030 = ORIENTED_EDGE('',*,*,#17031,.F.);
#17031 = EDGE_CURVE('',#17022,#16998,#17032,.T.);
#17032 = LINE('',#17033,#17034);
#17033 = CARTESIAN_POINT('',(0.25,-5.E-02,5.));
#17034 = VECTOR('',#17035,1.);
#17035 = DIRECTION('',(-1.,1.224646799147E-16,0.));
#17036 = PLANE('',#17037);
#17037 = AXIS2_PLACEMENT_3D('',#17038,#17039,#17040);
#17038 = CARTESIAN_POINT('',(0.25,-0.15,4.9));
#17039 = DIRECTION('',(-8.833102285013E-17,-0.707106781187,
    0.707106781187));
#17040 = DIRECTION('',(1.,-1.236918052038E-16,1.227125289097E-18));
#17041 = ADVANCED_FACE('',(#17042),#17053,.T.);
#17042 = FACE_BOUND('',#17043,.F.);
#17043 = EDGE_LOOP('',(#17044,#17045,#17051,#17052));
#17044 = ORIENTED_EDGE('',*,*,#17021,.T.);
#17045 = ORIENTED_EDGE('',*,*,#17046,.T.);
#17046 = EDGE_CURVE('',#17022,#16967,#17047,.T.);
#17047 = LINE('',#17048,#17049);
#17048 = CARTESIAN_POINT('',(5.E-02,-0.25,5.));
#17049 = VECTOR('',#17050,1.);
#17050 = DIRECTION('',(1.224646799147E-16,1.,0.));
#17051 = ORIENTED_EDGE('',*,*,#16966,.T.);
#17052 = ORIENTED_EDGE('',*,*,#16643,.F.);
#17053 = PLANE('',#17054);
#17054 = AXIS2_PLACEMENT_3D('',#17055,#17056,#17057);
#17055 = CARTESIAN_POINT('',(0.15,-0.25,4.9));
#17056 = DIRECTION('',(0.707106781187,-8.833102285013E-17,0.707106781187
    ));
#17057 = DIRECTION('',(-1.236918052038E-16,-1.,-1.227125289097E-18));
#17058 = ADVANCED_FACE('',(#17059),#17070,.T.);
#17059 = FACE_BOUND('',#17060,.F.);
#17060 = EDGE_LOOP('',(#17061,#17062,#17068,#17069));
#17061 = ORIENTED_EDGE('',*,*,#16791,.F.);
#17062 = ORIENTED_EDGE('',*,*,#17063,.T.);
#17063 = EDGE_CURVE('',#16792,#16676,#17064,.T.);
#17064 = LINE('',#17065,#17066);
#17065 = CARTESIAN_POINT('',(0.25,-5.E-02,-3.4));
#17066 = VECTOR('',#17067,1.);
#17067 = DIRECTION('',(-1.,1.224646799147E-16,0.));
#17068 = ORIENTED_EDGE('',*,*,#16675,.T.);
#17069 = ORIENTED_EDGE('',*,*,#16774,.F.);
#17070 = PLANE('',#17071);
#17071 = AXIS2_PLACEMENT_3D('',#17072,#17073,#17074);
#17072 = CARTESIAN_POINT('',(0.25,-0.134403742653,-3.301223703467));
#17073 = DIRECTION('',(-9.136856246232E-17,-0.760250805153,
    -0.64962967394));
#17074 = DIRECTION('',(1.,-1.211454098155E-16,1.127308249542E-18));
#17075 = ADVANCED_FACE('',(#17076),#17087,.F.);
#17076 = FACE_BOUND('',#17077,.F.);
#17077 = EDGE_LOOP('',(#17078,#17079,#17080,#17086));
#17078 = ORIENTED_EDGE('',*,*,#17063,.F.);
#17079 = ORIENTED_EDGE('',*,*,#16810,.F.);
#17080 = ORIENTED_EDGE('',*,*,#17081,.T.);
#17081 = EDGE_CURVE('',#16803,#16701,#17082,.T.);
#17082 = LINE('',#17083,#17084);
#17083 = CARTESIAN_POINT('',(0.25,5.E-02,-3.4));
#17084 = VECTOR('',#17085,1.);
#17085 = DIRECTION('',(-1.,1.224646799147E-16,0.));
#17086 = ORIENTED_EDGE('',*,*,#16708,.T.);
#17087 = PLANE('',#17088);
#17088 = AXIS2_PLACEMENT_3D('',#17089,#17090,#17091);
#17089 = CARTESIAN_POINT('',(0.25,0.25,-3.4));
#17090 = DIRECTION('',(0.,0.,1.));
#17091 = DIRECTION('',(-1.224646799147E-16,-1.,0.));
#17092 = ADVANCED_FACE('',(#17093),#17099,.T.);
#17093 = FACE_BOUND('',#17094,.T.);
#17094 = EDGE_LOOP('',(#17095,#17096,#17097,#17098));
#17095 = ORIENTED_EDGE('',*,*,#16802,.F.);
#17096 = ORIENTED_EDGE('',*,*,#17081,.T.);
#17097 = ORIENTED_EDGE('',*,*,#16700,.T.);
#17098 = ORIENTED_EDGE('',*,*,#16726,.F.);
#17099 = PLANE('',#17100);
#17100 = AXIS2_PLACEMENT_3D('',#17101,#17102,#17103);
#17101 = CARTESIAN_POINT('',(0.25,0.165596257347,-3.301223703467));
#17102 = DIRECTION('',(8.302774088379E-17,0.64962967394,-0.760250805153)
  );
#17103 = DIRECTION('',(-1.,1.247195775152E-16,-2.638869166629E-18));
#17104 = ADVANCED_FACE('',(#17105),#17111,.F.);
#17105 = FACE_BOUND('',#17106,.F.);
#17106 = EDGE_LOOP('',(#17107,#17108,#17109,#17110));
#17107 = ORIENTED_EDGE('',*,*,#16909,.T.);
#17108 = ORIENTED_EDGE('',*,*,#16878,.F.);
#17109 = ORIENTED_EDGE('',*,*,#16950,.F.);
#17110 = ORIENTED_EDGE('',*,*,#16935,.T.);
#17111 = PLANE('',#17112);
#17112 = AXIS2_PLACEMENT_3D('',#17113,#17114,#17115);
#17113 = CARTESIAN_POINT('',(2.25,-0.25,5.));
#17114 = DIRECTION('',(-0.,0.,-1.));
#17115 = DIRECTION('',(1.224646799147E-16,1.,0.));
#17116 = ADVANCED_FACE('',(#17117),#17123,.F.);
#17117 = FACE_BOUND('',#17118,.F.);
#17118 = EDGE_LOOP('',(#17119,#17120,#17121,#17122));
#17119 = ORIENTED_EDGE('',*,*,#17005,.T.);
#17120 = ORIENTED_EDGE('',*,*,#16974,.F.);
#17121 = ORIENTED_EDGE('',*,*,#17046,.F.);
#17122 = ORIENTED_EDGE('',*,*,#17031,.T.);
#17123 = PLANE('',#17124);
#17124 = AXIS2_PLACEMENT_3D('',#17125,#17126,#17127);
#17125 = CARTESIAN_POINT('',(0.25,-0.25,5.));
#17126 = DIRECTION('',(-0.,0.,-1.));
#17127 = DIRECTION('',(1.224646799147E-16,1.,0.));
#17128 = ( GEOMETRIC_REPRESENTATION_CONTEXT(3) 
GLOBAL_UNCERTAINTY_ASSIGNED_CONTEXT((#17132)) 
GLOBAL_UNIT_ASSIGNED_CONTEXT((#17129,#17130,#17131)) 
REPRESENTATION_CONTEXT('Context #1',
  '3D Context with UNIT and UNCERTAINTY') );
#17129 = ( LENGTH_UNIT() NAMED_UNIT(*) SI_UNIT(.MILLI.,.METRE.) );
#17130 = ( NAMED_UNIT(*) PLANE_ANGLE_UNIT() SI_UNIT($,.RADIAN.) );
#17131 = ( NAMED_UNIT(*) SI_UNIT($,.STERADIAN.) SOLID_ANGLE_UNIT() );
#17132 = UNCERTAINTY_MEASURE_WITH_UNIT(LENGTH_MEASURE(1.E-07),#17129,
  'distance_accuracy_value','confusion accuracy');
#17133 = CONTEXT_DEPENDENT_SHAPE_REPRESENTATION(#17134,#17136);
#17134 = ( REPRESENTATION_RELATIONSHIP('','',#14235,#10) 
REPRESENTATION_RELATIONSHIP_WITH_TRANSFORMATION(#17135) 
SHAPE_REPRESENTATION_RELATIONSHIP() );
#17135 = ITEM_DEFINED_TRANSFORMATION('','',#11,#55);
#17136 = PRODUCT_DEFINITION_SHAPE('Placement','Placement of an item',
  #17137);
#17137 = NEXT_ASSEMBLY_USAGE_OCCURRENCE('11','J1','',#5,#14230,$);
#17138 = PRODUCT_RELATED_PRODUCT_CATEGORY('part',$,(#14232));
#17139 = SHAPE_DEFINITION_REPRESENTATION(#17140,#17146);
#17140 = PRODUCT_DEFINITION_SHAPE('','',#17141);
#17141 = PRODUCT_DEFINITION('design','',#17142,#17145);
#17142 = PRODUCT_DEFINITION_FORMATION('','',#17143);
#17143 = PRODUCT('Brine_PCB','Brine_PCB','',(#17144));
#17144 = PRODUCT_CONTEXT('',#2,'mechanical');
#17145 = PRODUCT_DEFINITION_CONTEXT('part definition',#2,'design');
#17146 = ADVANCED_BREP_SHAPE_REPRESENTATION('',(#11,#17147),#18723);
#17147 = MANIFOLD_SOLID_BREP('',#17148);
#17148 = CLOSED_SHELL('',(#17149,#17191,#17222,#17253,#17659,#18065,
    #18082,#18099,#18116,#18133,#18150,#18167,#18184,#18201,#18218,
    #18235,#18252,#18269,#18281,#18298,#18315,#18332,#18349,#18366,
    #18383,#18400,#18417,#18434,#18451,#18468,#18485,#18502,#18519,
    #18536,#18553,#18570,#18587,#18604,#18621,#18638,#18655,#18672,
    #18689,#18706));
#17149 = ADVANCED_FACE('',(#17150),#17186,.T.);
#17150 = FACE_BOUND('',#17151,.T.);
#17151 = EDGE_LOOP('',(#17152,#17162,#17171,#17179));
#17152 = ORIENTED_EDGE('',*,*,#17153,.T.);
#17153 = EDGE_CURVE('',#17154,#17156,#17158,.T.);
#17154 = VERTEX_POINT('',#17155);
#17155 = CARTESIAN_POINT('',(144.78,-70.104,0.));
#17156 = VERTEX_POINT('',#17157);
#17157 = CARTESIAN_POINT('',(144.78,-70.104,1.51));
#17158 = LINE('',#17159,#17160);
#17159 = CARTESIAN_POINT('',(144.78,-70.104,0.));
#17160 = VECTOR('',#17161,1.);
#17161 = DIRECTION('',(0.,0.,1.));
#17162 = ORIENTED_EDGE('',*,*,#17163,.T.);
#17163 = EDGE_CURVE('',#17156,#17164,#17166,.T.);
#17164 = VERTEX_POINT('',#17165);
#17165 = CARTESIAN_POINT('',(145.796,-71.12,1.51));
#17166 = CIRCLE('',#17167,1.016001671896);
#17167 = AXIS2_PLACEMENT_3D('',#17168,#17169,#17170);
#17168 = CARTESIAN_POINT('',(144.7799983281,-71.12000167189,1.51));
#17169 = DIRECTION('',(0.,0.,-1.));
#17170 = DIRECTION('',(1.645562543983E-06,0.999999999999,0.));
#17171 = ORIENTED_EDGE('',*,*,#17172,.F.);
#17172 = EDGE_CURVE('',#17173,#17164,#17175,.T.);
#17173 = VERTEX_POINT('',#17174);
#17174 = CARTESIAN_POINT('',(145.796,-71.12,0.));
#17175 = LINE('',#17176,#17177);
#17176 = CARTESIAN_POINT('',(145.796,-71.12,0.));
#17177 = VECTOR('',#17178,1.);
#17178 = DIRECTION('',(0.,0.,1.));
#17179 = ORIENTED_EDGE('',*,*,#17180,.F.);
#17180 = EDGE_CURVE('',#17154,#17173,#17181,.T.);
#17181 = CIRCLE('',#17182,1.016001671896);
#17182 = AXIS2_PLACEMENT_3D('',#17183,#17184,#17185);
#17183 = CARTESIAN_POINT('',(144.7799983281,-71.12000167189,0.));
#17184 = DIRECTION('',(0.,0.,-1.));
#17185 = DIRECTION('',(1.645562543983E-06,0.999999999999,0.));
#17186 = CYLINDRICAL_SURFACE('',#17187,1.016001671896);
#17187 = AXIS2_PLACEMENT_3D('',#17188,#17189,#17190);
#17188 = CARTESIAN_POINT('',(144.7799983281,-71.12000167189,0.));
#17189 = DIRECTION('',(0.,0.,-1.));
#17190 = DIRECTION('',(1.645562543983E-06,0.999999999999,0.));
#17191 = ADVANCED_FACE('',(#17192),#17217,.T.);
#17192 = FACE_BOUND('',#17193,.T.);
#17193 = EDGE_LOOP('',(#17194,#17204,#17210,#17211));
#17194 = ORIENTED_EDGE('',*,*,#17195,.T.);
#17195 = EDGE_CURVE('',#17196,#17198,#17200,.T.);
#17196 = VERTEX_POINT('',#17197);
#17197 = CARTESIAN_POINT('',(139.192,-70.104,0.));
#17198 = VERTEX_POINT('',#17199);
#17199 = CARTESIAN_POINT('',(139.192,-70.104,1.51));
#17200 = LINE('',#17201,#17202);
#17201 = CARTESIAN_POINT('',(139.192,-70.104,0.));
#17202 = VECTOR('',#17203,1.);
#17203 = DIRECTION('',(0.,0.,1.));
#17204 = ORIENTED_EDGE('',*,*,#17205,.T.);
#17205 = EDGE_CURVE('',#17198,#17156,#17206,.T.);
#17206 = LINE('',#17207,#17208);
#17207 = CARTESIAN_POINT('',(139.192,-70.104,1.51));
#17208 = VECTOR('',#17209,1.);
#17209 = DIRECTION('',(1.,0.,0.));
#17210 = ORIENTED_EDGE('',*,*,#17153,.F.);
#17211 = ORIENTED_EDGE('',*,*,#17212,.F.);
#17212 = EDGE_CURVE('',#17196,#17154,#17213,.T.);
#17213 = LINE('',#17214,#17215);
#17214 = CARTESIAN_POINT('',(139.192,-70.104,0.));
#17215 = VECTOR('',#17216,1.);
#17216 = DIRECTION('',(1.,0.,0.));
#17217 = PLANE('',#17218);
#17218 = AXIS2_PLACEMENT_3D('',#17219,#17220,#17221);
#17219 = CARTESIAN_POINT('',(139.192,-70.104,0.));
#17220 = DIRECTION('',(0.,1.,0.));
#17221 = DIRECTION('',(1.,0.,0.));
#17222 = ADVANCED_FACE('',(#17223),#17248,.T.);
#17223 = FACE_BOUND('',#17224,.T.);
#17224 = EDGE_LOOP('',(#17225,#17226,#17234,#17242));
#17225 = ORIENTED_EDGE('',*,*,#17172,.T.);
#17226 = ORIENTED_EDGE('',*,*,#17227,.T.);
#17227 = EDGE_CURVE('',#17164,#17228,#17230,.T.);
#17228 = VERTEX_POINT('',#17229);
#17229 = CARTESIAN_POINT('',(145.796,-88.9,1.51));
#17230 = LINE('',#17231,#17232);
#17231 = CARTESIAN_POINT('',(145.796,-71.12,1.51));
#17232 = VECTOR('',#17233,1.);
#17233 = DIRECTION('',(0.,-1.,0.));
#17234 = ORIENTED_EDGE('',*,*,#17235,.F.);
#17235 = EDGE_CURVE('',#17236,#17228,#17238,.T.);
#17236 = VERTEX_POINT('',#17237);
#17237 = CARTESIAN_POINT('',(145.796,-88.9,0.));
#17238 = LINE('',#17239,#17240);
#17239 = CARTESIAN_POINT('',(145.796,-88.9,0.));
#17240 = VECTOR('',#17241,1.);
#17241 = DIRECTION('',(0.,0.,1.));
#17242 = ORIENTED_EDGE('',*,*,#17243,.F.);
#17243 = EDGE_CURVE('',#17173,#17236,#17244,.T.);
#17244 = LINE('',#17245,#17246);
#17245 = CARTESIAN_POINT('',(145.796,-71.12,0.));
#17246 = VECTOR('',#17247,1.);
#17247 = DIRECTION('',(0.,-1.,0.));
#17248 = PLANE('',#17249);
#17249 = AXIS2_PLACEMENT_3D('',#17250,#17251,#17252);
#17250 = CARTESIAN_POINT('',(145.796,-71.12,0.));
#17251 = DIRECTION('',(1.,0.,-0.));
#17252 = DIRECTION('',(0.,-1.,0.));
#17253 = ADVANCED_FACE('',(#17254,#17368,#17379,#17390,#17401,#17412,
    #17423,#17434,#17445,#17456,#17467,#17478,#17489,#17500,#17511,
    #17522,#17533,#17544,#17555,#17566,#17577,#17588,#17599,#17610,
    #17621,#17632,#17643),#17654,.F.);
#17254 = FACE_BOUND('',#17255,.F.);
#17255 = EDGE_LOOP('',(#17256,#17257,#17258,#17267,#17275,#17284,#17292,
    #17301,#17309,#17318,#17326,#17335,#17343,#17352,#17360,#17367));
#17256 = ORIENTED_EDGE('',*,*,#17180,.F.);
#17257 = ORIENTED_EDGE('',*,*,#17212,.F.);
#17258 = ORIENTED_EDGE('',*,*,#17259,.F.);
#17259 = EDGE_CURVE('',#17260,#17196,#17262,.T.);
#17260 = VERTEX_POINT('',#17261);
#17261 = CARTESIAN_POINT('',(137.16,-72.136,0.));
#17262 = CIRCLE('',#17263,2.031999929568);
#17263 = AXIS2_PLACEMENT_3D('',#17264,#17265,#17266);
#17264 = CARTESIAN_POINT('',(139.19199992956,-72.13599992956,0.));
#17265 = DIRECTION('',(0.,0.,-1.));
#17266 = DIRECTION('',(-1.,-3.466122697198E-08,-0.));
#17267 = ORIENTED_EDGE('',*,*,#17268,.F.);
#17268 = EDGE_CURVE('',#17269,#17260,#17271,.T.);
#17269 = VERTEX_POINT('',#17270);
#17270 = CARTESIAN_POINT('',(137.16,-110.744,0.));
#17271 = LINE('',#17272,#17273);
#17272 = CARTESIAN_POINT('',(137.16,-110.744,0.));
#17273 = VECTOR('',#17274,1.);
#17274 = DIRECTION('',(0.,1.,0.));
#17275 = ORIENTED_EDGE('',*,*,#17276,.F.);
#17276 = EDGE_CURVE('',#17277,#17269,#17279,.T.);
#17277 = VERTEX_POINT('',#17278);
#17278 = CARTESIAN_POINT('',(139.192,-112.776,0.));
#17279 = CIRCLE('',#17280,2.031999929568);
#17280 = AXIS2_PLACEMENT_3D('',#17281,#17282,#17283);
#17281 = CARTESIAN_POINT('',(139.19199992956,-110.7440000704,0.));
#17282 = DIRECTION('',(0.,0.,-1.));
#17283 = DIRECTION('',(3.466122697198E-08,-1.,0.));
#17284 = ORIENTED_EDGE('',*,*,#17285,.F.);
#17285 = EDGE_CURVE('',#17286,#17277,#17288,.T.);
#17286 = VERTEX_POINT('',#17287);
#17287 = CARTESIAN_POINT('',(165.608,-112.776,0.));
#17288 = LINE('',#17289,#17290);
#17289 = CARTESIAN_POINT('',(165.608,-112.776,0.));
#17290 = VECTOR('',#17291,1.);
#17291 = DIRECTION('',(-1.,0.,0.));
#17292 = ORIENTED_EDGE('',*,*,#17293,.F.);
#17293 = EDGE_CURVE('',#17294,#17286,#17296,.T.);
#17294 = VERTEX_POINT('',#17295);
#17295 = CARTESIAN_POINT('',(167.64,-110.744,0.));
#17296 = CIRCLE('',#17297,2.031999929568);
#17297 = AXIS2_PLACEMENT_3D('',#17298,#17299,#17300);
#17298 = CARTESIAN_POINT('',(165.60800007043,-110.7440000704,0.));
#17299 = DIRECTION('',(0.,0.,-1.));
#17300 = DIRECTION('',(1.,3.466121997844E-08,0.));
#17301 = ORIENTED_EDGE('',*,*,#17302,.F.);
#17302 = EDGE_CURVE('',#17303,#17294,#17305,.T.);
#17303 = VERTEX_POINT('',#17304);
#17304 = CARTESIAN_POINT('',(167.64,-72.136,0.));
#17305 = LINE('',#17306,#17307);
#17306 = CARTESIAN_POINT('',(167.64,-72.136,0.));
#17307 = VECTOR('',#17308,1.);
#17308 = DIRECTION('',(0.,-1.,0.));
#17309 = ORIENTED_EDGE('',*,*,#17310,.F.);
#17310 = EDGE_CURVE('',#17311,#17303,#17313,.T.);
#17311 = VERTEX_POINT('',#17312);
#17312 = CARTESIAN_POINT('',(165.608,-70.104,0.));
#17313 = CIRCLE('',#17314,2.031999929568);
#17314 = AXIS2_PLACEMENT_3D('',#17315,#17316,#17317);
#17315 = CARTESIAN_POINT('',(165.60800007043,-72.13599992956,0.));
#17316 = DIRECTION('',(0.,0.,-1.));
#17317 = DIRECTION('',(-3.466121298491E-08,1.,0.));
#17318 = ORIENTED_EDGE('',*,*,#17319,.F.);
#17319 = EDGE_CURVE('',#17320,#17311,#17322,.T.);
#17320 = VERTEX_POINT('',#17321);
#17321 = CARTESIAN_POINT('',(160.02,-70.104,0.));
#17322 = LINE('',#17323,#17324);
#17323 = CARTESIAN_POINT('',(160.02,-70.104,0.));
#17324 = VECTOR('',#17325,1.);
#17325 = DIRECTION('',(1.,0.,0.));
#17326 = ORIENTED_EDGE('',*,*,#17327,.F.);
#17327 = EDGE_CURVE('',#17328,#17320,#17330,.T.);
#17328 = VERTEX_POINT('',#17329);
#17329 = CARTESIAN_POINT('',(158.999357,-71.096698,0.));
#17330 = CIRCLE('',#17331,1.012349346812);
#17331 = AXIS2_PLACEMENT_3D('',#17332,#17333,#17334);
#17332 = CARTESIAN_POINT('',(160.0115162861,-71.11631379847,0.));
#17333 = DIRECTION('',(0.,0.,-1.));
#17334 = DIRECTION('',(-0.999812257783,1.937651122148E-02,0.));
#17335 = ORIENTED_EDGE('',*,*,#17336,.F.);
#17336 = EDGE_CURVE('',#17337,#17328,#17339,.T.);
#17337 = VERTEX_POINT('',#17338);
#17338 = CARTESIAN_POINT('',(158.999357,-88.876698,0.));
#17339 = LINE('',#17340,#17341);
#17340 = CARTESIAN_POINT('',(158.999357,-88.876698,0.));
#17341 = VECTOR('',#17342,1.);
#17342 = DIRECTION('',(0.,1.,0.));
#17343 = ORIENTED_EDGE('',*,*,#17344,.F.);
#17344 = EDGE_CURVE('',#17345,#17337,#17347,.T.);
#17345 = VERTEX_POINT('',#17346);
#17346 = CARTESIAN_POINT('',(157.988,-89.916,0.));
#17347 = CIRCLE('',#17348,1.008777154098);
#17348 = AXIS2_PLACEMENT_3D('',#17349,#17350,#17351);
#17349 = CARTESIAN_POINT('',(157.99104192008,-88.90722743229,0.));
#17350 = DIRECTION('',(0.,0.,1.));
#17351 = DIRECTION('',(-3.015452985095E-03,-0.999995453511,0.));
#17352 = ORIENTED_EDGE('',*,*,#17353,.F.);
#17353 = EDGE_CURVE('',#17354,#17345,#17356,.T.);
#17354 = VERTEX_POINT('',#17355);
#17355 = CARTESIAN_POINT('',(146.812,-89.916,0.));
#17356 = LINE('',#17357,#17358);
#17357 = CARTESIAN_POINT('',(146.812,-89.916,0.));
#17358 = VECTOR('',#17359,1.);
#17359 = DIRECTION('',(1.,0.,0.));
#17360 = ORIENTED_EDGE('',*,*,#17361,.F.);
#17361 = EDGE_CURVE('',#17236,#17354,#17362,.T.);
#17362 = CIRCLE('',#17363,1.016001671896);
#17363 = AXIS2_PLACEMENT_3D('',#17364,#17365,#17366);
#17364 = CARTESIAN_POINT('',(146.81200167189,-88.8999983281,0.));
#17365 = DIRECTION('',(0.,0.,1.));
#17366 = DIRECTION('',(-0.999999999999,-1.645562571957E-06,0.));
#17367 = ORIENTED_EDGE('',*,*,#17243,.F.);
#17368 = FACE_BOUND('',#17369,.F.);
#17369 = EDGE_LOOP('',(#17370));
#17370 = ORIENTED_EDGE('',*,*,#17371,.T.);
#17371 = EDGE_CURVE('',#17372,#17372,#17374,.T.);
#17372 = VERTEX_POINT('',#17373);
#17373 = CARTESIAN_POINT('',(141.224,-109.055,0.));
#17374 = CIRCLE('',#17375,0.375);
#17375 = AXIS2_PLACEMENT_3D('',#17376,#17377,#17378);
#17376 = CARTESIAN_POINT('',(141.224,-108.68,0.));
#17377 = DIRECTION('',(-0.,0.,-1.));
#17378 = DIRECTION('',(-0.,-1.,0.));
#17379 = FACE_BOUND('',#17380,.F.);
#17380 = EDGE_LOOP('',(#17381));
#17381 = ORIENTED_EDGE('',*,*,#17382,.T.);
#17382 = EDGE_CURVE('',#17383,#17383,#17385,.T.);
#17383 = VERTEX_POINT('',#17384);
#17384 = CARTESIAN_POINT('',(141.224,-107.055,0.));
#17385 = CIRCLE('',#17386,0.375);
#17386 = AXIS2_PLACEMENT_3D('',#17387,#17388,#17389);
#17387 = CARTESIAN_POINT('',(141.224,-106.68,0.));
#17388 = DIRECTION('',(-0.,0.,-1.));
#17389 = DIRECTION('',(-0.,-1.,0.));
#17390 = FACE_BOUND('',#17391,.F.);
#17391 = EDGE_LOOP('',(#17392));
#17392 = ORIENTED_EDGE('',*,*,#17393,.T.);
#17393 = EDGE_CURVE('',#17394,#17394,#17396,.T.);
#17394 = VERTEX_POINT('',#17395);
#17395 = CARTESIAN_POINT('',(146.22,-102.198,0.));
#17396 = CIRCLE('',#17397,0.5);
#17397 = AXIS2_PLACEMENT_3D('',#17398,#17399,#17400);
#17398 = CARTESIAN_POINT('',(146.22,-101.698,0.));
#17399 = DIRECTION('',(-0.,0.,-1.));
#17400 = DIRECTION('',(-0.,-1.,0.));
#17401 = FACE_BOUND('',#17402,.F.);
#17402 = EDGE_LOOP('',(#17403));
#17403 = ORIENTED_EDGE('',*,*,#17404,.T.);
#17404 = EDGE_CURVE('',#17405,#17405,#17407,.T.);
#17405 = VERTEX_POINT('',#17406);
#17406 = CARTESIAN_POINT('',(148.76,-102.198,0.));
#17407 = CIRCLE('',#17408,0.5);
#17408 = AXIS2_PLACEMENT_3D('',#17409,#17410,#17411);
#17409 = CARTESIAN_POINT('',(148.76,-101.698,0.));
#17410 = DIRECTION('',(-0.,0.,-1.));
#17411 = DIRECTION('',(-0.,-1.,0.));
#17412 = FACE_BOUND('',#17413,.F.);
#17413 = EDGE_LOOP('',(#17414));
#17414 = ORIENTED_EDGE('',*,*,#17415,.T.);
#17415 = EDGE_CURVE('',#17416,#17416,#17418,.T.);
#17416 = VERTEX_POINT('',#17417);
#17417 = CARTESIAN_POINT('',(151.3,-102.198,0.));
#17418 = CIRCLE('',#17419,0.5);
#17419 = AXIS2_PLACEMENT_3D('',#17420,#17421,#17422);
#17420 = CARTESIAN_POINT('',(151.3,-101.698,0.));
#17421 = DIRECTION('',(-0.,0.,-1.));
#17422 = DIRECTION('',(-0.,-1.,0.));
#17423 = FACE_BOUND('',#17424,.F.);
#17424 = EDGE_LOOP('',(#17425));
#17425 = ORIENTED_EDGE('',*,*,#17426,.T.);
#17426 = EDGE_CURVE('',#17427,#17427,#17429,.T.);
#17427 = VERTEX_POINT('',#17428);
#17428 = CARTESIAN_POINT('',(142.272,-99.136,0.));
#17429 = CIRCLE('',#17430,1.6);
#17430 = AXIS2_PLACEMENT_3D('',#17431,#17432,#17433);
#17431 = CARTESIAN_POINT('',(142.272,-97.536,0.));
#17432 = DIRECTION('',(-0.,0.,-1.));
#17433 = DIRECTION('',(-0.,-1.,0.));
#17434 = FACE_BOUND('',#17435,.F.);
#17435 = EDGE_LOOP('',(#17436));
#17436 = ORIENTED_EDGE('',*,*,#17437,.T.);
#17437 = EDGE_CURVE('',#17438,#17438,#17440,.T.);
#17438 = VERTEX_POINT('',#17439);
#17439 = CARTESIAN_POINT('',(153.84,-102.198,0.));
#17440 = CIRCLE('',#17441,0.5);
#17441 = AXIS2_PLACEMENT_3D('',#17442,#17443,#17444);
#17442 = CARTESIAN_POINT('',(153.84,-101.698,0.));
#17443 = DIRECTION('',(-0.,0.,-1.));
#17444 = DIRECTION('',(-0.,-1.,0.));
#17445 = FACE_BOUND('',#17446,.F.);
#17446 = EDGE_LOOP('',(#17447));
#17447 = ORIENTED_EDGE('',*,*,#17448,.T.);
#17448 = EDGE_CURVE('',#17449,#17449,#17451,.T.);
#17449 = VERTEX_POINT('',#17450);
#17450 = CARTESIAN_POINT('',(156.38,-102.198,0.));
#17451 = CIRCLE('',#17452,0.5);
#17452 = AXIS2_PLACEMENT_3D('',#17453,#17454,#17455);
#17453 = CARTESIAN_POINT('',(156.38,-101.698,0.));
#17454 = DIRECTION('',(-0.,0.,-1.));
#17455 = DIRECTION('',(-0.,-1.,0.));
#17456 = FACE_BOUND('',#17457,.F.);
#17457 = EDGE_LOOP('',(#17458));
#17458 = ORIENTED_EDGE('',*,*,#17459,.T.);
#17459 = EDGE_CURVE('',#17460,#17460,#17462,.T.);
#17460 = VERTEX_POINT('',#17461);
#17461 = CARTESIAN_POINT('',(158.92,-102.198,0.));
#17462 = CIRCLE('',#17463,0.5);
#17463 = AXIS2_PLACEMENT_3D('',#17464,#17465,#17466);
#17464 = CARTESIAN_POINT('',(158.92,-101.698,0.));
#17465 = DIRECTION('',(-0.,0.,-1.));
#17466 = DIRECTION('',(-0.,-1.,0.));
#17467 = FACE_BOUND('',#17468,.F.);
#17468 = EDGE_LOOP('',(#17469));
#17469 = ORIENTED_EDGE('',*,*,#17470,.T.);
#17470 = EDGE_CURVE('',#17471,#17471,#17473,.T.);
#17471 = VERTEX_POINT('',#17472);
#17472 = CARTESIAN_POINT('',(162.272,-99.136,0.));
#17473 = CIRCLE('',#17474,1.6);
#17474 = AXIS2_PLACEMENT_3D('',#17475,#17476,#17477);
#17475 = CARTESIAN_POINT('',(162.272,-97.536,0.));
#17476 = DIRECTION('',(-0.,0.,-1.));
#17477 = DIRECTION('',(-0.,-1.,0.));
#17478 = FACE_BOUND('',#17479,.F.);
#17479 = EDGE_LOOP('',(#17480));
#17480 = ORIENTED_EDGE('',*,*,#17481,.T.);
#17481 = EDGE_CURVE('',#17482,#17482,#17484,.T.);
#17482 = VERTEX_POINT('',#17483);
#17483 = CARTESIAN_POINT('',(144.78,-88.8365,0.));
#17484 = CIRCLE('',#17485,0.4445);
#17485 = AXIS2_PLACEMENT_3D('',#17486,#17487,#17488);
#17486 = CARTESIAN_POINT('',(144.78,-88.392,0.));
#17487 = DIRECTION('',(-0.,0.,-1.));
#17488 = DIRECTION('',(-0.,-1.,0.));
#17489 = FACE_BOUND('',#17490,.F.);
#17490 = EDGE_LOOP('',(#17491));
#17491 = ORIENTED_EDGE('',*,*,#17492,.T.);
#17492 = EDGE_CURVE('',#17493,#17493,#17495,.T.);
#17493 = VERTEX_POINT('',#17494);
#17494 = CARTESIAN_POINT('',(144.78,-86.2965,0.));
#17495 = CIRCLE('',#17496,0.4445);
#17496 = AXIS2_PLACEMENT_3D('',#17497,#17498,#17499);
#17497 = CARTESIAN_POINT('',(144.78,-85.852,0.));
#17498 = DIRECTION('',(-0.,0.,-1.));
#17499 = DIRECTION('',(-0.,-1.,0.));
#17500 = FACE_BOUND('',#17501,.F.);
#17501 = EDGE_LOOP('',(#17502));
#17502 = ORIENTED_EDGE('',*,*,#17503,.T.);
#17503 = EDGE_CURVE('',#17504,#17504,#17506,.T.);
#17504 = VERTEX_POINT('',#17505);
#17505 = CARTESIAN_POINT('',(144.78,-83.7565,0.));
#17506 = CIRCLE('',#17507,0.4445);
#17507 = AXIS2_PLACEMENT_3D('',#17508,#17509,#17510);
#17508 = CARTESIAN_POINT('',(144.78,-83.312,0.));
#17509 = DIRECTION('',(-0.,0.,-1.));
#17510 = DIRECTION('',(-0.,-1.,0.));
#17511 = FACE_BOUND('',#17512,.F.);
#17512 = EDGE_LOOP('',(#17513));
#17513 = ORIENTED_EDGE('',*,*,#17514,.T.);
#17514 = EDGE_CURVE('',#17515,#17515,#17517,.T.);
#17515 = VERTEX_POINT('',#17516);
#17516 = CARTESIAN_POINT('',(140.208,-81.531,0.));
#17517 = CIRCLE('',#17518,0.5);
#17518 = AXIS2_PLACEMENT_3D('',#17519,#17520,#17521);
#17519 = CARTESIAN_POINT('',(140.208,-81.031,0.));
#17520 = DIRECTION('',(-0.,0.,-1.));
#17521 = DIRECTION('',(-0.,-1.,0.));
#17522 = FACE_BOUND('',#17523,.F.);
#17523 = EDGE_LOOP('',(#17524));
#17524 = ORIENTED_EDGE('',*,*,#17525,.T.);
#17525 = EDGE_CURVE('',#17526,#17526,#17528,.T.);
#17526 = VERTEX_POINT('',#17527);
#17527 = CARTESIAN_POINT('',(140.208,-78.991,0.));
#17528 = CIRCLE('',#17529,0.5);
#17529 = AXIS2_PLACEMENT_3D('',#17530,#17531,#17532);
#17530 = CARTESIAN_POINT('',(140.208,-78.491,0.));
#17531 = DIRECTION('',(-0.,0.,-1.));
#17532 = DIRECTION('',(-0.,-1.,0.));
#17533 = FACE_BOUND('',#17534,.F.);
#17534 = EDGE_LOOP('',(#17535));
#17535 = ORIENTED_EDGE('',*,*,#17536,.T.);
#17536 = EDGE_CURVE('',#17537,#17537,#17539,.T.);
#17537 = VERTEX_POINT('',#17538);
#17538 = CARTESIAN_POINT('',(144.78,-81.2165,0.));
#17539 = CIRCLE('',#17540,0.4445);
#17540 = AXIS2_PLACEMENT_3D('',#17541,#17542,#17543);
#17541 = CARTESIAN_POINT('',(144.78,-80.772,0.));
#17542 = DIRECTION('',(-0.,0.,-1.));
#17543 = DIRECTION('',(-0.,-1.,0.));
#17544 = FACE_BOUND('',#17545,.F.);
#17545 = EDGE_LOOP('',(#17546));
#17546 = ORIENTED_EDGE('',*,*,#17547,.T.);
#17547 = EDGE_CURVE('',#17548,#17548,#17550,.T.);
#17548 = VERTEX_POINT('',#17549);
#17549 = CARTESIAN_POINT('',(144.78,-78.6765,0.));
#17550 = CIRCLE('',#17551,0.4445);
#17551 = AXIS2_PLACEMENT_3D('',#17552,#17553,#17554);
#17552 = CARTESIAN_POINT('',(144.78,-78.232,0.));
#17553 = DIRECTION('',(-0.,0.,-1.));
#17554 = DIRECTION('',(-0.,-1.,0.));
#17555 = FACE_BOUND('',#17556,.F.);
#17556 = EDGE_LOOP('',(#17557));
#17557 = ORIENTED_EDGE('',*,*,#17558,.T.);
#17558 = EDGE_CURVE('',#17559,#17559,#17561,.T.);
#17559 = VERTEX_POINT('',#17560);
#17560 = CARTESIAN_POINT('',(144.78,-76.1365,0.));
#17561 = CIRCLE('',#17562,0.4445);
#17562 = AXIS2_PLACEMENT_3D('',#17563,#17564,#17565);
#17563 = CARTESIAN_POINT('',(144.78,-75.692,0.));
#17564 = DIRECTION('',(-0.,0.,-1.));
#17565 = DIRECTION('',(-0.,-1.,0.));
#17566 = FACE_BOUND('',#17567,.F.);
#17567 = EDGE_LOOP('',(#17568));
#17568 = ORIENTED_EDGE('',*,*,#17569,.T.);
#17569 = EDGE_CURVE('',#17570,#17570,#17572,.T.);
#17570 = VERTEX_POINT('',#17571);
#17571 = CARTESIAN_POINT('',(144.78,-73.5965,0.));
#17572 = CIRCLE('',#17573,0.4445);
#17573 = AXIS2_PLACEMENT_3D('',#17574,#17575,#17576);
#17574 = CARTESIAN_POINT('',(144.78,-73.152,0.));
#17575 = DIRECTION('',(-0.,0.,-1.));
#17576 = DIRECTION('',(-0.,-1.,0.));
#17577 = FACE_BOUND('',#17578,.F.);
#17578 = EDGE_LOOP('',(#17579));
#17579 = ORIENTED_EDGE('',*,*,#17580,.T.);
#17580 = EDGE_CURVE('',#17581,#17581,#17583,.T.);
#17581 = VERTEX_POINT('',#17582);
#17582 = CARTESIAN_POINT('',(160.02,-88.8365,0.));
#17583 = CIRCLE('',#17584,0.4445);
#17584 = AXIS2_PLACEMENT_3D('',#17585,#17586,#17587);
#17585 = CARTESIAN_POINT('',(160.02,-88.392,0.));
#17586 = DIRECTION('',(-0.,0.,-1.));
#17587 = DIRECTION('',(6.39408536117E-14,-1.,-0.));
#17588 = FACE_BOUND('',#17589,.F.);
#17589 = EDGE_LOOP('',(#17590));
#17590 = ORIENTED_EDGE('',*,*,#17591,.T.);
#17591 = EDGE_CURVE('',#17592,#17592,#17594,.T.);
#17592 = VERTEX_POINT('',#17593);
#17593 = CARTESIAN_POINT('',(160.02,-86.2965,0.));
#17594 = CIRCLE('',#17595,0.4445);
#17595 = AXIS2_PLACEMENT_3D('',#17596,#17597,#17598);
#17596 = CARTESIAN_POINT('',(160.02,-85.852,0.));
#17597 = DIRECTION('',(-0.,0.,-1.));
#17598 = DIRECTION('',(6.394085361171E-14,-1.,-0.));
#17599 = FACE_BOUND('',#17600,.F.);
#17600 = EDGE_LOOP('',(#17601));
#17601 = ORIENTED_EDGE('',*,*,#17602,.T.);
#17602 = EDGE_CURVE('',#17603,#17603,#17605,.T.);
#17603 = VERTEX_POINT('',#17604);
#17604 = CARTESIAN_POINT('',(160.02,-83.7565,0.));
#17605 = CIRCLE('',#17606,0.4445);
#17606 = AXIS2_PLACEMENT_3D('',#17607,#17608,#17609);
#17607 = CARTESIAN_POINT('',(160.02,-83.312,0.));
#17608 = DIRECTION('',(-0.,0.,-1.));
#17609 = DIRECTION('',(6.39408536117E-14,-1.,-0.));
#17610 = FACE_BOUND('',#17611,.F.);
#17611 = EDGE_LOOP('',(#17612));
#17612 = ORIENTED_EDGE('',*,*,#17613,.T.);
#17613 = EDGE_CURVE('',#17614,#17614,#17616,.T.);
#17614 = VERTEX_POINT('',#17615);
#17615 = CARTESIAN_POINT('',(160.02,-81.2165,0.));
#17616 = CIRCLE('',#17617,0.4445);
#17617 = AXIS2_PLACEMENT_3D('',#17618,#17619,#17620);
#17618 = CARTESIAN_POINT('',(160.02,-80.772,0.));
#17619 = DIRECTION('',(-0.,0.,-1.));
#17620 = DIRECTION('',(6.39408536117E-14,-1.,-0.));
#17621 = FACE_BOUND('',#17622,.F.);
#17622 = EDGE_LOOP('',(#17623));
#17623 = ORIENTED_EDGE('',*,*,#17624,.T.);
#17624 = EDGE_CURVE('',#17625,#17625,#17627,.T.);
#17625 = VERTEX_POINT('',#17626);
#17626 = CARTESIAN_POINT('',(160.02,-78.6765,0.));
#17627 = CIRCLE('',#17628,0.4445);
#17628 = AXIS2_PLACEMENT_3D('',#17629,#17630,#17631);
#17629 = CARTESIAN_POINT('',(160.02,-78.232,0.));
#17630 = DIRECTION('',(-0.,0.,-1.));
#17631 = DIRECTION('',(6.39408536117E-14,-1.,-0.));
#17632 = FACE_BOUND('',#17633,.F.);
#17633 = EDGE_LOOP('',(#17634));
#17634 = ORIENTED_EDGE('',*,*,#17635,.T.);
#17635 = EDGE_CURVE('',#17636,#17636,#17638,.T.);
#17636 = VERTEX_POINT('',#17637);
#17637 = CARTESIAN_POINT('',(160.02,-76.1365,0.));
#17638 = CIRCLE('',#17639,0.4445);
#17639 = AXIS2_PLACEMENT_3D('',#17640,#17641,#17642);
#17640 = CARTESIAN_POINT('',(160.02,-75.692,0.));
#17641 = DIRECTION('',(-0.,0.,-1.));
#17642 = DIRECTION('',(6.39408536117E-14,-1.,-0.));
#17643 = FACE_BOUND('',#17644,.F.);
#17644 = EDGE_LOOP('',(#17645));
#17645 = ORIENTED_EDGE('',*,*,#17646,.T.);
#17646 = EDGE_CURVE('',#17647,#17647,#17649,.T.);
#17647 = VERTEX_POINT('',#17648);
#17648 = CARTESIAN_POINT('',(160.02,-73.5965,0.));
#17649 = CIRCLE('',#17650,0.4445);
#17650 = AXIS2_PLACEMENT_3D('',#17651,#17652,#17653);
#17651 = CARTESIAN_POINT('',(160.02,-73.152,0.));
#17652 = DIRECTION('',(-0.,0.,-1.));
#17653 = DIRECTION('',(6.39408536117E-14,-1.,-0.));
#17654 = PLANE('',#17655);
#17655 = AXIS2_PLACEMENT_3D('',#17656,#17657,#17658);
#17656 = CARTESIAN_POINT('',(0.,0.,0.));
#17657 = DIRECTION('',(0.,0.,1.));
#17658 = DIRECTION('',(1.,0.,-0.));
#17659 = ADVANCED_FACE('',(#17660,#17774,#17785,#17796,#17807,#17818,
    #17829,#17840,#17851,#17862,#17873,#17884,#17895,#17906,#17917,
    #17928,#17939,#17950,#17961,#17972,#17983,#17994,#18005,#18016,
    #18027,#18038,#18049),#18060,.T.);
#17660 = FACE_BOUND('',#17661,.T.);
#17661 = EDGE_LOOP('',(#17662,#17663,#17664,#17673,#17681,#17690,#17698,
    #17707,#17715,#17724,#17732,#17741,#17749,#17758,#17766,#17773));
#17662 = ORIENTED_EDGE('',*,*,#17163,.F.);
#17663 = ORIENTED_EDGE('',*,*,#17205,.F.);
#17664 = ORIENTED_EDGE('',*,*,#17665,.F.);
#17665 = EDGE_CURVE('',#17666,#17198,#17668,.T.);
#17666 = VERTEX_POINT('',#17667);
#17667 = CARTESIAN_POINT('',(137.16,-72.136,1.51));
#17668 = CIRCLE('',#17669,2.031999929568);
#17669 = AXIS2_PLACEMENT_3D('',#17670,#17671,#17672);
#17670 = CARTESIAN_POINT('',(139.19199992956,-72.13599992956,1.51));
#17671 = DIRECTION('',(0.,0.,-1.));
#17672 = DIRECTION('',(-1.,-3.466122697198E-08,-0.));
#17673 = ORIENTED_EDGE('',*,*,#17674,.F.);
#17674 = EDGE_CURVE('',#17675,#17666,#17677,.T.);
#17675 = VERTEX_POINT('',#17676);
#17676 = CARTESIAN_POINT('',(137.16,-110.744,1.51));
#17677 = LINE('',#17678,#17679);
#17678 = CARTESIAN_POINT('',(137.16,-110.744,1.51));
#17679 = VECTOR('',#17680,1.);
#17680 = DIRECTION('',(0.,1.,0.));
#17681 = ORIENTED_EDGE('',*,*,#17682,.F.);
#17682 = EDGE_CURVE('',#17683,#17675,#17685,.T.);
#17683 = VERTEX_POINT('',#17684);
#17684 = CARTESIAN_POINT('',(139.192,-112.776,1.51));
#17685 = CIRCLE('',#17686,2.031999929568);
#17686 = AXIS2_PLACEMENT_3D('',#17687,#17688,#17689);
#17687 = CARTESIAN_POINT('',(139.19199992956,-110.7440000704,1.51));
#17688 = DIRECTION('',(0.,0.,-1.));
#17689 = DIRECTION('',(3.466122697198E-08,-1.,0.));
#17690 = ORIENTED_EDGE('',*,*,#17691,.F.);
#17691 = EDGE_CURVE('',#17692,#17683,#17694,.T.);
#17692 = VERTEX_POINT('',#17693);
#17693 = CARTESIAN_POINT('',(165.608,-112.776,1.51));
#17694 = LINE('',#17695,#17696);
#17695 = CARTESIAN_POINT('',(165.608,-112.776,1.51));
#17696 = VECTOR('',#17697,1.);
#17697 = DIRECTION('',(-1.,0.,0.));
#17698 = ORIENTED_EDGE('',*,*,#17699,.F.);
#17699 = EDGE_CURVE('',#17700,#17692,#17702,.T.);
#17700 = VERTEX_POINT('',#17701);
#17701 = CARTESIAN_POINT('',(167.64,-110.744,1.51));
#17702 = CIRCLE('',#17703,2.031999929568);
#17703 = AXIS2_PLACEMENT_3D('',#17704,#17705,#17706);
#17704 = CARTESIAN_POINT('',(165.60800007043,-110.7440000704,1.51));
#17705 = DIRECTION('',(0.,0.,-1.));
#17706 = DIRECTION('',(1.,3.466121997844E-08,0.));
#17707 = ORIENTED_EDGE('',*,*,#17708,.F.);
#17708 = EDGE_CURVE('',#17709,#17700,#17711,.T.);
#17709 = VERTEX_POINT('',#17710);
#17710 = CARTESIAN_POINT('',(167.64,-72.136,1.51));
#17711 = LINE('',#17712,#17713);
#17712 = CARTESIAN_POINT('',(167.64,-72.136,1.51));
#17713 = VECTOR('',#17714,1.);
#17714 = DIRECTION('',(0.,-1.,0.));
#17715 = ORIENTED_EDGE('',*,*,#17716,.F.);
#17716 = EDGE_CURVE('',#17717,#17709,#17719,.T.);
#17717 = VERTEX_POINT('',#17718);
#17718 = CARTESIAN_POINT('',(165.608,-70.104,1.51));
#17719 = CIRCLE('',#17720,2.031999929568);
#17720 = AXIS2_PLACEMENT_3D('',#17721,#17722,#17723);
#17721 = CARTESIAN_POINT('',(165.60800007043,-72.13599992956,1.51));
#17722 = DIRECTION('',(0.,0.,-1.));
#17723 = DIRECTION('',(-3.466121298491E-08,1.,0.));
#17724 = ORIENTED_EDGE('',*,*,#17725,.F.);
#17725 = EDGE_CURVE('',#17726,#17717,#17728,.T.);
#17726 = VERTEX_POINT('',#17727);
#17727 = CARTESIAN_POINT('',(160.02,-70.104,1.51));
#17728 = LINE('',#17729,#17730);
#17729 = CARTESIAN_POINT('',(160.02,-70.104,1.51));
#17730 = VECTOR('',#17731,1.);
#17731 = DIRECTION('',(1.,0.,0.));
#17732 = ORIENTED_EDGE('',*,*,#17733,.F.);
#17733 = EDGE_CURVE('',#17734,#17726,#17736,.T.);
#17734 = VERTEX_POINT('',#17735);
#17735 = CARTESIAN_POINT('',(158.999357,-71.096698,1.51));
#17736 = CIRCLE('',#17737,1.012349346812);
#17737 = AXIS2_PLACEMENT_3D('',#17738,#17739,#17740);
#17738 = CARTESIAN_POINT('',(160.0115162861,-71.11631379847,1.51));
#17739 = DIRECTION('',(0.,0.,-1.));
#17740 = DIRECTION('',(-0.999812257783,1.937651122148E-02,0.));
#17741 = ORIENTED_EDGE('',*,*,#17742,.F.);
#17742 = EDGE_CURVE('',#17743,#17734,#17745,.T.);
#17743 = VERTEX_POINT('',#17744);
#17744 = CARTESIAN_POINT('',(158.999357,-88.876698,1.51));
#17745 = LINE('',#17746,#17747);
#17746 = CARTESIAN_POINT('',(158.999357,-88.876698,1.51));
#17747 = VECTOR('',#17748,1.);
#17748 = DIRECTION('',(0.,1.,0.));
#17749 = ORIENTED_EDGE('',*,*,#17750,.F.);
#17750 = EDGE_CURVE('',#17751,#17743,#17753,.T.);
#17751 = VERTEX_POINT('',#17752);
#17752 = CARTESIAN_POINT('',(157.988,-89.916,1.51));
#17753 = CIRCLE('',#17754,1.008777154098);
#17754 = AXIS2_PLACEMENT_3D('',#17755,#17756,#17757);
#17755 = CARTESIAN_POINT('',(157.99104192008,-88.90722743229,1.51));
#17756 = DIRECTION('',(0.,0.,1.));
#17757 = DIRECTION('',(-3.015452985095E-03,-0.999995453511,0.));
#17758 = ORIENTED_EDGE('',*,*,#17759,.F.);
#17759 = EDGE_CURVE('',#17760,#17751,#17762,.T.);
#17760 = VERTEX_POINT('',#17761);
#17761 = CARTESIAN_POINT('',(146.812,-89.916,1.51));
#17762 = LINE('',#17763,#17764);
#17763 = CARTESIAN_POINT('',(146.812,-89.916,1.51));
#17764 = VECTOR('',#17765,1.);
#17765 = DIRECTION('',(1.,0.,0.));
#17766 = ORIENTED_EDGE('',*,*,#17767,.F.);
#17767 = EDGE_CURVE('',#17228,#17760,#17768,.T.);
#17768 = CIRCLE('',#17769,1.016001671896);
#17769 = AXIS2_PLACEMENT_3D('',#17770,#17771,#17772);
#17770 = CARTESIAN_POINT('',(146.81200167189,-88.8999983281,1.51));
#17771 = DIRECTION('',(0.,0.,1.));
#17772 = DIRECTION('',(-0.999999999999,-1.645562571957E-06,0.));
#17773 = ORIENTED_EDGE('',*,*,#17227,.F.);
#17774 = FACE_BOUND('',#17775,.T.);
#17775 = EDGE_LOOP('',(#17776));
#17776 = ORIENTED_EDGE('',*,*,#17777,.T.);
#17777 = EDGE_CURVE('',#17778,#17778,#17780,.T.);
#17778 = VERTEX_POINT('',#17779);
#17779 = CARTESIAN_POINT('',(141.224,-109.055,1.51));
#17780 = CIRCLE('',#17781,0.375);
#17781 = AXIS2_PLACEMENT_3D('',#17782,#17783,#17784);
#17782 = CARTESIAN_POINT('',(141.224,-108.68,1.51));
#17783 = DIRECTION('',(-0.,0.,-1.));
#17784 = DIRECTION('',(-0.,-1.,0.));
#17785 = FACE_BOUND('',#17786,.T.);
#17786 = EDGE_LOOP('',(#17787));
#17787 = ORIENTED_EDGE('',*,*,#17788,.T.);
#17788 = EDGE_CURVE('',#17789,#17789,#17791,.T.);
#17789 = VERTEX_POINT('',#17790);
#17790 = CARTESIAN_POINT('',(141.224,-107.055,1.51));
#17791 = CIRCLE('',#17792,0.375);
#17792 = AXIS2_PLACEMENT_3D('',#17793,#17794,#17795);
#17793 = CARTESIAN_POINT('',(141.224,-106.68,1.51));
#17794 = DIRECTION('',(-0.,0.,-1.));
#17795 = DIRECTION('',(-0.,-1.,0.));
#17796 = FACE_BOUND('',#17797,.T.);
#17797 = EDGE_LOOP('',(#17798));
#17798 = ORIENTED_EDGE('',*,*,#17799,.T.);
#17799 = EDGE_CURVE('',#17800,#17800,#17802,.T.);
#17800 = VERTEX_POINT('',#17801);
#17801 = CARTESIAN_POINT('',(146.22,-102.198,1.51));
#17802 = CIRCLE('',#17803,0.5);
#17803 = AXIS2_PLACEMENT_3D('',#17804,#17805,#17806);
#17804 = CARTESIAN_POINT('',(146.22,-101.698,1.51));
#17805 = DIRECTION('',(-0.,0.,-1.));
#17806 = DIRECTION('',(-0.,-1.,0.));
#17807 = FACE_BOUND('',#17808,.T.);
#17808 = EDGE_LOOP('',(#17809));
#17809 = ORIENTED_EDGE('',*,*,#17810,.T.);
#17810 = EDGE_CURVE('',#17811,#17811,#17813,.T.);
#17811 = VERTEX_POINT('',#17812);
#17812 = CARTESIAN_POINT('',(148.76,-102.198,1.51));
#17813 = CIRCLE('',#17814,0.5);
#17814 = AXIS2_PLACEMENT_3D('',#17815,#17816,#17817);
#17815 = CARTESIAN_POINT('',(148.76,-101.698,1.51));
#17816 = DIRECTION('',(-0.,0.,-1.));
#17817 = DIRECTION('',(-0.,-1.,0.));
#17818 = FACE_BOUND('',#17819,.T.);
#17819 = EDGE_LOOP('',(#17820));
#17820 = ORIENTED_EDGE('',*,*,#17821,.T.);
#17821 = EDGE_CURVE('',#17822,#17822,#17824,.T.);
#17822 = VERTEX_POINT('',#17823);
#17823 = CARTESIAN_POINT('',(151.3,-102.198,1.51));
#17824 = CIRCLE('',#17825,0.5);
#17825 = AXIS2_PLACEMENT_3D('',#17826,#17827,#17828);
#17826 = CARTESIAN_POINT('',(151.3,-101.698,1.51));
#17827 = DIRECTION('',(-0.,0.,-1.));
#17828 = DIRECTION('',(-0.,-1.,0.));
#17829 = FACE_BOUND('',#17830,.T.);
#17830 = EDGE_LOOP('',(#17831));
#17831 = ORIENTED_EDGE('',*,*,#17832,.T.);
#17832 = EDGE_CURVE('',#17833,#17833,#17835,.T.);
#17833 = VERTEX_POINT('',#17834);
#17834 = CARTESIAN_POINT('',(142.272,-99.136,1.51));
#17835 = CIRCLE('',#17836,1.6);
#17836 = AXIS2_PLACEMENT_3D('',#17837,#17838,#17839);
#17837 = CARTESIAN_POINT('',(142.272,-97.536,1.51));
#17838 = DIRECTION('',(-0.,0.,-1.));
#17839 = DIRECTION('',(-0.,-1.,0.));
#17840 = FACE_BOUND('',#17841,.T.);
#17841 = EDGE_LOOP('',(#17842));
#17842 = ORIENTED_EDGE('',*,*,#17843,.T.);
#17843 = EDGE_CURVE('',#17844,#17844,#17846,.T.);
#17844 = VERTEX_POINT('',#17845);
#17845 = CARTESIAN_POINT('',(153.84,-102.198,1.51));
#17846 = CIRCLE('',#17847,0.5);
#17847 = AXIS2_PLACEMENT_3D('',#17848,#17849,#17850);
#17848 = CARTESIAN_POINT('',(153.84,-101.698,1.51));
#17849 = DIRECTION('',(-0.,0.,-1.));
#17850 = DIRECTION('',(-0.,-1.,0.));
#17851 = FACE_BOUND('',#17852,.T.);
#17852 = EDGE_LOOP('',(#17853));
#17853 = ORIENTED_EDGE('',*,*,#17854,.T.);
#17854 = EDGE_CURVE('',#17855,#17855,#17857,.T.);
#17855 = VERTEX_POINT('',#17856);
#17856 = CARTESIAN_POINT('',(156.38,-102.198,1.51));
#17857 = CIRCLE('',#17858,0.5);
#17858 = AXIS2_PLACEMENT_3D('',#17859,#17860,#17861);
#17859 = CARTESIAN_POINT('',(156.38,-101.698,1.51));
#17860 = DIRECTION('',(-0.,0.,-1.));
#17861 = DIRECTION('',(-0.,-1.,0.));
#17862 = FACE_BOUND('',#17863,.T.);
#17863 = EDGE_LOOP('',(#17864));
#17864 = ORIENTED_EDGE('',*,*,#17865,.T.);
#17865 = EDGE_CURVE('',#17866,#17866,#17868,.T.);
#17866 = VERTEX_POINT('',#17867);
#17867 = CARTESIAN_POINT('',(158.92,-102.198,1.51));
#17868 = CIRCLE('',#17869,0.5);
#17869 = AXIS2_PLACEMENT_3D('',#17870,#17871,#17872);
#17870 = CARTESIAN_POINT('',(158.92,-101.698,1.51));
#17871 = DIRECTION('',(-0.,0.,-1.));
#17872 = DIRECTION('',(-0.,-1.,0.));
#17873 = FACE_BOUND('',#17874,.T.);
#17874 = EDGE_LOOP('',(#17875));
#17875 = ORIENTED_EDGE('',*,*,#17876,.T.);
#17876 = EDGE_CURVE('',#17877,#17877,#17879,.T.);
#17877 = VERTEX_POINT('',#17878);
#17878 = CARTESIAN_POINT('',(162.272,-99.136,1.51));
#17879 = CIRCLE('',#17880,1.6);
#17880 = AXIS2_PLACEMENT_3D('',#17881,#17882,#17883);
#17881 = CARTESIAN_POINT('',(162.272,-97.536,1.51));
#17882 = DIRECTION('',(-0.,0.,-1.));
#17883 = DIRECTION('',(-0.,-1.,0.));
#17884 = FACE_BOUND('',#17885,.T.);
#17885 = EDGE_LOOP('',(#17886));
#17886 = ORIENTED_EDGE('',*,*,#17887,.T.);
#17887 = EDGE_CURVE('',#17888,#17888,#17890,.T.);
#17888 = VERTEX_POINT('',#17889);
#17889 = CARTESIAN_POINT('',(144.78,-88.8365,1.51));
#17890 = CIRCLE('',#17891,0.4445);
#17891 = AXIS2_PLACEMENT_3D('',#17892,#17893,#17894);
#17892 = CARTESIAN_POINT('',(144.78,-88.392,1.51));
#17893 = DIRECTION('',(-0.,0.,-1.));
#17894 = DIRECTION('',(-0.,-1.,0.));
#17895 = FACE_BOUND('',#17896,.T.);
#17896 = EDGE_LOOP('',(#17897));
#17897 = ORIENTED_EDGE('',*,*,#17898,.T.);
#17898 = EDGE_CURVE('',#17899,#17899,#17901,.T.);
#17899 = VERTEX_POINT('',#17900);
#17900 = CARTESIAN_POINT('',(144.78,-86.2965,1.51));
#17901 = CIRCLE('',#17902,0.4445);
#17902 = AXIS2_PLACEMENT_3D('',#17903,#17904,#17905);
#17903 = CARTESIAN_POINT('',(144.78,-85.852,1.51));
#17904 = DIRECTION('',(-0.,0.,-1.));
#17905 = DIRECTION('',(-0.,-1.,0.));
#17906 = FACE_BOUND('',#17907,.T.);
#17907 = EDGE_LOOP('',(#17908));
#17908 = ORIENTED_EDGE('',*,*,#17909,.T.);
#17909 = EDGE_CURVE('',#17910,#17910,#17912,.T.);
#17910 = VERTEX_POINT('',#17911);
#17911 = CARTESIAN_POINT('',(144.78,-83.7565,1.51));
#17912 = CIRCLE('',#17913,0.4445);
#17913 = AXIS2_PLACEMENT_3D('',#17914,#17915,#17916);
#17914 = CARTESIAN_POINT('',(144.78,-83.312,1.51));
#17915 = DIRECTION('',(-0.,0.,-1.));
#17916 = DIRECTION('',(-0.,-1.,0.));
#17917 = FACE_BOUND('',#17918,.T.);
#17918 = EDGE_LOOP('',(#17919));
#17919 = ORIENTED_EDGE('',*,*,#17920,.T.);
#17920 = EDGE_CURVE('',#17921,#17921,#17923,.T.);
#17921 = VERTEX_POINT('',#17922);
#17922 = CARTESIAN_POINT('',(140.208,-81.531,1.51));
#17923 = CIRCLE('',#17924,0.5);
#17924 = AXIS2_PLACEMENT_3D('',#17925,#17926,#17927);
#17925 = CARTESIAN_POINT('',(140.208,-81.031,1.51));
#17926 = DIRECTION('',(-0.,0.,-1.));
#17927 = DIRECTION('',(-0.,-1.,0.));
#17928 = FACE_BOUND('',#17929,.T.);
#17929 = EDGE_LOOP('',(#17930));
#17930 = ORIENTED_EDGE('',*,*,#17931,.T.);
#17931 = EDGE_CURVE('',#17932,#17932,#17934,.T.);
#17932 = VERTEX_POINT('',#17933);
#17933 = CARTESIAN_POINT('',(140.208,-78.991,1.51));
#17934 = CIRCLE('',#17935,0.5);
#17935 = AXIS2_PLACEMENT_3D('',#17936,#17937,#17938);
#17936 = CARTESIAN_POINT('',(140.208,-78.491,1.51));
#17937 = DIRECTION('',(-0.,0.,-1.));
#17938 = DIRECTION('',(-0.,-1.,0.));
#17939 = FACE_BOUND('',#17940,.T.);
#17940 = EDGE_LOOP('',(#17941));
#17941 = ORIENTED_EDGE('',*,*,#17942,.T.);
#17942 = EDGE_CURVE('',#17943,#17943,#17945,.T.);
#17943 = VERTEX_POINT('',#17944);
#17944 = CARTESIAN_POINT('',(144.78,-81.2165,1.51));
#17945 = CIRCLE('',#17946,0.4445);
#17946 = AXIS2_PLACEMENT_3D('',#17947,#17948,#17949);
#17947 = CARTESIAN_POINT('',(144.78,-80.772,1.51));
#17948 = DIRECTION('',(-0.,0.,-1.));
#17949 = DIRECTION('',(-0.,-1.,0.));
#17950 = FACE_BOUND('',#17951,.T.);
#17951 = EDGE_LOOP('',(#17952));
#17952 = ORIENTED_EDGE('',*,*,#17953,.T.);
#17953 = EDGE_CURVE('',#17954,#17954,#17956,.T.);
#17954 = VERTEX_POINT('',#17955);
#17955 = CARTESIAN_POINT('',(144.78,-78.6765,1.51));
#17956 = CIRCLE('',#17957,0.4445);
#17957 = AXIS2_PLACEMENT_3D('',#17958,#17959,#17960);
#17958 = CARTESIAN_POINT('',(144.78,-78.232,1.51));
#17959 = DIRECTION('',(-0.,0.,-1.));
#17960 = DIRECTION('',(-0.,-1.,0.));
#17961 = FACE_BOUND('',#17962,.T.);
#17962 = EDGE_LOOP('',(#17963));
#17963 = ORIENTED_EDGE('',*,*,#17964,.T.);
#17964 = EDGE_CURVE('',#17965,#17965,#17967,.T.);
#17965 = VERTEX_POINT('',#17966);
#17966 = CARTESIAN_POINT('',(144.78,-76.1365,1.51));
#17967 = CIRCLE('',#17968,0.4445);
#17968 = AXIS2_PLACEMENT_3D('',#17969,#17970,#17971);
#17969 = CARTESIAN_POINT('',(144.78,-75.692,1.51));
#17970 = DIRECTION('',(-0.,0.,-1.));
#17971 = DIRECTION('',(-0.,-1.,0.));
#17972 = FACE_BOUND('',#17973,.T.);
#17973 = EDGE_LOOP('',(#17974));
#17974 = ORIENTED_EDGE('',*,*,#17975,.T.);
#17975 = EDGE_CURVE('',#17976,#17976,#17978,.T.);
#17976 = VERTEX_POINT('',#17977);
#17977 = CARTESIAN_POINT('',(144.78,-73.5965,1.51));
#17978 = CIRCLE('',#17979,0.4445);
#17979 = AXIS2_PLACEMENT_3D('',#17980,#17981,#17982);
#17980 = CARTESIAN_POINT('',(144.78,-73.152,1.51));
#17981 = DIRECTION('',(-0.,0.,-1.));
#17982 = DIRECTION('',(-0.,-1.,0.));
#17983 = FACE_BOUND('',#17984,.T.);
#17984 = EDGE_LOOP('',(#17985));
#17985 = ORIENTED_EDGE('',*,*,#17986,.T.);
#17986 = EDGE_CURVE('',#17987,#17987,#17989,.T.);
#17987 = VERTEX_POINT('',#17988);
#17988 = CARTESIAN_POINT('',(160.02,-88.8365,1.51));
#17989 = CIRCLE('',#17990,0.4445);
#17990 = AXIS2_PLACEMENT_3D('',#17991,#17992,#17993);
#17991 = CARTESIAN_POINT('',(160.02,-88.392,1.51));
#17992 = DIRECTION('',(-0.,0.,-1.));
#17993 = DIRECTION('',(6.39408536117E-14,-1.,-0.));
#17994 = FACE_BOUND('',#17995,.T.);
#17995 = EDGE_LOOP('',(#17996));
#17996 = ORIENTED_EDGE('',*,*,#17997,.T.);
#17997 = EDGE_CURVE('',#17998,#17998,#18000,.T.);
#17998 = VERTEX_POINT('',#17999);
#17999 = CARTESIAN_POINT('',(160.02,-86.2965,1.51));
#18000 = CIRCLE('',#18001,0.4445);
#18001 = AXIS2_PLACEMENT_3D('',#18002,#18003,#18004);
#18002 = CARTESIAN_POINT('',(160.02,-85.852,1.51));
#18003 = DIRECTION('',(-0.,0.,-1.));
#18004 = DIRECTION('',(6.394085361171E-14,-1.,-0.));
#18005 = FACE_BOUND('',#18006,.T.);
#18006 = EDGE_LOOP('',(#18007));
#18007 = ORIENTED_EDGE('',*,*,#18008,.T.);
#18008 = EDGE_CURVE('',#18009,#18009,#18011,.T.);
#18009 = VERTEX_POINT('',#18010);
#18010 = CARTESIAN_POINT('',(160.02,-83.7565,1.51));
#18011 = CIRCLE('',#18012,0.4445);
#18012 = AXIS2_PLACEMENT_3D('',#18013,#18014,#18015);
#18013 = CARTESIAN_POINT('',(160.02,-83.312,1.51));
#18014 = DIRECTION('',(-0.,0.,-1.));
#18015 = DIRECTION('',(6.39408536117E-14,-1.,-0.));
#18016 = FACE_BOUND('',#18017,.T.);
#18017 = EDGE_LOOP('',(#18018));
#18018 = ORIENTED_EDGE('',*,*,#18019,.T.);
#18019 = EDGE_CURVE('',#18020,#18020,#18022,.T.);
#18020 = VERTEX_POINT('',#18021);
#18021 = CARTESIAN_POINT('',(160.02,-81.2165,1.51));
#18022 = CIRCLE('',#18023,0.4445);
#18023 = AXIS2_PLACEMENT_3D('',#18024,#18025,#18026);
#18024 = CARTESIAN_POINT('',(160.02,-80.772,1.51));
#18025 = DIRECTION('',(-0.,0.,-1.));
#18026 = DIRECTION('',(6.39408536117E-14,-1.,-0.));
#18027 = FACE_BOUND('',#18028,.T.);
#18028 = EDGE_LOOP('',(#18029));
#18029 = ORIENTED_EDGE('',*,*,#18030,.T.);
#18030 = EDGE_CURVE('',#18031,#18031,#18033,.T.);
#18031 = VERTEX_POINT('',#18032);
#18032 = CARTESIAN_POINT('',(160.02,-78.6765,1.51));
#18033 = CIRCLE('',#18034,0.4445);
#18034 = AXIS2_PLACEMENT_3D('',#18035,#18036,#18037);
#18035 = CARTESIAN_POINT('',(160.02,-78.232,1.51));
#18036 = DIRECTION('',(-0.,0.,-1.));
#18037 = DIRECTION('',(6.39408536117E-14,-1.,-0.));
#18038 = FACE_BOUND('',#18039,.T.);
#18039 = EDGE_LOOP('',(#18040));
#18040 = ORIENTED_EDGE('',*,*,#18041,.T.);
#18041 = EDGE_CURVE('',#18042,#18042,#18044,.T.);
#18042 = VERTEX_POINT('',#18043);
#18043 = CARTESIAN_POINT('',(160.02,-76.1365,1.51));
#18044 = CIRCLE('',#18045,0.4445);
#18045 = AXIS2_PLACEMENT_3D('',#18046,#18047,#18048);
#18046 = CARTESIAN_POINT('',(160.02,-75.692,1.51));
#18047 = DIRECTION('',(-0.,0.,-1.));
#18048 = DIRECTION('',(6.39408536117E-14,-1.,-0.));
#18049 = FACE_BOUND('',#18050,.T.);
#18050 = EDGE_LOOP('',(#18051));
#18051 = ORIENTED_EDGE('',*,*,#18052,.T.);
#18052 = EDGE_CURVE('',#18053,#18053,#18055,.T.);
#18053 = VERTEX_POINT('',#18054);
#18054 = CARTESIAN_POINT('',(160.02,-73.5965,1.51));
#18055 = CIRCLE('',#18056,0.4445);
#18056 = AXIS2_PLACEMENT_3D('',#18057,#18058,#18059);
#18057 = CARTESIAN_POINT('',(160.02,-73.152,1.51));
#18058 = DIRECTION('',(-0.,0.,-1.));
#18059 = DIRECTION('',(6.39408536117E-14,-1.,-0.));
#18060 = PLANE('',#18061);
#18061 = AXIS2_PLACEMENT_3D('',#18062,#18063,#18064);
#18062 = CARTESIAN_POINT('',(0.,0.,1.51));
#18063 = DIRECTION('',(0.,0.,1.));
#18064 = DIRECTION('',(1.,0.,-0.));
#18065 = ADVANCED_FACE('',(#18066),#18077,.T.);
#18066 = FACE_BOUND('',#18067,.T.);
#18067 = EDGE_LOOP('',(#18068,#18074,#18075,#18076));
#18068 = ORIENTED_EDGE('',*,*,#18069,.T.);
#18069 = EDGE_CURVE('',#17260,#17666,#18070,.T.);
#18070 = LINE('',#18071,#18072);
#18071 = CARTESIAN_POINT('',(137.16,-72.136,0.));
#18072 = VECTOR('',#18073,1.);
#18073 = DIRECTION('',(0.,0.,1.));
#18074 = ORIENTED_EDGE('',*,*,#17665,.T.);
#18075 = ORIENTED_EDGE('',*,*,#17195,.F.);
#18076 = ORIENTED_EDGE('',*,*,#17259,.F.);
#18077 = CYLINDRICAL_SURFACE('',#18078,2.031999929568);
#18078 = AXIS2_PLACEMENT_3D('',#18079,#18080,#18081);
#18079 = CARTESIAN_POINT('',(139.19199992956,-72.13599992956,0.));
#18080 = DIRECTION('',(0.,0.,-1.));
#18081 = DIRECTION('',(-1.,-3.466122697198E-08,-0.));
#18082 = ADVANCED_FACE('',(#18083),#18094,.F.);
#18083 = FACE_BOUND('',#18084,.T.);
#18084 = EDGE_LOOP('',(#18085,#18086,#18087,#18093));
#18085 = ORIENTED_EDGE('',*,*,#17235,.T.);
#18086 = ORIENTED_EDGE('',*,*,#17767,.T.);
#18087 = ORIENTED_EDGE('',*,*,#18088,.F.);
#18088 = EDGE_CURVE('',#17354,#17760,#18089,.T.);
#18089 = LINE('',#18090,#18091);
#18090 = CARTESIAN_POINT('',(146.812,-89.916,0.));
#18091 = VECTOR('',#18092,1.);
#18092 = DIRECTION('',(0.,0.,1.));
#18093 = ORIENTED_EDGE('',*,*,#17361,.F.);
#18094 = CYLINDRICAL_SURFACE('',#18095,1.016001671896);
#18095 = AXIS2_PLACEMENT_3D('',#18096,#18097,#18098);
#18096 = CARTESIAN_POINT('',(146.81200167189,-88.8999983281,0.));
#18097 = DIRECTION('',(-0.,-0.,-1.));
#18098 = DIRECTION('',(-0.999999999999,-1.645562571957E-06,0.));
#18099 = ADVANCED_FACE('',(#18100),#18111,.T.);
#18100 = FACE_BOUND('',#18101,.T.);
#18101 = EDGE_LOOP('',(#18102,#18108,#18109,#18110));
#18102 = ORIENTED_EDGE('',*,*,#18103,.T.);
#18103 = EDGE_CURVE('',#17269,#17675,#18104,.T.);
#18104 = LINE('',#18105,#18106);
#18105 = CARTESIAN_POINT('',(137.16,-110.744,0.));
#18106 = VECTOR('',#18107,1.);
#18107 = DIRECTION('',(0.,0.,1.));
#18108 = ORIENTED_EDGE('',*,*,#17674,.T.);
#18109 = ORIENTED_EDGE('',*,*,#18069,.F.);
#18110 = ORIENTED_EDGE('',*,*,#17268,.F.);
#18111 = PLANE('',#18112);
#18112 = AXIS2_PLACEMENT_3D('',#18113,#18114,#18115);
#18113 = CARTESIAN_POINT('',(137.16,-110.744,0.));
#18114 = DIRECTION('',(-1.,0.,0.));
#18115 = DIRECTION('',(0.,1.,0.));
#18116 = ADVANCED_FACE('',(#18117),#18128,.T.);
#18117 = FACE_BOUND('',#18118,.T.);
#18118 = EDGE_LOOP('',(#18119,#18120,#18121,#18127));
#18119 = ORIENTED_EDGE('',*,*,#18088,.T.);
#18120 = ORIENTED_EDGE('',*,*,#17759,.T.);
#18121 = ORIENTED_EDGE('',*,*,#18122,.F.);
#18122 = EDGE_CURVE('',#17345,#17751,#18123,.T.);
#18123 = LINE('',#18124,#18125);
#18124 = CARTESIAN_POINT('',(157.988,-89.916,0.));
#18125 = VECTOR('',#18126,1.);
#18126 = DIRECTION('',(0.,0.,1.));
#18127 = ORIENTED_EDGE('',*,*,#17353,.F.);
#18128 = PLANE('',#18129);
#18129 = AXIS2_PLACEMENT_3D('',#18130,#18131,#18132);
#18130 = CARTESIAN_POINT('',(146.812,-89.916,0.));
#18131 = DIRECTION('',(0.,1.,0.));
#18132 = DIRECTION('',(1.,0.,0.));
#18133 = ADVANCED_FACE('',(#18134),#18145,.T.);
#18134 = FACE_BOUND('',#18135,.T.);
#18135 = EDGE_LOOP('',(#18136,#18142,#18143,#18144));
#18136 = ORIENTED_EDGE('',*,*,#18137,.T.);
#18137 = EDGE_CURVE('',#17277,#17683,#18138,.T.);
#18138 = LINE('',#18139,#18140);
#18139 = CARTESIAN_POINT('',(139.192,-112.776,0.));
#18140 = VECTOR('',#18141,1.);
#18141 = DIRECTION('',(0.,0.,1.));
#18142 = ORIENTED_EDGE('',*,*,#17682,.T.);
#18143 = ORIENTED_EDGE('',*,*,#18103,.F.);
#18144 = ORIENTED_EDGE('',*,*,#17276,.F.);
#18145 = CYLINDRICAL_SURFACE('',#18146,2.031999929568);
#18146 = AXIS2_PLACEMENT_3D('',#18147,#18148,#18149);
#18147 = CARTESIAN_POINT('',(139.19199992956,-110.7440000704,0.));
#18148 = DIRECTION('',(0.,0.,-1.));
#18149 = DIRECTION('',(3.466122697198E-08,-1.,0.));
#18150 = ADVANCED_FACE('',(#18151),#18162,.F.);
#18151 = FACE_BOUND('',#18152,.T.);
#18152 = EDGE_LOOP('',(#18153,#18154,#18155,#18161));
#18153 = ORIENTED_EDGE('',*,*,#18122,.T.);
#18154 = ORIENTED_EDGE('',*,*,#17750,.T.);
#18155 = ORIENTED_EDGE('',*,*,#18156,.F.);
#18156 = EDGE_CURVE('',#17337,#17743,#18157,.T.);
#18157 = LINE('',#18158,#18159);
#18158 = CARTESIAN_POINT('',(158.999357,-88.876698,0.));
#18159 = VECTOR('',#18160,1.);
#18160 = DIRECTION('',(0.,0.,1.));
#18161 = ORIENTED_EDGE('',*,*,#17344,.F.);
#18162 = CYLINDRICAL_SURFACE('',#18163,1.008777154098);
#18163 = AXIS2_PLACEMENT_3D('',#18164,#18165,#18166);
#18164 = CARTESIAN_POINT('',(157.99104192008,-88.90722743229,0.));
#18165 = DIRECTION('',(-0.,-0.,-1.));
#18166 = DIRECTION('',(-3.015452985095E-03,-0.999995453511,0.));
#18167 = ADVANCED_FACE('',(#18168),#18179,.T.);
#18168 = FACE_BOUND('',#18169,.T.);
#18169 = EDGE_LOOP('',(#18170,#18176,#18177,#18178));
#18170 = ORIENTED_EDGE('',*,*,#18171,.T.);
#18171 = EDGE_CURVE('',#17286,#17692,#18172,.T.);
#18172 = LINE('',#18173,#18174);
#18173 = CARTESIAN_POINT('',(165.608,-112.776,0.));
#18174 = VECTOR('',#18175,1.);
#18175 = DIRECTION('',(0.,0.,1.));
#18176 = ORIENTED_EDGE('',*,*,#17691,.T.);
#18177 = ORIENTED_EDGE('',*,*,#18137,.F.);
#18178 = ORIENTED_EDGE('',*,*,#17285,.F.);
#18179 = PLANE('',#18180);
#18180 = AXIS2_PLACEMENT_3D('',#18181,#18182,#18183);
#18181 = CARTESIAN_POINT('',(165.608,-112.776,0.));
#18182 = DIRECTION('',(0.,-1.,0.));
#18183 = DIRECTION('',(-1.,0.,0.));
#18184 = ADVANCED_FACE('',(#18185),#18196,.T.);
#18185 = FACE_BOUND('',#18186,.T.);
#18186 = EDGE_LOOP('',(#18187,#18188,#18189,#18195));
#18187 = ORIENTED_EDGE('',*,*,#18156,.T.);
#18188 = ORIENTED_EDGE('',*,*,#17742,.T.);
#18189 = ORIENTED_EDGE('',*,*,#18190,.F.);
#18190 = EDGE_CURVE('',#17328,#17734,#18191,.T.);
#18191 = LINE('',#18192,#18193);
#18192 = CARTESIAN_POINT('',(158.999357,-71.096698,0.));
#18193 = VECTOR('',#18194,1.);
#18194 = DIRECTION('',(0.,0.,1.));
#18195 = ORIENTED_EDGE('',*,*,#17336,.F.);
#18196 = PLANE('',#18197);
#18197 = AXIS2_PLACEMENT_3D('',#18198,#18199,#18200);
#18198 = CARTESIAN_POINT('',(158.999357,-88.876698,0.));
#18199 = DIRECTION('',(-1.,0.,0.));
#18200 = DIRECTION('',(0.,1.,0.));
#18201 = ADVANCED_FACE('',(#18202),#18213,.T.);
#18202 = FACE_BOUND('',#18203,.T.);
#18203 = EDGE_LOOP('',(#18204,#18210,#18211,#18212));
#18204 = ORIENTED_EDGE('',*,*,#18205,.T.);
#18205 = EDGE_CURVE('',#17294,#17700,#18206,.T.);
#18206 = LINE('',#18207,#18208);
#18207 = CARTESIAN_POINT('',(167.64,-110.744,0.));
#18208 = VECTOR('',#18209,1.);
#18209 = DIRECTION('',(0.,0.,1.));
#18210 = ORIENTED_EDGE('',*,*,#17699,.T.);
#18211 = ORIENTED_EDGE('',*,*,#18171,.F.);
#18212 = ORIENTED_EDGE('',*,*,#17293,.F.);
#18213 = CYLINDRICAL_SURFACE('',#18214,2.031999929568);
#18214 = AXIS2_PLACEMENT_3D('',#18215,#18216,#18217);
#18215 = CARTESIAN_POINT('',(165.60800007043,-110.7440000704,0.));
#18216 = DIRECTION('',(0.,0.,-1.));
#18217 = DIRECTION('',(1.,3.466121997844E-08,0.));
#18218 = ADVANCED_FACE('',(#18219),#18230,.T.);
#18219 = FACE_BOUND('',#18220,.T.);
#18220 = EDGE_LOOP('',(#18221,#18222,#18223,#18229));
#18221 = ORIENTED_EDGE('',*,*,#18190,.T.);
#18222 = ORIENTED_EDGE('',*,*,#17733,.T.);
#18223 = ORIENTED_EDGE('',*,*,#18224,.F.);
#18224 = EDGE_CURVE('',#17320,#17726,#18225,.T.);
#18225 = LINE('',#18226,#18227);
#18226 = CARTESIAN_POINT('',(160.02,-70.104,0.));
#18227 = VECTOR('',#18228,1.);
#18228 = DIRECTION('',(0.,0.,1.));
#18229 = ORIENTED_EDGE('',*,*,#17327,.F.);
#18230 = CYLINDRICAL_SURFACE('',#18231,1.012349346812);
#18231 = AXIS2_PLACEMENT_3D('',#18232,#18233,#18234);
#18232 = CARTESIAN_POINT('',(160.0115162861,-71.11631379847,0.));
#18233 = DIRECTION('',(0.,0.,-1.));
#18234 = DIRECTION('',(-0.999812257783,1.937651122148E-02,0.));
#18235 = ADVANCED_FACE('',(#18236),#18247,.T.);
#18236 = FACE_BOUND('',#18237,.T.);
#18237 = EDGE_LOOP('',(#18238,#18244,#18245,#18246));
#18238 = ORIENTED_EDGE('',*,*,#18239,.T.);
#18239 = EDGE_CURVE('',#17303,#17709,#18240,.T.);
#18240 = LINE('',#18241,#18242);
#18241 = CARTESIAN_POINT('',(167.64,-72.136,0.));
#18242 = VECTOR('',#18243,1.);
#18243 = DIRECTION('',(0.,0.,1.));
#18244 = ORIENTED_EDGE('',*,*,#17708,.T.);
#18245 = ORIENTED_EDGE('',*,*,#18205,.F.);
#18246 = ORIENTED_EDGE('',*,*,#17302,.F.);
#18247 = PLANE('',#18248);
#18248 = AXIS2_PLACEMENT_3D('',#18249,#18250,#18251);
#18249 = CARTESIAN_POINT('',(167.64,-72.136,0.));
#18250 = DIRECTION('',(1.,0.,-0.));
#18251 = DIRECTION('',(0.,-1.,0.));
#18252 = ADVANCED_FACE('',(#18253),#18264,.T.);
#18253 = FACE_BOUND('',#18254,.T.);
#18254 = EDGE_LOOP('',(#18255,#18256,#18257,#18263));
#18255 = ORIENTED_EDGE('',*,*,#18224,.T.);
#18256 = ORIENTED_EDGE('',*,*,#17725,.T.);
#18257 = ORIENTED_EDGE('',*,*,#18258,.F.);
#18258 = EDGE_CURVE('',#17311,#17717,#18259,.T.);
#18259 = LINE('',#18260,#18261);
#18260 = CARTESIAN_POINT('',(165.608,-70.104,0.));
#18261 = VECTOR('',#18262,1.);
#18262 = DIRECTION('',(0.,0.,1.));
#18263 = ORIENTED_EDGE('',*,*,#17319,.F.);
#18264 = PLANE('',#18265);
#18265 = AXIS2_PLACEMENT_3D('',#18266,#18267,#18268);
#18266 = CARTESIAN_POINT('',(160.02,-70.104,0.));
#18267 = DIRECTION('',(0.,1.,0.));
#18268 = DIRECTION('',(1.,0.,0.));
#18269 = ADVANCED_FACE('',(#18270),#18276,.T.);
#18270 = FACE_BOUND('',#18271,.T.);
#18271 = EDGE_LOOP('',(#18272,#18273,#18274,#18275));
#18272 = ORIENTED_EDGE('',*,*,#18258,.T.);
#18273 = ORIENTED_EDGE('',*,*,#17716,.T.);
#18274 = ORIENTED_EDGE('',*,*,#18239,.F.);
#18275 = ORIENTED_EDGE('',*,*,#17310,.F.);
#18276 = CYLINDRICAL_SURFACE('',#18277,2.031999929568);
#18277 = AXIS2_PLACEMENT_3D('',#18278,#18279,#18280);
#18278 = CARTESIAN_POINT('',(165.60800007043,-72.13599992956,0.));
#18279 = DIRECTION('',(0.,0.,-1.));
#18280 = DIRECTION('',(-3.466121298491E-08,1.,0.));
#18281 = ADVANCED_FACE('',(#18282),#18293,.F.);
#18282 = FACE_BOUND('',#18283,.T.);
#18283 = EDGE_LOOP('',(#18284,#18285,#18291,#18292));
#18284 = ORIENTED_EDGE('',*,*,#17371,.T.);
#18285 = ORIENTED_EDGE('',*,*,#18286,.T.);
#18286 = EDGE_CURVE('',#17372,#17778,#18287,.T.);
#18287 = LINE('',#18288,#18289);
#18288 = CARTESIAN_POINT('',(141.224,-109.055,-4.6E-02));
#18289 = VECTOR('',#18290,1.);
#18290 = DIRECTION('',(0.,0.,1.));
#18291 = ORIENTED_EDGE('',*,*,#17777,.F.);
#18292 = ORIENTED_EDGE('',*,*,#18286,.F.);
#18293 = CYLINDRICAL_SURFACE('',#18294,0.375);
#18294 = AXIS2_PLACEMENT_3D('',#18295,#18296,#18297);
#18295 = CARTESIAN_POINT('',(141.224,-108.68,-4.6E-02));
#18296 = DIRECTION('',(-0.,-0.,-1.));
#18297 = DIRECTION('',(-0.,-1.,0.));
#18298 = ADVANCED_FACE('',(#18299),#18310,.F.);
#18299 = FACE_BOUND('',#18300,.T.);
#18300 = EDGE_LOOP('',(#18301,#18302,#18308,#18309));
#18301 = ORIENTED_EDGE('',*,*,#17382,.T.);
#18302 = ORIENTED_EDGE('',*,*,#18303,.T.);
#18303 = EDGE_CURVE('',#17383,#17789,#18304,.T.);
#18304 = LINE('',#18305,#18306);
#18305 = CARTESIAN_POINT('',(141.224,-107.055,-4.6E-02));
#18306 = VECTOR('',#18307,1.);
#18307 = DIRECTION('',(0.,0.,1.));
#18308 = ORIENTED_EDGE('',*,*,#17788,.F.);
#18309 = ORIENTED_EDGE('',*,*,#18303,.F.);
#18310 = CYLINDRICAL_SURFACE('',#18311,0.375);
#18311 = AXIS2_PLACEMENT_3D('',#18312,#18313,#18314);
#18312 = CARTESIAN_POINT('',(141.224,-106.68,-4.6E-02));
#18313 = DIRECTION('',(-0.,-0.,-1.));
#18314 = DIRECTION('',(-0.,-1.,0.));
#18315 = ADVANCED_FACE('',(#18316),#18327,.F.);
#18316 = FACE_BOUND('',#18317,.T.);
#18317 = EDGE_LOOP('',(#18318,#18319,#18325,#18326));
#18318 = ORIENTED_EDGE('',*,*,#17393,.T.);
#18319 = ORIENTED_EDGE('',*,*,#18320,.T.);
#18320 = EDGE_CURVE('',#17394,#17800,#18321,.T.);
#18321 = LINE('',#18322,#18323);
#18322 = CARTESIAN_POINT('',(146.22,-102.198,-4.6E-02));
#18323 = VECTOR('',#18324,1.);
#18324 = DIRECTION('',(0.,0.,1.));
#18325 = ORIENTED_EDGE('',*,*,#17799,.F.);
#18326 = ORIENTED_EDGE('',*,*,#18320,.F.);
#18327 = CYLINDRICAL_SURFACE('',#18328,0.5);
#18328 = AXIS2_PLACEMENT_3D('',#18329,#18330,#18331);
#18329 = CARTESIAN_POINT('',(146.22,-101.698,-4.6E-02));
#18330 = DIRECTION('',(-0.,-0.,-1.));
#18331 = DIRECTION('',(-0.,-1.,0.));
#18332 = ADVANCED_FACE('',(#18333),#18344,.F.);
#18333 = FACE_BOUND('',#18334,.T.);
#18334 = EDGE_LOOP('',(#18335,#18336,#18342,#18343));
#18335 = ORIENTED_EDGE('',*,*,#17404,.T.);
#18336 = ORIENTED_EDGE('',*,*,#18337,.T.);
#18337 = EDGE_CURVE('',#17405,#17811,#18338,.T.);
#18338 = LINE('',#18339,#18340);
#18339 = CARTESIAN_POINT('',(148.76,-102.198,-4.6E-02));
#18340 = VECTOR('',#18341,1.);
#18341 = DIRECTION('',(0.,0.,1.));
#18342 = ORIENTED_EDGE('',*,*,#17810,.F.);
#18343 = ORIENTED_EDGE('',*,*,#18337,.F.);
#18344 = CYLINDRICAL_SURFACE('',#18345,0.5);
#18345 = AXIS2_PLACEMENT_3D('',#18346,#18347,#18348);
#18346 = CARTESIAN_POINT('',(148.76,-101.698,-4.6E-02));
#18347 = DIRECTION('',(-0.,-0.,-1.));
#18348 = DIRECTION('',(-0.,-1.,0.));
#18349 = ADVANCED_FACE('',(#18350),#18361,.F.);
#18350 = FACE_BOUND('',#18351,.T.);
#18351 = EDGE_LOOP('',(#18352,#18353,#18359,#18360));
#18352 = ORIENTED_EDGE('',*,*,#17415,.T.);
#18353 = ORIENTED_EDGE('',*,*,#18354,.T.);
#18354 = EDGE_CURVE('',#17416,#17822,#18355,.T.);
#18355 = LINE('',#18356,#18357);
#18356 = CARTESIAN_POINT('',(151.3,-102.198,-4.6E-02));
#18357 = VECTOR('',#18358,1.);
#18358 = DIRECTION('',(0.,0.,1.));
#18359 = ORIENTED_EDGE('',*,*,#17821,.F.);
#18360 = ORIENTED_EDGE('',*,*,#18354,.F.);
#18361 = CYLINDRICAL_SURFACE('',#18362,0.5);
#18362 = AXIS2_PLACEMENT_3D('',#18363,#18364,#18365);
#18363 = CARTESIAN_POINT('',(151.3,-101.698,-4.6E-02));
#18364 = DIRECTION('',(-0.,-0.,-1.));
#18365 = DIRECTION('',(-0.,-1.,0.));
#18366 = ADVANCED_FACE('',(#18367),#18378,.F.);
#18367 = FACE_BOUND('',#18368,.T.);
#18368 = EDGE_LOOP('',(#18369,#18370,#18376,#18377));
#18369 = ORIENTED_EDGE('',*,*,#17426,.T.);
#18370 = ORIENTED_EDGE('',*,*,#18371,.T.);
#18371 = EDGE_CURVE('',#17427,#17833,#18372,.T.);
#18372 = LINE('',#18373,#18374);
#18373 = CARTESIAN_POINT('',(142.272,-99.136,-4.6E-02));
#18374 = VECTOR('',#18375,1.);
#18375 = DIRECTION('',(0.,0.,1.));
#18376 = ORIENTED_EDGE('',*,*,#17832,.F.);
#18377 = ORIENTED_EDGE('',*,*,#18371,.F.);
#18378 = CYLINDRICAL_SURFACE('',#18379,1.6);
#18379 = AXIS2_PLACEMENT_3D('',#18380,#18381,#18382);
#18380 = CARTESIAN_POINT('',(142.272,-97.536,-4.6E-02));
#18381 = DIRECTION('',(-0.,-0.,-1.));
#18382 = DIRECTION('',(-0.,-1.,0.));
#18383 = ADVANCED_FACE('',(#18384),#18395,.F.);
#18384 = FACE_BOUND('',#18385,.T.);
#18385 = EDGE_LOOP('',(#18386,#18387,#18393,#18394));
#18386 = ORIENTED_EDGE('',*,*,#17437,.T.);
#18387 = ORIENTED_EDGE('',*,*,#18388,.T.);
#18388 = EDGE_CURVE('',#17438,#17844,#18389,.T.);
#18389 = LINE('',#18390,#18391);
#18390 = CARTESIAN_POINT('',(153.84,-102.198,-4.6E-02));
#18391 = VECTOR('',#18392,1.);
#18392 = DIRECTION('',(0.,0.,1.));
#18393 = ORIENTED_EDGE('',*,*,#17843,.F.);
#18394 = ORIENTED_EDGE('',*,*,#18388,.F.);
#18395 = CYLINDRICAL_SURFACE('',#18396,0.5);
#18396 = AXIS2_PLACEMENT_3D('',#18397,#18398,#18399);
#18397 = CARTESIAN_POINT('',(153.84,-101.698,-4.6E-02));
#18398 = DIRECTION('',(-0.,-0.,-1.));
#18399 = DIRECTION('',(-0.,-1.,0.));
#18400 = ADVANCED_FACE('',(#18401),#18412,.F.);
#18401 = FACE_BOUND('',#18402,.T.);
#18402 = EDGE_LOOP('',(#18403,#18404,#18410,#18411));
#18403 = ORIENTED_EDGE('',*,*,#17448,.T.);
#18404 = ORIENTED_EDGE('',*,*,#18405,.T.);
#18405 = EDGE_CURVE('',#17449,#17855,#18406,.T.);
#18406 = LINE('',#18407,#18408);
#18407 = CARTESIAN_POINT('',(156.38,-102.198,-4.6E-02));
#18408 = VECTOR('',#18409,1.);
#18409 = DIRECTION('',(0.,0.,1.));
#18410 = ORIENTED_EDGE('',*,*,#17854,.F.);
#18411 = ORIENTED_EDGE('',*,*,#18405,.F.);
#18412 = CYLINDRICAL_SURFACE('',#18413,0.5);
#18413 = AXIS2_PLACEMENT_3D('',#18414,#18415,#18416);
#18414 = CARTESIAN_POINT('',(156.38,-101.698,-4.6E-02));
#18415 = DIRECTION('',(-0.,-0.,-1.));
#18416 = DIRECTION('',(-0.,-1.,0.));
#18417 = ADVANCED_FACE('',(#18418),#18429,.F.);
#18418 = FACE_BOUND('',#18419,.T.);
#18419 = EDGE_LOOP('',(#18420,#18421,#18427,#18428));
#18420 = ORIENTED_EDGE('',*,*,#17459,.T.);
#18421 = ORIENTED_EDGE('',*,*,#18422,.T.);
#18422 = EDGE_CURVE('',#17460,#17866,#18423,.T.);
#18423 = LINE('',#18424,#18425);
#18424 = CARTESIAN_POINT('',(158.92,-102.198,-4.6E-02));
#18425 = VECTOR('',#18426,1.);
#18426 = DIRECTION('',(0.,0.,1.));
#18427 = ORIENTED_EDGE('',*,*,#17865,.F.);
#18428 = ORIENTED_EDGE('',*,*,#18422,.F.);
#18429 = CYLINDRICAL_SURFACE('',#18430,0.5);
#18430 = AXIS2_PLACEMENT_3D('',#18431,#18432,#18433);
#18431 = CARTESIAN_POINT('',(158.92,-101.698,-4.6E-02));
#18432 = DIRECTION('',(-0.,-0.,-1.));
#18433 = DIRECTION('',(-0.,-1.,0.));
#18434 = ADVANCED_FACE('',(#18435),#18446,.F.);
#18435 = FACE_BOUND('',#18436,.T.);
#18436 = EDGE_LOOP('',(#18437,#18438,#18444,#18445));
#18437 = ORIENTED_EDGE('',*,*,#17470,.T.);
#18438 = ORIENTED_EDGE('',*,*,#18439,.T.);
#18439 = EDGE_CURVE('',#17471,#17877,#18440,.T.);
#18440 = LINE('',#18441,#18442);
#18441 = CARTESIAN_POINT('',(162.272,-99.136,-4.6E-02));
#18442 = VECTOR('',#18443,1.);
#18443 = DIRECTION('',(0.,0.,1.));
#18444 = ORIENTED_EDGE('',*,*,#17876,.F.);
#18445 = ORIENTED_EDGE('',*,*,#18439,.F.);
#18446 = CYLINDRICAL_SURFACE('',#18447,1.6);
#18447 = AXIS2_PLACEMENT_3D('',#18448,#18449,#18450);
#18448 = CARTESIAN_POINT('',(162.272,-97.536,-4.6E-02));
#18449 = DIRECTION('',(-0.,-0.,-1.));
#18450 = DIRECTION('',(-0.,-1.,0.));
#18451 = ADVANCED_FACE('',(#18452),#18463,.F.);
#18452 = FACE_BOUND('',#18453,.T.);
#18453 = EDGE_LOOP('',(#18454,#18455,#18461,#18462));
#18454 = ORIENTED_EDGE('',*,*,#17481,.T.);
#18455 = ORIENTED_EDGE('',*,*,#18456,.T.);
#18456 = EDGE_CURVE('',#17482,#17888,#18457,.T.);
#18457 = LINE('',#18458,#18459);
#18458 = CARTESIAN_POINT('',(144.78,-88.8365,-4.6E-02));
#18459 = VECTOR('',#18460,1.);
#18460 = DIRECTION('',(0.,0.,1.));
#18461 = ORIENTED_EDGE('',*,*,#17887,.F.);
#18462 = ORIENTED_EDGE('',*,*,#18456,.F.);
#18463 = CYLINDRICAL_SURFACE('',#18464,0.4445);
#18464 = AXIS2_PLACEMENT_3D('',#18465,#18466,#18467);
#18465 = CARTESIAN_POINT('',(144.78,-88.392,-4.6E-02));
#18466 = DIRECTION('',(-0.,-0.,-1.));
#18467 = DIRECTION('',(-0.,-1.,0.));
#18468 = ADVANCED_FACE('',(#18469),#18480,.F.);
#18469 = FACE_BOUND('',#18470,.T.);
#18470 = EDGE_LOOP('',(#18471,#18472,#18478,#18479));
#18471 = ORIENTED_EDGE('',*,*,#17492,.T.);
#18472 = ORIENTED_EDGE('',*,*,#18473,.T.);
#18473 = EDGE_CURVE('',#17493,#17899,#18474,.T.);
#18474 = LINE('',#18475,#18476);
#18475 = CARTESIAN_POINT('',(144.78,-86.2965,-4.6E-02));
#18476 = VECTOR('',#18477,1.);
#18477 = DIRECTION('',(0.,0.,1.));
#18478 = ORIENTED_EDGE('',*,*,#17898,.F.);
#18479 = ORIENTED_EDGE('',*,*,#18473,.F.);
#18480 = CYLINDRICAL_SURFACE('',#18481,0.4445);
#18481 = AXIS2_PLACEMENT_3D('',#18482,#18483,#18484);
#18482 = CARTESIAN_POINT('',(144.78,-85.852,-4.6E-02));
#18483 = DIRECTION('',(-0.,-0.,-1.));
#18484 = DIRECTION('',(-0.,-1.,0.));
#18485 = ADVANCED_FACE('',(#18486),#18497,.F.);
#18486 = FACE_BOUND('',#18487,.T.);
#18487 = EDGE_LOOP('',(#18488,#18489,#18495,#18496));
#18488 = ORIENTED_EDGE('',*,*,#17503,.T.);
#18489 = ORIENTED_EDGE('',*,*,#18490,.T.);
#18490 = EDGE_CURVE('',#17504,#17910,#18491,.T.);
#18491 = LINE('',#18492,#18493);
#18492 = CARTESIAN_POINT('',(144.78,-83.7565,-4.6E-02));
#18493 = VECTOR('',#18494,1.);
#18494 = DIRECTION('',(0.,0.,1.));
#18495 = ORIENTED_EDGE('',*,*,#17909,.F.);
#18496 = ORIENTED_EDGE('',*,*,#18490,.F.);
#18497 = CYLINDRICAL_SURFACE('',#18498,0.4445);
#18498 = AXIS2_PLACEMENT_3D('',#18499,#18500,#18501);
#18499 = CARTESIAN_POINT('',(144.78,-83.312,-4.6E-02));
#18500 = DIRECTION('',(-0.,-0.,-1.));
#18501 = DIRECTION('',(-0.,-1.,0.));
#18502 = ADVANCED_FACE('',(#18503),#18514,.F.);
#18503 = FACE_BOUND('',#18504,.T.);
#18504 = EDGE_LOOP('',(#18505,#18506,#18512,#18513));
#18505 = ORIENTED_EDGE('',*,*,#17514,.T.);
#18506 = ORIENTED_EDGE('',*,*,#18507,.T.);
#18507 = EDGE_CURVE('',#17515,#17921,#18508,.T.);
#18508 = LINE('',#18509,#18510);
#18509 = CARTESIAN_POINT('',(140.208,-81.531,-4.6E-02));
#18510 = VECTOR('',#18511,1.);
#18511 = DIRECTION('',(0.,0.,1.));
#18512 = ORIENTED_EDGE('',*,*,#17920,.F.);
#18513 = ORIENTED_EDGE('',*,*,#18507,.F.);
#18514 = CYLINDRICAL_SURFACE('',#18515,0.5);
#18515 = AXIS2_PLACEMENT_3D('',#18516,#18517,#18518);
#18516 = CARTESIAN_POINT('',(140.208,-81.031,-4.6E-02));
#18517 = DIRECTION('',(-0.,-0.,-1.));
#18518 = DIRECTION('',(-0.,-1.,0.));
#18519 = ADVANCED_FACE('',(#18520),#18531,.F.);
#18520 = FACE_BOUND('',#18521,.T.);
#18521 = EDGE_LOOP('',(#18522,#18523,#18529,#18530));
#18522 = ORIENTED_EDGE('',*,*,#17525,.T.);
#18523 = ORIENTED_EDGE('',*,*,#18524,.T.);
#18524 = EDGE_CURVE('',#17526,#17932,#18525,.T.);
#18525 = LINE('',#18526,#18527);
#18526 = CARTESIAN_POINT('',(140.208,-78.991,-4.6E-02));
#18527 = VECTOR('',#18528,1.);
#18528 = DIRECTION('',(0.,0.,1.));
#18529 = ORIENTED_EDGE('',*,*,#17931,.F.);
#18530 = ORIENTED_EDGE('',*,*,#18524,.F.);
#18531 = CYLINDRICAL_SURFACE('',#18532,0.5);
#18532 = AXIS2_PLACEMENT_3D('',#18533,#18534,#18535);
#18533 = CARTESIAN_POINT('',(140.208,-78.491,-4.6E-02));
#18534 = DIRECTION('',(-0.,-0.,-1.));
#18535 = DIRECTION('',(-0.,-1.,0.));
#18536 = ADVANCED_FACE('',(#18537),#18548,.F.);
#18537 = FACE_BOUND('',#18538,.T.);
#18538 = EDGE_LOOP('',(#18539,#18540,#18546,#18547));
#18539 = ORIENTED_EDGE('',*,*,#17536,.T.);
#18540 = ORIENTED_EDGE('',*,*,#18541,.T.);
#18541 = EDGE_CURVE('',#17537,#17943,#18542,.T.);
#18542 = LINE('',#18543,#18544);
#18543 = CARTESIAN_POINT('',(144.78,-81.2165,-4.6E-02));
#18544 = VECTOR('',#18545,1.);
#18545 = DIRECTION('',(0.,0.,1.));
#18546 = ORIENTED_EDGE('',*,*,#17942,.F.);
#18547 = ORIENTED_EDGE('',*,*,#18541,.F.);
#18548 = CYLINDRICAL_SURFACE('',#18549,0.4445);
#18549 = AXIS2_PLACEMENT_3D('',#18550,#18551,#18552);
#18550 = CARTESIAN_POINT('',(144.78,-80.772,-4.6E-02));
#18551 = DIRECTION('',(-0.,-0.,-1.));
#18552 = DIRECTION('',(-0.,-1.,0.));
#18553 = ADVANCED_FACE('',(#18554),#18565,.F.);
#18554 = FACE_BOUND('',#18555,.T.);
#18555 = EDGE_LOOP('',(#18556,#18557,#18563,#18564));
#18556 = ORIENTED_EDGE('',*,*,#17547,.T.);
#18557 = ORIENTED_EDGE('',*,*,#18558,.T.);
#18558 = EDGE_CURVE('',#17548,#17954,#18559,.T.);
#18559 = LINE('',#18560,#18561);
#18560 = CARTESIAN_POINT('',(144.78,-78.6765,-4.6E-02));
#18561 = VECTOR('',#18562,1.);
#18562 = DIRECTION('',(0.,0.,1.));
#18563 = ORIENTED_EDGE('',*,*,#17953,.F.);
#18564 = ORIENTED_EDGE('',*,*,#18558,.F.);
#18565 = CYLINDRICAL_SURFACE('',#18566,0.4445);
#18566 = AXIS2_PLACEMENT_3D('',#18567,#18568,#18569);
#18567 = CARTESIAN_POINT('',(144.78,-78.232,-4.6E-02));
#18568 = DIRECTION('',(-0.,-0.,-1.));
#18569 = DIRECTION('',(-0.,-1.,0.));
#18570 = ADVANCED_FACE('',(#18571),#18582,.F.);
#18571 = FACE_BOUND('',#18572,.T.);
#18572 = EDGE_LOOP('',(#18573,#18574,#18580,#18581));
#18573 = ORIENTED_EDGE('',*,*,#17558,.T.);
#18574 = ORIENTED_EDGE('',*,*,#18575,.T.);
#18575 = EDGE_CURVE('',#17559,#17965,#18576,.T.);
#18576 = LINE('',#18577,#18578);
#18577 = CARTESIAN_POINT('',(144.78,-76.1365,-4.6E-02));
#18578 = VECTOR('',#18579,1.);
#18579 = DIRECTION('',(0.,0.,1.));
#18580 = ORIENTED_EDGE('',*,*,#17964,.F.);
#18581 = ORIENTED_EDGE('',*,*,#18575,.F.);
#18582 = CYLINDRICAL_SURFACE('',#18583,0.4445);
#18583 = AXIS2_PLACEMENT_3D('',#18584,#18585,#18586);
#18584 = CARTESIAN_POINT('',(144.78,-75.692,-4.6E-02));
#18585 = DIRECTION('',(-0.,-0.,-1.));
#18586 = DIRECTION('',(-0.,-1.,0.));
#18587 = ADVANCED_FACE('',(#18588),#18599,.F.);
#18588 = FACE_BOUND('',#18589,.T.);
#18589 = EDGE_LOOP('',(#18590,#18591,#18597,#18598));
#18590 = ORIENTED_EDGE('',*,*,#17569,.T.);
#18591 = ORIENTED_EDGE('',*,*,#18592,.T.);
#18592 = EDGE_CURVE('',#17570,#17976,#18593,.T.);
#18593 = LINE('',#18594,#18595);
#18594 = CARTESIAN_POINT('',(144.78,-73.5965,-4.6E-02));
#18595 = VECTOR('',#18596,1.);
#18596 = DIRECTION('',(0.,0.,1.));
#18597 = ORIENTED_EDGE('',*,*,#17975,.F.);
#18598 = ORIENTED_EDGE('',*,*,#18592,.F.);
#18599 = CYLINDRICAL_SURFACE('',#18600,0.4445);
#18600 = AXIS2_PLACEMENT_3D('',#18601,#18602,#18603);
#18601 = CARTESIAN_POINT('',(144.78,-73.152,-4.6E-02));
#18602 = DIRECTION('',(-0.,-0.,-1.));
#18603 = DIRECTION('',(-0.,-1.,0.));
#18604 = ADVANCED_FACE('',(#18605),#18616,.F.);
#18605 = FACE_BOUND('',#18606,.T.);
#18606 = EDGE_LOOP('',(#18607,#18608,#18614,#18615));
#18607 = ORIENTED_EDGE('',*,*,#17580,.T.);
#18608 = ORIENTED_EDGE('',*,*,#18609,.T.);
#18609 = EDGE_CURVE('',#17581,#17987,#18610,.T.);
#18610 = LINE('',#18611,#18612);
#18611 = CARTESIAN_POINT('',(160.02,-88.8365,-4.6E-02));
#18612 = VECTOR('',#18613,1.);
#18613 = DIRECTION('',(0.,0.,1.));
#18614 = ORIENTED_EDGE('',*,*,#17986,.F.);
#18615 = ORIENTED_EDGE('',*,*,#18609,.F.);
#18616 = CYLINDRICAL_SURFACE('',#18617,0.4445);
#18617 = AXIS2_PLACEMENT_3D('',#18618,#18619,#18620);
#18618 = CARTESIAN_POINT('',(160.02,-88.392,-4.6E-02));
#18619 = DIRECTION('',(-0.,0.,-1.));
#18620 = DIRECTION('',(6.39408536117E-14,-1.,-0.));
#18621 = ADVANCED_FACE('',(#18622),#18633,.F.);
#18622 = FACE_BOUND('',#18623,.T.);
#18623 = EDGE_LOOP('',(#18624,#18625,#18631,#18632));
#18624 = ORIENTED_EDGE('',*,*,#17591,.T.);
#18625 = ORIENTED_EDGE('',*,*,#18626,.T.);
#18626 = EDGE_CURVE('',#17592,#17998,#18627,.T.);
#18627 = LINE('',#18628,#18629);
#18628 = CARTESIAN_POINT('',(160.02,-86.2965,-4.6E-02));
#18629 = VECTOR('',#18630,1.);
#18630 = DIRECTION('',(0.,0.,1.));
#18631 = ORIENTED_EDGE('',*,*,#17997,.F.);
#18632 = ORIENTED_EDGE('',*,*,#18626,.F.);
#18633 = CYLINDRICAL_SURFACE('',#18634,0.4445);
#18634 = AXIS2_PLACEMENT_3D('',#18635,#18636,#18637);
#18635 = CARTESIAN_POINT('',(160.02,-85.852,-4.6E-02));
#18636 = DIRECTION('',(-0.,0.,-1.));
#18637 = DIRECTION('',(6.394085361171E-14,-1.,-0.));
#18638 = ADVANCED_FACE('',(#18639),#18650,.F.);
#18639 = FACE_BOUND('',#18640,.T.);
#18640 = EDGE_LOOP('',(#18641,#18642,#18648,#18649));
#18641 = ORIENTED_EDGE('',*,*,#17602,.T.);
#18642 = ORIENTED_EDGE('',*,*,#18643,.T.);
#18643 = EDGE_CURVE('',#17603,#18009,#18644,.T.);
#18644 = LINE('',#18645,#18646);
#18645 = CARTESIAN_POINT('',(160.02,-83.7565,-4.6E-02));
#18646 = VECTOR('',#18647,1.);
#18647 = DIRECTION('',(0.,0.,1.));
#18648 = ORIENTED_EDGE('',*,*,#18008,.F.);
#18649 = ORIENTED_EDGE('',*,*,#18643,.F.);
#18650 = CYLINDRICAL_SURFACE('',#18651,0.4445);
#18651 = AXIS2_PLACEMENT_3D('',#18652,#18653,#18654);
#18652 = CARTESIAN_POINT('',(160.02,-83.312,-4.6E-02));
#18653 = DIRECTION('',(-0.,0.,-1.));
#18654 = DIRECTION('',(6.39408536117E-14,-1.,-0.));
#18655 = ADVANCED_FACE('',(#18656),#18667,.F.);
#18656 = FACE_BOUND('',#18657,.T.);
#18657 = EDGE_LOOP('',(#18658,#18659,#18665,#18666));
#18658 = ORIENTED_EDGE('',*,*,#17613,.T.);
#18659 = ORIENTED_EDGE('',*,*,#18660,.T.);
#18660 = EDGE_CURVE('',#17614,#18020,#18661,.T.);
#18661 = LINE('',#18662,#18663);
#18662 = CARTESIAN_POINT('',(160.02,-81.2165,-4.6E-02));
#18663 = VECTOR('',#18664,1.);
#18664 = DIRECTION('',(0.,0.,1.));
#18665 = ORIENTED_EDGE('',*,*,#18019,.F.);
#18666 = ORIENTED_EDGE('',*,*,#18660,.F.);
#18667 = CYLINDRICAL_SURFACE('',#18668,0.4445);
#18668 = AXIS2_PLACEMENT_3D('',#18669,#18670,#18671);
#18669 = CARTESIAN_POINT('',(160.02,-80.772,-4.6E-02));
#18670 = DIRECTION('',(-0.,0.,-1.));
#18671 = DIRECTION('',(6.39408536117E-14,-1.,-0.));
#18672 = ADVANCED_FACE('',(#18673),#18684,.F.);
#18673 = FACE_BOUND('',#18674,.T.);
#18674 = EDGE_LOOP('',(#18675,#18676,#18682,#18683));
#18675 = ORIENTED_EDGE('',*,*,#17624,.T.);
#18676 = ORIENTED_EDGE('',*,*,#18677,.T.);
#18677 = EDGE_CURVE('',#17625,#18031,#18678,.T.);
#18678 = LINE('',#18679,#18680);
#18679 = CARTESIAN_POINT('',(160.02,-78.6765,-4.6E-02));
#18680 = VECTOR('',#18681,1.);
#18681 = DIRECTION('',(0.,0.,1.));
#18682 = ORIENTED_EDGE('',*,*,#18030,.F.);
#18683 = ORIENTED_EDGE('',*,*,#18677,.F.);
#18684 = CYLINDRICAL_SURFACE('',#18685,0.4445);
#18685 = AXIS2_PLACEMENT_3D('',#18686,#18687,#18688);
#18686 = CARTESIAN_POINT('',(160.02,-78.232,-4.6E-02));
#18687 = DIRECTION('',(-0.,0.,-1.));
#18688 = DIRECTION('',(6.39408536117E-14,-1.,-0.));
#18689 = ADVANCED_FACE('',(#18690),#18701,.F.);
#18690 = FACE_BOUND('',#18691,.T.);
#18691 = EDGE_LOOP('',(#18692,#18693,#18699,#18700));
#18692 = ORIENTED_EDGE('',*,*,#17635,.T.);
#18693 = ORIENTED_EDGE('',*,*,#18694,.T.);
#18694 = EDGE_CURVE('',#17636,#18042,#18695,.T.);
#18695 = LINE('',#18696,#18697);
#18696 = CARTESIAN_POINT('',(160.02,-76.1365,-4.6E-02));
#18697 = VECTOR('',#18698,1.);
#18698 = DIRECTION('',(0.,0.,1.));
#18699 = ORIENTED_EDGE('',*,*,#18041,.F.);
#18700 = ORIENTED_EDGE('',*,*,#18694,.F.);
#18701 = CYLINDRICAL_SURFACE('',#18702,0.4445);
#18702 = AXIS2_PLACEMENT_3D('',#18703,#18704,#18705);
#18703 = CARTESIAN_POINT('',(160.02,-75.692,-4.6E-02));
#18704 = DIRECTION('',(-0.,0.,-1.));
#18705 = DIRECTION('',(6.39408536117E-14,-1.,-0.));
#18706 = ADVANCED_FACE('',(#18707),#18718,.F.);
#18707 = FACE_BOUND('',#18708,.T.);
#18708 = EDGE_LOOP('',(#18709,#18710,#18716,#18717));
#18709 = ORIENTED_EDGE('',*,*,#17646,.T.);
#18710 = ORIENTED_EDGE('',*,*,#18711,.T.);
#18711 = EDGE_CURVE('',#17647,#18053,#18712,.T.);
#18712 = LINE('',#18713,#18714);
#18713 = CARTESIAN_POINT('',(160.02,-73.5965,-4.6E-02));
#18714 = VECTOR('',#18715,1.);
#18715 = DIRECTION('',(0.,0.,1.));
#18716 = ORIENTED_EDGE('',*,*,#18052,.F.);
#18717 = ORIENTED_EDGE('',*,*,#18711,.F.);
#18718 = CYLINDRICAL_SURFACE('',#18719,0.4445);
#18719 = AXIS2_PLACEMENT_3D('',#18720,#18721,#18722);
#18720 = CARTESIAN_POINT('',(160.02,-73.152,-4.6E-02));
#18721 = DIRECTION('',(-0.,0.,-1.));
#18722 = DIRECTION('',(6.39408536117E-14,-1.,-0.));
#18723 = ( GEOMETRIC_REPRESENTATION_CONTEXT(3) 
GLOBAL_UNCERTAINTY_ASSIGNED_CONTEXT((#18727)) 
GLOBAL_UNIT_ASSIGNED_CONTEXT((#18724,#18725,#18726)) 
REPRESENTATION_CONTEXT('Context #1',
  '3D Context with UNIT and UNCERTAINTY') );
#18724 = ( LENGTH_UNIT() NAMED_UNIT(*) SI_UNIT(.MILLI.,.METRE.) );
#18725 = ( NAMED_UNIT(*) PLANE_ANGLE_UNIT() SI_UNIT($,.RADIAN.) );
#18726 = ( NAMED_UNIT(*) SI_UNIT($,.STERADIAN.) SOLID_ANGLE_UNIT() );
#18727 = UNCERTAINTY_MEASURE_WITH_UNIT(LENGTH_MEASURE(1.E-07),#18724,
  'distance_accuracy_value','confusion accuracy');
#18728 = CONTEXT_DEPENDENT_SHAPE_REPRESENTATION(#18729,#18731);
#18729 = ( REPRESENTATION_RELATIONSHIP('','',#17146,#10) 
REPRESENTATION_RELATIONSHIP_WITH_TRANSFORMATION(#18730) 
SHAPE_REPRESENTATION_RELATIONSHIP() );
#18730 = ITEM_DEFINED_TRANSFORMATION('','',#11,#59);
#18731 = PRODUCT_DEFINITION_SHAPE('Placement','Placement of an item',
  #18732);
#18732 = NEXT_ASSEMBLY_USAGE_OCCURRENCE('12','=>[0:1:1:10]','',#5,#17141
  ,$);
#18733 = PRODUCT_RELATED_PRODUCT_CATEGORY('part',$,(#17143));
#18734 = SHAPE_DEFINITION_REPRESENTATION(#18735,#18741);
#18735 = PRODUCT_DEFINITION_SHAPE('','',#18736);
#18736 = PRODUCT_DEFINITION('design','',#18737,#18740);
#18737 = PRODUCT_DEFINITION_FORMATION('','',#18738);
#18738 = PRODUCT('Brine 2','Brine 2','',(#18739));
#18739 = PRODUCT_CONTEXT('',#2,'mechanical');
#18740 = PRODUCT_DEFINITION_CONTEXT('part definition',#2,'design');
#18741 = SHAPE_REPRESENTATION('',(#11),#18742);
#18742 = ( GEOMETRIC_REPRESENTATION_CONTEXT(3) 
GLOBAL_UNCERTAINTY_ASSIGNED_CONTEXT((#18746)) 
GLOBAL_UNIT_ASSIGNED_CONTEXT((#18743,#18744,#18745)) 
REPRESENTATION_CONTEXT('Context #1',
  '3D Context with UNIT and UNCERTAINTY') );
#18743 = ( LENGTH_UNIT() NAMED_UNIT(*) SI_UNIT(.MILLI.,.METRE.) );
#18744 = ( NAMED_UNIT(*) PLANE_ANGLE_UNIT() SI_UNIT($,.RADIAN.) );
#18745 = ( NAMED_UNIT(*) SI_UNIT($,.STERADIAN.) SOLID_ANGLE_UNIT() );
#18746 = UNCERTAINTY_MEASURE_WITH_UNIT(LENGTH_MEASURE(1.E-07),#18743,
  'distance_accuracy_value','confusion accuracy');
#18747 = PRODUCT_RELATED_PRODUCT_CATEGORY('part',$,(#18738));
#18748 = MECHANICAL_DESIGN_GEOMETRIC_PRESENTATION_REPRESENTATION('',(
    #18749,#18757,#18764,#18771,#18778,#18785,#18792,#18799,#18807,
    #18814,#18821,#18828,#18835,#18842,#18850,#18857,#18864,#18871,
    #18878,#18885,#18892,#18899,#18906,#18913,#18920,#18927),#867);
#18749 = STYLED_ITEM('color',(#18750),#79);
#18750 = PRESENTATION_STYLE_ASSIGNMENT((#18751));
#18751 = SURFACE_STYLE_USAGE(.BOTH.,#18752);
#18752 = SURFACE_SIDE_STYLE('',(#18753));
#18753 = SURFACE_STYLE_FILL_AREA(#18754);
#18754 = FILL_AREA_STYLE('',(#18755));
#18755 = FILL_AREA_STYLE_COLOUR('',#18756);
#18756 = COLOUR_RGB('',0.823999987314,0.819999987296,0.781000009244);
#18757 = STYLED_ITEM('color',(#18758),#119);
#18758 = PRESENTATION_STYLE_ASSIGNMENT((#18759));
#18759 = SURFACE_STYLE_USAGE(.BOTH.,#18760);
#18760 = SURFACE_SIDE_STYLE('',(#18761));
#18761 = SURFACE_STYLE_FILL_AREA(#18762);
#18762 = FILL_AREA_STYLE('',(#18763));
#18763 = FILL_AREA_STYLE_COLOUR('',#18756);
#18764 = STYLED_ITEM('color',(#18765),#202);
#18765 = PRESENTATION_STYLE_ASSIGNMENT((#18766));
#18766 = SURFACE_STYLE_USAGE(.BOTH.,#18767);
#18767 = SURFACE_SIDE_STYLE('',(#18768));
#18768 = SURFACE_STYLE_FILL_AREA(#18769);
#18769 = FILL_AREA_STYLE('',(#18770));
#18770 = FILL_AREA_STYLE_COLOUR('',#18756);
#18771 = STYLED_ITEM('color',(#18772),#227);
#18772 = PRESENTATION_STYLE_ASSIGNMENT((#18773));
#18773 = SURFACE_STYLE_USAGE(.BOTH.,#18774);
#18774 = SURFACE_SIDE_STYLE('',(#18775));
#18775 = SURFACE_STYLE_FILL_AREA(#18776);
#18776 = FILL_AREA_STYLE('',(#18777));
#18777 = FILL_AREA_STYLE_COLOUR('',#18756);
#18778 = STYLED_ITEM('color',(#18779),#252);
#18779 = PRESENTATION_STYLE_ASSIGNMENT((#18780));
#18780 = SURFACE_STYLE_USAGE(.BOTH.,#18781);
#18781 = SURFACE_SIDE_STYLE('',(#18782));
#18782 = SURFACE_STYLE_FILL_AREA(#18783);
#18783 = FILL_AREA_STYLE('',(#18784));
#18784 = FILL_AREA_STYLE_COLOUR('',#18756);
#18785 = STYLED_ITEM('color',(#18786),#319);
#18786 = PRESENTATION_STYLE_ASSIGNMENT((#18787));
#18787 = SURFACE_STYLE_USAGE(.BOTH.,#18788);
#18788 = SURFACE_SIDE_STYLE('',(#18789));
#18789 = SURFACE_STYLE_FILL_AREA(#18790);
#18790 = FILL_AREA_STYLE('',(#18791));
#18791 = FILL_AREA_STYLE_COLOUR('',#18756);
#18792 = STYLED_ITEM('color',(#18793),#336);
#18793 = PRESENTATION_STYLE_ASSIGNMENT((#18794));
#18794 = SURFACE_STYLE_USAGE(.BOTH.,#18795);
#18795 = SURFACE_SIDE_STYLE('',(#18796));
#18796 = SURFACE_STYLE_FILL_AREA(#18797);
#18797 = FILL_AREA_STYLE('',(#18798));
#18798 = FILL_AREA_STYLE_COLOUR('',#18756);
#18799 = STYLED_ITEM('color',(#18800),#353);
#18800 = PRESENTATION_STYLE_ASSIGNMENT((#18801));
#18801 = SURFACE_STYLE_USAGE(.BOTH.,#18802);
#18802 = SURFACE_SIDE_STYLE('',(#18803));
#18803 = SURFACE_STYLE_FILL_AREA(#18804);
#18804 = FILL_AREA_STYLE('',(#18805));
#18805 = FILL_AREA_STYLE_COLOUR('',#18806);
#18806 = COLOUR_RGB('',0.894999966383,0.890999961016,0.813000030345);
#18807 = STYLED_ITEM('color',(#18808),#402);
#18808 = PRESENTATION_STYLE_ASSIGNMENT((#18809));
#18809 = SURFACE_STYLE_USAGE(.BOTH.,#18810);
#18810 = SURFACE_SIDE_STYLE('',(#18811));
#18811 = SURFACE_STYLE_FILL_AREA(#18812);
#18812 = FILL_AREA_STYLE('',(#18813));
#18813 = FILL_AREA_STYLE_COLOUR('',#18756);
#18814 = STYLED_ITEM('color',(#18815),#419);
#18815 = PRESENTATION_STYLE_ASSIGNMENT((#18816));
#18816 = SURFACE_STYLE_USAGE(.BOTH.,#18817);
#18817 = SURFACE_SIDE_STYLE('',(#18818));
#18818 = SURFACE_STYLE_FILL_AREA(#18819);
#18819 = FILL_AREA_STYLE('',(#18820));
#18820 = FILL_AREA_STYLE_COLOUR('',#18756);
#18821 = STYLED_ITEM('color',(#18822),#436);
#18822 = PRESENTATION_STYLE_ASSIGNMENT((#18823));
#18823 = SURFACE_STYLE_USAGE(.BOTH.,#18824);
#18824 = SURFACE_SIDE_STYLE('',(#18825));
#18825 = SURFACE_STYLE_FILL_AREA(#18826);
#18826 = FILL_AREA_STYLE('',(#18827));
#18827 = FILL_AREA_STYLE_COLOUR('',#18806);
#18828 = STYLED_ITEM('color',(#18829),#485);
#18829 = PRESENTATION_STYLE_ASSIGNMENT((#18830));
#18830 = SURFACE_STYLE_USAGE(.BOTH.,#18831);
#18831 = SURFACE_SIDE_STYLE('',(#18832));
#18832 = SURFACE_STYLE_FILL_AREA(#18833);
#18833 = FILL_AREA_STYLE('',(#18834));
#18834 = FILL_AREA_STYLE_COLOUR('',#18806);
#18835 = STYLED_ITEM('color',(#18836),#502);
#18836 = PRESENTATION_STYLE_ASSIGNMENT((#18837));
#18837 = SURFACE_STYLE_USAGE(.BOTH.,#18838);
#18838 = SURFACE_SIDE_STYLE('',(#18839));
#18839 = SURFACE_STYLE_FILL_AREA(#18840);
#18840 = FILL_AREA_STYLE('',(#18841));
#18841 = FILL_AREA_STYLE_COLOUR('',#18756);
#18842 = STYLED_ITEM('color',(#18843),#571);
#18843 = PRESENTATION_STYLE_ASSIGNMENT((#18844));
#18844 = SURFACE_STYLE_USAGE(.BOTH.,#18845);
#18845 = SURFACE_SIDE_STYLE('',(#18846));
#18846 = SURFACE_STYLE_FILL_AREA(#18847);
#18847 = FILL_AREA_STYLE('',(#18848));
#18848 = FILL_AREA_STYLE_COLOUR('',#18849);
#18849 = COLOUR_RGB('',8.200000279077E-02,8.600000121357E-02,
  9.399999706163E-02);
#18850 = STYLED_ITEM('color',(#18851),#602);
#18851 = PRESENTATION_STYLE_ASSIGNMENT((#18852));
#18852 = SURFACE_STYLE_USAGE(.BOTH.,#18853);
#18853 = SURFACE_SIDE_STYLE('',(#18854));
#18854 = SURFACE_STYLE_FILL_AREA(#18855);
#18855 = FILL_AREA_STYLE('',(#18856));
#18856 = FILL_AREA_STYLE_COLOUR('',#18849);
#18857 = STYLED_ITEM('color',(#18858),#626);
#18858 = PRESENTATION_STYLE_ASSIGNMENT((#18859));
#18859 = SURFACE_STYLE_USAGE(.BOTH.,#18860);
#18860 = SURFACE_SIDE_STYLE('',(#18861));
#18861 = SURFACE_STYLE_FILL_AREA(#18862);
#18862 = FILL_AREA_STYLE('',(#18863));
#18863 = FILL_AREA_STYLE_COLOUR('',#18756);
#18864 = STYLED_ITEM('color',(#18865),#695);
#18865 = PRESENTATION_STYLE_ASSIGNMENT((#18866));
#18866 = SURFACE_STYLE_USAGE(.BOTH.,#18867);
#18867 = SURFACE_SIDE_STYLE('',(#18868));
#18868 = SURFACE_STYLE_FILL_AREA(#18869);
#18869 = FILL_AREA_STYLE('',(#18870));
#18870 = FILL_AREA_STYLE_COLOUR('',#18849);
#18871 = STYLED_ITEM('color',(#18872),#719);
#18872 = PRESENTATION_STYLE_ASSIGNMENT((#18873));
#18873 = SURFACE_STYLE_USAGE(.BOTH.,#18874);
#18874 = SURFACE_SIDE_STYLE('',(#18875));
#18875 = SURFACE_STYLE_FILL_AREA(#18876);
#18876 = FILL_AREA_STYLE('',(#18877));
#18877 = FILL_AREA_STYLE_COLOUR('',#18756);
#18878 = STYLED_ITEM('color',(#18879),#736);
#18879 = PRESENTATION_STYLE_ASSIGNMENT((#18880));
#18880 = SURFACE_STYLE_USAGE(.BOTH.,#18881);
#18881 = SURFACE_SIDE_STYLE('',(#18882));
#18882 = SURFACE_STYLE_FILL_AREA(#18883);
#18883 = FILL_AREA_STYLE('',(#18884));
#18884 = FILL_AREA_STYLE_COLOUR('',#18756);
#18885 = STYLED_ITEM('color',(#18886),#753);
#18886 = PRESENTATION_STYLE_ASSIGNMENT((#18887));
#18887 = SURFACE_STYLE_USAGE(.BOTH.,#18888);
#18888 = SURFACE_SIDE_STYLE('',(#18889));
#18889 = SURFACE_STYLE_FILL_AREA(#18890);
#18890 = FILL_AREA_STYLE('',(#18891));
#18891 = FILL_AREA_STYLE_COLOUR('',#18756);
#18892 = STYLED_ITEM('color',(#18893),#770);
#18893 = PRESENTATION_STYLE_ASSIGNMENT((#18894));
#18894 = SURFACE_STYLE_USAGE(.BOTH.,#18895);
#18895 = SURFACE_SIDE_STYLE('',(#18896));
#18896 = SURFACE_STYLE_FILL_AREA(#18897);
#18897 = FILL_AREA_STYLE('',(#18898));
#18898 = FILL_AREA_STYLE_COLOUR('',#18756);
#18899 = STYLED_ITEM('color',(#18900),#787);
#18900 = PRESENTATION_STYLE_ASSIGNMENT((#18901));
#18901 = SURFACE_STYLE_USAGE(.BOTH.,#18902);
#18902 = SURFACE_SIDE_STYLE('',(#18903));
#18903 = SURFACE_STYLE_FILL_AREA(#18904);
#18904 = FILL_AREA_STYLE('',(#18905));
#18905 = FILL_AREA_STYLE_COLOUR('',#18756);
#18906 = STYLED_ITEM('color',(#18907),#804);
#18907 = PRESENTATION_STYLE_ASSIGNMENT((#18908));
#18908 = SURFACE_STYLE_USAGE(.BOTH.,#18909);
#18909 = SURFACE_SIDE_STYLE('',(#18910));
#18910 = SURFACE_STYLE_FILL_AREA(#18911);
#18911 = FILL_AREA_STYLE('',(#18912));
#18912 = FILL_AREA_STYLE_COLOUR('',#18756);
#18913 = STYLED_ITEM('color',(#18914),#821);
#18914 = PRESENTATION_STYLE_ASSIGNMENT((#18915));
#18915 = SURFACE_STYLE_USAGE(.BOTH.,#18916);
#18916 = SURFACE_SIDE_STYLE('',(#18917));
#18917 = SURFACE_STYLE_FILL_AREA(#18918);
#18918 = FILL_AREA_STYLE('',(#18919));
#18919 = FILL_AREA_STYLE_COLOUR('',#18756);
#18920 = STYLED_ITEM('color',(#18921),#838);
#18921 = PRESENTATION_STYLE_ASSIGNMENT((#18922));
#18922 = SURFACE_STYLE_USAGE(.BOTH.,#18923);
#18923 = SURFACE_SIDE_STYLE('',(#18924));
#18924 = SURFACE_STYLE_FILL_AREA(#18925);
#18925 = FILL_AREA_STYLE('',(#18926));
#18926 = FILL_AREA_STYLE_COLOUR('',#18849);
#18927 = STYLED_ITEM('color',(#18928),#855);
#18928 = PRESENTATION_STYLE_ASSIGNMENT((#18929));
#18929 = SURFACE_STYLE_USAGE(.BOTH.,#18930);
#18930 = SURFACE_SIDE_STYLE('',(#18931));
#18931 = SURFACE_STYLE_FILL_AREA(#18932);
#18932 = FILL_AREA_STYLE('',(#18933));
#18933 = FILL_AREA_STYLE_COLOUR('',#18849);
#18934 = MECHANICAL_DESIGN_GEOMETRIC_PRESENTATION_REPRESENTATION('',(
    #18935),#18723);
#18935 = STYLED_ITEM('color',(#18936),#17147);
#18936 = PRESENTATION_STYLE_ASSIGNMENT((#18937));
#18937 = SURFACE_STYLE_USAGE(.BOTH.,#18938);
#18938 = SURFACE_SIDE_STYLE('',(#18939));
#18939 = SURFACE_STYLE_FILL_AREA(#18940);
#18940 = FILL_AREA_STYLE('',(#18941));
#18941 = FILL_AREA_STYLE_COLOUR('',#18942);
#18942 = COLOUR_RGB('',0.313304153717,0.484529207832,0.410020903123);
#18943 = MECHANICAL_DESIGN_GEOMETRIC_PRESENTATION_REPRESENTATION('',(
    #18944,#18952,#18959,#18966,#18973,#18980,#18987,#18994,#19001,
    #19008,#19015,#19022,#19029,#19036,#19043,#19050,#19057,#19065,
    #19072,#19079,#19086,#19093,#19100,#19107,#19114,#19121,#19128,
    #19135,#19142,#19149,#19156,#19163,#19170,#19177,#19184,#19191,
    #19198,#19205,#19212,#19219,#19226,#19233,#19240,#19247,#19254,
    #19261,#19268,#19275,#19282,#19289,#19296,#19303),#6470);
#18944 = STYLED_ITEM('color',(#18945),#5040);
#18945 = PRESENTATION_STYLE_ASSIGNMENT((#18946));
#18946 = SURFACE_STYLE_USAGE(.BOTH.,#18947);
#18947 = SURFACE_SIDE_STYLE('',(#18948));
#18948 = SURFACE_STYLE_FILL_AREA(#18949);
#18949 = FILL_AREA_STYLE('',(#18950));
#18950 = FILL_AREA_STYLE_COLOUR('',#18951);
#18951 = COLOUR_RGB('',0.147999998088,0.144999993226,0.144999993226);
#18952 = STYLED_ITEM('color',(#18953),#5080);
#18953 = PRESENTATION_STYLE_ASSIGNMENT((#18954));
#18954 = SURFACE_STYLE_USAGE(.BOTH.,#18955);
#18955 = SURFACE_SIDE_STYLE('',(#18956));
#18956 = SURFACE_STYLE_FILL_AREA(#18957);
#18957 = FILL_AREA_STYLE('',(#18958));
#18958 = FILL_AREA_STYLE_COLOUR('',#18951);
#18959 = STYLED_ITEM('color',(#18960),#5111);
#18960 = PRESENTATION_STYLE_ASSIGNMENT((#18961));
#18961 = SURFACE_STYLE_USAGE(.BOTH.,#18962);
#18962 = SURFACE_SIDE_STYLE('',(#18963));
#18963 = SURFACE_STYLE_FILL_AREA(#18964);
#18964 = FILL_AREA_STYLE('',(#18965));
#18965 = FILL_AREA_STYLE_COLOUR('',#18951);
#18966 = STYLED_ITEM('color',(#18967),#5142);
#18967 = PRESENTATION_STYLE_ASSIGNMENT((#18968));
#18968 = SURFACE_STYLE_USAGE(.BOTH.,#18969);
#18969 = SURFACE_SIDE_STYLE('',(#18970));
#18970 = SURFACE_STYLE_FILL_AREA(#18971);
#18971 = FILL_AREA_STYLE('',(#18972));
#18972 = FILL_AREA_STYLE_COLOUR('',#18951);
#18973 = STYLED_ITEM('color',(#18974),#5307);
#18974 = PRESENTATION_STYLE_ASSIGNMENT((#18975));
#18975 = SURFACE_STYLE_USAGE(.BOTH.,#18976);
#18976 = SURFACE_SIDE_STYLE('',(#18977));
#18977 = SURFACE_STYLE_FILL_AREA(#18978);
#18978 = FILL_AREA_STYLE('',(#18979));
#18979 = FILL_AREA_STYLE_COLOUR('',#18951);
#18980 = STYLED_ITEM('color',(#18981),#5472);
#18981 = PRESENTATION_STYLE_ASSIGNMENT((#18982));
#18982 = SURFACE_STYLE_USAGE(.BOTH.,#18983);
#18983 = SURFACE_SIDE_STYLE('',(#18984));
#18984 = SURFACE_STYLE_FILL_AREA(#18985);
#18985 = FILL_AREA_STYLE('',(#18986));
#18986 = FILL_AREA_STYLE_COLOUR('',#18951);
#18987 = STYLED_ITEM('color',(#18988),#5489);
#18988 = PRESENTATION_STYLE_ASSIGNMENT((#18989));
#18989 = SURFACE_STYLE_USAGE(.BOTH.,#18990);
#18990 = SURFACE_SIDE_STYLE('',(#18991));
#18991 = SURFACE_STYLE_FILL_AREA(#18992);
#18992 = FILL_AREA_STYLE('',(#18993));
#18993 = FILL_AREA_STYLE_COLOUR('',#18951);
#18994 = STYLED_ITEM('color',(#18995),#5506);
#18995 = PRESENTATION_STYLE_ASSIGNMENT((#18996));
#18996 = SURFACE_STYLE_USAGE(.BOTH.,#18997);
#18997 = SURFACE_SIDE_STYLE('',(#18998));
#18998 = SURFACE_STYLE_FILL_AREA(#18999);
#18999 = FILL_AREA_STYLE('',(#19000));
#19000 = FILL_AREA_STYLE_COLOUR('',#18951);
#19001 = STYLED_ITEM('color',(#19002),#5523);
#19002 = PRESENTATION_STYLE_ASSIGNMENT((#19003));
#19003 = SURFACE_STYLE_USAGE(.BOTH.,#19004);
#19004 = SURFACE_SIDE_STYLE('',(#19005));
#19005 = SURFACE_STYLE_FILL_AREA(#19006);
#19006 = FILL_AREA_STYLE('',(#19007));
#19007 = FILL_AREA_STYLE_COLOUR('',#18951);
#19008 = STYLED_ITEM('color',(#19009),#5540);
#19009 = PRESENTATION_STYLE_ASSIGNMENT((#19010));
#19010 = SURFACE_STYLE_USAGE(.BOTH.,#19011);
#19011 = SURFACE_SIDE_STYLE('',(#19012));
#19012 = SURFACE_STYLE_FILL_AREA(#19013);
#19013 = FILL_AREA_STYLE('',(#19014));
#19014 = FILL_AREA_STYLE_COLOUR('',#18951);
#19015 = STYLED_ITEM('color',(#19016),#5557);
#19016 = PRESENTATION_STYLE_ASSIGNMENT((#19017));
#19017 = SURFACE_STYLE_USAGE(.BOTH.,#19018);
#19018 = SURFACE_SIDE_STYLE('',(#19019));
#19019 = SURFACE_STYLE_FILL_AREA(#19020);
#19020 = FILL_AREA_STYLE('',(#19021));
#19021 = FILL_AREA_STYLE_COLOUR('',#18951);
#19022 = STYLED_ITEM('color',(#19023),#5574);
#19023 = PRESENTATION_STYLE_ASSIGNMENT((#19024));
#19024 = SURFACE_STYLE_USAGE(.BOTH.,#19025);
#19025 = SURFACE_SIDE_STYLE('',(#19026));
#19026 = SURFACE_STYLE_FILL_AREA(#19027);
#19027 = FILL_AREA_STYLE('',(#19028));
#19028 = FILL_AREA_STYLE_COLOUR('',#18951);
#19029 = STYLED_ITEM('color',(#19030),#5591);
#19030 = PRESENTATION_STYLE_ASSIGNMENT((#19031));
#19031 = SURFACE_STYLE_USAGE(.BOTH.,#19032);
#19032 = SURFACE_SIDE_STYLE('',(#19033));
#19033 = SURFACE_STYLE_FILL_AREA(#19034);
#19034 = FILL_AREA_STYLE('',(#19035));
#19035 = FILL_AREA_STYLE_COLOUR('',#18951);
#19036 = STYLED_ITEM('color',(#19037),#5608);
#19037 = PRESENTATION_STYLE_ASSIGNMENT((#19038));
#19038 = SURFACE_STYLE_USAGE(.BOTH.,#19039);
#19039 = SURFACE_SIDE_STYLE('',(#19040));
#19040 = SURFACE_STYLE_FILL_AREA(#19041);
#19041 = FILL_AREA_STYLE('',(#19042));
#19042 = FILL_AREA_STYLE_COLOUR('',#18951);
#19043 = STYLED_ITEM('color',(#19044),#5625);
#19044 = PRESENTATION_STYLE_ASSIGNMENT((#19045));
#19045 = SURFACE_STYLE_USAGE(.BOTH.,#19046);
#19046 = SURFACE_SIDE_STYLE('',(#19047));
#19047 = SURFACE_STYLE_FILL_AREA(#19048);
#19048 = FILL_AREA_STYLE('',(#19049));
#19049 = FILL_AREA_STYLE_COLOUR('',#18951);
#19050 = STYLED_ITEM('color',(#19051),#5642);
#19051 = PRESENTATION_STYLE_ASSIGNMENT((#19052));
#19052 = SURFACE_STYLE_USAGE(.BOTH.,#19053);
#19053 = SURFACE_SIDE_STYLE('',(#19054));
#19054 = SURFACE_STYLE_FILL_AREA(#19055);
#19055 = FILL_AREA_STYLE('',(#19056));
#19056 = FILL_AREA_STYLE_COLOUR('',#18951);
#19057 = STYLED_ITEM('color',(#19058),#5654);
#19058 = PRESENTATION_STYLE_ASSIGNMENT((#19059));
#19059 = SURFACE_STYLE_USAGE(.BOTH.,#19060);
#19060 = SURFACE_SIDE_STYLE('',(#19061));
#19061 = SURFACE_STYLE_FILL_AREA(#19062);
#19062 = FILL_AREA_STYLE('',(#19063));
#19063 = FILL_AREA_STYLE_COLOUR('',#19064);
#19064 = COLOUR_RGB('',0.859000020776,0.737999965183,0.495999988746);
#19065 = STYLED_ITEM('color',(#19066),#5685);
#19066 = PRESENTATION_STYLE_ASSIGNMENT((#19067));
#19067 = SURFACE_STYLE_USAGE(.BOTH.,#19068);
#19068 = SURFACE_SIDE_STYLE('',(#19069));
#19069 = SURFACE_STYLE_FILL_AREA(#19070);
#19070 = FILL_AREA_STYLE('',(#19071));
#19071 = FILL_AREA_STYLE_COLOUR('',#19064);
#19072 = STYLED_ITEM('color',(#19073),#5709);
#19073 = PRESENTATION_STYLE_ASSIGNMENT((#19074));
#19074 = SURFACE_STYLE_USAGE(.BOTH.,#19075);
#19075 = SURFACE_SIDE_STYLE('',(#19076));
#19076 = SURFACE_STYLE_FILL_AREA(#19077);
#19077 = FILL_AREA_STYLE('',(#19078));
#19078 = FILL_AREA_STYLE_COLOUR('',#19064);
#19079 = STYLED_ITEM('color',(#19080),#5733);
#19080 = PRESENTATION_STYLE_ASSIGNMENT((#19081));
#19081 = SURFACE_STYLE_USAGE(.BOTH.,#19082);
#19082 = SURFACE_SIDE_STYLE('',(#19083));
#19083 = SURFACE_STYLE_FILL_AREA(#19084);
#19084 = FILL_AREA_STYLE('',(#19085));
#19085 = FILL_AREA_STYLE_COLOUR('',#19064);
#19086 = STYLED_ITEM('color',(#19087),#5750);
#19087 = PRESENTATION_STYLE_ASSIGNMENT((#19088));
#19088 = SURFACE_STYLE_USAGE(.BOTH.,#19089);
#19089 = SURFACE_SIDE_STYLE('',(#19090));
#19090 = SURFACE_STYLE_FILL_AREA(#19091);
#19091 = FILL_AREA_STYLE('',(#19092));
#19092 = FILL_AREA_STYLE_COLOUR('',#19064);
#19093 = STYLED_ITEM('color',(#19094),#5781);
#19094 = PRESENTATION_STYLE_ASSIGNMENT((#19095));
#19095 = SURFACE_STYLE_USAGE(.BOTH.,#19096);
#19096 = SURFACE_SIDE_STYLE('',(#19097));
#19097 = SURFACE_STYLE_FILL_AREA(#19098);
#19098 = FILL_AREA_STYLE('',(#19099));
#19099 = FILL_AREA_STYLE_COLOUR('',#19064);
#19100 = STYLED_ITEM('color',(#19101),#5805);
#19101 = PRESENTATION_STYLE_ASSIGNMENT((#19102));
#19102 = SURFACE_STYLE_USAGE(.BOTH.,#19103);
#19103 = SURFACE_SIDE_STYLE('',(#19104));
#19104 = SURFACE_STYLE_FILL_AREA(#19105);
#19105 = FILL_AREA_STYLE('',(#19106));
#19106 = FILL_AREA_STYLE_COLOUR('',#19064);
#19107 = STYLED_ITEM('color',(#19108),#5829);
#19108 = PRESENTATION_STYLE_ASSIGNMENT((#19109));
#19109 = SURFACE_STYLE_USAGE(.BOTH.,#19110);
#19110 = SURFACE_SIDE_STYLE('',(#19111));
#19111 = SURFACE_STYLE_FILL_AREA(#19112);
#19112 = FILL_AREA_STYLE('',(#19113));
#19113 = FILL_AREA_STYLE_COLOUR('',#19064);
#19114 = STYLED_ITEM('color',(#19115),#5846);
#19115 = PRESENTATION_STYLE_ASSIGNMENT((#19116));
#19116 = SURFACE_STYLE_USAGE(.BOTH.,#19117);
#19117 = SURFACE_SIDE_STYLE('',(#19118));
#19118 = SURFACE_STYLE_FILL_AREA(#19119);
#19119 = FILL_AREA_STYLE('',(#19120));
#19120 = FILL_AREA_STYLE_COLOUR('',#19064);
#19121 = STYLED_ITEM('color',(#19122),#5877);
#19122 = PRESENTATION_STYLE_ASSIGNMENT((#19123));
#19123 = SURFACE_STYLE_USAGE(.BOTH.,#19124);
#19124 = SURFACE_SIDE_STYLE('',(#19125));
#19125 = SURFACE_STYLE_FILL_AREA(#19126);
#19126 = FILL_AREA_STYLE('',(#19127));
#19127 = FILL_AREA_STYLE_COLOUR('',#19064);
#19128 = STYLED_ITEM('color',(#19129),#5901);
#19129 = PRESENTATION_STYLE_ASSIGNMENT((#19130));
#19130 = SURFACE_STYLE_USAGE(.BOTH.,#19131);
#19131 = SURFACE_SIDE_STYLE('',(#19132));
#19132 = SURFACE_STYLE_FILL_AREA(#19133);
#19133 = FILL_AREA_STYLE('',(#19134));
#19134 = FILL_AREA_STYLE_COLOUR('',#19064);
#19135 = STYLED_ITEM('color',(#19136),#5925);
#19136 = PRESENTATION_STYLE_ASSIGNMENT((#19137));
#19137 = SURFACE_STYLE_USAGE(.BOTH.,#19138);
#19138 = SURFACE_SIDE_STYLE('',(#19139));
#19139 = SURFACE_STYLE_FILL_AREA(#19140);
#19140 = FILL_AREA_STYLE('',(#19141));
#19141 = FILL_AREA_STYLE_COLOUR('',#19064);
#19142 = STYLED_ITEM('color',(#19143),#5942);
#19143 = PRESENTATION_STYLE_ASSIGNMENT((#19144));
#19144 = SURFACE_STYLE_USAGE(.BOTH.,#19145);
#19145 = SURFACE_SIDE_STYLE('',(#19146));
#19146 = SURFACE_STYLE_FILL_AREA(#19147);
#19147 = FILL_AREA_STYLE('',(#19148));
#19148 = FILL_AREA_STYLE_COLOUR('',#19064);
#19149 = STYLED_ITEM('color',(#19150),#5973);
#19150 = PRESENTATION_STYLE_ASSIGNMENT((#19151));
#19151 = SURFACE_STYLE_USAGE(.BOTH.,#19152);
#19152 = SURFACE_SIDE_STYLE('',(#19153));
#19153 = SURFACE_STYLE_FILL_AREA(#19154);
#19154 = FILL_AREA_STYLE('',(#19155));
#19155 = FILL_AREA_STYLE_COLOUR('',#19064);
#19156 = STYLED_ITEM('color',(#19157),#5997);
#19157 = PRESENTATION_STYLE_ASSIGNMENT((#19158));
#19158 = SURFACE_STYLE_USAGE(.BOTH.,#19159);
#19159 = SURFACE_SIDE_STYLE('',(#19160));
#19160 = SURFACE_STYLE_FILL_AREA(#19161);
#19161 = FILL_AREA_STYLE('',(#19162));
#19162 = FILL_AREA_STYLE_COLOUR('',#19064);
#19163 = STYLED_ITEM('color',(#19164),#6021);
#19164 = PRESENTATION_STYLE_ASSIGNMENT((#19165));
#19165 = SURFACE_STYLE_USAGE(.BOTH.,#19166);
#19166 = SURFACE_SIDE_STYLE('',(#19167));
#19167 = SURFACE_STYLE_FILL_AREA(#19168);
#19168 = FILL_AREA_STYLE('',(#19169));
#19169 = FILL_AREA_STYLE_COLOUR('',#19064);
#19170 = STYLED_ITEM('color',(#19171),#6038);
#19171 = PRESENTATION_STYLE_ASSIGNMENT((#19172));
#19172 = SURFACE_STYLE_USAGE(.BOTH.,#19173);
#19173 = SURFACE_SIDE_STYLE('',(#19174));
#19174 = SURFACE_STYLE_FILL_AREA(#19175);
#19175 = FILL_AREA_STYLE('',(#19176));
#19176 = FILL_AREA_STYLE_COLOUR('',#19064);
#19177 = STYLED_ITEM('color',(#19178),#6069);
#19178 = PRESENTATION_STYLE_ASSIGNMENT((#19179));
#19179 = SURFACE_STYLE_USAGE(.BOTH.,#19180);
#19180 = SURFACE_SIDE_STYLE('',(#19181));
#19181 = SURFACE_STYLE_FILL_AREA(#19182);
#19182 = FILL_AREA_STYLE('',(#19183));
#19183 = FILL_AREA_STYLE_COLOUR('',#19064);
#19184 = STYLED_ITEM('color',(#19185),#6093);
#19185 = PRESENTATION_STYLE_ASSIGNMENT((#19186));
#19186 = SURFACE_STYLE_USAGE(.BOTH.,#19187);
#19187 = SURFACE_SIDE_STYLE('',(#19188));
#19188 = SURFACE_STYLE_FILL_AREA(#19189);
#19189 = FILL_AREA_STYLE('',(#19190));
#19190 = FILL_AREA_STYLE_COLOUR('',#19064);
#19191 = STYLED_ITEM('color',(#19192),#6117);
#19192 = PRESENTATION_STYLE_ASSIGNMENT((#19193));
#19193 = SURFACE_STYLE_USAGE(.BOTH.,#19194);
#19194 = SURFACE_SIDE_STYLE('',(#19195));
#19195 = SURFACE_STYLE_FILL_AREA(#19196);
#19196 = FILL_AREA_STYLE('',(#19197));
#19197 = FILL_AREA_STYLE_COLOUR('',#19064);
#19198 = STYLED_ITEM('color',(#19199),#6134);
#19199 = PRESENTATION_STYLE_ASSIGNMENT((#19200));
#19200 = SURFACE_STYLE_USAGE(.BOTH.,#19201);
#19201 = SURFACE_SIDE_STYLE('',(#19202));
#19202 = SURFACE_STYLE_FILL_AREA(#19203);
#19203 = FILL_AREA_STYLE('',(#19204));
#19204 = FILL_AREA_STYLE_COLOUR('',#19064);
#19205 = STYLED_ITEM('color',(#19206),#6165);
#19206 = PRESENTATION_STYLE_ASSIGNMENT((#19207));
#19207 = SURFACE_STYLE_USAGE(.BOTH.,#19208);
#19208 = SURFACE_SIDE_STYLE('',(#19209));
#19209 = SURFACE_STYLE_FILL_AREA(#19210);
#19210 = FILL_AREA_STYLE('',(#19211));
#19211 = FILL_AREA_STYLE_COLOUR('',#19064);
#19212 = STYLED_ITEM('color',(#19213),#6189);
#19213 = PRESENTATION_STYLE_ASSIGNMENT((#19214));
#19214 = SURFACE_STYLE_USAGE(.BOTH.,#19215);
#19215 = SURFACE_SIDE_STYLE('',(#19216));
#19216 = SURFACE_STYLE_FILL_AREA(#19217);
#19217 = FILL_AREA_STYLE('',(#19218));
#19218 = FILL_AREA_STYLE_COLOUR('',#19064);
#19219 = STYLED_ITEM('color',(#19220),#6213);
#19220 = PRESENTATION_STYLE_ASSIGNMENT((#19221));
#19221 = SURFACE_STYLE_USAGE(.BOTH.,#19222);
#19222 = SURFACE_SIDE_STYLE('',(#19223));
#19223 = SURFACE_STYLE_FILL_AREA(#19224);
#19224 = FILL_AREA_STYLE('',(#19225));
#19225 = FILL_AREA_STYLE_COLOUR('',#19064);
#19226 = STYLED_ITEM('color',(#19227),#6230);
#19227 = PRESENTATION_STYLE_ASSIGNMENT((#19228));
#19228 = SURFACE_STYLE_USAGE(.BOTH.,#19229);
#19229 = SURFACE_SIDE_STYLE('',(#19230));
#19230 = SURFACE_STYLE_FILL_AREA(#19231);
#19231 = FILL_AREA_STYLE('',(#19232));
#19232 = FILL_AREA_STYLE_COLOUR('',#19064);
#19233 = STYLED_ITEM('color',(#19234),#6261);
#19234 = PRESENTATION_STYLE_ASSIGNMENT((#19235));
#19235 = SURFACE_STYLE_USAGE(.BOTH.,#19236);
#19236 = SURFACE_SIDE_STYLE('',(#19237));
#19237 = SURFACE_STYLE_FILL_AREA(#19238);
#19238 = FILL_AREA_STYLE('',(#19239));
#19239 = FILL_AREA_STYLE_COLOUR('',#19064);
#19240 = STYLED_ITEM('color',(#19241),#6285);
#19241 = PRESENTATION_STYLE_ASSIGNMENT((#19242));
#19242 = SURFACE_STYLE_USAGE(.BOTH.,#19243);
#19243 = SURFACE_SIDE_STYLE('',(#19244));
#19244 = SURFACE_STYLE_FILL_AREA(#19245);
#19245 = FILL_AREA_STYLE('',(#19246));
#19246 = FILL_AREA_STYLE_COLOUR('',#19064);
#19247 = STYLED_ITEM('color',(#19248),#6309);
#19248 = PRESENTATION_STYLE_ASSIGNMENT((#19249));
#19249 = SURFACE_STYLE_USAGE(.BOTH.,#19250);
#19250 = SURFACE_SIDE_STYLE('',(#19251));
#19251 = SURFACE_STYLE_FILL_AREA(#19252);
#19252 = FILL_AREA_STYLE('',(#19253));
#19253 = FILL_AREA_STYLE_COLOUR('',#19064);
#19254 = STYLED_ITEM('color',(#19255),#6326);
#19255 = PRESENTATION_STYLE_ASSIGNMENT((#19256));
#19256 = SURFACE_STYLE_USAGE(.BOTH.,#19257);
#19257 = SURFACE_SIDE_STYLE('',(#19258));
#19258 = SURFACE_STYLE_FILL_AREA(#19259);
#19259 = FILL_AREA_STYLE('',(#19260));
#19260 = FILL_AREA_STYLE_COLOUR('',#19064);
#19261 = STYLED_ITEM('color',(#19262),#6357);
#19262 = PRESENTATION_STYLE_ASSIGNMENT((#19263));
#19263 = SURFACE_STYLE_USAGE(.BOTH.,#19264);
#19264 = SURFACE_SIDE_STYLE('',(#19265));
#19265 = SURFACE_STYLE_FILL_AREA(#19266);
#19266 = FILL_AREA_STYLE('',(#19267));
#19267 = FILL_AREA_STYLE_COLOUR('',#19064);
#19268 = STYLED_ITEM('color',(#19269),#6381);
#19269 = PRESENTATION_STYLE_ASSIGNMENT((#19270));
#19270 = SURFACE_STYLE_USAGE(.BOTH.,#19271);
#19271 = SURFACE_SIDE_STYLE('',(#19272));
#19272 = SURFACE_STYLE_FILL_AREA(#19273);
#19273 = FILL_AREA_STYLE('',(#19274));
#19274 = FILL_AREA_STYLE_COLOUR('',#19064);
#19275 = STYLED_ITEM('color',(#19276),#6405);
#19276 = PRESENTATION_STYLE_ASSIGNMENT((#19277));
#19277 = SURFACE_STYLE_USAGE(.BOTH.,#19278);
#19278 = SURFACE_SIDE_STYLE('',(#19279));
#19279 = SURFACE_STYLE_FILL_AREA(#19280);
#19280 = FILL_AREA_STYLE('',(#19281));
#19281 = FILL_AREA_STYLE_COLOUR('',#19064);
#19282 = STYLED_ITEM('color',(#19283),#6422);
#19283 = PRESENTATION_STYLE_ASSIGNMENT((#19284));
#19284 = SURFACE_STYLE_USAGE(.BOTH.,#19285);
#19285 = SURFACE_SIDE_STYLE('',(#19286));
#19286 = SURFACE_STYLE_FILL_AREA(#19287);
#19287 = FILL_AREA_STYLE('',(#19288));
#19288 = FILL_AREA_STYLE_COLOUR('',#19064);
#19289 = STYLED_ITEM('color',(#19290),#6434);
#19290 = PRESENTATION_STYLE_ASSIGNMENT((#19291));
#19291 = SURFACE_STYLE_USAGE(.BOTH.,#19292);
#19292 = SURFACE_SIDE_STYLE('',(#19293));
#19293 = SURFACE_STYLE_FILL_AREA(#19294);
#19294 = FILL_AREA_STYLE('',(#19295));
#19295 = FILL_AREA_STYLE_COLOUR('',#19064);
#19296 = STYLED_ITEM('color',(#19297),#6446);
#19297 = PRESENTATION_STYLE_ASSIGNMENT((#19298));
#19298 = SURFACE_STYLE_USAGE(.BOTH.,#19299);
#19299 = SURFACE_SIDE_STYLE('',(#19300));
#19300 = SURFACE_STYLE_FILL_AREA(#19301);
#19301 = FILL_AREA_STYLE('',(#19302));
#19302 = FILL_AREA_STYLE_COLOUR('',#19064);
#19303 = STYLED_ITEM('color',(#19304),#6458);
#19304 = PRESENTATION_STYLE_ASSIGNMENT((#19305));
#19305 = SURFACE_STYLE_USAGE(.BOTH.,#19306);
#19306 = SURFACE_SIDE_STYLE('',(#19307));
#19307 = SURFACE_STYLE_FILL_AREA(#19308);
#19308 = FILL_AREA_STYLE('',(#19309));
#19309 = FILL_AREA_STYLE_COLOUR('',#19064);
#19310 = MECHANICAL_DESIGN_GEOMETRIC_PRESENTATION_REPRESENTATION('',(
    #19311,#19319,#19327,#19334,#19342,#19349,#19356),#14217);
#19311 = STYLED_ITEM('color',(#19312),#9663);
#19312 = PRESENTATION_STYLE_ASSIGNMENT((#19313));
#19313 = SURFACE_STYLE_USAGE(.BOTH.,#19314);
#19314 = SURFACE_SIDE_STYLE('',(#19315));
#19315 = SURFACE_STYLE_FILL_AREA(#19316);
#19316 = FILL_AREA_STYLE('',(#19317));
#19317 = FILL_AREA_STYLE_COLOUR('',#19318);
#19318 = COLOUR_RGB('',0.792156867455,0.819607826924,0.933333342953);
#19319 = STYLED_ITEM('color',(#19320),#11671);
#19320 = PRESENTATION_STYLE_ASSIGNMENT((#19321));
#19321 = SURFACE_STYLE_USAGE(.BOTH.,#19322);
#19322 = SURFACE_SIDE_STYLE('',(#19323));
#19323 = SURFACE_STYLE_FILL_AREA(#19324);
#19324 = FILL_AREA_STYLE('',(#19325));
#19325 = FILL_AREA_STYLE_COLOUR('',#19326);
#19326 = COLOUR_RGB('',0.901960770338,0.509803927404,3.137254979461E-02
  );
#19327 = STYLED_ITEM('color',(#19328),#11811);
#19328 = PRESENTATION_STYLE_ASSIGNMENT((#19329));
#19329 = SURFACE_STYLE_USAGE(.BOTH.,#19330);
#19330 = SURFACE_SIDE_STYLE('',(#19331));
#19331 = SURFACE_STYLE_FILL_AREA(#19332);
#19332 = FILL_AREA_STYLE('',(#19333));
#19333 = FILL_AREA_STYLE_COLOUR('',#19318);
#19334 = STYLED_ITEM('color',(#19335),#12233);
#19335 = PRESENTATION_STYLE_ASSIGNMENT((#19336));
#19336 = SURFACE_STYLE_USAGE(.BOTH.,#19337);
#19337 = SURFACE_SIDE_STYLE('',(#19338));
#19338 = SURFACE_STYLE_FILL_AREA(#19339);
#19339 = FILL_AREA_STYLE('',(#19340));
#19340 = FILL_AREA_STYLE_COLOUR('',#19341);
#19341 = COLOUR_RGB('',0.250980388104,0.250980388104,0.250980388104);
#19342 = STYLED_ITEM('color',(#19343),#12951);
#19343 = PRESENTATION_STYLE_ASSIGNMENT((#19344));
#19344 = SURFACE_STYLE_USAGE(.BOTH.,#19345);
#19345 = SURFACE_SIDE_STYLE('',(#19346));
#19346 = SURFACE_STYLE_FILL_AREA(#19347);
#19347 = FILL_AREA_STYLE('',(#19348));
#19348 = FILL_AREA_STYLE_COLOUR('',#19318);
#19349 = STYLED_ITEM('color',(#19350),#13373);
#19350 = PRESENTATION_STYLE_ASSIGNMENT((#19351));
#19351 = SURFACE_STYLE_USAGE(.BOTH.,#19352);
#19352 = SURFACE_SIDE_STYLE('',(#19353));
#19353 = SURFACE_STYLE_FILL_AREA(#19354);
#19354 = FILL_AREA_STYLE('',(#19355));
#19355 = FILL_AREA_STYLE_COLOUR('',#19318);
#19356 = STYLED_ITEM('color',(#19357),#13795);
#19357 = PRESENTATION_STYLE_ASSIGNMENT((#19358));
#19358 = SURFACE_STYLE_USAGE(.BOTH.,#19359);
#19359 = SURFACE_SIDE_STYLE('',(#19360));
#19360 = SURFACE_STYLE_FILL_AREA(#19361);
#19361 = FILL_AREA_STYLE('',(#19362));
#19362 = FILL_AREA_STYLE_COLOUR('',#19318);
#19363 = MECHANICAL_DESIGN_GEOMETRIC_PRESENTATION_REPRESENTATION('',(
    #19364,#19371,#19378,#19385,#19392,#19399,#19406,#19413,#19420,
    #19427,#19434,#19441,#19448,#19455,#19462,#19469,#19476,#19483,
    #19490,#19497,#19504,#19511,#19518,#19525,#19532,#19539,#19546,
    #19553,#19560,#19567,#19574,#19581,#19588,#19595,#19602,#19609,
    #19616,#19623,#19630,#19637,#19644,#19651,#19658,#19665,#19672,
    #19679,#19686,#19693,#19700,#19707,#19714,#19721,#19728,#19735,
    #19742,#19749,#19756,#19763,#19770,#19777,#19784,#19791,#19798,
    #19805,#19812,#19819,#19826,#19833,#19840,#19847,#19854,#19861,
    #19868,#19875,#19882,#19889,#19896,#19903,#19910,#19917,#19924,
    #19931,#19938,#19945,#19952,#19959,#19966,#19973,#19980,#19987,
    #19994,#20001,#20008,#20015,#20022,#20029,#20036,#20043,#20050,
    #20057,#20064,#20071,#20078,#20085,#20092,#20099,#20106,#20113,
    #20120,#20127,#20134,#20141,#20148,#20155,#20162,#20169,#20176,
    #20183,#20190,#20197,#20204,#20211,#20218,#20225,#20232,#20239,
    #20246,#20253,#20260,#20267,#20274,#20281,#20288,#20295,#20302,
    #20309,#20316,#20323,#20330,#20337,#20344,#20351,#20358,#20365,
    #20372,#20379,#20386,#20393),#5019);
#19364 = STYLED_ITEM('color',(#19365),#893);
#19365 = PRESENTATION_STYLE_ASSIGNMENT((#19366));
#19366 = SURFACE_STYLE_USAGE(.BOTH.,#19367);
#19367 = SURFACE_SIDE_STYLE('',(#19368));
#19368 = SURFACE_STYLE_FILL_AREA(#19369);
#19369 = FILL_AREA_STYLE('',(#19370));
#19370 = FILL_AREA_STYLE_COLOUR('',#18951);
#19371 = STYLED_ITEM('color',(#19372),#933);
#19372 = PRESENTATION_STYLE_ASSIGNMENT((#19373));
#19373 = SURFACE_STYLE_USAGE(.BOTH.,#19374);
#19374 = SURFACE_SIDE_STYLE('',(#19375));
#19375 = SURFACE_STYLE_FILL_AREA(#19376);
#19376 = FILL_AREA_STYLE('',(#19377));
#19377 = FILL_AREA_STYLE_COLOUR('',#18951);
#19378 = STYLED_ITEM('color',(#19379),#964);
#19379 = PRESENTATION_STYLE_ASSIGNMENT((#19380));
#19380 = SURFACE_STYLE_USAGE(.BOTH.,#19381);
#19381 = SURFACE_SIDE_STYLE('',(#19382));
#19382 = SURFACE_STYLE_FILL_AREA(#19383);
#19383 = FILL_AREA_STYLE('',(#19384));
#19384 = FILL_AREA_STYLE_COLOUR('',#18951);
#19385 = STYLED_ITEM('color',(#19386),#995);
#19386 = PRESENTATION_STYLE_ASSIGNMENT((#19387));
#19387 = SURFACE_STYLE_USAGE(.BOTH.,#19388);
#19388 = SURFACE_SIDE_STYLE('',(#19389));
#19389 = SURFACE_STYLE_FILL_AREA(#19390);
#19390 = FILL_AREA_STYLE('',(#19391));
#19391 = FILL_AREA_STYLE_COLOUR('',#18951);
#19392 = STYLED_ITEM('color',(#19393),#1488);
#19393 = PRESENTATION_STYLE_ASSIGNMENT((#19394));
#19394 = SURFACE_STYLE_USAGE(.BOTH.,#19395);
#19395 = SURFACE_SIDE_STYLE('',(#19396));
#19396 = SURFACE_STYLE_FILL_AREA(#19397);
#19397 = FILL_AREA_STYLE('',(#19398));
#19398 = FILL_AREA_STYLE_COLOUR('',#18951);
#19399 = STYLED_ITEM('color',(#19400),#1981);
#19400 = PRESENTATION_STYLE_ASSIGNMENT((#19401));
#19401 = SURFACE_STYLE_USAGE(.BOTH.,#19402);
#19402 = SURFACE_SIDE_STYLE('',(#19403));
#19403 = SURFACE_STYLE_FILL_AREA(#19404);
#19404 = FILL_AREA_STYLE('',(#19405));
#19405 = FILL_AREA_STYLE_COLOUR('',#18951);
#19406 = STYLED_ITEM('color',(#19407),#1998);
#19407 = PRESENTATION_STYLE_ASSIGNMENT((#19408));
#19408 = SURFACE_STYLE_USAGE(.BOTH.,#19409);
#19409 = SURFACE_SIDE_STYLE('',(#19410));
#19410 = SURFACE_STYLE_FILL_AREA(#19411);
#19411 = FILL_AREA_STYLE('',(#19412));
#19412 = FILL_AREA_STYLE_COLOUR('',#18951);
#19413 = STYLED_ITEM('color',(#19414),#2015);
#19414 = PRESENTATION_STYLE_ASSIGNMENT((#19415));
#19415 = SURFACE_STYLE_USAGE(.BOTH.,#19416);
#19416 = SURFACE_SIDE_STYLE('',(#19417));
#19417 = SURFACE_STYLE_FILL_AREA(#19418);
#19418 = FILL_AREA_STYLE('',(#19419));
#19419 = FILL_AREA_STYLE_COLOUR('',#18951);
#19420 = STYLED_ITEM('color',(#19421),#2032);
#19421 = PRESENTATION_STYLE_ASSIGNMENT((#19422));
#19422 = SURFACE_STYLE_USAGE(.BOTH.,#19423);
#19423 = SURFACE_SIDE_STYLE('',(#19424));
#19424 = SURFACE_STYLE_FILL_AREA(#19425);
#19425 = FILL_AREA_STYLE('',(#19426));
#19426 = FILL_AREA_STYLE_COLOUR('',#18951);
#19427 = STYLED_ITEM('color',(#19428),#2049);
#19428 = PRESENTATION_STYLE_ASSIGNMENT((#19429));
#19429 = SURFACE_STYLE_USAGE(.BOTH.,#19430);
#19430 = SURFACE_SIDE_STYLE('',(#19431));
#19431 = SURFACE_STYLE_FILL_AREA(#19432);
#19432 = FILL_AREA_STYLE('',(#19433));
#19433 = FILL_AREA_STYLE_COLOUR('',#18951);
#19434 = STYLED_ITEM('color',(#19435),#2066);
#19435 = PRESENTATION_STYLE_ASSIGNMENT((#19436));
#19436 = SURFACE_STYLE_USAGE(.BOTH.,#19437);
#19437 = SURFACE_SIDE_STYLE('',(#19438));
#19438 = SURFACE_STYLE_FILL_AREA(#19439);
#19439 = FILL_AREA_STYLE('',(#19440));
#19440 = FILL_AREA_STYLE_COLOUR('',#18951);
#19441 = STYLED_ITEM('color',(#19442),#2083);
#19442 = PRESENTATION_STYLE_ASSIGNMENT((#19443));
#19443 = SURFACE_STYLE_USAGE(.BOTH.,#19444);
#19444 = SURFACE_SIDE_STYLE('',(#19445));
#19445 = SURFACE_STYLE_FILL_AREA(#19446);
#19446 = FILL_AREA_STYLE('',(#19447));
#19447 = FILL_AREA_STYLE_COLOUR('',#18951);
#19448 = STYLED_ITEM('color',(#19449),#2100);
#19449 = PRESENTATION_STYLE_ASSIGNMENT((#19450));
#19450 = SURFACE_STYLE_USAGE(.BOTH.,#19451);
#19451 = SURFACE_SIDE_STYLE('',(#19452));
#19452 = SURFACE_STYLE_FILL_AREA(#19453);
#19453 = FILL_AREA_STYLE('',(#19454));
#19454 = FILL_AREA_STYLE_COLOUR('',#18951);
#19455 = STYLED_ITEM('color',(#19456),#2117);
#19456 = PRESENTATION_STYLE_ASSIGNMENT((#19457));
#19457 = SURFACE_STYLE_USAGE(.BOTH.,#19458);
#19458 = SURFACE_SIDE_STYLE('',(#19459));
#19459 = SURFACE_STYLE_FILL_AREA(#19460);
#19460 = FILL_AREA_STYLE('',(#19461));
#19461 = FILL_AREA_STYLE_COLOUR('',#18951);
#19462 = STYLED_ITEM('color',(#19463),#2134);
#19463 = PRESENTATION_STYLE_ASSIGNMENT((#19464));
#19464 = SURFACE_STYLE_USAGE(.BOTH.,#19465);
#19465 = SURFACE_SIDE_STYLE('',(#19466));
#19466 = SURFACE_STYLE_FILL_AREA(#19467);
#19467 = FILL_AREA_STYLE('',(#19468));
#19468 = FILL_AREA_STYLE_COLOUR('',#18951);
#19469 = STYLED_ITEM('color',(#19470),#2151);
#19470 = PRESENTATION_STYLE_ASSIGNMENT((#19471));
#19471 = SURFACE_STYLE_USAGE(.BOTH.,#19472);
#19472 = SURFACE_SIDE_STYLE('',(#19473));
#19473 = SURFACE_STYLE_FILL_AREA(#19474);
#19474 = FILL_AREA_STYLE('',(#19475));
#19475 = FILL_AREA_STYLE_COLOUR('',#18951);
#19476 = STYLED_ITEM('color',(#19477),#2168);
#19477 = PRESENTATION_STYLE_ASSIGNMENT((#19478));
#19478 = SURFACE_STYLE_USAGE(.BOTH.,#19479);
#19479 = SURFACE_SIDE_STYLE('',(#19480));
#19480 = SURFACE_STYLE_FILL_AREA(#19481);
#19481 = FILL_AREA_STYLE('',(#19482));
#19482 = FILL_AREA_STYLE_COLOUR('',#18951);
#19483 = STYLED_ITEM('color',(#19484),#2185);
#19484 = PRESENTATION_STYLE_ASSIGNMENT((#19485));
#19485 = SURFACE_STYLE_USAGE(.BOTH.,#19486);
#19486 = SURFACE_SIDE_STYLE('',(#19487));
#19487 = SURFACE_STYLE_FILL_AREA(#19488);
#19488 = FILL_AREA_STYLE('',(#19489));
#19489 = FILL_AREA_STYLE_COLOUR('',#18951);
#19490 = STYLED_ITEM('color',(#19491),#2202);
#19491 = PRESENTATION_STYLE_ASSIGNMENT((#19492));
#19492 = SURFACE_STYLE_USAGE(.BOTH.,#19493);
#19493 = SURFACE_SIDE_STYLE('',(#19494));
#19494 = SURFACE_STYLE_FILL_AREA(#19495);
#19495 = FILL_AREA_STYLE('',(#19496));
#19496 = FILL_AREA_STYLE_COLOUR('',#18951);
#19497 = STYLED_ITEM('color',(#19498),#2219);
#19498 = PRESENTATION_STYLE_ASSIGNMENT((#19499));
#19499 = SURFACE_STYLE_USAGE(.BOTH.,#19500);
#19500 = SURFACE_SIDE_STYLE('',(#19501));
#19501 = SURFACE_STYLE_FILL_AREA(#19502);
#19502 = FILL_AREA_STYLE('',(#19503));
#19503 = FILL_AREA_STYLE_COLOUR('',#18951);
#19504 = STYLED_ITEM('color',(#19505),#2236);
#19505 = PRESENTATION_STYLE_ASSIGNMENT((#19506));
#19506 = SURFACE_STYLE_USAGE(.BOTH.,#19507);
#19507 = SURFACE_SIDE_STYLE('',(#19508));
#19508 = SURFACE_STYLE_FILL_AREA(#19509);
#19509 = FILL_AREA_STYLE('',(#19510));
#19510 = FILL_AREA_STYLE_COLOUR('',#18951);
#19511 = STYLED_ITEM('color',(#19512),#2253);
#19512 = PRESENTATION_STYLE_ASSIGNMENT((#19513));
#19513 = SURFACE_STYLE_USAGE(.BOTH.,#19514);
#19514 = SURFACE_SIDE_STYLE('',(#19515));
#19515 = SURFACE_STYLE_FILL_AREA(#19516);
#19516 = FILL_AREA_STYLE('',(#19517));
#19517 = FILL_AREA_STYLE_COLOUR('',#18951);
#19518 = STYLED_ITEM('color',(#19519),#2270);
#19519 = PRESENTATION_STYLE_ASSIGNMENT((#19520));
#19520 = SURFACE_STYLE_USAGE(.BOTH.,#19521);
#19521 = SURFACE_SIDE_STYLE('',(#19522));
#19522 = SURFACE_STYLE_FILL_AREA(#19523);
#19523 = FILL_AREA_STYLE('',(#19524));
#19524 = FILL_AREA_STYLE_COLOUR('',#18951);
#19525 = STYLED_ITEM('color',(#19526),#2287);
#19526 = PRESENTATION_STYLE_ASSIGNMENT((#19527));
#19527 = SURFACE_STYLE_USAGE(.BOTH.,#19528);
#19528 = SURFACE_SIDE_STYLE('',(#19529));
#19529 = SURFACE_STYLE_FILL_AREA(#19530);
#19530 = FILL_AREA_STYLE('',(#19531));
#19531 = FILL_AREA_STYLE_COLOUR('',#18951);
#19532 = STYLED_ITEM('color',(#19533),#2304);
#19533 = PRESENTATION_STYLE_ASSIGNMENT((#19534));
#19534 = SURFACE_STYLE_USAGE(.BOTH.,#19535);
#19535 = SURFACE_SIDE_STYLE('',(#19536));
#19536 = SURFACE_STYLE_FILL_AREA(#19537);
#19537 = FILL_AREA_STYLE('',(#19538));
#19538 = FILL_AREA_STYLE_COLOUR('',#18951);
#19539 = STYLED_ITEM('color',(#19540),#2321);
#19540 = PRESENTATION_STYLE_ASSIGNMENT((#19541));
#19541 = SURFACE_STYLE_USAGE(.BOTH.,#19542);
#19542 = SURFACE_SIDE_STYLE('',(#19543));
#19543 = SURFACE_STYLE_FILL_AREA(#19544);
#19544 = FILL_AREA_STYLE('',(#19545));
#19545 = FILL_AREA_STYLE_COLOUR('',#18951);
#19546 = STYLED_ITEM('color',(#19547),#2338);
#19547 = PRESENTATION_STYLE_ASSIGNMENT((#19548));
#19548 = SURFACE_STYLE_USAGE(.BOTH.,#19549);
#19549 = SURFACE_SIDE_STYLE('',(#19550));
#19550 = SURFACE_STYLE_FILL_AREA(#19551);
#19551 = FILL_AREA_STYLE('',(#19552));
#19552 = FILL_AREA_STYLE_COLOUR('',#18951);
#19553 = STYLED_ITEM('color',(#19554),#2355);
#19554 = PRESENTATION_STYLE_ASSIGNMENT((#19555));
#19555 = SURFACE_STYLE_USAGE(.BOTH.,#19556);
#19556 = SURFACE_SIDE_STYLE('',(#19557));
#19557 = SURFACE_STYLE_FILL_AREA(#19558);
#19558 = FILL_AREA_STYLE('',(#19559));
#19559 = FILL_AREA_STYLE_COLOUR('',#18951);
#19560 = STYLED_ITEM('color',(#19561),#2372);
#19561 = PRESENTATION_STYLE_ASSIGNMENT((#19562));
#19562 = SURFACE_STYLE_USAGE(.BOTH.,#19563);
#19563 = SURFACE_SIDE_STYLE('',(#19564));
#19564 = SURFACE_STYLE_FILL_AREA(#19565);
#19565 = FILL_AREA_STYLE('',(#19566));
#19566 = FILL_AREA_STYLE_COLOUR('',#18951);
#19567 = STYLED_ITEM('color',(#19568),#2389);
#19568 = PRESENTATION_STYLE_ASSIGNMENT((#19569));
#19569 = SURFACE_STYLE_USAGE(.BOTH.,#19570);
#19570 = SURFACE_SIDE_STYLE('',(#19571));
#19571 = SURFACE_STYLE_FILL_AREA(#19572);
#19572 = FILL_AREA_STYLE('',(#19573));
#19573 = FILL_AREA_STYLE_COLOUR('',#18951);
#19574 = STYLED_ITEM('color',(#19575),#2406);
#19575 = PRESENTATION_STYLE_ASSIGNMENT((#19576));
#19576 = SURFACE_STYLE_USAGE(.BOTH.,#19577);
#19577 = SURFACE_SIDE_STYLE('',(#19578));
#19578 = SURFACE_STYLE_FILL_AREA(#19579);
#19579 = FILL_AREA_STYLE('',(#19580));
#19580 = FILL_AREA_STYLE_COLOUR('',#18951);
#19581 = STYLED_ITEM('color',(#19582),#2423);
#19582 = PRESENTATION_STYLE_ASSIGNMENT((#19583));
#19583 = SURFACE_STYLE_USAGE(.BOTH.,#19584);
#19584 = SURFACE_SIDE_STYLE('',(#19585));
#19585 = SURFACE_STYLE_FILL_AREA(#19586);
#19586 = FILL_AREA_STYLE('',(#19587));
#19587 = FILL_AREA_STYLE_COLOUR('',#18951);
#19588 = STYLED_ITEM('color',(#19589),#2440);
#19589 = PRESENTATION_STYLE_ASSIGNMENT((#19590));
#19590 = SURFACE_STYLE_USAGE(.BOTH.,#19591);
#19591 = SURFACE_SIDE_STYLE('',(#19592));
#19592 = SURFACE_STYLE_FILL_AREA(#19593);
#19593 = FILL_AREA_STYLE('',(#19594));
#19594 = FILL_AREA_STYLE_COLOUR('',#18951);
#19595 = STYLED_ITEM('color',(#19596),#2457);
#19596 = PRESENTATION_STYLE_ASSIGNMENT((#19597));
#19597 = SURFACE_STYLE_USAGE(.BOTH.,#19598);
#19598 = SURFACE_SIDE_STYLE('',(#19599));
#19599 = SURFACE_STYLE_FILL_AREA(#19600);
#19600 = FILL_AREA_STYLE('',(#19601));
#19601 = FILL_AREA_STYLE_COLOUR('',#18951);
#19602 = STYLED_ITEM('color',(#19603),#2474);
#19603 = PRESENTATION_STYLE_ASSIGNMENT((#19604));
#19604 = SURFACE_STYLE_USAGE(.BOTH.,#19605);
#19605 = SURFACE_SIDE_STYLE('',(#19606));
#19606 = SURFACE_STYLE_FILL_AREA(#19607);
#19607 = FILL_AREA_STYLE('',(#19608));
#19608 = FILL_AREA_STYLE_COLOUR('',#18951);
#19609 = STYLED_ITEM('color',(#19610),#2491);
#19610 = PRESENTATION_STYLE_ASSIGNMENT((#19611));
#19611 = SURFACE_STYLE_USAGE(.BOTH.,#19612);
#19612 = SURFACE_SIDE_STYLE('',(#19613));
#19613 = SURFACE_STYLE_FILL_AREA(#19614);
#19614 = FILL_AREA_STYLE('',(#19615));
#19615 = FILL_AREA_STYLE_COLOUR('',#18951);
#19616 = STYLED_ITEM('color',(#19617),#2508);
#19617 = PRESENTATION_STYLE_ASSIGNMENT((#19618));
#19618 = SURFACE_STYLE_USAGE(.BOTH.,#19619);
#19619 = SURFACE_SIDE_STYLE('',(#19620));
#19620 = SURFACE_STYLE_FILL_AREA(#19621);
#19621 = FILL_AREA_STYLE('',(#19622));
#19622 = FILL_AREA_STYLE_COLOUR('',#18951);
#19623 = STYLED_ITEM('color',(#19624),#2525);
#19624 = PRESENTATION_STYLE_ASSIGNMENT((#19625));
#19625 = SURFACE_STYLE_USAGE(.BOTH.,#19626);
#19626 = SURFACE_SIDE_STYLE('',(#19627));
#19627 = SURFACE_STYLE_FILL_AREA(#19628);
#19628 = FILL_AREA_STYLE('',(#19629));
#19629 = FILL_AREA_STYLE_COLOUR('',#18951);
#19630 = STYLED_ITEM('color',(#19631),#2542);
#19631 = PRESENTATION_STYLE_ASSIGNMENT((#19632));
#19632 = SURFACE_STYLE_USAGE(.BOTH.,#19633);
#19633 = SURFACE_SIDE_STYLE('',(#19634));
#19634 = SURFACE_STYLE_FILL_AREA(#19635);
#19635 = FILL_AREA_STYLE('',(#19636));
#19636 = FILL_AREA_STYLE_COLOUR('',#18951);
#19637 = STYLED_ITEM('color',(#19638),#2559);
#19638 = PRESENTATION_STYLE_ASSIGNMENT((#19639));
#19639 = SURFACE_STYLE_USAGE(.BOTH.,#19640);
#19640 = SURFACE_SIDE_STYLE('',(#19641));
#19641 = SURFACE_STYLE_FILL_AREA(#19642);
#19642 = FILL_AREA_STYLE('',(#19643));
#19643 = FILL_AREA_STYLE_COLOUR('',#18951);
#19644 = STYLED_ITEM('color',(#19645),#2571);
#19645 = PRESENTATION_STYLE_ASSIGNMENT((#19646));
#19646 = SURFACE_STYLE_USAGE(.BOTH.,#19647);
#19647 = SURFACE_SIDE_STYLE('',(#19648));
#19648 = SURFACE_STYLE_FILL_AREA(#19649);
#19649 = FILL_AREA_STYLE('',(#19650));
#19650 = FILL_AREA_STYLE_COLOUR('',#19064);
#19651 = STYLED_ITEM('color',(#19652),#2602);
#19652 = PRESENTATION_STYLE_ASSIGNMENT((#19653));
#19653 = SURFACE_STYLE_USAGE(.BOTH.,#19654);
#19654 = SURFACE_SIDE_STYLE('',(#19655));
#19655 = SURFACE_STYLE_FILL_AREA(#19656);
#19656 = FILL_AREA_STYLE('',(#19657));
#19657 = FILL_AREA_STYLE_COLOUR('',#19064);
#19658 = STYLED_ITEM('color',(#19659),#2626);
#19659 = PRESENTATION_STYLE_ASSIGNMENT((#19660));
#19660 = SURFACE_STYLE_USAGE(.BOTH.,#19661);
#19661 = SURFACE_SIDE_STYLE('',(#19662));
#19662 = SURFACE_STYLE_FILL_AREA(#19663);
#19663 = FILL_AREA_STYLE('',(#19664));
#19664 = FILL_AREA_STYLE_COLOUR('',#19064);
#19665 = STYLED_ITEM('color',(#19666),#2650);
#19666 = PRESENTATION_STYLE_ASSIGNMENT((#19667));
#19667 = SURFACE_STYLE_USAGE(.BOTH.,#19668);
#19668 = SURFACE_SIDE_STYLE('',(#19669));
#19669 = SURFACE_STYLE_FILL_AREA(#19670);
#19670 = FILL_AREA_STYLE('',(#19671));
#19671 = FILL_AREA_STYLE_COLOUR('',#19064);
#19672 = STYLED_ITEM('color',(#19673),#2667);
#19673 = PRESENTATION_STYLE_ASSIGNMENT((#19674));
#19674 = SURFACE_STYLE_USAGE(.BOTH.,#19675);
#19675 = SURFACE_SIDE_STYLE('',(#19676));
#19676 = SURFACE_STYLE_FILL_AREA(#19677);
#19677 = FILL_AREA_STYLE('',(#19678));
#19678 = FILL_AREA_STYLE_COLOUR('',#19064);
#19679 = STYLED_ITEM('color',(#19680),#2698);
#19680 = PRESENTATION_STYLE_ASSIGNMENT((#19681));
#19681 = SURFACE_STYLE_USAGE(.BOTH.,#19682);
#19682 = SURFACE_SIDE_STYLE('',(#19683));
#19683 = SURFACE_STYLE_FILL_AREA(#19684);
#19684 = FILL_AREA_STYLE('',(#19685));
#19685 = FILL_AREA_STYLE_COLOUR('',#19064);
#19686 = STYLED_ITEM('color',(#19687),#2722);
#19687 = PRESENTATION_STYLE_ASSIGNMENT((#19688));
#19688 = SURFACE_STYLE_USAGE(.BOTH.,#19689);
#19689 = SURFACE_SIDE_STYLE('',(#19690));
#19690 = SURFACE_STYLE_FILL_AREA(#19691);
#19691 = FILL_AREA_STYLE('',(#19692));
#19692 = FILL_AREA_STYLE_COLOUR('',#19064);
#19693 = STYLED_ITEM('color',(#19694),#2746);
#19694 = PRESENTATION_STYLE_ASSIGNMENT((#19695));
#19695 = SURFACE_STYLE_USAGE(.BOTH.,#19696);
#19696 = SURFACE_SIDE_STYLE('',(#19697));
#19697 = SURFACE_STYLE_FILL_AREA(#19698);
#19698 = FILL_AREA_STYLE('',(#19699));
#19699 = FILL_AREA_STYLE_COLOUR('',#19064);
#19700 = STYLED_ITEM('color',(#19701),#2763);
#19701 = PRESENTATION_STYLE_ASSIGNMENT((#19702));
#19702 = SURFACE_STYLE_USAGE(.BOTH.,#19703);
#19703 = SURFACE_SIDE_STYLE('',(#19704));
#19704 = SURFACE_STYLE_FILL_AREA(#19705);
#19705 = FILL_AREA_STYLE('',(#19706));
#19706 = FILL_AREA_STYLE_COLOUR('',#19064);
#19707 = STYLED_ITEM('color',(#19708),#2794);
#19708 = PRESENTATION_STYLE_ASSIGNMENT((#19709));
#19709 = SURFACE_STYLE_USAGE(.BOTH.,#19710);
#19710 = SURFACE_SIDE_STYLE('',(#19711));
#19711 = SURFACE_STYLE_FILL_AREA(#19712);
#19712 = FILL_AREA_STYLE('',(#19713));
#19713 = FILL_AREA_STYLE_COLOUR('',#19064);
#19714 = STYLED_ITEM('color',(#19715),#2818);
#19715 = PRESENTATION_STYLE_ASSIGNMENT((#19716));
#19716 = SURFACE_STYLE_USAGE(.BOTH.,#19717);
#19717 = SURFACE_SIDE_STYLE('',(#19718));
#19718 = SURFACE_STYLE_FILL_AREA(#19719);
#19719 = FILL_AREA_STYLE('',(#19720));
#19720 = FILL_AREA_STYLE_COLOUR('',#19064);
#19721 = STYLED_ITEM('color',(#19722),#2842);
#19722 = PRESENTATION_STYLE_ASSIGNMENT((#19723));
#19723 = SURFACE_STYLE_USAGE(.BOTH.,#19724);
#19724 = SURFACE_SIDE_STYLE('',(#19725));
#19725 = SURFACE_STYLE_FILL_AREA(#19726);
#19726 = FILL_AREA_STYLE('',(#19727));
#19727 = FILL_AREA_STYLE_COLOUR('',#19064);
#19728 = STYLED_ITEM('color',(#19729),#2859);
#19729 = PRESENTATION_STYLE_ASSIGNMENT((#19730));
#19730 = SURFACE_STYLE_USAGE(.BOTH.,#19731);
#19731 = SURFACE_SIDE_STYLE('',(#19732));
#19732 = SURFACE_STYLE_FILL_AREA(#19733);
#19733 = FILL_AREA_STYLE('',(#19734));
#19734 = FILL_AREA_STYLE_COLOUR('',#19064);
#19735 = STYLED_ITEM('color',(#19736),#2890);
#19736 = PRESENTATION_STYLE_ASSIGNMENT((#19737));
#19737 = SURFACE_STYLE_USAGE(.BOTH.,#19738);
#19738 = SURFACE_SIDE_STYLE('',(#19739));
#19739 = SURFACE_STYLE_FILL_AREA(#19740);
#19740 = FILL_AREA_STYLE('',(#19741));
#19741 = FILL_AREA_STYLE_COLOUR('',#19064);
#19742 = STYLED_ITEM('color',(#19743),#2914);
#19743 = PRESENTATION_STYLE_ASSIGNMENT((#19744));
#19744 = SURFACE_STYLE_USAGE(.BOTH.,#19745);
#19745 = SURFACE_SIDE_STYLE('',(#19746));
#19746 = SURFACE_STYLE_FILL_AREA(#19747);
#19747 = FILL_AREA_STYLE('',(#19748));
#19748 = FILL_AREA_STYLE_COLOUR('',#19064);
#19749 = STYLED_ITEM('color',(#19750),#2938);
#19750 = PRESENTATION_STYLE_ASSIGNMENT((#19751));
#19751 = SURFACE_STYLE_USAGE(.BOTH.,#19752);
#19752 = SURFACE_SIDE_STYLE('',(#19753));
#19753 = SURFACE_STYLE_FILL_AREA(#19754);
#19754 = FILL_AREA_STYLE('',(#19755));
#19755 = FILL_AREA_STYLE_COLOUR('',#19064);
#19756 = STYLED_ITEM('color',(#19757),#2955);
#19757 = PRESENTATION_STYLE_ASSIGNMENT((#19758));
#19758 = SURFACE_STYLE_USAGE(.BOTH.,#19759);
#19759 = SURFACE_SIDE_STYLE('',(#19760));
#19760 = SURFACE_STYLE_FILL_AREA(#19761);
#19761 = FILL_AREA_STYLE('',(#19762));
#19762 = FILL_AREA_STYLE_COLOUR('',#19064);
#19763 = STYLED_ITEM('color',(#19764),#2986);
#19764 = PRESENTATION_STYLE_ASSIGNMENT((#19765));
#19765 = SURFACE_STYLE_USAGE(.BOTH.,#19766);
#19766 = SURFACE_SIDE_STYLE('',(#19767));
#19767 = SURFACE_STYLE_FILL_AREA(#19768);
#19768 = FILL_AREA_STYLE('',(#19769));
#19769 = FILL_AREA_STYLE_COLOUR('',#19064);
#19770 = STYLED_ITEM('color',(#19771),#3010);
#19771 = PRESENTATION_STYLE_ASSIGNMENT((#19772));
#19772 = SURFACE_STYLE_USAGE(.BOTH.,#19773);
#19773 = SURFACE_SIDE_STYLE('',(#19774));
#19774 = SURFACE_STYLE_FILL_AREA(#19775);
#19775 = FILL_AREA_STYLE('',(#19776));
#19776 = FILL_AREA_STYLE_COLOUR('',#19064);
#19777 = STYLED_ITEM('color',(#19778),#3034);
#19778 = PRESENTATION_STYLE_ASSIGNMENT((#19779));
#19779 = SURFACE_STYLE_USAGE(.BOTH.,#19780);
#19780 = SURFACE_SIDE_STYLE('',(#19781));
#19781 = SURFACE_STYLE_FILL_AREA(#19782);
#19782 = FILL_AREA_STYLE('',(#19783));
#19783 = FILL_AREA_STYLE_COLOUR('',#19064);
#19784 = STYLED_ITEM('color',(#19785),#3051);
#19785 = PRESENTATION_STYLE_ASSIGNMENT((#19786));
#19786 = SURFACE_STYLE_USAGE(.BOTH.,#19787);
#19787 = SURFACE_SIDE_STYLE('',(#19788));
#19788 = SURFACE_STYLE_FILL_AREA(#19789);
#19789 = FILL_AREA_STYLE('',(#19790));
#19790 = FILL_AREA_STYLE_COLOUR('',#19064);
#19791 = STYLED_ITEM('color',(#19792),#3082);
#19792 = PRESENTATION_STYLE_ASSIGNMENT((#19793));
#19793 = SURFACE_STYLE_USAGE(.BOTH.,#19794);
#19794 = SURFACE_SIDE_STYLE('',(#19795));
#19795 = SURFACE_STYLE_FILL_AREA(#19796);
#19796 = FILL_AREA_STYLE('',(#19797));
#19797 = FILL_AREA_STYLE_COLOUR('',#19064);
#19798 = STYLED_ITEM('color',(#19799),#3106);
#19799 = PRESENTATION_STYLE_ASSIGNMENT((#19800));
#19800 = SURFACE_STYLE_USAGE(.BOTH.,#19801);
#19801 = SURFACE_SIDE_STYLE('',(#19802));
#19802 = SURFACE_STYLE_FILL_AREA(#19803);
#19803 = FILL_AREA_STYLE('',(#19804));
#19804 = FILL_AREA_STYLE_COLOUR('',#19064);
#19805 = STYLED_ITEM('color',(#19806),#3130);
#19806 = PRESENTATION_STYLE_ASSIGNMENT((#19807));
#19807 = SURFACE_STYLE_USAGE(.BOTH.,#19808);
#19808 = SURFACE_SIDE_STYLE('',(#19809));
#19809 = SURFACE_STYLE_FILL_AREA(#19810);
#19810 = FILL_AREA_STYLE('',(#19811));
#19811 = FILL_AREA_STYLE_COLOUR('',#19064);
#19812 = STYLED_ITEM('color',(#19813),#3147);
#19813 = PRESENTATION_STYLE_ASSIGNMENT((#19814));
#19814 = SURFACE_STYLE_USAGE(.BOTH.,#19815);
#19815 = SURFACE_SIDE_STYLE('',(#19816));
#19816 = SURFACE_STYLE_FILL_AREA(#19817);
#19817 = FILL_AREA_STYLE('',(#19818));
#19818 = FILL_AREA_STYLE_COLOUR('',#19064);
#19819 = STYLED_ITEM('color',(#19820),#3178);
#19820 = PRESENTATION_STYLE_ASSIGNMENT((#19821));
#19821 = SURFACE_STYLE_USAGE(.BOTH.,#19822);
#19822 = SURFACE_SIDE_STYLE('',(#19823));
#19823 = SURFACE_STYLE_FILL_AREA(#19824);
#19824 = FILL_AREA_STYLE('',(#19825));
#19825 = FILL_AREA_STYLE_COLOUR('',#19064);
#19826 = STYLED_ITEM('color',(#19827),#3202);
#19827 = PRESENTATION_STYLE_ASSIGNMENT((#19828));
#19828 = SURFACE_STYLE_USAGE(.BOTH.,#19829);
#19829 = SURFACE_SIDE_STYLE('',(#19830));
#19830 = SURFACE_STYLE_FILL_AREA(#19831);
#19831 = FILL_AREA_STYLE('',(#19832));
#19832 = FILL_AREA_STYLE_COLOUR('',#19064);
#19833 = STYLED_ITEM('color',(#19834),#3226);
#19834 = PRESENTATION_STYLE_ASSIGNMENT((#19835));
#19835 = SURFACE_STYLE_USAGE(.BOTH.,#19836);
#19836 = SURFACE_SIDE_STYLE('',(#19837));
#19837 = SURFACE_STYLE_FILL_AREA(#19838);
#19838 = FILL_AREA_STYLE('',(#19839));
#19839 = FILL_AREA_STYLE_COLOUR('',#19064);
#19840 = STYLED_ITEM('color',(#19841),#3243);
#19841 = PRESENTATION_STYLE_ASSIGNMENT((#19842));
#19842 = SURFACE_STYLE_USAGE(.BOTH.,#19843);
#19843 = SURFACE_SIDE_STYLE('',(#19844));
#19844 = SURFACE_STYLE_FILL_AREA(#19845);
#19845 = FILL_AREA_STYLE('',(#19846));
#19846 = FILL_AREA_STYLE_COLOUR('',#19064);
#19847 = STYLED_ITEM('color',(#19848),#3274);
#19848 = PRESENTATION_STYLE_ASSIGNMENT((#19849));
#19849 = SURFACE_STYLE_USAGE(.BOTH.,#19850);
#19850 = SURFACE_SIDE_STYLE('',(#19851));
#19851 = SURFACE_STYLE_FILL_AREA(#19852);
#19852 = FILL_AREA_STYLE('',(#19853));
#19853 = FILL_AREA_STYLE_COLOUR('',#19064);
#19854 = STYLED_ITEM('color',(#19855),#3298);
#19855 = PRESENTATION_STYLE_ASSIGNMENT((#19856));
#19856 = SURFACE_STYLE_USAGE(.BOTH.,#19857);
#19857 = SURFACE_SIDE_STYLE('',(#19858));
#19858 = SURFACE_STYLE_FILL_AREA(#19859);
#19859 = FILL_AREA_STYLE('',(#19860));
#19860 = FILL_AREA_STYLE_COLOUR('',#19064);
#19861 = STYLED_ITEM('color',(#19862),#3322);
#19862 = PRESENTATION_STYLE_ASSIGNMENT((#19863));
#19863 = SURFACE_STYLE_USAGE(.BOTH.,#19864);
#19864 = SURFACE_SIDE_STYLE('',(#19865));
#19865 = SURFACE_STYLE_FILL_AREA(#19866);
#19866 = FILL_AREA_STYLE('',(#19867));
#19867 = FILL_AREA_STYLE_COLOUR('',#19064);
#19868 = STYLED_ITEM('color',(#19869),#3339);
#19869 = PRESENTATION_STYLE_ASSIGNMENT((#19870));
#19870 = SURFACE_STYLE_USAGE(.BOTH.,#19871);
#19871 = SURFACE_SIDE_STYLE('',(#19872));
#19872 = SURFACE_STYLE_FILL_AREA(#19873);
#19873 = FILL_AREA_STYLE('',(#19874));
#19874 = FILL_AREA_STYLE_COLOUR('',#19064);
#19875 = STYLED_ITEM('color',(#19876),#3370);
#19876 = PRESENTATION_STYLE_ASSIGNMENT((#19877));
#19877 = SURFACE_STYLE_USAGE(.BOTH.,#19878);
#19878 = SURFACE_SIDE_STYLE('',(#19879));
#19879 = SURFACE_STYLE_FILL_AREA(#19880);
#19880 = FILL_AREA_STYLE('',(#19881));
#19881 = FILL_AREA_STYLE_COLOUR('',#19064);
#19882 = STYLED_ITEM('color',(#19883),#3394);
#19883 = PRESENTATION_STYLE_ASSIGNMENT((#19884));
#19884 = SURFACE_STYLE_USAGE(.BOTH.,#19885);
#19885 = SURFACE_SIDE_STYLE('',(#19886));
#19886 = SURFACE_STYLE_FILL_AREA(#19887);
#19887 = FILL_AREA_STYLE('',(#19888));
#19888 = FILL_AREA_STYLE_COLOUR('',#19064);
#19889 = STYLED_ITEM('color',(#19890),#3418);
#19890 = PRESENTATION_STYLE_ASSIGNMENT((#19891));
#19891 = SURFACE_STYLE_USAGE(.BOTH.,#19892);
#19892 = SURFACE_SIDE_STYLE('',(#19893));
#19893 = SURFACE_STYLE_FILL_AREA(#19894);
#19894 = FILL_AREA_STYLE('',(#19895));
#19895 = FILL_AREA_STYLE_COLOUR('',#19064);
#19896 = STYLED_ITEM('color',(#19897),#3435);
#19897 = PRESENTATION_STYLE_ASSIGNMENT((#19898));
#19898 = SURFACE_STYLE_USAGE(.BOTH.,#19899);
#19899 = SURFACE_SIDE_STYLE('',(#19900));
#19900 = SURFACE_STYLE_FILL_AREA(#19901);
#19901 = FILL_AREA_STYLE('',(#19902));
#19902 = FILL_AREA_STYLE_COLOUR('',#19064);
#19903 = STYLED_ITEM('color',(#19904),#3466);
#19904 = PRESENTATION_STYLE_ASSIGNMENT((#19905));
#19905 = SURFACE_STYLE_USAGE(.BOTH.,#19906);
#19906 = SURFACE_SIDE_STYLE('',(#19907));
#19907 = SURFACE_STYLE_FILL_AREA(#19908);
#19908 = FILL_AREA_STYLE('',(#19909));
#19909 = FILL_AREA_STYLE_COLOUR('',#19064);
#19910 = STYLED_ITEM('color',(#19911),#3490);
#19911 = PRESENTATION_STYLE_ASSIGNMENT((#19912));
#19912 = SURFACE_STYLE_USAGE(.BOTH.,#19913);
#19913 = SURFACE_SIDE_STYLE('',(#19914));
#19914 = SURFACE_STYLE_FILL_AREA(#19915);
#19915 = FILL_AREA_STYLE('',(#19916));
#19916 = FILL_AREA_STYLE_COLOUR('',#19064);
#19917 = STYLED_ITEM('color',(#19918),#3514);
#19918 = PRESENTATION_STYLE_ASSIGNMENT((#19919));
#19919 = SURFACE_STYLE_USAGE(.BOTH.,#19920);
#19920 = SURFACE_SIDE_STYLE('',(#19921));
#19921 = SURFACE_STYLE_FILL_AREA(#19922);
#19922 = FILL_AREA_STYLE('',(#19923));
#19923 = FILL_AREA_STYLE_COLOUR('',#19064);
#19924 = STYLED_ITEM('color',(#19925),#3531);
#19925 = PRESENTATION_STYLE_ASSIGNMENT((#19926));
#19926 = SURFACE_STYLE_USAGE(.BOTH.,#19927);
#19927 = SURFACE_SIDE_STYLE('',(#19928));
#19928 = SURFACE_STYLE_FILL_AREA(#19929);
#19929 = FILL_AREA_STYLE('',(#19930));
#19930 = FILL_AREA_STYLE_COLOUR('',#19064);
#19931 = STYLED_ITEM('color',(#19932),#3562);
#19932 = PRESENTATION_STYLE_ASSIGNMENT((#19933));
#19933 = SURFACE_STYLE_USAGE(.BOTH.,#19934);
#19934 = SURFACE_SIDE_STYLE('',(#19935));
#19935 = SURFACE_STYLE_FILL_AREA(#19936);
#19936 = FILL_AREA_STYLE('',(#19937));
#19937 = FILL_AREA_STYLE_COLOUR('',#19064);
#19938 = STYLED_ITEM('color',(#19939),#3586);
#19939 = PRESENTATION_STYLE_ASSIGNMENT((#19940));
#19940 = SURFACE_STYLE_USAGE(.BOTH.,#19941);
#19941 = SURFACE_SIDE_STYLE('',(#19942));
#19942 = SURFACE_STYLE_FILL_AREA(#19943);
#19943 = FILL_AREA_STYLE('',(#19944));
#19944 = FILL_AREA_STYLE_COLOUR('',#19064);
#19945 = STYLED_ITEM('color',(#19946),#3610);
#19946 = PRESENTATION_STYLE_ASSIGNMENT((#19947));
#19947 = SURFACE_STYLE_USAGE(.BOTH.,#19948);
#19948 = SURFACE_SIDE_STYLE('',(#19949));
#19949 = SURFACE_STYLE_FILL_AREA(#19950);
#19950 = FILL_AREA_STYLE('',(#19951));
#19951 = FILL_AREA_STYLE_COLOUR('',#19064);
#19952 = STYLED_ITEM('color',(#19953),#3627);
#19953 = PRESENTATION_STYLE_ASSIGNMENT((#19954));
#19954 = SURFACE_STYLE_USAGE(.BOTH.,#19955);
#19955 = SURFACE_SIDE_STYLE('',(#19956));
#19956 = SURFACE_STYLE_FILL_AREA(#19957);
#19957 = FILL_AREA_STYLE('',(#19958));
#19958 = FILL_AREA_STYLE_COLOUR('',#19064);
#19959 = STYLED_ITEM('color',(#19960),#3658);
#19960 = PRESENTATION_STYLE_ASSIGNMENT((#19961));
#19961 = SURFACE_STYLE_USAGE(.BOTH.,#19962);
#19962 = SURFACE_SIDE_STYLE('',(#19963));
#19963 = SURFACE_STYLE_FILL_AREA(#19964);
#19964 = FILL_AREA_STYLE('',(#19965));
#19965 = FILL_AREA_STYLE_COLOUR('',#19064);
#19966 = STYLED_ITEM('color',(#19967),#3682);
#19967 = PRESENTATION_STYLE_ASSIGNMENT((#19968));
#19968 = SURFACE_STYLE_USAGE(.BOTH.,#19969);
#19969 = SURFACE_SIDE_STYLE('',(#19970));
#19970 = SURFACE_STYLE_FILL_AREA(#19971);
#19971 = FILL_AREA_STYLE('',(#19972));
#19972 = FILL_AREA_STYLE_COLOUR('',#19064);
#19973 = STYLED_ITEM('color',(#19974),#3706);
#19974 = PRESENTATION_STYLE_ASSIGNMENT((#19975));
#19975 = SURFACE_STYLE_USAGE(.BOTH.,#19976);
#19976 = SURFACE_SIDE_STYLE('',(#19977));
#19977 = SURFACE_STYLE_FILL_AREA(#19978);
#19978 = FILL_AREA_STYLE('',(#19979));
#19979 = FILL_AREA_STYLE_COLOUR('',#19064);
#19980 = STYLED_ITEM('color',(#19981),#3723);
#19981 = PRESENTATION_STYLE_ASSIGNMENT((#19982));
#19982 = SURFACE_STYLE_USAGE(.BOTH.,#19983);
#19983 = SURFACE_SIDE_STYLE('',(#19984));
#19984 = SURFACE_STYLE_FILL_AREA(#19985);
#19985 = FILL_AREA_STYLE('',(#19986));
#19986 = FILL_AREA_STYLE_COLOUR('',#19064);
#19987 = STYLED_ITEM('color',(#19988),#3754);
#19988 = PRESENTATION_STYLE_ASSIGNMENT((#19989));
#19989 = SURFACE_STYLE_USAGE(.BOTH.,#19990);
#19990 = SURFACE_SIDE_STYLE('',(#19991));
#19991 = SURFACE_STYLE_FILL_AREA(#19992);
#19992 = FILL_AREA_STYLE('',(#19993));
#19993 = FILL_AREA_STYLE_COLOUR('',#19064);
#19994 = STYLED_ITEM('color',(#19995),#3778);
#19995 = PRESENTATION_STYLE_ASSIGNMENT((#19996));
#19996 = SURFACE_STYLE_USAGE(.BOTH.,#19997);
#19997 = SURFACE_SIDE_STYLE('',(#19998));
#19998 = SURFACE_STYLE_FILL_AREA(#19999);
#19999 = FILL_AREA_STYLE('',(#20000));
#20000 = FILL_AREA_STYLE_COLOUR('',#19064);
#20001 = STYLED_ITEM('color',(#20002),#3802);
#20002 = PRESENTATION_STYLE_ASSIGNMENT((#20003));
#20003 = SURFACE_STYLE_USAGE(.BOTH.,#20004);
#20004 = SURFACE_SIDE_STYLE('',(#20005));
#20005 = SURFACE_STYLE_FILL_AREA(#20006);
#20006 = FILL_AREA_STYLE('',(#20007));
#20007 = FILL_AREA_STYLE_COLOUR('',#19064);
#20008 = STYLED_ITEM('color',(#20009),#3819);
#20009 = PRESENTATION_STYLE_ASSIGNMENT((#20010));
#20010 = SURFACE_STYLE_USAGE(.BOTH.,#20011);
#20011 = SURFACE_SIDE_STYLE('',(#20012));
#20012 = SURFACE_STYLE_FILL_AREA(#20013);
#20013 = FILL_AREA_STYLE('',(#20014));
#20014 = FILL_AREA_STYLE_COLOUR('',#19064);
#20015 = STYLED_ITEM('color',(#20016),#3850);
#20016 = PRESENTATION_STYLE_ASSIGNMENT((#20017));
#20017 = SURFACE_STYLE_USAGE(.BOTH.,#20018);
#20018 = SURFACE_SIDE_STYLE('',(#20019));
#20019 = SURFACE_STYLE_FILL_AREA(#20020);
#20020 = FILL_AREA_STYLE('',(#20021));
#20021 = FILL_AREA_STYLE_COLOUR('',#19064);
#20022 = STYLED_ITEM('color',(#20023),#3874);
#20023 = PRESENTATION_STYLE_ASSIGNMENT((#20024));
#20024 = SURFACE_STYLE_USAGE(.BOTH.,#20025);
#20025 = SURFACE_SIDE_STYLE('',(#20026));
#20026 = SURFACE_STYLE_FILL_AREA(#20027);
#20027 = FILL_AREA_STYLE('',(#20028));
#20028 = FILL_AREA_STYLE_COLOUR('',#19064);
#20029 = STYLED_ITEM('color',(#20030),#3898);
#20030 = PRESENTATION_STYLE_ASSIGNMENT((#20031));
#20031 = SURFACE_STYLE_USAGE(.BOTH.,#20032);
#20032 = SURFACE_SIDE_STYLE('',(#20033));
#20033 = SURFACE_STYLE_FILL_AREA(#20034);
#20034 = FILL_AREA_STYLE('',(#20035));
#20035 = FILL_AREA_STYLE_COLOUR('',#19064);
#20036 = STYLED_ITEM('color',(#20037),#3915);
#20037 = PRESENTATION_STYLE_ASSIGNMENT((#20038));
#20038 = SURFACE_STYLE_USAGE(.BOTH.,#20039);
#20039 = SURFACE_SIDE_STYLE('',(#20040));
#20040 = SURFACE_STYLE_FILL_AREA(#20041);
#20041 = FILL_AREA_STYLE('',(#20042));
#20042 = FILL_AREA_STYLE_COLOUR('',#19064);
#20043 = STYLED_ITEM('color',(#20044),#3946);
#20044 = PRESENTATION_STYLE_ASSIGNMENT((#20045));
#20045 = SURFACE_STYLE_USAGE(.BOTH.,#20046);
#20046 = SURFACE_SIDE_STYLE('',(#20047));
#20047 = SURFACE_STYLE_FILL_AREA(#20048);
#20048 = FILL_AREA_STYLE('',(#20049));
#20049 = FILL_AREA_STYLE_COLOUR('',#19064);
#20050 = STYLED_ITEM('color',(#20051),#3970);
#20051 = PRESENTATION_STYLE_ASSIGNMENT((#20052));
#20052 = SURFACE_STYLE_USAGE(.BOTH.,#20053);
#20053 = SURFACE_SIDE_STYLE('',(#20054));
#20054 = SURFACE_STYLE_FILL_AREA(#20055);
#20055 = FILL_AREA_STYLE('',(#20056));
#20056 = FILL_AREA_STYLE_COLOUR('',#19064);
#20057 = STYLED_ITEM('color',(#20058),#3994);
#20058 = PRESENTATION_STYLE_ASSIGNMENT((#20059));
#20059 = SURFACE_STYLE_USAGE(.BOTH.,#20060);
#20060 = SURFACE_SIDE_STYLE('',(#20061));
#20061 = SURFACE_STYLE_FILL_AREA(#20062);
#20062 = FILL_AREA_STYLE('',(#20063));
#20063 = FILL_AREA_STYLE_COLOUR('',#19064);
#20064 = STYLED_ITEM('color',(#20065),#4011);
#20065 = PRESENTATION_STYLE_ASSIGNMENT((#20066));
#20066 = SURFACE_STYLE_USAGE(.BOTH.,#20067);
#20067 = SURFACE_SIDE_STYLE('',(#20068));
#20068 = SURFACE_STYLE_FILL_AREA(#20069);
#20069 = FILL_AREA_STYLE('',(#20070));
#20070 = FILL_AREA_STYLE_COLOUR('',#19064);
#20071 = STYLED_ITEM('color',(#20072),#4042);
#20072 = PRESENTATION_STYLE_ASSIGNMENT((#20073));
#20073 = SURFACE_STYLE_USAGE(.BOTH.,#20074);
#20074 = SURFACE_SIDE_STYLE('',(#20075));
#20075 = SURFACE_STYLE_FILL_AREA(#20076);
#20076 = FILL_AREA_STYLE('',(#20077));
#20077 = FILL_AREA_STYLE_COLOUR('',#19064);
#20078 = STYLED_ITEM('color',(#20079),#4066);
#20079 = PRESENTATION_STYLE_ASSIGNMENT((#20080));
#20080 = SURFACE_STYLE_USAGE(.BOTH.,#20081);
#20081 = SURFACE_SIDE_STYLE('',(#20082));
#20082 = SURFACE_STYLE_FILL_AREA(#20083);
#20083 = FILL_AREA_STYLE('',(#20084));
#20084 = FILL_AREA_STYLE_COLOUR('',#19064);
#20085 = STYLED_ITEM('color',(#20086),#4090);
#20086 = PRESENTATION_STYLE_ASSIGNMENT((#20087));
#20087 = SURFACE_STYLE_USAGE(.BOTH.,#20088);
#20088 = SURFACE_SIDE_STYLE('',(#20089));
#20089 = SURFACE_STYLE_FILL_AREA(#20090);
#20090 = FILL_AREA_STYLE('',(#20091));
#20091 = FILL_AREA_STYLE_COLOUR('',#19064);
#20092 = STYLED_ITEM('color',(#20093),#4107);
#20093 = PRESENTATION_STYLE_ASSIGNMENT((#20094));
#20094 = SURFACE_STYLE_USAGE(.BOTH.,#20095);
#20095 = SURFACE_SIDE_STYLE('',(#20096));
#20096 = SURFACE_STYLE_FILL_AREA(#20097);
#20097 = FILL_AREA_STYLE('',(#20098));
#20098 = FILL_AREA_STYLE_COLOUR('',#19064);
#20099 = STYLED_ITEM('color',(#20100),#4138);
#20100 = PRESENTATION_STYLE_ASSIGNMENT((#20101));
#20101 = SURFACE_STYLE_USAGE(.BOTH.,#20102);
#20102 = SURFACE_SIDE_STYLE('',(#20103));
#20103 = SURFACE_STYLE_FILL_AREA(#20104);
#20104 = FILL_AREA_STYLE('',(#20105));
#20105 = FILL_AREA_STYLE_COLOUR('',#19064);
#20106 = STYLED_ITEM('color',(#20107),#4162);
#20107 = PRESENTATION_STYLE_ASSIGNMENT((#20108));
#20108 = SURFACE_STYLE_USAGE(.BOTH.,#20109);
#20109 = SURFACE_SIDE_STYLE('',(#20110));
#20110 = SURFACE_STYLE_FILL_AREA(#20111);
#20111 = FILL_AREA_STYLE('',(#20112));
#20112 = FILL_AREA_STYLE_COLOUR('',#19064);
#20113 = STYLED_ITEM('color',(#20114),#4186);
#20114 = PRESENTATION_STYLE_ASSIGNMENT((#20115));
#20115 = SURFACE_STYLE_USAGE(.BOTH.,#20116);
#20116 = SURFACE_SIDE_STYLE('',(#20117));
#20117 = SURFACE_STYLE_FILL_AREA(#20118);
#20118 = FILL_AREA_STYLE('',(#20119));
#20119 = FILL_AREA_STYLE_COLOUR('',#19064);
#20120 = STYLED_ITEM('color',(#20121),#4203);
#20121 = PRESENTATION_STYLE_ASSIGNMENT((#20122));
#20122 = SURFACE_STYLE_USAGE(.BOTH.,#20123);
#20123 = SURFACE_SIDE_STYLE('',(#20124));
#20124 = SURFACE_STYLE_FILL_AREA(#20125);
#20125 = FILL_AREA_STYLE('',(#20126));
#20126 = FILL_AREA_STYLE_COLOUR('',#19064);
#20127 = STYLED_ITEM('color',(#20128),#4234);
#20128 = PRESENTATION_STYLE_ASSIGNMENT((#20129));
#20129 = SURFACE_STYLE_USAGE(.BOTH.,#20130);
#20130 = SURFACE_SIDE_STYLE('',(#20131));
#20131 = SURFACE_STYLE_FILL_AREA(#20132);
#20132 = FILL_AREA_STYLE('',(#20133));
#20133 = FILL_AREA_STYLE_COLOUR('',#19064);
#20134 = STYLED_ITEM('color',(#20135),#4258);
#20135 = PRESENTATION_STYLE_ASSIGNMENT((#20136));
#20136 = SURFACE_STYLE_USAGE(.BOTH.,#20137);
#20137 = SURFACE_SIDE_STYLE('',(#20138));
#20138 = SURFACE_STYLE_FILL_AREA(#20139);
#20139 = FILL_AREA_STYLE('',(#20140));
#20140 = FILL_AREA_STYLE_COLOUR('',#19064);
#20141 = STYLED_ITEM('color',(#20142),#4282);
#20142 = PRESENTATION_STYLE_ASSIGNMENT((#20143));
#20143 = SURFACE_STYLE_USAGE(.BOTH.,#20144);
#20144 = SURFACE_SIDE_STYLE('',(#20145));
#20145 = SURFACE_STYLE_FILL_AREA(#20146);
#20146 = FILL_AREA_STYLE('',(#20147));
#20147 = FILL_AREA_STYLE_COLOUR('',#19064);
#20148 = STYLED_ITEM('color',(#20149),#4299);
#20149 = PRESENTATION_STYLE_ASSIGNMENT((#20150));
#20150 = SURFACE_STYLE_USAGE(.BOTH.,#20151);
#20151 = SURFACE_SIDE_STYLE('',(#20152));
#20152 = SURFACE_STYLE_FILL_AREA(#20153);
#20153 = FILL_AREA_STYLE('',(#20154));
#20154 = FILL_AREA_STYLE_COLOUR('',#19064);
#20155 = STYLED_ITEM('color',(#20156),#4330);
#20156 = PRESENTATION_STYLE_ASSIGNMENT((#20157));
#20157 = SURFACE_STYLE_USAGE(.BOTH.,#20158);
#20158 = SURFACE_SIDE_STYLE('',(#20159));
#20159 = SURFACE_STYLE_FILL_AREA(#20160);
#20160 = FILL_AREA_STYLE('',(#20161));
#20161 = FILL_AREA_STYLE_COLOUR('',#19064);
#20162 = STYLED_ITEM('color',(#20163),#4354);
#20163 = PRESENTATION_STYLE_ASSIGNMENT((#20164));
#20164 = SURFACE_STYLE_USAGE(.BOTH.,#20165);
#20165 = SURFACE_SIDE_STYLE('',(#20166));
#20166 = SURFACE_STYLE_FILL_AREA(#20167);
#20167 = FILL_AREA_STYLE('',(#20168));
#20168 = FILL_AREA_STYLE_COLOUR('',#19064);
#20169 = STYLED_ITEM('color',(#20170),#4378);
#20170 = PRESENTATION_STYLE_ASSIGNMENT((#20171));
#20171 = SURFACE_STYLE_USAGE(.BOTH.,#20172);
#20172 = SURFACE_SIDE_STYLE('',(#20173));
#20173 = SURFACE_STYLE_FILL_AREA(#20174);
#20174 = FILL_AREA_STYLE('',(#20175));
#20175 = FILL_AREA_STYLE_COLOUR('',#19064);
#20176 = STYLED_ITEM('color',(#20177),#4395);
#20177 = PRESENTATION_STYLE_ASSIGNMENT((#20178));
#20178 = SURFACE_STYLE_USAGE(.BOTH.,#20179);
#20179 = SURFACE_SIDE_STYLE('',(#20180));
#20180 = SURFACE_STYLE_FILL_AREA(#20181);
#20181 = FILL_AREA_STYLE('',(#20182));
#20182 = FILL_AREA_STYLE_COLOUR('',#19064);
#20183 = STYLED_ITEM('color',(#20184),#4426);
#20184 = PRESENTATION_STYLE_ASSIGNMENT((#20185));
#20185 = SURFACE_STYLE_USAGE(.BOTH.,#20186);
#20186 = SURFACE_SIDE_STYLE('',(#20187));
#20187 = SURFACE_STYLE_FILL_AREA(#20188);
#20188 = FILL_AREA_STYLE('',(#20189));
#20189 = FILL_AREA_STYLE_COLOUR('',#19064);
#20190 = STYLED_ITEM('color',(#20191),#4450);
#20191 = PRESENTATION_STYLE_ASSIGNMENT((#20192));
#20192 = SURFACE_STYLE_USAGE(.BOTH.,#20193);
#20193 = SURFACE_SIDE_STYLE('',(#20194));
#20194 = SURFACE_STYLE_FILL_AREA(#20195);
#20195 = FILL_AREA_STYLE('',(#20196));
#20196 = FILL_AREA_STYLE_COLOUR('',#19064);
#20197 = STYLED_ITEM('color',(#20198),#4474);
#20198 = PRESENTATION_STYLE_ASSIGNMENT((#20199));
#20199 = SURFACE_STYLE_USAGE(.BOTH.,#20200);
#20200 = SURFACE_SIDE_STYLE('',(#20201));
#20201 = SURFACE_STYLE_FILL_AREA(#20202);
#20202 = FILL_AREA_STYLE('',(#20203));
#20203 = FILL_AREA_STYLE_COLOUR('',#19064);
#20204 = STYLED_ITEM('color',(#20205),#4491);
#20205 = PRESENTATION_STYLE_ASSIGNMENT((#20206));
#20206 = SURFACE_STYLE_USAGE(.BOTH.,#20207);
#20207 = SURFACE_SIDE_STYLE('',(#20208));
#20208 = SURFACE_STYLE_FILL_AREA(#20209);
#20209 = FILL_AREA_STYLE('',(#20210));
#20210 = FILL_AREA_STYLE_COLOUR('',#19064);
#20211 = STYLED_ITEM('color',(#20212),#4522);
#20212 = PRESENTATION_STYLE_ASSIGNMENT((#20213));
#20213 = SURFACE_STYLE_USAGE(.BOTH.,#20214);
#20214 = SURFACE_SIDE_STYLE('',(#20215));
#20215 = SURFACE_STYLE_FILL_AREA(#20216);
#20216 = FILL_AREA_STYLE('',(#20217));
#20217 = FILL_AREA_STYLE_COLOUR('',#19064);
#20218 = STYLED_ITEM('color',(#20219),#4546);
#20219 = PRESENTATION_STYLE_ASSIGNMENT((#20220));
#20220 = SURFACE_STYLE_USAGE(.BOTH.,#20221);
#20221 = SURFACE_SIDE_STYLE('',(#20222));
#20222 = SURFACE_STYLE_FILL_AREA(#20223);
#20223 = FILL_AREA_STYLE('',(#20224));
#20224 = FILL_AREA_STYLE_COLOUR('',#19064);
#20225 = STYLED_ITEM('color',(#20226),#4570);
#20226 = PRESENTATION_STYLE_ASSIGNMENT((#20227));
#20227 = SURFACE_STYLE_USAGE(.BOTH.,#20228);
#20228 = SURFACE_SIDE_STYLE('',(#20229));
#20229 = SURFACE_STYLE_FILL_AREA(#20230);
#20230 = FILL_AREA_STYLE('',(#20231));
#20231 = FILL_AREA_STYLE_COLOUR('',#19064);
#20232 = STYLED_ITEM('color',(#20233),#4587);
#20233 = PRESENTATION_STYLE_ASSIGNMENT((#20234));
#20234 = SURFACE_STYLE_USAGE(.BOTH.,#20235);
#20235 = SURFACE_SIDE_STYLE('',(#20236));
#20236 = SURFACE_STYLE_FILL_AREA(#20237);
#20237 = FILL_AREA_STYLE('',(#20238));
#20238 = FILL_AREA_STYLE_COLOUR('',#19064);
#20239 = STYLED_ITEM('color',(#20240),#4618);
#20240 = PRESENTATION_STYLE_ASSIGNMENT((#20241));
#20241 = SURFACE_STYLE_USAGE(.BOTH.,#20242);
#20242 = SURFACE_SIDE_STYLE('',(#20243));
#20243 = SURFACE_STYLE_FILL_AREA(#20244);
#20244 = FILL_AREA_STYLE('',(#20245));
#20245 = FILL_AREA_STYLE_COLOUR('',#19064);
#20246 = STYLED_ITEM('color',(#20247),#4642);
#20247 = PRESENTATION_STYLE_ASSIGNMENT((#20248));
#20248 = SURFACE_STYLE_USAGE(.BOTH.,#20249);
#20249 = SURFACE_SIDE_STYLE('',(#20250));
#20250 = SURFACE_STYLE_FILL_AREA(#20251);
#20251 = FILL_AREA_STYLE('',(#20252));
#20252 = FILL_AREA_STYLE_COLOUR('',#19064);
#20253 = STYLED_ITEM('color',(#20254),#4666);
#20254 = PRESENTATION_STYLE_ASSIGNMENT((#20255));
#20255 = SURFACE_STYLE_USAGE(.BOTH.,#20256);
#20256 = SURFACE_SIDE_STYLE('',(#20257));
#20257 = SURFACE_STYLE_FILL_AREA(#20258);
#20258 = FILL_AREA_STYLE('',(#20259));
#20259 = FILL_AREA_STYLE_COLOUR('',#19064);
#20260 = STYLED_ITEM('color',(#20261),#4683);
#20261 = PRESENTATION_STYLE_ASSIGNMENT((#20262));
#20262 = SURFACE_STYLE_USAGE(.BOTH.,#20263);
#20263 = SURFACE_SIDE_STYLE('',(#20264));
#20264 = SURFACE_STYLE_FILL_AREA(#20265);
#20265 = FILL_AREA_STYLE('',(#20266));
#20266 = FILL_AREA_STYLE_COLOUR('',#19064);
#20267 = STYLED_ITEM('color',(#20268),#4714);
#20268 = PRESENTATION_STYLE_ASSIGNMENT((#20269));
#20269 = SURFACE_STYLE_USAGE(.BOTH.,#20270);
#20270 = SURFACE_SIDE_STYLE('',(#20271));
#20271 = SURFACE_STYLE_FILL_AREA(#20272);
#20272 = FILL_AREA_STYLE('',(#20273));
#20273 = FILL_AREA_STYLE_COLOUR('',#19064);
#20274 = STYLED_ITEM('color',(#20275),#4738);
#20275 = PRESENTATION_STYLE_ASSIGNMENT((#20276));
#20276 = SURFACE_STYLE_USAGE(.BOTH.,#20277);
#20277 = SURFACE_SIDE_STYLE('',(#20278));
#20278 = SURFACE_STYLE_FILL_AREA(#20279);
#20279 = FILL_AREA_STYLE('',(#20280));
#20280 = FILL_AREA_STYLE_COLOUR('',#19064);
#20281 = STYLED_ITEM('color',(#20282),#4762);
#20282 = PRESENTATION_STYLE_ASSIGNMENT((#20283));
#20283 = SURFACE_STYLE_USAGE(.BOTH.,#20284);
#20284 = SURFACE_SIDE_STYLE('',(#20285));
#20285 = SURFACE_STYLE_FILL_AREA(#20286);
#20286 = FILL_AREA_STYLE('',(#20287));
#20287 = FILL_AREA_STYLE_COLOUR('',#19064);
#20288 = STYLED_ITEM('color',(#20289),#4779);
#20289 = PRESENTATION_STYLE_ASSIGNMENT((#20290));
#20290 = SURFACE_STYLE_USAGE(.BOTH.,#20291);
#20291 = SURFACE_SIDE_STYLE('',(#20292));
#20292 = SURFACE_STYLE_FILL_AREA(#20293);
#20293 = FILL_AREA_STYLE('',(#20294));
#20294 = FILL_AREA_STYLE_COLOUR('',#19064);
#20295 = STYLED_ITEM('color',(#20296),#4810);
#20296 = PRESENTATION_STYLE_ASSIGNMENT((#20297));
#20297 = SURFACE_STYLE_USAGE(.BOTH.,#20298);
#20298 = SURFACE_SIDE_STYLE('',(#20299));
#20299 = SURFACE_STYLE_FILL_AREA(#20300);
#20300 = FILL_AREA_STYLE('',(#20301));
#20301 = FILL_AREA_STYLE_COLOUR('',#19064);
#20302 = STYLED_ITEM('color',(#20303),#4834);
#20303 = PRESENTATION_STYLE_ASSIGNMENT((#20304));
#20304 = SURFACE_STYLE_USAGE(.BOTH.,#20305);
#20305 = SURFACE_SIDE_STYLE('',(#20306));
#20306 = SURFACE_STYLE_FILL_AREA(#20307);
#20307 = FILL_AREA_STYLE('',(#20308));
#20308 = FILL_AREA_STYLE_COLOUR('',#19064);
#20309 = STYLED_ITEM('color',(#20310),#4858);
#20310 = PRESENTATION_STYLE_ASSIGNMENT((#20311));
#20311 = SURFACE_STYLE_USAGE(.BOTH.,#20312);
#20312 = SURFACE_SIDE_STYLE('',(#20313));
#20313 = SURFACE_STYLE_FILL_AREA(#20314);
#20314 = FILL_AREA_STYLE('',(#20315));
#20315 = FILL_AREA_STYLE_COLOUR('',#19064);
#20316 = STYLED_ITEM('color',(#20317),#4875);
#20317 = PRESENTATION_STYLE_ASSIGNMENT((#20318));
#20318 = SURFACE_STYLE_USAGE(.BOTH.,#20319);
#20319 = SURFACE_SIDE_STYLE('',(#20320));
#20320 = SURFACE_STYLE_FILL_AREA(#20321);
#20321 = FILL_AREA_STYLE('',(#20322));
#20322 = FILL_AREA_STYLE_COLOUR('',#19064);
#20323 = STYLED_ITEM('color',(#20324),#4887);
#20324 = PRESENTATION_STYLE_ASSIGNMENT((#20325));
#20325 = SURFACE_STYLE_USAGE(.BOTH.,#20326);
#20326 = SURFACE_SIDE_STYLE('',(#20327));
#20327 = SURFACE_STYLE_FILL_AREA(#20328);
#20328 = FILL_AREA_STYLE('',(#20329));
#20329 = FILL_AREA_STYLE_COLOUR('',#19064);
#20330 = STYLED_ITEM('color',(#20331),#4899);
#20331 = PRESENTATION_STYLE_ASSIGNMENT((#20332));
#20332 = SURFACE_STYLE_USAGE(.BOTH.,#20333);
#20333 = SURFACE_SIDE_STYLE('',(#20334));
#20334 = SURFACE_STYLE_FILL_AREA(#20335);
#20335 = FILL_AREA_STYLE('',(#20336));
#20336 = FILL_AREA_STYLE_COLOUR('',#19064);
#20337 = STYLED_ITEM('color',(#20338),#4911);
#20338 = PRESENTATION_STYLE_ASSIGNMENT((#20339));
#20339 = SURFACE_STYLE_USAGE(.BOTH.,#20340);
#20340 = SURFACE_SIDE_STYLE('',(#20341));
#20341 = SURFACE_STYLE_FILL_AREA(#20342);
#20342 = FILL_AREA_STYLE('',(#20343));
#20343 = FILL_AREA_STYLE_COLOUR('',#19064);
#20344 = STYLED_ITEM('color',(#20345),#4923);
#20345 = PRESENTATION_STYLE_ASSIGNMENT((#20346));
#20346 = SURFACE_STYLE_USAGE(.BOTH.,#20347);
#20347 = SURFACE_SIDE_STYLE('',(#20348));
#20348 = SURFACE_STYLE_FILL_AREA(#20349);
#20349 = FILL_AREA_STYLE('',(#20350));
#20350 = FILL_AREA_STYLE_COLOUR('',#19064);
#20351 = STYLED_ITEM('color',(#20352),#4935);
#20352 = PRESENTATION_STYLE_ASSIGNMENT((#20353));
#20353 = SURFACE_STYLE_USAGE(.BOTH.,#20354);
#20354 = SURFACE_SIDE_STYLE('',(#20355));
#20355 = SURFACE_STYLE_FILL_AREA(#20356);
#20356 = FILL_AREA_STYLE('',(#20357));
#20357 = FILL_AREA_STYLE_COLOUR('',#19064);
#20358 = STYLED_ITEM('color',(#20359),#4947);
#20359 = PRESENTATION_STYLE_ASSIGNMENT((#20360));
#20360 = SURFACE_STYLE_USAGE(.BOTH.,#20361);
#20361 = SURFACE_SIDE_STYLE('',(#20362));
#20362 = SURFACE_STYLE_FILL_AREA(#20363);
#20363 = FILL_AREA_STYLE('',(#20364));
#20364 = FILL_AREA_STYLE_COLOUR('',#19064);
#20365 = STYLED_ITEM('color',(#20366),#4959);
#20366 = PRESENTATION_STYLE_ASSIGNMENT((#20367));
#20367 = SURFACE_STYLE_USAGE(.BOTH.,#20368);
#20368 = SURFACE_SIDE_STYLE('',(#20369));
#20369 = SURFACE_STYLE_FILL_AREA(#20370);
#20370 = FILL_AREA_STYLE('',(#20371));
#20371 = FILL_AREA_STYLE_COLOUR('',#19064);
#20372 = STYLED_ITEM('color',(#20373),#4971);
#20373 = PRESENTATION_STYLE_ASSIGNMENT((#20374));
#20374 = SURFACE_STYLE_USAGE(.BOTH.,#20375);
#20375 = SURFACE_SIDE_STYLE('',(#20376));
#20376 = SURFACE_STYLE_FILL_AREA(#20377);
#20377 = FILL_AREA_STYLE('',(#20378));
#20378 = FILL_AREA_STYLE_COLOUR('',#19064);
#20379 = STYLED_ITEM('color',(#20380),#4983);
#20380 = PRESENTATION_STYLE_ASSIGNMENT((#20381));
#20381 = SURFACE_STYLE_USAGE(.BOTH.,#20382);
#20382 = SURFACE_SIDE_STYLE('',(#20383));
#20383 = SURFACE_STYLE_FILL_AREA(#20384);
#20384 = FILL_AREA_STYLE('',(#20385));
#20385 = FILL_AREA_STYLE_COLOUR('',#19064);
#20386 = STYLED_ITEM('color',(#20387),#4995);
#20387 = PRESENTATION_STYLE_ASSIGNMENT((#20388));
#20388 = SURFACE_STYLE_USAGE(.BOTH.,#20389);
#20389 = SURFACE_SIDE_STYLE('',(#20390));
#20390 = SURFACE_STYLE_FILL_AREA(#20391);
#20391 = FILL_AREA_STYLE('',(#20392));
#20392 = FILL_AREA_STYLE_COLOUR('',#19064);
#20393 = STYLED_ITEM('color',(#20394),#5007);
#20394 = PRESENTATION_STYLE_ASSIGNMENT((#20395));
#20395 = SURFACE_STYLE_USAGE(.BOTH.,#20396);
#20396 = SURFACE_SIDE_STYLE('',(#20397));
#20397 = SURFACE_STYLE_FILL_AREA(#20398);
#20398 = FILL_AREA_STYLE('',(#20399));
#20399 = FILL_AREA_STYLE_COLOUR('',#19064);
#20400 = MECHANICAL_DESIGN_GEOMETRIC_PRESENTATION_REPRESENTATION('',(
    #20401,#20409,#20416,#20423,#20430,#20437,#20444,#20451,#20458,
    #20465,#20472,#20479,#20486,#20493,#20501,#20508,#20515,#20522,
    #20529,#20536,#20543,#20550,#20557,#20564,#20571,#20578,#20585,
    #20592,#20599,#20606,#20613,#20620,#20627,#20634,#20641,#20648,
    #20655,#20662,#20669,#20676,#20683,#20690,#20697,#20704,#20711,
    #20718,#20725,#20732,#20739,#20746,#20753,#20760,#20767,#20774,
    #20781,#20788,#20795,#20802,#20809,#20816,#20823,#20830,#20837,
    #20844,#20851,#20858,#20865,#20872),#9634);
#20401 = STYLED_ITEM('color',(#20402),#7369);
#20402 = PRESENTATION_STYLE_ASSIGNMENT((#20403));
#20403 = SURFACE_STYLE_USAGE(.BOTH.,#20404);
#20404 = SURFACE_SIDE_STYLE('',(#20405));
#20405 = SURFACE_STYLE_FILL_AREA(#20406);
#20406 = FILL_AREA_STYLE('',(#20407));
#20407 = FILL_AREA_STYLE_COLOUR('',#20408);
#20408 = COLOUR_RGB('',0.893999996942,0.890999961016,0.813000030345);
#20409 = STYLED_ITEM('color',(#20410),#7428);
#20410 = PRESENTATION_STYLE_ASSIGNMENT((#20411));
#20411 = SURFACE_STYLE_USAGE(.BOTH.,#20412);
#20412 = SURFACE_SIDE_STYLE('',(#20413));
#20413 = SURFACE_STYLE_FILL_AREA(#20414);
#20414 = FILL_AREA_STYLE('',(#20415));
#20415 = FILL_AREA_STYLE_COLOUR('',#20408);
#20416 = STYLED_ITEM('color',(#20417),#7453);
#20417 = PRESENTATION_STYLE_ASSIGNMENT((#20418));
#20418 = SURFACE_STYLE_USAGE(.BOTH.,#20419);
#20419 = SURFACE_SIDE_STYLE('',(#20420));
#20420 = SURFACE_STYLE_FILL_AREA(#20421);
#20421 = FILL_AREA_STYLE('',(#20422));
#20422 = FILL_AREA_STYLE_COLOUR('',#20408);
#20423 = STYLED_ITEM('color',(#20424),#7486);
#20424 = PRESENTATION_STYLE_ASSIGNMENT((#20425));
#20425 = SURFACE_STYLE_USAGE(.BOTH.,#20426);
#20426 = SURFACE_SIDE_STYLE('',(#20427));
#20427 = SURFACE_STYLE_FILL_AREA(#20428);
#20428 = FILL_AREA_STYLE('',(#20429));
#20429 = FILL_AREA_STYLE_COLOUR('',#20408);
#20430 = STYLED_ITEM('color',(#20431),#7511);
#20431 = PRESENTATION_STYLE_ASSIGNMENT((#20432));
#20432 = SURFACE_STYLE_USAGE(.BOTH.,#20433);
#20433 = SURFACE_SIDE_STYLE('',(#20434));
#20434 = SURFACE_STYLE_FILL_AREA(#20435);
#20435 = FILL_AREA_STYLE('',(#20436));
#20436 = FILL_AREA_STYLE_COLOUR('',#20408);
#20437 = STYLED_ITEM('color',(#20438),#7536);
#20438 = PRESENTATION_STYLE_ASSIGNMENT((#20439));
#20439 = SURFACE_STYLE_USAGE(.BOTH.,#20440);
#20440 = SURFACE_SIDE_STYLE('',(#20441));
#20441 = SURFACE_STYLE_FILL_AREA(#20442);
#20442 = FILL_AREA_STYLE('',(#20443));
#20443 = FILL_AREA_STYLE_COLOUR('',#20408);
#20444 = STYLED_ITEM('color',(#20445),#7561);
#20445 = PRESENTATION_STYLE_ASSIGNMENT((#20446));
#20446 = SURFACE_STYLE_USAGE(.BOTH.,#20447);
#20447 = SURFACE_SIDE_STYLE('',(#20448));
#20448 = SURFACE_STYLE_FILL_AREA(#20449);
#20449 = FILL_AREA_STYLE('',(#20450));
#20450 = FILL_AREA_STYLE_COLOUR('',#20408);
#20451 = STYLED_ITEM('color',(#20452),#7578);
#20452 = PRESENTATION_STYLE_ASSIGNMENT((#20453));
#20453 = SURFACE_STYLE_USAGE(.BOTH.,#20454);
#20454 = SURFACE_SIDE_STYLE('',(#20455));
#20455 = SURFACE_STYLE_FILL_AREA(#20456);
#20456 = FILL_AREA_STYLE('',(#20457));
#20457 = FILL_AREA_STYLE_COLOUR('',#20408);
#20458 = STYLED_ITEM('color',(#20459),#7603);
#20459 = PRESENTATION_STYLE_ASSIGNMENT((#20460));
#20460 = SURFACE_STYLE_USAGE(.BOTH.,#20461);
#20461 = SURFACE_SIDE_STYLE('',(#20462));
#20462 = SURFACE_STYLE_FILL_AREA(#20463);
#20463 = FILL_AREA_STYLE('',(#20464));
#20464 = FILL_AREA_STYLE_COLOUR('',#20408);
#20465 = STYLED_ITEM('color',(#20466),#7634);
#20466 = PRESENTATION_STYLE_ASSIGNMENT((#20467));
#20467 = SURFACE_STYLE_USAGE(.BOTH.,#20468);
#20468 = SURFACE_SIDE_STYLE('',(#20469));
#20469 = SURFACE_STYLE_FILL_AREA(#20470);
#20470 = FILL_AREA_STYLE('',(#20471));
#20471 = FILL_AREA_STYLE_COLOUR('',#20408);
#20472 = STYLED_ITEM('color',(#20473),#7674);
#20473 = PRESENTATION_STYLE_ASSIGNMENT((#20474));
#20474 = SURFACE_STYLE_USAGE(.BOTH.,#20475);
#20475 = SURFACE_SIDE_STYLE('',(#20476));
#20476 = SURFACE_STYLE_FILL_AREA(#20477);
#20477 = FILL_AREA_STYLE('',(#20478));
#20478 = FILL_AREA_STYLE_COLOUR('',#20408);
#20479 = STYLED_ITEM('color',(#20480),#7805);
#20480 = PRESENTATION_STYLE_ASSIGNMENT((#20481));
#20481 = SURFACE_STYLE_USAGE(.BOTH.,#20482);
#20482 = SURFACE_SIDE_STYLE('',(#20483));
#20483 = SURFACE_STYLE_FILL_AREA(#20484);
#20484 = FILL_AREA_STYLE('',(#20485));
#20485 = FILL_AREA_STYLE_COLOUR('',#20408);
#20486 = STYLED_ITEM('color',(#20487),#7929);
#20487 = PRESENTATION_STYLE_ASSIGNMENT((#20488));
#20488 = SURFACE_STYLE_USAGE(.BOTH.,#20489);
#20489 = SURFACE_SIDE_STYLE('',(#20490));
#20490 = SURFACE_STYLE_FILL_AREA(#20491);
#20491 = FILL_AREA_STYLE('',(#20492));
#20492 = FILL_AREA_STYLE_COLOUR('',#20408);
#20493 = STYLED_ITEM('color',(#20494),#7946);
#20494 = PRESENTATION_STYLE_ASSIGNMENT((#20495));
#20495 = SURFACE_STYLE_USAGE(.BOTH.,#20496);
#20496 = SURFACE_SIDE_STYLE('',(#20497));
#20497 = SURFACE_STYLE_FILL_AREA(#20498);
#20498 = FILL_AREA_STYLE('',(#20499));
#20499 = FILL_AREA_STYLE_COLOUR('',#20500);
#20500 = COLOUR_RGB('',0.136999991899,0.40200001271,0.726999997272);
#20501 = STYLED_ITEM('color',(#20502),#7955);
#20502 = PRESENTATION_STYLE_ASSIGNMENT((#20503));
#20503 = SURFACE_STYLE_USAGE(.BOTH.,#20504);
#20504 = SURFACE_SIDE_STYLE('',(#20505));
#20505 = SURFACE_STYLE_FILL_AREA(#20506);
#20506 = FILL_AREA_STYLE('',(#20507));
#20507 = FILL_AREA_STYLE_COLOUR('',#20408);
#20508 = STYLED_ITEM('color',(#20509),#7966);
#20509 = PRESENTATION_STYLE_ASSIGNMENT((#20510));
#20510 = SURFACE_STYLE_USAGE(.BOTH.,#20511);
#20511 = SURFACE_SIDE_STYLE('',(#20512));
#20512 = SURFACE_STYLE_FILL_AREA(#20513);
#20513 = FILL_AREA_STYLE('',(#20514));
#20514 = FILL_AREA_STYLE_COLOUR('',#20408);
#20515 = STYLED_ITEM('color',(#20516),#8134);
#20516 = PRESENTATION_STYLE_ASSIGNMENT((#20517));
#20517 = SURFACE_STYLE_USAGE(.BOTH.,#20518);
#20518 = SURFACE_SIDE_STYLE('',(#20519));
#20519 = SURFACE_STYLE_FILL_AREA(#20520);
#20520 = FILL_AREA_STYLE('',(#20521));
#20521 = FILL_AREA_STYLE_COLOUR('',#18756);
#20522 = STYLED_ITEM('color',(#20523),#8165);
#20523 = PRESENTATION_STYLE_ASSIGNMENT((#20524));
#20524 = SURFACE_STYLE_USAGE(.BOTH.,#20525);
#20525 = SURFACE_SIDE_STYLE('',(#20526));
#20526 = SURFACE_STYLE_FILL_AREA(#20527);
#20527 = FILL_AREA_STYLE('',(#20528));
#20528 = FILL_AREA_STYLE_COLOUR('',#18756);
#20529 = STYLED_ITEM('color',(#20530),#8196);
#20530 = PRESENTATION_STYLE_ASSIGNMENT((#20531));
#20531 = SURFACE_STYLE_USAGE(.BOTH.,#20532);
#20532 = SURFACE_SIDE_STYLE('',(#20533));
#20533 = SURFACE_STYLE_FILL_AREA(#20534);
#20534 = FILL_AREA_STYLE('',(#20535));
#20535 = FILL_AREA_STYLE_COLOUR('',#18756);
#20536 = STYLED_ITEM('color',(#20537),#8227);
#20537 = PRESENTATION_STYLE_ASSIGNMENT((#20538));
#20538 = SURFACE_STYLE_USAGE(.BOTH.,#20539);
#20539 = SURFACE_SIDE_STYLE('',(#20540));
#20540 = SURFACE_STYLE_FILL_AREA(#20541);
#20541 = FILL_AREA_STYLE('',(#20542));
#20542 = FILL_AREA_STYLE_COLOUR('',#18756);
#20543 = STYLED_ITEM('color',(#20544),#8312);
#20544 = PRESENTATION_STYLE_ASSIGNMENT((#20545));
#20545 = SURFACE_STYLE_USAGE(.BOTH.,#20546);
#20546 = SURFACE_SIDE_STYLE('',(#20547));
#20547 = SURFACE_STYLE_FILL_AREA(#20548);
#20548 = FILL_AREA_STYLE('',(#20549));
#20549 = FILL_AREA_STYLE_COLOUR('',#18756);
#20550 = STYLED_ITEM('color',(#20551),#8336);
#20551 = PRESENTATION_STYLE_ASSIGNMENT((#20552));
#20552 = SURFACE_STYLE_USAGE(.BOTH.,#20553);
#20553 = SURFACE_SIDE_STYLE('',(#20554));
#20554 = SURFACE_STYLE_FILL_AREA(#20555);
#20555 = FILL_AREA_STYLE('',(#20556));
#20556 = FILL_AREA_STYLE_COLOUR('',#18756);
#20557 = STYLED_ITEM('color',(#20558),#8414);
#20558 = PRESENTATION_STYLE_ASSIGNMENT((#20559));
#20559 = SURFACE_STYLE_USAGE(.BOTH.,#20560);
#20560 = SURFACE_SIDE_STYLE('',(#20561));
#20561 = SURFACE_STYLE_FILL_AREA(#20562);
#20562 = FILL_AREA_STYLE('',(#20563));
#20563 = FILL_AREA_STYLE_COLOUR('',#18756);
#20564 = STYLED_ITEM('color',(#20565),#8445);
#20565 = PRESENTATION_STYLE_ASSIGNMENT((#20566));
#20566 = SURFACE_STYLE_USAGE(.BOTH.,#20567);
#20567 = SURFACE_SIDE_STYLE('',(#20568));
#20568 = SURFACE_STYLE_FILL_AREA(#20569);
#20569 = FILL_AREA_STYLE('',(#20570));
#20570 = FILL_AREA_STYLE_COLOUR('',#18756);
#20571 = STYLED_ITEM('color',(#20572),#8530);
#20572 = PRESENTATION_STYLE_ASSIGNMENT((#20573));
#20573 = SURFACE_STYLE_USAGE(.BOTH.,#20574);
#20574 = SURFACE_SIDE_STYLE('',(#20575));
#20575 = SURFACE_STYLE_FILL_AREA(#20576);
#20576 = FILL_AREA_STYLE('',(#20577));
#20577 = FILL_AREA_STYLE_COLOUR('',#18756);
#20578 = STYLED_ITEM('color',(#20579),#8554);
#20579 = PRESENTATION_STYLE_ASSIGNMENT((#20580));
#20580 = SURFACE_STYLE_USAGE(.BOTH.,#20581);
#20581 = SURFACE_SIDE_STYLE('',(#20582));
#20582 = SURFACE_STYLE_FILL_AREA(#20583);
#20583 = FILL_AREA_STYLE('',(#20584));
#20584 = FILL_AREA_STYLE_COLOUR('',#18756);
#20585 = STYLED_ITEM('color',(#20586),#8632);
#20586 = PRESENTATION_STYLE_ASSIGNMENT((#20587));
#20587 = SURFACE_STYLE_USAGE(.BOTH.,#20588);
#20588 = SURFACE_SIDE_STYLE('',(#20589));
#20589 = SURFACE_STYLE_FILL_AREA(#20590);
#20590 = FILL_AREA_STYLE('',(#20591));
#20591 = FILL_AREA_STYLE_COLOUR('',#18756);
#20592 = STYLED_ITEM('color',(#20593),#8663);
#20593 = PRESENTATION_STYLE_ASSIGNMENT((#20594));
#20594 = SURFACE_STYLE_USAGE(.BOTH.,#20595);
#20595 = SURFACE_SIDE_STYLE('',(#20596));
#20596 = SURFACE_STYLE_FILL_AREA(#20597);
#20597 = FILL_AREA_STYLE('',(#20598));
#20598 = FILL_AREA_STYLE_COLOUR('',#18756);
#20599 = STYLED_ITEM('color',(#20600),#8694);
#20600 = PRESENTATION_STYLE_ASSIGNMENT((#20601));
#20601 = SURFACE_STYLE_USAGE(.BOTH.,#20602);
#20602 = SURFACE_SIDE_STYLE('',(#20603));
#20603 = SURFACE_STYLE_FILL_AREA(#20604);
#20604 = FILL_AREA_STYLE('',(#20605));
#20605 = FILL_AREA_STYLE_COLOUR('',#18756);
#20606 = STYLED_ITEM('color',(#20607),#8725);
#20607 = PRESENTATION_STYLE_ASSIGNMENT((#20608));
#20608 = SURFACE_STYLE_USAGE(.BOTH.,#20609);
#20609 = SURFACE_SIDE_STYLE('',(#20610));
#20610 = SURFACE_STYLE_FILL_AREA(#20611);
#20611 = FILL_AREA_STYLE('',(#20612));
#20612 = FILL_AREA_STYLE_COLOUR('',#18756);
#20613 = STYLED_ITEM('color',(#20614),#8810);
#20614 = PRESENTATION_STYLE_ASSIGNMENT((#20615));
#20615 = SURFACE_STYLE_USAGE(.BOTH.,#20616);
#20616 = SURFACE_SIDE_STYLE('',(#20617));
#20617 = SURFACE_STYLE_FILL_AREA(#20618);
#20618 = FILL_AREA_STYLE('',(#20619));
#20619 = FILL_AREA_STYLE_COLOUR('',#18756);
#20620 = STYLED_ITEM('color',(#20621),#8834);
#20621 = PRESENTATION_STYLE_ASSIGNMENT((#20622));
#20622 = SURFACE_STYLE_USAGE(.BOTH.,#20623);
#20623 = SURFACE_SIDE_STYLE('',(#20624));
#20624 = SURFACE_STYLE_FILL_AREA(#20625);
#20625 = FILL_AREA_STYLE('',(#20626));
#20626 = FILL_AREA_STYLE_COLOUR('',#18756);
#20627 = STYLED_ITEM('color',(#20628),#8912);
#20628 = PRESENTATION_STYLE_ASSIGNMENT((#20629));
#20629 = SURFACE_STYLE_USAGE(.BOTH.,#20630);
#20630 = SURFACE_SIDE_STYLE('',(#20631));
#20631 = SURFACE_STYLE_FILL_AREA(#20632);
#20632 = FILL_AREA_STYLE('',(#20633));
#20633 = FILL_AREA_STYLE_COLOUR('',#18756);
#20634 = STYLED_ITEM('color',(#20635),#8943);
#20635 = PRESENTATION_STYLE_ASSIGNMENT((#20636));
#20636 = SURFACE_STYLE_USAGE(.BOTH.,#20637);
#20637 = SURFACE_SIDE_STYLE('',(#20638));
#20638 = SURFACE_STYLE_FILL_AREA(#20639);
#20639 = FILL_AREA_STYLE('',(#20640));
#20640 = FILL_AREA_STYLE_COLOUR('',#18756);
#20641 = STYLED_ITEM('color',(#20642),#9028);
#20642 = PRESENTATION_STYLE_ASSIGNMENT((#20643));
#20643 = SURFACE_STYLE_USAGE(.BOTH.,#20644);
#20644 = SURFACE_SIDE_STYLE('',(#20645));
#20645 = SURFACE_STYLE_FILL_AREA(#20646);
#20646 = FILL_AREA_STYLE('',(#20647));
#20647 = FILL_AREA_STYLE_COLOUR('',#18756);
#20648 = STYLED_ITEM('color',(#20649),#9052);
#20649 = PRESENTATION_STYLE_ASSIGNMENT((#20650));
#20650 = SURFACE_STYLE_USAGE(.BOTH.,#20651);
#20651 = SURFACE_SIDE_STYLE('',(#20652));
#20652 = SURFACE_STYLE_FILL_AREA(#20653);
#20653 = FILL_AREA_STYLE('',(#20654));
#20654 = FILL_AREA_STYLE_COLOUR('',#18756);
#20655 = STYLED_ITEM('color',(#20656),#9130);
#20656 = PRESENTATION_STYLE_ASSIGNMENT((#20657));
#20657 = SURFACE_STYLE_USAGE(.BOTH.,#20658);
#20658 = SURFACE_SIDE_STYLE('',(#20659));
#20659 = SURFACE_STYLE_FILL_AREA(#20660);
#20660 = FILL_AREA_STYLE('',(#20661));
#20661 = FILL_AREA_STYLE_COLOUR('',#18756);
#20662 = STYLED_ITEM('color',(#20663),#9147);
#20663 = PRESENTATION_STYLE_ASSIGNMENT((#20664));
#20664 = SURFACE_STYLE_USAGE(.BOTH.,#20665);
#20665 = SURFACE_SIDE_STYLE('',(#20666));
#20666 = SURFACE_STYLE_FILL_AREA(#20667);
#20667 = FILL_AREA_STYLE('',(#20668));
#20668 = FILL_AREA_STYLE_COLOUR('',#18756);
#20669 = STYLED_ITEM('color',(#20670),#9164);
#20670 = PRESENTATION_STYLE_ASSIGNMENT((#20671));
#20671 = SURFACE_STYLE_USAGE(.BOTH.,#20672);
#20672 = SURFACE_SIDE_STYLE('',(#20673));
#20673 = SURFACE_STYLE_FILL_AREA(#20674);
#20674 = FILL_AREA_STYLE('',(#20675));
#20675 = FILL_AREA_STYLE_COLOUR('',#18756);
#20676 = STYLED_ITEM('color',(#20677),#9181);
#20677 = PRESENTATION_STYLE_ASSIGNMENT((#20678));
#20678 = SURFACE_STYLE_USAGE(.BOTH.,#20679);
#20679 = SURFACE_SIDE_STYLE('',(#20680));
#20680 = SURFACE_STYLE_FILL_AREA(#20681);
#20681 = FILL_AREA_STYLE('',(#20682));
#20682 = FILL_AREA_STYLE_COLOUR('',#18756);
#20683 = STYLED_ITEM('color',(#20684),#9198);
#20684 = PRESENTATION_STYLE_ASSIGNMENT((#20685));
#20685 = SURFACE_STYLE_USAGE(.BOTH.,#20686);
#20686 = SURFACE_SIDE_STYLE('',(#20687));
#20687 = SURFACE_STYLE_FILL_AREA(#20688);
#20688 = FILL_AREA_STYLE('',(#20689));
#20689 = FILL_AREA_STYLE_COLOUR('',#18756);
#20690 = STYLED_ITEM('color',(#20691),#9215);
#20691 = PRESENTATION_STYLE_ASSIGNMENT((#20692));
#20692 = SURFACE_STYLE_USAGE(.BOTH.,#20693);
#20693 = SURFACE_SIDE_STYLE('',(#20694));
#20694 = SURFACE_STYLE_FILL_AREA(#20695);
#20695 = FILL_AREA_STYLE('',(#20696));
#20696 = FILL_AREA_STYLE_COLOUR('',#18756);
#20697 = STYLED_ITEM('color',(#20698),#9232);
#20698 = PRESENTATION_STYLE_ASSIGNMENT((#20699));
#20699 = SURFACE_STYLE_USAGE(.BOTH.,#20700);
#20700 = SURFACE_SIDE_STYLE('',(#20701));
#20701 = SURFACE_STYLE_FILL_AREA(#20702);
#20702 = FILL_AREA_STYLE('',(#20703));
#20703 = FILL_AREA_STYLE_COLOUR('',#18756);
#20704 = STYLED_ITEM('color',(#20705),#9249);
#20705 = PRESENTATION_STYLE_ASSIGNMENT((#20706));
#20706 = SURFACE_STYLE_USAGE(.BOTH.,#20707);
#20707 = SURFACE_SIDE_STYLE('',(#20708));
#20708 = SURFACE_STYLE_FILL_AREA(#20709);
#20709 = FILL_AREA_STYLE('',(#20710));
#20710 = FILL_AREA_STYLE_COLOUR('',#18756);
#20711 = STYLED_ITEM('color',(#20712),#9271);
#20712 = PRESENTATION_STYLE_ASSIGNMENT((#20713));
#20713 = SURFACE_STYLE_USAGE(.BOTH.,#20714);
#20714 = SURFACE_SIDE_STYLE('',(#20715));
#20715 = SURFACE_STYLE_FILL_AREA(#20716);
#20716 = FILL_AREA_STYLE('',(#20717));
#20717 = FILL_AREA_STYLE_COLOUR('',#18756);
#20718 = STYLED_ITEM('color',(#20719),#9283);
#20719 = PRESENTATION_STYLE_ASSIGNMENT((#20720));
#20720 = SURFACE_STYLE_USAGE(.BOTH.,#20721);
#20721 = SURFACE_SIDE_STYLE('',(#20722));
#20722 = SURFACE_STYLE_FILL_AREA(#20723);
#20723 = FILL_AREA_STYLE('',(#20724));
#20724 = FILL_AREA_STYLE_COLOUR('',#18756);
#20725 = STYLED_ITEM('color',(#20726),#9295);
#20726 = PRESENTATION_STYLE_ASSIGNMENT((#20727));
#20727 = SURFACE_STYLE_USAGE(.BOTH.,#20728);
#20728 = SURFACE_SIDE_STYLE('',(#20729));
#20729 = SURFACE_STYLE_FILL_AREA(#20730);
#20730 = FILL_AREA_STYLE('',(#20731));
#20731 = FILL_AREA_STYLE_COLOUR('',#18756);
#20732 = STYLED_ITEM('color',(#20733),#9312);
#20733 = PRESENTATION_STYLE_ASSIGNMENT((#20734));
#20734 = SURFACE_STYLE_USAGE(.BOTH.,#20735);
#20735 = SURFACE_SIDE_STYLE('',(#20736));
#20736 = SURFACE_STYLE_FILL_AREA(#20737);
#20737 = FILL_AREA_STYLE('',(#20738));
#20738 = FILL_AREA_STYLE_COLOUR('',#18756);
#20739 = STYLED_ITEM('color',(#20740),#9324);
#20740 = PRESENTATION_STYLE_ASSIGNMENT((#20741));
#20741 = SURFACE_STYLE_USAGE(.BOTH.,#20742);
#20742 = SURFACE_SIDE_STYLE('',(#20743));
#20743 = SURFACE_STYLE_FILL_AREA(#20744);
#20744 = FILL_AREA_STYLE('',(#20745));
#20745 = FILL_AREA_STYLE_COLOUR('',#18756);
#20746 = STYLED_ITEM('color',(#20747),#9341);
#20747 = PRESENTATION_STYLE_ASSIGNMENT((#20748));
#20748 = SURFACE_STYLE_USAGE(.BOTH.,#20749);
#20749 = SURFACE_SIDE_STYLE('',(#20750));
#20750 = SURFACE_STYLE_FILL_AREA(#20751);
#20751 = FILL_AREA_STYLE('',(#20752));
#20752 = FILL_AREA_STYLE_COLOUR('',#18756);
#20753 = STYLED_ITEM('color',(#20754),#9363);
#20754 = PRESENTATION_STYLE_ASSIGNMENT((#20755));
#20755 = SURFACE_STYLE_USAGE(.BOTH.,#20756);
#20756 = SURFACE_SIDE_STYLE('',(#20757));
#20757 = SURFACE_STYLE_FILL_AREA(#20758);
#20758 = FILL_AREA_STYLE('',(#20759));
#20759 = FILL_AREA_STYLE_COLOUR('',#18756);
#20760 = STYLED_ITEM('color',(#20761),#9375);
#20761 = PRESENTATION_STYLE_ASSIGNMENT((#20762));
#20762 = SURFACE_STYLE_USAGE(.BOTH.,#20763);
#20763 = SURFACE_SIDE_STYLE('',(#20764));
#20764 = SURFACE_STYLE_FILL_AREA(#20765);
#20765 = FILL_AREA_STYLE('',(#20766));
#20766 = FILL_AREA_STYLE_COLOUR('',#18756);
#20767 = STYLED_ITEM('color',(#20768),#9392);
#20768 = PRESENTATION_STYLE_ASSIGNMENT((#20769));
#20769 = SURFACE_STYLE_USAGE(.BOTH.,#20770);
#20770 = SURFACE_SIDE_STYLE('',(#20771));
#20771 = SURFACE_STYLE_FILL_AREA(#20772);
#20772 = FILL_AREA_STYLE('',(#20773));
#20773 = FILL_AREA_STYLE_COLOUR('',#18756);
#20774 = STYLED_ITEM('color',(#20775),#9404);
#20775 = PRESENTATION_STYLE_ASSIGNMENT((#20776));
#20776 = SURFACE_STYLE_USAGE(.BOTH.,#20777);
#20777 = SURFACE_SIDE_STYLE('',(#20778));
#20778 = SURFACE_STYLE_FILL_AREA(#20779);
#20779 = FILL_AREA_STYLE('',(#20780));
#20780 = FILL_AREA_STYLE_COLOUR('',#18756);
#20781 = STYLED_ITEM('color',(#20782),#9416);
#20782 = PRESENTATION_STYLE_ASSIGNMENT((#20783));
#20783 = SURFACE_STYLE_USAGE(.BOTH.,#20784);
#20784 = SURFACE_SIDE_STYLE('',(#20785));
#20785 = SURFACE_STYLE_FILL_AREA(#20786);
#20786 = FILL_AREA_STYLE('',(#20787));
#20787 = FILL_AREA_STYLE_COLOUR('',#18756);
#20788 = STYLED_ITEM('color',(#20789),#9433);
#20789 = PRESENTATION_STYLE_ASSIGNMENT((#20790));
#20790 = SURFACE_STYLE_USAGE(.BOTH.,#20791);
#20791 = SURFACE_SIDE_STYLE('',(#20792));
#20792 = SURFACE_STYLE_FILL_AREA(#20793);
#20793 = FILL_AREA_STYLE('',(#20794));
#20794 = FILL_AREA_STYLE_COLOUR('',#18756);
#20795 = STYLED_ITEM('color',(#20796),#9450);
#20796 = PRESENTATION_STYLE_ASSIGNMENT((#20797));
#20797 = SURFACE_STYLE_USAGE(.BOTH.,#20798);
#20798 = SURFACE_SIDE_STYLE('',(#20799));
#20799 = SURFACE_STYLE_FILL_AREA(#20800);
#20800 = FILL_AREA_STYLE('',(#20801));
#20801 = FILL_AREA_STYLE_COLOUR('',#18756);
#20802 = STYLED_ITEM('color',(#20803),#9467);
#20803 = PRESENTATION_STYLE_ASSIGNMENT((#20804));
#20804 = SURFACE_STYLE_USAGE(.BOTH.,#20805);
#20805 = SURFACE_SIDE_STYLE('',(#20806));
#20806 = SURFACE_STYLE_FILL_AREA(#20807);
#20807 = FILL_AREA_STYLE('',(#20808));
#20808 = FILL_AREA_STYLE_COLOUR('',#18756);
#20809 = STYLED_ITEM('color',(#20810),#9489);
#20810 = PRESENTATION_STYLE_ASSIGNMENT((#20811));
#20811 = SURFACE_STYLE_USAGE(.BOTH.,#20812);
#20812 = SURFACE_SIDE_STYLE('',(#20813));
#20813 = SURFACE_STYLE_FILL_AREA(#20814);
#20814 = FILL_AREA_STYLE('',(#20815));
#20815 = FILL_AREA_STYLE_COLOUR('',#18756);
#20816 = STYLED_ITEM('color',(#20817),#9501);
#20817 = PRESENTATION_STYLE_ASSIGNMENT((#20818));
#20818 = SURFACE_STYLE_USAGE(.BOTH.,#20819);
#20819 = SURFACE_SIDE_STYLE('',(#20820));
#20820 = SURFACE_STYLE_FILL_AREA(#20821);
#20821 = FILL_AREA_STYLE('',(#20822));
#20822 = FILL_AREA_STYLE_COLOUR('',#18756);
#20823 = STYLED_ITEM('color',(#20824),#9518);
#20824 = PRESENTATION_STYLE_ASSIGNMENT((#20825));
#20825 = SURFACE_STYLE_USAGE(.BOTH.,#20826);
#20826 = SURFACE_SIDE_STYLE('',(#20827));
#20827 = SURFACE_STYLE_FILL_AREA(#20828);
#20828 = FILL_AREA_STYLE('',(#20829));
#20829 = FILL_AREA_STYLE_COLOUR('',#18756);
#20830 = STYLED_ITEM('color',(#20831),#9530);
#20831 = PRESENTATION_STYLE_ASSIGNMENT((#20832));
#20832 = SURFACE_STYLE_USAGE(.BOTH.,#20833);
#20833 = SURFACE_SIDE_STYLE('',(#20834));
#20834 = SURFACE_STYLE_FILL_AREA(#20835);
#20835 = FILL_AREA_STYLE('',(#20836));
#20836 = FILL_AREA_STYLE_COLOUR('',#18756);
#20837 = STYLED_ITEM('color',(#20838),#9542);
#20838 = PRESENTATION_STYLE_ASSIGNMENT((#20839));
#20839 = SURFACE_STYLE_USAGE(.BOTH.,#20840);
#20840 = SURFACE_SIDE_STYLE('',(#20841));
#20841 = SURFACE_STYLE_FILL_AREA(#20842);
#20842 = FILL_AREA_STYLE('',(#20843));
#20843 = FILL_AREA_STYLE_COLOUR('',#18756);
#20844 = STYLED_ITEM('color',(#20845),#9559);
#20845 = PRESENTATION_STYLE_ASSIGNMENT((#20846));
#20846 = SURFACE_STYLE_USAGE(.BOTH.,#20847);
#20847 = SURFACE_SIDE_STYLE('',(#20848));
#20848 = SURFACE_STYLE_FILL_AREA(#20849);
#20849 = FILL_AREA_STYLE('',(#20850));
#20850 = FILL_AREA_STYLE_COLOUR('',#18756);
#20851 = STYLED_ITEM('color',(#20852),#9581);
#20852 = PRESENTATION_STYLE_ASSIGNMENT((#20853));
#20853 = SURFACE_STYLE_USAGE(.BOTH.,#20854);
#20854 = SURFACE_SIDE_STYLE('',(#20855));
#20855 = SURFACE_STYLE_FILL_AREA(#20856);
#20856 = FILL_AREA_STYLE('',(#20857));
#20857 = FILL_AREA_STYLE_COLOUR('',#18756);
#20858 = STYLED_ITEM('color',(#20859),#9593);
#20859 = PRESENTATION_STYLE_ASSIGNMENT((#20860));
#20860 = SURFACE_STYLE_USAGE(.BOTH.,#20861);
#20861 = SURFACE_SIDE_STYLE('',(#20862));
#20862 = SURFACE_STYLE_FILL_AREA(#20863);
#20863 = FILL_AREA_STYLE('',(#20864));
#20864 = FILL_AREA_STYLE_COLOUR('',#18756);
#20865 = STYLED_ITEM('color',(#20866),#9610);
#20866 = PRESENTATION_STYLE_ASSIGNMENT((#20867));
#20867 = SURFACE_STYLE_USAGE(.BOTH.,#20868);
#20868 = SURFACE_SIDE_STYLE('',(#20869));
#20869 = SURFACE_STYLE_FILL_AREA(#20870);
#20870 = FILL_AREA_STYLE('',(#20871));
#20871 = FILL_AREA_STYLE_COLOUR('',#18756);
#20872 = STYLED_ITEM('color',(#20873),#9622);
#20873 = PRESENTATION_STYLE_ASSIGNMENT((#20874));
#20874 = SURFACE_STYLE_USAGE(.BOTH.,#20875);
#20875 = SURFACE_SIDE_STYLE('',(#20876));
#20876 = SURFACE_STYLE_FILL_AREA(#20877);
#20877 = FILL_AREA_STYLE('',(#20878));
#20878 = FILL_AREA_STYLE_COLOUR('',#18756);
#20879 = MECHANICAL_DESIGN_GEOMETRIC_PRESENTATION_REPRESENTATION('',(
    #20880,#20888,#20895,#20902,#20909,#20916,#20923,#20930,#20937,
    #20944,#20951,#20958,#20965,#20972,#20979,#20986,#20993,#21000,
    #21007,#21014,#21021,#21028,#21035,#21042,#21049,#21056,#21063,
    #21070,#21077,#21084,#21091,#21098,#21105,#21112,#21119,#21126,
    #21133,#21140,#21147,#21154,#21161,#21168,#21175,#21182,#21190,
    #21197,#21204,#21211,#21218,#21225,#21232,#21239,#21246,#21253,
    #21260,#21267,#21274,#21281,#21288,#21295,#21302,#21309,#21316,
    #21323,#21330,#21337,#21344,#21351,#21358,#21365,#21372,#21379,
    #21386,#21393,#21400,#21407,#21414,#21421,#21428,#21435,#21442,
    #21449,#21456,#21463,#21470,#21477,#21484,#21491,#21498,#21505,
    #21512,#21519,#21526),#17128);
#20880 = STYLED_ITEM('color',(#20881),#14238);
#20881 = PRESENTATION_STYLE_ASSIGNMENT((#20882));
#20882 = SURFACE_STYLE_USAGE(.BOTH.,#20883);
#20883 = SURFACE_SIDE_STYLE('',(#20884));
#20884 = SURFACE_STYLE_FILL_AREA(#20885);
#20885 = FILL_AREA_STYLE('',(#20886));
#20886 = FILL_AREA_STYLE_COLOUR('',#20887);
#20887 = COLOUR_RGB('',0.894117649055,0.890196087049,0.811764731185);
#20888 = STYLED_ITEM('color',(#20889),#14278);
#20889 = PRESENTATION_STYLE_ASSIGNMENT((#20890));
#20890 = SURFACE_STYLE_USAGE(.BOTH.,#20891);
#20891 = SURFACE_SIDE_STYLE('',(#20892));
#20892 = SURFACE_STYLE_FILL_AREA(#20893);
#20893 = FILL_AREA_STYLE('',(#20894));
#20894 = FILL_AREA_STYLE_COLOUR('',#20887);
#20895 = STYLED_ITEM('color',(#20896),#14342);
#20896 = PRESENTATION_STYLE_ASSIGNMENT((#20897));
#20897 = SURFACE_STYLE_USAGE(.BOTH.,#20898);
#20898 = SURFACE_SIDE_STYLE('',(#20899));
#20899 = SURFACE_STYLE_FILL_AREA(#20900);
#20900 = FILL_AREA_STYLE('',(#20901));
#20901 = FILL_AREA_STYLE_COLOUR('',#20887);
#20902 = STYLED_ITEM('color',(#20903),#14430);
#20903 = PRESENTATION_STYLE_ASSIGNMENT((#20904));
#20904 = SURFACE_STYLE_USAGE(.BOTH.,#20905);
#20905 = SURFACE_SIDE_STYLE('',(#20906));
#20906 = SURFACE_STYLE_FILL_AREA(#20907);
#20907 = FILL_AREA_STYLE('',(#20908));
#20908 = FILL_AREA_STYLE_COLOUR('',#20887);
#20909 = STYLED_ITEM('color',(#20910),#14470);
#20910 = PRESENTATION_STYLE_ASSIGNMENT((#20911));
#20911 = SURFACE_STYLE_USAGE(.BOTH.,#20912);
#20912 = SURFACE_SIDE_STYLE('',(#20913));
#20913 = SURFACE_STYLE_FILL_AREA(#20914);
#20914 = FILL_AREA_STYLE('',(#20915));
#20915 = FILL_AREA_STYLE_COLOUR('',#20887);
#20916 = STYLED_ITEM('color',(#20917),#14681);
#20917 = PRESENTATION_STYLE_ASSIGNMENT((#20918));
#20918 = SURFACE_STYLE_USAGE(.BOTH.,#20919);
#20919 = SURFACE_SIDE_STYLE('',(#20920));
#20920 = SURFACE_STYLE_FILL_AREA(#20921);
#20921 = FILL_AREA_STYLE('',(#20922));
#20922 = FILL_AREA_STYLE_COLOUR('',#20887);
#20923 = STYLED_ITEM('color',(#20924),#14721);
#20924 = PRESENTATION_STYLE_ASSIGNMENT((#20925));
#20925 = SURFACE_STYLE_USAGE(.BOTH.,#20926);
#20926 = SURFACE_SIDE_STYLE('',(#20927));
#20927 = SURFACE_STYLE_FILL_AREA(#20928);
#20928 = FILL_AREA_STYLE('',(#20929));
#20929 = FILL_AREA_STYLE_COLOUR('',#20887);
#20930 = STYLED_ITEM('color',(#20931),#14745);
#20931 = PRESENTATION_STYLE_ASSIGNMENT((#20932));
#20932 = SURFACE_STYLE_USAGE(.BOTH.,#20933);
#20933 = SURFACE_SIDE_STYLE('',(#20934));
#20934 = SURFACE_STYLE_FILL_AREA(#20935);
#20935 = FILL_AREA_STYLE('',(#20936));
#20936 = FILL_AREA_STYLE_COLOUR('',#20887);
#20937 = STYLED_ITEM('color',(#20938),#14770);
#20938 = PRESENTATION_STYLE_ASSIGNMENT((#20939));
#20939 = SURFACE_STYLE_USAGE(.BOTH.,#20940);
#20940 = SURFACE_SIDE_STYLE('',(#20941));
#20941 = SURFACE_STYLE_FILL_AREA(#20942);
#20942 = FILL_AREA_STYLE('',(#20943));
#20943 = FILL_AREA_STYLE_COLOUR('',#20887);
#20944 = STYLED_ITEM('color',(#20945),#14794);
#20945 = PRESENTATION_STYLE_ASSIGNMENT((#20946));
#20946 = SURFACE_STYLE_USAGE(.BOTH.,#20947);
#20947 = SURFACE_SIDE_STYLE('',(#20948));
#20948 = SURFACE_STYLE_FILL_AREA(#20949);
#20949 = FILL_AREA_STYLE('',(#20950));
#20950 = FILL_AREA_STYLE_COLOUR('',#20887);
#20951 = STYLED_ITEM('color',(#20952),#14843);
#20952 = PRESENTATION_STYLE_ASSIGNMENT((#20953));
#20953 = SURFACE_STYLE_USAGE(.BOTH.,#20954);
#20954 = SURFACE_SIDE_STYLE('',(#20955));
#20955 = SURFACE_STYLE_FILL_AREA(#20956);
#20956 = FILL_AREA_STYLE('',(#20957));
#20957 = FILL_AREA_STYLE_COLOUR('',#20887);
#20958 = STYLED_ITEM('color',(#20959),#14865);
#20959 = PRESENTATION_STYLE_ASSIGNMENT((#20960));
#20960 = SURFACE_STYLE_USAGE(.BOTH.,#20961);
#20961 = SURFACE_SIDE_STYLE('',(#20962));
#20962 = SURFACE_STYLE_FILL_AREA(#20963);
#20963 = FILL_AREA_STYLE('',(#20964));
#20964 = FILL_AREA_STYLE_COLOUR('',#20887);
#20965 = STYLED_ITEM('color',(#20966),#14898);
#20966 = PRESENTATION_STYLE_ASSIGNMENT((#20967));
#20967 = SURFACE_STYLE_USAGE(.BOTH.,#20968);
#20968 = SURFACE_SIDE_STYLE('',(#20969));
#20969 = SURFACE_STYLE_FILL_AREA(#20970);
#20970 = FILL_AREA_STYLE('',(#20971));
#20971 = FILL_AREA_STYLE_COLOUR('',#20887);
#20972 = STYLED_ITEM('color',(#20973),#14922);
#20973 = PRESENTATION_STYLE_ASSIGNMENT((#20974));
#20974 = SURFACE_STYLE_USAGE(.BOTH.,#20975);
#20975 = SURFACE_SIDE_STYLE('',(#20976));
#20976 = SURFACE_STYLE_FILL_AREA(#20977);
#20977 = FILL_AREA_STYLE('',(#20978));
#20978 = FILL_AREA_STYLE_COLOUR('',#20887);
#20979 = STYLED_ITEM('color',(#20980),#14953);
#20980 = PRESENTATION_STYLE_ASSIGNMENT((#20981));
#20981 = SURFACE_STYLE_USAGE(.BOTH.,#20982);
#20982 = SURFACE_SIDE_STYLE('',(#20983));
#20983 = SURFACE_STYLE_FILL_AREA(#20984);
#20984 = FILL_AREA_STYLE('',(#20985));
#20985 = FILL_AREA_STYLE_COLOUR('',#20887);
#20986 = STYLED_ITEM('color',(#20987),#14970);
#20987 = PRESENTATION_STYLE_ASSIGNMENT((#20988));
#20988 = SURFACE_STYLE_USAGE(.BOTH.,#20989);
#20989 = SURFACE_SIDE_STYLE('',(#20990));
#20990 = SURFACE_STYLE_FILL_AREA(#20991);
#20991 = FILL_AREA_STYLE('',(#20992));
#20992 = FILL_AREA_STYLE_COLOUR('',#20887);
#20993 = STYLED_ITEM('color',(#20994),#15003);
#20994 = PRESENTATION_STYLE_ASSIGNMENT((#20995));
#20995 = SURFACE_STYLE_USAGE(.BOTH.,#20996);
#20996 = SURFACE_SIDE_STYLE('',(#20997));
#20997 = SURFACE_STYLE_FILL_AREA(#20998);
#20998 = FILL_AREA_STYLE('',(#20999));
#20999 = FILL_AREA_STYLE_COLOUR('',#20887);
#21000 = STYLED_ITEM('color',(#21001),#15020);
#21001 = PRESENTATION_STYLE_ASSIGNMENT((#21002));
#21002 = SURFACE_STYLE_USAGE(.BOTH.,#21003);
#21003 = SURFACE_SIDE_STYLE('',(#21004));
#21004 = SURFACE_STYLE_FILL_AREA(#21005);
#21005 = FILL_AREA_STYLE('',(#21006));
#21006 = FILL_AREA_STYLE_COLOUR('',#20887);
#21007 = STYLED_ITEM('color',(#21008),#15063);
#21008 = PRESENTATION_STYLE_ASSIGNMENT((#21009));
#21009 = SURFACE_STYLE_USAGE(.BOTH.,#21010);
#21010 = SURFACE_SIDE_STYLE('',(#21011));
#21011 = SURFACE_STYLE_FILL_AREA(#21012);
#21012 = FILL_AREA_STYLE('',(#21013));
#21013 = FILL_AREA_STYLE_COLOUR('',#20887);
#21014 = STYLED_ITEM('color',(#21015),#15080);
#21015 = PRESENTATION_STYLE_ASSIGNMENT((#21016));
#21016 = SURFACE_STYLE_USAGE(.BOTH.,#21017);
#21017 = SURFACE_SIDE_STYLE('',(#21018));
#21018 = SURFACE_STYLE_FILL_AREA(#21019);
#21019 = FILL_AREA_STYLE('',(#21020));
#21020 = FILL_AREA_STYLE_COLOUR('',#20887);
#21021 = STYLED_ITEM('color',(#21022),#15126);
#21022 = PRESENTATION_STYLE_ASSIGNMENT((#21023));
#21023 = SURFACE_STYLE_USAGE(.BOTH.,#21024);
#21024 = SURFACE_SIDE_STYLE('',(#21025));
#21025 = SURFACE_STYLE_FILL_AREA(#21026);
#21026 = FILL_AREA_STYLE('',(#21027));
#21027 = FILL_AREA_STYLE_COLOUR('',#20887);
#21028 = STYLED_ITEM('color',(#21029),#15143);
#21029 = PRESENTATION_STYLE_ASSIGNMENT((#21030));
#21030 = SURFACE_STYLE_USAGE(.BOTH.,#21031);
#21031 = SURFACE_SIDE_STYLE('',(#21032));
#21032 = SURFACE_STYLE_FILL_AREA(#21033);
#21033 = FILL_AREA_STYLE('',(#21034));
#21034 = FILL_AREA_STYLE_COLOUR('',#20887);
#21035 = STYLED_ITEM('color',(#21036),#15206);
#21036 = PRESENTATION_STYLE_ASSIGNMENT((#21037));
#21037 = SURFACE_STYLE_USAGE(.BOTH.,#21038);
#21038 = SURFACE_SIDE_STYLE('',(#21039));
#21039 = SURFACE_STYLE_FILL_AREA(#21040);
#21040 = FILL_AREA_STYLE('',(#21041));
#21041 = FILL_AREA_STYLE_COLOUR('',#20887);
#21042 = STYLED_ITEM('color',(#21043),#15230);
#21043 = PRESENTATION_STYLE_ASSIGNMENT((#21044));
#21044 = SURFACE_STYLE_USAGE(.BOTH.,#21045);
#21045 = SURFACE_SIDE_STYLE('',(#21046));
#21046 = SURFACE_STYLE_FILL_AREA(#21047);
#21047 = FILL_AREA_STYLE('',(#21048));
#21048 = FILL_AREA_STYLE_COLOUR('',#20887);
#21049 = STYLED_ITEM('color',(#21050),#15277);
#21050 = PRESENTATION_STYLE_ASSIGNMENT((#21051));
#21051 = SURFACE_STYLE_USAGE(.BOTH.,#21052);
#21052 = SURFACE_SIDE_STYLE('',(#21053));
#21053 = SURFACE_STYLE_FILL_AREA(#21054);
#21054 = FILL_AREA_STYLE('',(#21055));
#21055 = FILL_AREA_STYLE_COLOUR('',#20887);
#21056 = STYLED_ITEM('color',(#21057),#15301);
#21057 = PRESENTATION_STYLE_ASSIGNMENT((#21058));
#21058 = SURFACE_STYLE_USAGE(.BOTH.,#21059);
#21059 = SURFACE_SIDE_STYLE('',(#21060));
#21060 = SURFACE_STYLE_FILL_AREA(#21061);
#21061 = FILL_AREA_STYLE('',(#21062));
#21062 = FILL_AREA_STYLE_COLOUR('',#20887);
#21063 = STYLED_ITEM('color',(#21064),#15325);
#21064 = PRESENTATION_STYLE_ASSIGNMENT((#21065));
#21065 = SURFACE_STYLE_USAGE(.BOTH.,#21066);
#21066 = SURFACE_SIDE_STYLE('',(#21067));
#21067 = SURFACE_STYLE_FILL_AREA(#21068);
#21068 = FILL_AREA_STYLE('',(#21069));
#21069 = FILL_AREA_STYLE_COLOUR('',#20887);
#21070 = STYLED_ITEM('color',(#21071),#15342);
#21071 = PRESENTATION_STYLE_ASSIGNMENT((#21072));
#21072 = SURFACE_STYLE_USAGE(.BOTH.,#21073);
#21073 = SURFACE_SIDE_STYLE('',(#21074));
#21074 = SURFACE_STYLE_FILL_AREA(#21075);
#21075 = FILL_AREA_STYLE('',(#21076));
#21076 = FILL_AREA_STYLE_COLOUR('',#20887);
#21077 = STYLED_ITEM('color',(#21078),#15359);
#21078 = PRESENTATION_STYLE_ASSIGNMENT((#21079));
#21079 = SURFACE_STYLE_USAGE(.BOTH.,#21080);
#21080 = SURFACE_SIDE_STYLE('',(#21081));
#21081 = SURFACE_STYLE_FILL_AREA(#21082);
#21082 = FILL_AREA_STYLE('',(#21083));
#21083 = FILL_AREA_STYLE_COLOUR('',#20887);
#21084 = STYLED_ITEM('color',(#21085),#15383);
#21085 = PRESENTATION_STYLE_ASSIGNMENT((#21086));
#21086 = SURFACE_STYLE_USAGE(.BOTH.,#21087);
#21087 = SURFACE_SIDE_STYLE('',(#21088));
#21088 = SURFACE_STYLE_FILL_AREA(#21089);
#21089 = FILL_AREA_STYLE('',(#21090));
#21090 = FILL_AREA_STYLE_COLOUR('',#20887);
#21091 = STYLED_ITEM('color',(#21092),#15407);
#21092 = PRESENTATION_STYLE_ASSIGNMENT((#21093));
#21093 = SURFACE_STYLE_USAGE(.BOTH.,#21094);
#21094 = SURFACE_SIDE_STYLE('',(#21095));
#21095 = SURFACE_STYLE_FILL_AREA(#21096);
#21096 = FILL_AREA_STYLE('',(#21097));
#21097 = FILL_AREA_STYLE_COLOUR('',#20887);
#21098 = STYLED_ITEM('color',(#21099),#15424);
#21099 = PRESENTATION_STYLE_ASSIGNMENT((#21100));
#21100 = SURFACE_STYLE_USAGE(.BOTH.,#21101);
#21101 = SURFACE_SIDE_STYLE('',(#21102));
#21102 = SURFACE_STYLE_FILL_AREA(#21103);
#21103 = FILL_AREA_STYLE('',(#21104));
#21104 = FILL_AREA_STYLE_COLOUR('',#20887);
#21105 = STYLED_ITEM('color',(#21106),#15455);
#21106 = PRESENTATION_STYLE_ASSIGNMENT((#21107));
#21107 = SURFACE_STYLE_USAGE(.BOTH.,#21108);
#21108 = SURFACE_SIDE_STYLE('',(#21109));
#21109 = SURFACE_STYLE_FILL_AREA(#21110);
#21110 = FILL_AREA_STYLE('',(#21111));
#21111 = FILL_AREA_STYLE_COLOUR('',#20887);
#21112 = STYLED_ITEM('color',(#21113),#15479);
#21113 = PRESENTATION_STYLE_ASSIGNMENT((#21114));
#21114 = SURFACE_STYLE_USAGE(.BOTH.,#21115);
#21115 = SURFACE_SIDE_STYLE('',(#21116));
#21116 = SURFACE_STYLE_FILL_AREA(#21117);
#21117 = FILL_AREA_STYLE('',(#21118));
#21118 = FILL_AREA_STYLE_COLOUR('',#20887);
#21119 = STYLED_ITEM('color',(#21120),#15503);
#21120 = PRESENTATION_STYLE_ASSIGNMENT((#21121));
#21121 = SURFACE_STYLE_USAGE(.BOTH.,#21122);
#21122 = SURFACE_SIDE_STYLE('',(#21123));
#21123 = SURFACE_STYLE_FILL_AREA(#21124);
#21124 = FILL_AREA_STYLE('',(#21125));
#21125 = FILL_AREA_STYLE_COLOUR('',#20887);
#21126 = STYLED_ITEM('color',(#21127),#15520);
#21127 = PRESENTATION_STYLE_ASSIGNMENT((#21128));
#21128 = SURFACE_STYLE_USAGE(.BOTH.,#21129);
#21129 = SURFACE_SIDE_STYLE('',(#21130));
#21130 = SURFACE_STYLE_FILL_AREA(#21131);
#21131 = FILL_AREA_STYLE('',(#21132));
#21132 = FILL_AREA_STYLE_COLOUR('',#20887);
#21133 = STYLED_ITEM('color',(#21134),#15555);
#21134 = PRESENTATION_STYLE_ASSIGNMENT((#21135));
#21135 = SURFACE_STYLE_USAGE(.BOTH.,#21136);
#21136 = SURFACE_SIDE_STYLE('',(#21137));
#21137 = SURFACE_STYLE_FILL_AREA(#21138);
#21138 = FILL_AREA_STYLE('',(#21139));
#21139 = FILL_AREA_STYLE_COLOUR('',#20887);
#21140 = STYLED_ITEM('color',(#21141),#15595);
#21141 = PRESENTATION_STYLE_ASSIGNMENT((#21142));
#21142 = SURFACE_STYLE_USAGE(.BOTH.,#21143);
#21143 = SURFACE_SIDE_STYLE('',(#21144));
#21144 = SURFACE_STYLE_FILL_AREA(#21145);
#21145 = FILL_AREA_STYLE('',(#21146));
#21146 = FILL_AREA_STYLE_COLOUR('',#20887);
#21147 = STYLED_ITEM('color',(#21148),#15619);
#21148 = PRESENTATION_STYLE_ASSIGNMENT((#21149));
#21149 = SURFACE_STYLE_USAGE(.BOTH.,#21150);
#21150 = SURFACE_SIDE_STYLE('',(#21151));
#21151 = SURFACE_STYLE_FILL_AREA(#21152);
#21152 = FILL_AREA_STYLE('',(#21153));
#21153 = FILL_AREA_STYLE_COLOUR('',#20887);
#21154 = STYLED_ITEM('color',(#21155),#15660);
#21155 = PRESENTATION_STYLE_ASSIGNMENT((#21156));
#21156 = SURFACE_STYLE_USAGE(.BOTH.,#21157);
#21157 = SURFACE_SIDE_STYLE('',(#21158));
#21158 = SURFACE_STYLE_FILL_AREA(#21159);
#21159 = FILL_AREA_STYLE('',(#21160));
#21160 = FILL_AREA_STYLE_COLOUR('',#20887);
#21161 = STYLED_ITEM('color',(#21162),#15709);
#21162 = PRESENTATION_STYLE_ASSIGNMENT((#21163));
#21163 = SURFACE_STYLE_USAGE(.BOTH.,#21164);
#21164 = SURFACE_SIDE_STYLE('',(#21165));
#21165 = SURFACE_STYLE_FILL_AREA(#21166);
#21166 = FILL_AREA_STYLE('',(#21167));
#21167 = FILL_AREA_STYLE_COLOUR('',#20887);
#21168 = STYLED_ITEM('color',(#21169),#15755);
#21169 = PRESENTATION_STYLE_ASSIGNMENT((#21170));
#21170 = SURFACE_STYLE_USAGE(.BOTH.,#21171);
#21171 = SURFACE_SIDE_STYLE('',(#21172));
#21172 = SURFACE_STYLE_FILL_AREA(#21173);
#21173 = FILL_AREA_STYLE('',(#21174));
#21174 = FILL_AREA_STYLE_COLOUR('',#20887);
#21175 = STYLED_ITEM('color',(#21176),#15772);
#21176 = PRESENTATION_STYLE_ASSIGNMENT((#21177));
#21177 = SURFACE_STYLE_USAGE(.BOTH.,#21178);
#21178 = SURFACE_SIDE_STYLE('',(#21179));
#21179 = SURFACE_STYLE_FILL_AREA(#21180);
#21180 = FILL_AREA_STYLE('',(#21181));
#21181 = FILL_AREA_STYLE_COLOUR('',#20887);
#21182 = STYLED_ITEM('color',(#21183),#15784);
#21183 = PRESENTATION_STYLE_ASSIGNMENT((#21184));
#21184 = SURFACE_STYLE_USAGE(.BOTH.,#21185);
#21185 = SURFACE_SIDE_STYLE('',(#21186));
#21186 = SURFACE_STYLE_FILL_AREA(#21187);
#21187 = FILL_AREA_STYLE('',(#21188));
#21188 = FILL_AREA_STYLE_COLOUR('',#21189);
#21189 = COLOUR_RGB('',0.823529417451,0.819607860991,0.780392170416);
#21190 = STYLED_ITEM('color',(#21191),#15815);
#21191 = PRESENTATION_STYLE_ASSIGNMENT((#21192));
#21192 = SURFACE_STYLE_USAGE(.BOTH.,#21193);
#21193 = SURFACE_SIDE_STYLE('',(#21194));
#21194 = SURFACE_STYLE_FILL_AREA(#21195);
#21195 = FILL_AREA_STYLE('',(#21196));
#21196 = FILL_AREA_STYLE_COLOUR('',#21189);
#21197 = STYLED_ITEM('color',(#21198),#15871);
#21198 = PRESENTATION_STYLE_ASSIGNMENT((#21199));
#21199 = SURFACE_STYLE_USAGE(.BOTH.,#21200);
#21200 = SURFACE_SIDE_STYLE('',(#21201));
#21201 = SURFACE_STYLE_FILL_AREA(#21202);
#21202 = FILL_AREA_STYLE('',(#21203));
#21203 = FILL_AREA_STYLE_COLOUR('',#21189);
#21204 = STYLED_ITEM('color',(#21205),#15895);
#21205 = PRESENTATION_STYLE_ASSIGNMENT((#21206));
#21206 = SURFACE_STYLE_USAGE(.BOTH.,#21207);
#21207 = SURFACE_SIDE_STYLE('',(#21208));
#21208 = SURFACE_STYLE_FILL_AREA(#21209);
#21209 = FILL_AREA_STYLE('',(#21210));
#21210 = FILL_AREA_STYLE_COLOUR('',#21189);
#21211 = STYLED_ITEM('color',(#21212),#15944);
#21212 = PRESENTATION_STYLE_ASSIGNMENT((#21213));
#21213 = SURFACE_STYLE_USAGE(.BOTH.,#21214);
#21214 = SURFACE_SIDE_STYLE('',(#21215));
#21215 = SURFACE_STYLE_FILL_AREA(#21216);
#21216 = FILL_AREA_STYLE('',(#21217));
#21217 = FILL_AREA_STYLE_COLOUR('',#20887);
#21218 = STYLED_ITEM('color',(#21219),#15956);
#21219 = PRESENTATION_STYLE_ASSIGNMENT((#21220));
#21220 = SURFACE_STYLE_USAGE(.BOTH.,#21221);
#21221 = SURFACE_SIDE_STYLE('',(#21222));
#21222 = SURFACE_STYLE_FILL_AREA(#21223);
#21223 = FILL_AREA_STYLE('',(#21224));
#21224 = FILL_AREA_STYLE_COLOUR('',#20887);
#21225 = STYLED_ITEM('color',(#21226),#16059);
#21226 = PRESENTATION_STYLE_ASSIGNMENT((#21227));
#21227 = SURFACE_STYLE_USAGE(.BOTH.,#21228);
#21228 = SURFACE_SIDE_STYLE('',(#21229));
#21229 = SURFACE_STYLE_FILL_AREA(#21230);
#21230 = FILL_AREA_STYLE('',(#21231));
#21231 = FILL_AREA_STYLE_COLOUR('',#20887);
#21232 = STYLED_ITEM('color',(#21233),#16083);
#21233 = PRESENTATION_STYLE_ASSIGNMENT((#21234));
#21234 = SURFACE_STYLE_USAGE(.BOTH.,#21235);
#21235 = SURFACE_SIDE_STYLE('',(#21236));
#21236 = SURFACE_STYLE_FILL_AREA(#21237);
#21237 = FILL_AREA_STYLE('',(#21238));
#21238 = FILL_AREA_STYLE_COLOUR('',#20887);
#21239 = STYLED_ITEM('color',(#21240),#16107);
#21240 = PRESENTATION_STYLE_ASSIGNMENT((#21241));
#21241 = SURFACE_STYLE_USAGE(.BOTH.,#21242);
#21242 = SURFACE_SIDE_STYLE('',(#21243));
#21243 = SURFACE_STYLE_FILL_AREA(#21244);
#21244 = FILL_AREA_STYLE('',(#21245));
#21245 = FILL_AREA_STYLE_COLOUR('',#20887);
#21246 = STYLED_ITEM('color',(#21247),#16124);
#21247 = PRESENTATION_STYLE_ASSIGNMENT((#21248));
#21248 = SURFACE_STYLE_USAGE(.BOTH.,#21249);
#21249 = SURFACE_SIDE_STYLE('',(#21250));
#21250 = SURFACE_STYLE_FILL_AREA(#21251);
#21251 = FILL_AREA_STYLE('',(#21252));
#21252 = FILL_AREA_STYLE_COLOUR('',#21189);
#21253 = STYLED_ITEM('color',(#21254),#16155);
#21254 = PRESENTATION_STYLE_ASSIGNMENT((#21255));
#21255 = SURFACE_STYLE_USAGE(.BOTH.,#21256);
#21256 = SURFACE_SIDE_STYLE('',(#21257));
#21257 = SURFACE_STYLE_FILL_AREA(#21258);
#21258 = FILL_AREA_STYLE('',(#21259));
#21259 = FILL_AREA_STYLE_COLOUR('',#21189);
#21260 = STYLED_ITEM('color',(#21261),#16211);
#21261 = PRESENTATION_STYLE_ASSIGNMENT((#21262));
#21262 = SURFACE_STYLE_USAGE(.BOTH.,#21263);
#21263 = SURFACE_SIDE_STYLE('',(#21264));
#21264 = SURFACE_STYLE_FILL_AREA(#21265);
#21265 = FILL_AREA_STYLE('',(#21266));
#21266 = FILL_AREA_STYLE_COLOUR('',#21189);
#21267 = STYLED_ITEM('color',(#21268),#16235);
#21268 = PRESENTATION_STYLE_ASSIGNMENT((#21269));
#21269 = SURFACE_STYLE_USAGE(.BOTH.,#21270);
#21270 = SURFACE_SIDE_STYLE('',(#21271));
#21271 = SURFACE_STYLE_FILL_AREA(#21272);
#21272 = FILL_AREA_STYLE('',(#21273));
#21273 = FILL_AREA_STYLE_COLOUR('',#21189);
#21274 = STYLED_ITEM('color',(#21275),#16284);
#21275 = PRESENTATION_STYLE_ASSIGNMENT((#21276));
#21276 = SURFACE_STYLE_USAGE(.BOTH.,#21277);
#21277 = SURFACE_SIDE_STYLE('',(#21278));
#21278 = SURFACE_STYLE_FILL_AREA(#21279);
#21279 = FILL_AREA_STYLE('',(#21280));
#21280 = FILL_AREA_STYLE_COLOUR('',#21189);
#21281 = STYLED_ITEM('color',(#21282),#16301);
#21282 = PRESENTATION_STYLE_ASSIGNMENT((#21283));
#21283 = SURFACE_STYLE_USAGE(.BOTH.,#21284);
#21284 = SURFACE_SIDE_STYLE('',(#21285));
#21285 = SURFACE_STYLE_FILL_AREA(#21286);
#21286 = FILL_AREA_STYLE('',(#21287));
#21287 = FILL_AREA_STYLE_COLOUR('',#21189);
#21288 = STYLED_ITEM('color',(#21289),#16348);
#21289 = PRESENTATION_STYLE_ASSIGNMENT((#21290));
#21290 = SURFACE_STYLE_USAGE(.BOTH.,#21291);
#21291 = SURFACE_SIDE_STYLE('',(#21292));
#21292 = SURFACE_STYLE_FILL_AREA(#21293);
#21293 = FILL_AREA_STYLE('',(#21294));
#21294 = FILL_AREA_STYLE_COLOUR('',#21189);
#21295 = STYLED_ITEM('color',(#21296),#16374);
#21296 = PRESENTATION_STYLE_ASSIGNMENT((#21297));
#21297 = SURFACE_STYLE_USAGE(.BOTH.,#21298);
#21298 = SURFACE_SIDE_STYLE('',(#21299));
#21299 = SURFACE_STYLE_FILL_AREA(#21300);
#21300 = FILL_AREA_STYLE('',(#21301));
#21301 = FILL_AREA_STYLE_COLOUR('',#21189);
#21302 = STYLED_ITEM('color',(#21303),#16391);
#21303 = PRESENTATION_STYLE_ASSIGNMENT((#21304));
#21304 = SURFACE_STYLE_USAGE(.BOTH.,#21305);
#21305 = SURFACE_SIDE_STYLE('',(#21306));
#21306 = SURFACE_STYLE_FILL_AREA(#21307);
#21307 = FILL_AREA_STYLE('',(#21308));
#21308 = FILL_AREA_STYLE_COLOUR('',#21189);
#21309 = STYLED_ITEM('color',(#21310),#16417);
#21310 = PRESENTATION_STYLE_ASSIGNMENT((#21311));
#21311 = SURFACE_STYLE_USAGE(.BOTH.,#21312);
#21312 = SURFACE_SIDE_STYLE('',(#21313));
#21313 = SURFACE_STYLE_FILL_AREA(#21314);
#21314 = FILL_AREA_STYLE('',(#21315));
#21315 = FILL_AREA_STYLE_COLOUR('',#21189);
#21316 = STYLED_ITEM('color',(#21317),#16450);
#21317 = PRESENTATION_STYLE_ASSIGNMENT((#21318));
#21318 = SURFACE_STYLE_USAGE(.BOTH.,#21319);
#21319 = SURFACE_SIDE_STYLE('',(#21320));
#21320 = SURFACE_STYLE_FILL_AREA(#21321);
#21321 = FILL_AREA_STYLE('',(#21322));
#21322 = FILL_AREA_STYLE_COLOUR('',#20887);
#21323 = STYLED_ITEM('color',(#21324),#16462);
#21324 = PRESENTATION_STYLE_ASSIGNMENT((#21325));
#21325 = SURFACE_STYLE_USAGE(.BOTH.,#21326);
#21326 = SURFACE_SIDE_STYLE('',(#21327));
#21327 = SURFACE_STYLE_FILL_AREA(#21328);
#21328 = FILL_AREA_STYLE('',(#21329));
#21329 = FILL_AREA_STYLE_COLOUR('',#21189);
#21330 = STYLED_ITEM('color',(#21331),#16493);
#21331 = PRESENTATION_STYLE_ASSIGNMENT((#21332));
#21332 = SURFACE_STYLE_USAGE(.BOTH.,#21333);
#21333 = SURFACE_SIDE_STYLE('',(#21334));
#21334 = SURFACE_STYLE_FILL_AREA(#21335);
#21335 = FILL_AREA_STYLE('',(#21336));
#21336 = FILL_AREA_STYLE_COLOUR('',#21189);
#21337 = STYLED_ITEM('color',(#21338),#16517);
#21338 = PRESENTATION_STYLE_ASSIGNMENT((#21339));
#21339 = SURFACE_STYLE_USAGE(.BOTH.,#21340);
#21340 = SURFACE_SIDE_STYLE('',(#21341));
#21341 = SURFACE_STYLE_FILL_AREA(#21342);
#21342 = FILL_AREA_STYLE('',(#21343));
#21343 = FILL_AREA_STYLE_COLOUR('',#21189);
#21344 = STYLED_ITEM('color',(#21345),#16541);
#21345 = PRESENTATION_STYLE_ASSIGNMENT((#21346));
#21346 = SURFACE_STYLE_USAGE(.BOTH.,#21347);
#21347 = SURFACE_SIDE_STYLE('',(#21348));
#21348 = SURFACE_STYLE_FILL_AREA(#21349);
#21349 = FILL_AREA_STYLE('',(#21350));
#21350 = FILL_AREA_STYLE_COLOUR('',#21189);
#21351 = STYLED_ITEM('color',(#21352),#16558);
#21352 = PRESENTATION_STYLE_ASSIGNMENT((#21353));
#21353 = SURFACE_STYLE_USAGE(.BOTH.,#21354);
#21354 = SURFACE_SIDE_STYLE('',(#21355));
#21355 = SURFACE_STYLE_FILL_AREA(#21356);
#21356 = FILL_AREA_STYLE('',(#21357));
#21357 = FILL_AREA_STYLE_COLOUR('',#21189);
#21358 = STYLED_ITEM('color',(#21359),#16589);
#21359 = PRESENTATION_STYLE_ASSIGNMENT((#21360));
#21360 = SURFACE_STYLE_USAGE(.BOTH.,#21361);
#21361 = SURFACE_SIDE_STYLE('',(#21362));
#21362 = SURFACE_STYLE_FILL_AREA(#21363);
#21363 = FILL_AREA_STYLE('',(#21364));
#21364 = FILL_AREA_STYLE_COLOUR('',#21189);
#21365 = STYLED_ITEM('color',(#21366),#16613);
#21366 = PRESENTATION_STYLE_ASSIGNMENT((#21367));
#21367 = SURFACE_STYLE_USAGE(.BOTH.,#21368);
#21368 = SURFACE_SIDE_STYLE('',(#21369));
#21369 = SURFACE_STYLE_FILL_AREA(#21370);
#21370 = FILL_AREA_STYLE('',(#21371));
#21371 = FILL_AREA_STYLE_COLOUR('',#21189);
#21372 = STYLED_ITEM('color',(#21373),#16637);
#21373 = PRESENTATION_STYLE_ASSIGNMENT((#21374));
#21374 = SURFACE_STYLE_USAGE(.BOTH.,#21375);
#21375 = SURFACE_SIDE_STYLE('',(#21376));
#21376 = SURFACE_STYLE_FILL_AREA(#21377);
#21377 = FILL_AREA_STYLE('',(#21378));
#21378 = FILL_AREA_STYLE_COLOUR('',#21189);
#21379 = STYLED_ITEM('color',(#21380),#16654);
#21380 = PRESENTATION_STYLE_ASSIGNMENT((#21381));
#21381 = SURFACE_STYLE_USAGE(.BOTH.,#21382);
#21382 = SURFACE_SIDE_STYLE('',(#21383));
#21383 = SURFACE_STYLE_FILL_AREA(#21384);
#21384 = FILL_AREA_STYLE('',(#21385));
#21385 = FILL_AREA_STYLE_COLOUR('',#21189);
#21386 = STYLED_ITEM('color',(#21387),#16671);
#21387 = PRESENTATION_STYLE_ASSIGNMENT((#21388));
#21388 = SURFACE_STYLE_USAGE(.BOTH.,#21389);
#21389 = SURFACE_SIDE_STYLE('',(#21390));
#21390 = SURFACE_STYLE_FILL_AREA(#21391);
#21391 = FILL_AREA_STYLE('',(#21392));
#21392 = FILL_AREA_STYLE_COLOUR('',#21189);
#21393 = STYLED_ITEM('color',(#21394),#16718);
#21394 = PRESENTATION_STYLE_ASSIGNMENT((#21395));
#21395 = SURFACE_STYLE_USAGE(.BOTH.,#21396);
#21396 = SURFACE_SIDE_STYLE('',(#21397));
#21397 = SURFACE_STYLE_FILL_AREA(#21398);
#21398 = FILL_AREA_STYLE('',(#21399));
#21399 = FILL_AREA_STYLE_COLOUR('',#21189);
#21400 = STYLED_ITEM('color',(#21401),#16744);
#21401 = PRESENTATION_STYLE_ASSIGNMENT((#21402));
#21402 = SURFACE_STYLE_USAGE(.BOTH.,#21403);
#21403 = SURFACE_SIDE_STYLE('',(#21404));
#21404 = SURFACE_STYLE_FILL_AREA(#21405);
#21405 = FILL_AREA_STYLE('',(#21406));
#21406 = FILL_AREA_STYLE_COLOUR('',#21189);
#21407 = STYLED_ITEM('color',(#21408),#16761);
#21408 = PRESENTATION_STYLE_ASSIGNMENT((#21409));
#21409 = SURFACE_STYLE_USAGE(.BOTH.,#21410);
#21410 = SURFACE_SIDE_STYLE('',(#21411));
#21411 = SURFACE_STYLE_FILL_AREA(#21412);
#21412 = FILL_AREA_STYLE('',(#21413));
#21413 = FILL_AREA_STYLE_COLOUR('',#21189);
#21414 = STYLED_ITEM('color',(#21415),#16787);
#21415 = PRESENTATION_STYLE_ASSIGNMENT((#21416));
#21416 = SURFACE_STYLE_USAGE(.BOTH.,#21417);
#21417 = SURFACE_SIDE_STYLE('',(#21418));
#21418 = SURFACE_STYLE_FILL_AREA(#21419);
#21419 = FILL_AREA_STYLE('',(#21420));
#21420 = FILL_AREA_STYLE_COLOUR('',#21189);
#21421 = STYLED_ITEM('color',(#21422),#16820);
#21422 = PRESENTATION_STYLE_ASSIGNMENT((#21423));
#21423 = SURFACE_STYLE_USAGE(.BOTH.,#21424);
#21424 = SURFACE_SIDE_STYLE('',(#21425));
#21425 = SURFACE_STYLE_FILL_AREA(#21426);
#21426 = FILL_AREA_STYLE('',(#21427));
#21427 = FILL_AREA_STYLE_COLOUR('',#21189);
#21428 = STYLED_ITEM('color',(#21429),#16837);
#21429 = PRESENTATION_STYLE_ASSIGNMENT((#21430));
#21430 = SURFACE_STYLE_USAGE(.BOTH.,#21431);
#21431 = SURFACE_SIDE_STYLE('',(#21432));
#21432 = SURFACE_STYLE_FILL_AREA(#21433);
#21433 = FILL_AREA_STYLE('',(#21434));
#21434 = FILL_AREA_STYLE_COLOUR('',#21189);
#21435 = STYLED_ITEM('color',(#21436),#16854);
#21436 = PRESENTATION_STYLE_ASSIGNMENT((#21437));
#21437 = SURFACE_STYLE_USAGE(.BOTH.,#21438);
#21438 = SURFACE_SIDE_STYLE('',(#21439));
#21439 = SURFACE_STYLE_FILL_AREA(#21440);
#21440 = FILL_AREA_STYLE('',(#21441));
#21441 = FILL_AREA_STYLE_COLOUR('',#21189);
#21442 = STYLED_ITEM('color',(#21443),#16866);
#21443 = PRESENTATION_STYLE_ASSIGNMENT((#21444));
#21444 = SURFACE_STYLE_USAGE(.BOTH.,#21445);
#21445 = SURFACE_SIDE_STYLE('',(#21446));
#21446 = SURFACE_STYLE_FILL_AREA(#21447);
#21447 = FILL_AREA_STYLE('',(#21448));
#21448 = FILL_AREA_STYLE_COLOUR('',#21189);
#21449 = STYLED_ITEM('color',(#21450),#16897);
#21450 = PRESENTATION_STYLE_ASSIGNMENT((#21451));
#21451 = SURFACE_STYLE_USAGE(.BOTH.,#21452);
#21452 = SURFACE_SIDE_STYLE('',(#21453));
#21453 = SURFACE_STYLE_FILL_AREA(#21454);
#21454 = FILL_AREA_STYLE('',(#21455));
#21455 = FILL_AREA_STYLE_COLOUR('',#21189);
#21456 = STYLED_ITEM('color',(#21457),#16921);
#21457 = PRESENTATION_STYLE_ASSIGNMENT((#21458));
#21458 = SURFACE_STYLE_USAGE(.BOTH.,#21459);
#21459 = SURFACE_SIDE_STYLE('',(#21460));
#21460 = SURFACE_STYLE_FILL_AREA(#21461);
#21461 = FILL_AREA_STYLE('',(#21462));
#21462 = FILL_AREA_STYLE_COLOUR('',#21189);
#21463 = STYLED_ITEM('color',(#21464),#16945);
#21464 = PRESENTATION_STYLE_ASSIGNMENT((#21465));
#21465 = SURFACE_STYLE_USAGE(.BOTH.,#21466);
#21466 = SURFACE_SIDE_STYLE('',(#21467));
#21467 = SURFACE_STYLE_FILL_AREA(#21468);
#21468 = FILL_AREA_STYLE('',(#21469));
#21469 = FILL_AREA_STYLE_COLOUR('',#21189);
#21470 = STYLED_ITEM('color',(#21471),#16962);
#21471 = PRESENTATION_STYLE_ASSIGNMENT((#21472));
#21472 = SURFACE_STYLE_USAGE(.BOTH.,#21473);
#21473 = SURFACE_SIDE_STYLE('',(#21474));
#21474 = SURFACE_STYLE_FILL_AREA(#21475);
#21475 = FILL_AREA_STYLE('',(#21476));
#21476 = FILL_AREA_STYLE_COLOUR('',#21189);
#21477 = STYLED_ITEM('color',(#21478),#16993);
#21478 = PRESENTATION_STYLE_ASSIGNMENT((#21479));
#21479 = SURFACE_STYLE_USAGE(.BOTH.,#21480);
#21480 = SURFACE_SIDE_STYLE('',(#21481));
#21481 = SURFACE_STYLE_FILL_AREA(#21482);
#21482 = FILL_AREA_STYLE('',(#21483));
#21483 = FILL_AREA_STYLE_COLOUR('',#21189);
#21484 = STYLED_ITEM('color',(#21485),#17017);
#21485 = PRESENTATION_STYLE_ASSIGNMENT((#21486));
#21486 = SURFACE_STYLE_USAGE(.BOTH.,#21487);
#21487 = SURFACE_SIDE_STYLE('',(#21488));
#21488 = SURFACE_STYLE_FILL_AREA(#21489);
#21489 = FILL_AREA_STYLE('',(#21490));
#21490 = FILL_AREA_STYLE_COLOUR('',#21189);
#21491 = STYLED_ITEM('color',(#21492),#17041);
#21492 = PRESENTATION_STYLE_ASSIGNMENT((#21493));
#21493 = SURFACE_STYLE_USAGE(.BOTH.,#21494);
#21494 = SURFACE_SIDE_STYLE('',(#21495));
#21495 = SURFACE_STYLE_FILL_AREA(#21496);
#21496 = FILL_AREA_STYLE('',(#21497));
#21497 = FILL_AREA_STYLE_COLOUR('',#21189);
#21498 = STYLED_ITEM('color',(#21499),#17058);
#21499 = PRESENTATION_STYLE_ASSIGNMENT((#21500));
#21500 = SURFACE_STYLE_USAGE(.BOTH.,#21501);
#21501 = SURFACE_SIDE_STYLE('',(#21502));
#21502 = SURFACE_STYLE_FILL_AREA(#21503);
#21503 = FILL_AREA_STYLE('',(#21504));
#21504 = FILL_AREA_STYLE_COLOUR('',#21189);
#21505 = STYLED_ITEM('color',(#21506),#17075);
#21506 = PRESENTATION_STYLE_ASSIGNMENT((#21507));
#21507 = SURFACE_STYLE_USAGE(.BOTH.,#21508);
#21508 = SURFACE_SIDE_STYLE('',(#21509));
#21509 = SURFACE_STYLE_FILL_AREA(#21510);
#21510 = FILL_AREA_STYLE('',(#21511));
#21511 = FILL_AREA_STYLE_COLOUR('',#21189);
#21512 = STYLED_ITEM('color',(#21513),#17092);
#21513 = PRESENTATION_STYLE_ASSIGNMENT((#21514));
#21514 = SURFACE_STYLE_USAGE(.BOTH.,#21515);
#21515 = SURFACE_SIDE_STYLE('',(#21516));
#21516 = SURFACE_STYLE_FILL_AREA(#21517);
#21517 = FILL_AREA_STYLE('',(#21518));
#21518 = FILL_AREA_STYLE_COLOUR('',#21189);
#21519 = STYLED_ITEM('color',(#21520),#17104);
#21520 = PRESENTATION_STYLE_ASSIGNMENT((#21521));
#21521 = SURFACE_STYLE_USAGE(.BOTH.,#21522);
#21522 = SURFACE_SIDE_STYLE('',(#21523));
#21523 = SURFACE_STYLE_FILL_AREA(#21524);
#21524 = FILL_AREA_STYLE('',(#21525));
#21525 = FILL_AREA_STYLE_COLOUR('',#21189);
#21526 = STYLED_ITEM('color',(#21527),#17116);
#21527 = PRESENTATION_STYLE_ASSIGNMENT((#21528));
#21528 = SURFACE_STYLE_USAGE(.BOTH.,#21529);
#21529 = SURFACE_SIDE_STYLE('',(#21530));
#21530 = SURFACE_STYLE_FILL_AREA(#21531);
#21531 = FILL_AREA_STYLE('',(#21532));
#21532 = FILL_AREA_STYLE_COLOUR('',#21189);
#21533 = MECHANICAL_DESIGN_GEOMETRIC_PRESENTATION_REPRESENTATION('',(
    #21534,#21541,#21548,#21555,#21562,#21569,#21576,#21583,#21590,
    #21597,#21604,#21612,#21619,#21626,#21633,#21640,#21647,#21654,
    #21661,#21668,#21675,#21682,#21689,#21696,#21703,#21710,#21717,
    #21724),#7348);
#21534 = STYLED_ITEM('color',(#21535),#6496);
#21535 = PRESENTATION_STYLE_ASSIGNMENT((#21536));
#21536 = SURFACE_STYLE_USAGE(.BOTH.,#21537);
#21537 = SURFACE_SIDE_STYLE('',(#21538));
#21538 = SURFACE_STYLE_FILL_AREA(#21539);
#21539 = FILL_AREA_STYLE('',(#21540));
#21540 = FILL_AREA_STYLE_COLOUR('',#18756);
#21541 = STYLED_ITEM('color',(#21542),#6572);
#21542 = PRESENTATION_STYLE_ASSIGNMENT((#21543));
#21543 = SURFACE_STYLE_USAGE(.BOTH.,#21544);
#21544 = SURFACE_SIDE_STYLE('',(#21545));
#21545 = SURFACE_STYLE_FILL_AREA(#21546);
#21546 = FILL_AREA_STYLE('',(#21547));
#21547 = FILL_AREA_STYLE_COLOUR('',#18756);
#21548 = STYLED_ITEM('color',(#21549),#6603);
#21549 = PRESENTATION_STYLE_ASSIGNMENT((#21550));
#21550 = SURFACE_STYLE_USAGE(.BOTH.,#21551);
#21551 = SURFACE_SIDE_STYLE('',(#21552));
#21552 = SURFACE_STYLE_FILL_AREA(#21553);
#21553 = FILL_AREA_STYLE('',(#21554));
#21554 = FILL_AREA_STYLE_COLOUR('',#18756);
#21555 = STYLED_ITEM('color',(#21556),#6628);
#21556 = PRESENTATION_STYLE_ASSIGNMENT((#21557));
#21557 = SURFACE_STYLE_USAGE(.BOTH.,#21558);
#21558 = SURFACE_SIDE_STYLE('',(#21559));
#21559 = SURFACE_STYLE_FILL_AREA(#21560);
#21560 = FILL_AREA_STYLE('',(#21561));
#21561 = FILL_AREA_STYLE_COLOUR('',#18756);
#21562 = STYLED_ITEM('color',(#21563),#6653);
#21563 = PRESENTATION_STYLE_ASSIGNMENT((#21564));
#21564 = SURFACE_STYLE_USAGE(.BOTH.,#21565);
#21565 = SURFACE_SIDE_STYLE('',(#21566));
#21566 = SURFACE_STYLE_FILL_AREA(#21567);
#21567 = FILL_AREA_STYLE('',(#21568));
#21568 = FILL_AREA_STYLE_COLOUR('',#18756);
#21569 = STYLED_ITEM('color',(#21570),#6677);
#21570 = PRESENTATION_STYLE_ASSIGNMENT((#21571));
#21571 = SURFACE_STYLE_USAGE(.BOTH.,#21572);
#21572 = SURFACE_SIDE_STYLE('',(#21573));
#21573 = SURFACE_STYLE_FILL_AREA(#21574);
#21574 = FILL_AREA_STYLE('',(#21575));
#21575 = FILL_AREA_STYLE_COLOUR('',#18756);
#21576 = STYLED_ITEM('color',(#21577),#6701);
#21577 = PRESENTATION_STYLE_ASSIGNMENT((#21578));
#21578 = SURFACE_STYLE_USAGE(.BOTH.,#21579);
#21579 = SURFACE_SIDE_STYLE('',(#21580));
#21580 = SURFACE_STYLE_FILL_AREA(#21581);
#21581 = FILL_AREA_STYLE('',(#21582));
#21582 = FILL_AREA_STYLE_COLOUR('',#18756);
#21583 = STYLED_ITEM('color',(#21584),#6726);
#21584 = PRESENTATION_STYLE_ASSIGNMENT((#21585));
#21585 = SURFACE_STYLE_USAGE(.BOTH.,#21586);
#21586 = SURFACE_SIDE_STYLE('',(#21587));
#21587 = SURFACE_STYLE_FILL_AREA(#21588);
#21588 = FILL_AREA_STYLE('',(#21589));
#21589 = FILL_AREA_STYLE_COLOUR('',#18756);
#21590 = STYLED_ITEM('color',(#21591),#6751);
#21591 = PRESENTATION_STYLE_ASSIGNMENT((#21592));
#21592 = SURFACE_STYLE_USAGE(.BOTH.,#21593);
#21593 = SURFACE_SIDE_STYLE('',(#21594));
#21594 = SURFACE_STYLE_FILL_AREA(#21595);
#21595 = FILL_AREA_STYLE('',(#21596));
#21596 = FILL_AREA_STYLE_COLOUR('',#18756);
#21597 = STYLED_ITEM('color',(#21598),#6768);
#21598 = PRESENTATION_STYLE_ASSIGNMENT((#21599));
#21599 = SURFACE_STYLE_USAGE(.BOTH.,#21600);
#21600 = SURFACE_SIDE_STYLE('',(#21601));
#21601 = SURFACE_STYLE_FILL_AREA(#21602);
#21602 = FILL_AREA_STYLE('',(#21603));
#21603 = FILL_AREA_STYLE_COLOUR('',#18756);
#21604 = STYLED_ITEM('color',(#21605),#6854);
#21605 = PRESENTATION_STYLE_ASSIGNMENT((#21606));
#21606 = SURFACE_STYLE_USAGE(.BOTH.,#21607);
#21607 = SURFACE_SIDE_STYLE('',(#21608));
#21608 = SURFACE_STYLE_FILL_AREA(#21609);
#21609 = FILL_AREA_STYLE('',(#21610));
#21610 = FILL_AREA_STYLE_COLOUR('',#21611);
#21611 = COLOUR_RGB('',0.379000005575,0.270000008848,0.214999999939);
#21612 = STYLED_ITEM('color',(#21613),#6886);
#21613 = PRESENTATION_STYLE_ASSIGNMENT((#21614));
#21614 = SURFACE_STYLE_USAGE(.BOTH.,#21615);
#21615 = SURFACE_SIDE_STYLE('',(#21616));
#21616 = SURFACE_STYLE_FILL_AREA(#21617);
#21617 = FILL_AREA_STYLE('',(#21618));
#21618 = FILL_AREA_STYLE_COLOUR('',#21611);
#21619 = STYLED_ITEM('color',(#21620),#6910);
#21620 = PRESENTATION_STYLE_ASSIGNMENT((#21621));
#21621 = SURFACE_STYLE_USAGE(.BOTH.,#21622);
#21622 = SURFACE_SIDE_STYLE('',(#21623));
#21623 = SURFACE_STYLE_FILL_AREA(#21624);
#21624 = FILL_AREA_STYLE('',(#21625));
#21625 = FILL_AREA_STYLE_COLOUR('',#21611);
#21626 = STYLED_ITEM('color',(#21627),#6935);
#21627 = PRESENTATION_STYLE_ASSIGNMENT((#21628));
#21628 = SURFACE_STYLE_USAGE(.BOTH.,#21629);
#21629 = SURFACE_SIDE_STYLE('',(#21630));
#21630 = SURFACE_STYLE_FILL_AREA(#21631);
#21631 = FILL_AREA_STYLE('',(#21632));
#21632 = FILL_AREA_STYLE_COLOUR('',#21611);
#21633 = STYLED_ITEM('color',(#21634),#6959);
#21634 = PRESENTATION_STYLE_ASSIGNMENT((#21635));
#21635 = SURFACE_STYLE_USAGE(.BOTH.,#21636);
#21636 = SURFACE_SIDE_STYLE('',(#21637));
#21637 = SURFACE_STYLE_FILL_AREA(#21638);
#21638 = FILL_AREA_STYLE('',(#21639));
#21639 = FILL_AREA_STYLE_COLOUR('',#21611);
#21640 = STYLED_ITEM('color',(#21641),#6984);
#21641 = PRESENTATION_STYLE_ASSIGNMENT((#21642));
#21642 = SURFACE_STYLE_USAGE(.BOTH.,#21643);
#21643 = SURFACE_SIDE_STYLE('',(#21644));
#21644 = SURFACE_STYLE_FILL_AREA(#21645);
#21645 = FILL_AREA_STYLE('',(#21646));
#21646 = FILL_AREA_STYLE_COLOUR('',#21611);
#21647 = STYLED_ITEM('color',(#21648),#7008);
#21648 = PRESENTATION_STYLE_ASSIGNMENT((#21649));
#21649 = SURFACE_STYLE_USAGE(.BOTH.,#21650);
#21650 = SURFACE_SIDE_STYLE('',(#21651));
#21651 = SURFACE_STYLE_FILL_AREA(#21652);
#21652 = FILL_AREA_STYLE('',(#21653));
#21653 = FILL_AREA_STYLE_COLOUR('',#21611);
#21654 = STYLED_ITEM('color',(#21655),#7033);
#21655 = PRESENTATION_STYLE_ASSIGNMENT((#21656));
#21656 = SURFACE_STYLE_USAGE(.BOTH.,#21657);
#21657 = SURFACE_SIDE_STYLE('',(#21658));
#21658 = SURFACE_STYLE_FILL_AREA(#21659);
#21659 = FILL_AREA_STYLE('',(#21660));
#21660 = FILL_AREA_STYLE_COLOUR('',#21611);
#21661 = STYLED_ITEM('color',(#21662),#7050);
#21662 = PRESENTATION_STYLE_ASSIGNMENT((#21663));
#21663 = SURFACE_STYLE_USAGE(.BOTH.,#21664);
#21664 = SURFACE_SIDE_STYLE('',(#21665));
#21665 = SURFACE_STYLE_FILL_AREA(#21666);
#21666 = FILL_AREA_STYLE('',(#21667));
#21667 = FILL_AREA_STYLE_COLOUR('',#18756);
#21668 = STYLED_ITEM('color',(#21669),#7136);
#21669 = PRESENTATION_STYLE_ASSIGNMENT((#21670));
#21670 = SURFACE_STYLE_USAGE(.BOTH.,#21671);
#21671 = SURFACE_SIDE_STYLE('',(#21672));
#21672 = SURFACE_STYLE_FILL_AREA(#21673);
#21673 = FILL_AREA_STYLE('',(#21674));
#21674 = FILL_AREA_STYLE_COLOUR('',#18756);
#21675 = STYLED_ITEM('color',(#21676),#7167);
#21676 = PRESENTATION_STYLE_ASSIGNMENT((#21677));
#21677 = SURFACE_STYLE_USAGE(.BOTH.,#21678);
#21678 = SURFACE_SIDE_STYLE('',(#21679));
#21679 = SURFACE_STYLE_FILL_AREA(#21680);
#21680 = FILL_AREA_STYLE('',(#21681));
#21681 = FILL_AREA_STYLE_COLOUR('',#18756);
#21682 = STYLED_ITEM('color',(#21683),#7192);
#21683 = PRESENTATION_STYLE_ASSIGNMENT((#21684));
#21684 = SURFACE_STYLE_USAGE(.BOTH.,#21685);
#21685 = SURFACE_SIDE_STYLE('',(#21686));
#21686 = SURFACE_STYLE_FILL_AREA(#21687);
#21687 = FILL_AREA_STYLE('',(#21688));
#21688 = FILL_AREA_STYLE_COLOUR('',#18756);
#21689 = STYLED_ITEM('color',(#21690),#7217);
#21690 = PRESENTATION_STYLE_ASSIGNMENT((#21691));
#21691 = SURFACE_STYLE_USAGE(.BOTH.,#21692);
#21692 = SURFACE_SIDE_STYLE('',(#21693));
#21693 = SURFACE_STYLE_FILL_AREA(#21694);
#21694 = FILL_AREA_STYLE('',(#21695));
#21695 = FILL_AREA_STYLE_COLOUR('',#18756);
#21696 = STYLED_ITEM('color',(#21697),#7241);
#21697 = PRESENTATION_STYLE_ASSIGNMENT((#21698));
#21698 = SURFACE_STYLE_USAGE(.BOTH.,#21699);
#21699 = SURFACE_SIDE_STYLE('',(#21700));
#21700 = SURFACE_STYLE_FILL_AREA(#21701);
#21701 = FILL_AREA_STYLE('',(#21702));
#21702 = FILL_AREA_STYLE_COLOUR('',#18756);
#21703 = STYLED_ITEM('color',(#21704),#7265);
#21704 = PRESENTATION_STYLE_ASSIGNMENT((#21705));
#21705 = SURFACE_STYLE_USAGE(.BOTH.,#21706);
#21706 = SURFACE_SIDE_STYLE('',(#21707));
#21707 = SURFACE_STYLE_FILL_AREA(#21708);
#21708 = FILL_AREA_STYLE('',(#21709));
#21709 = FILL_AREA_STYLE_COLOUR('',#18756);
#21710 = STYLED_ITEM('color',(#21711),#7290);
#21711 = PRESENTATION_STYLE_ASSIGNMENT((#21712));
#21712 = SURFACE_STYLE_USAGE(.BOTH.,#21713);
#21713 = SURFACE_SIDE_STYLE('',(#21714));
#21714 = SURFACE_STYLE_FILL_AREA(#21715);
#21715 = FILL_AREA_STYLE('',(#21716));
#21716 = FILL_AREA_STYLE_COLOUR('',#18756);
#21717 = STYLED_ITEM('color',(#21718),#7315);
#21718 = PRESENTATION_STYLE_ASSIGNMENT((#21719));
#21719 = SURFACE_STYLE_USAGE(.BOTH.,#21720);
#21720 = SURFACE_SIDE_STYLE('',(#21721));
#21721 = SURFACE_STYLE_FILL_AREA(#21722);
#21722 = FILL_AREA_STYLE('',(#21723));
#21723 = FILL_AREA_STYLE_COLOUR('',#18756);
#21724 = STYLED_ITEM('color',(#21725),#7332);
#21725 = PRESENTATION_STYLE_ASSIGNMENT((#21726));
#21726 = SURFACE_STYLE_USAGE(.BOTH.,#21727);
#21727 = SURFACE_SIDE_STYLE('',(#21728));
#21728 = SURFACE_STYLE_FILL_AREA(#21729);
#21729 = FILL_AREA_STYLE('',(#21730));
#21730 = FILL_AREA_STYLE_COLOUR('',#18756);
ENDSEC;
END-ISO-10303-21;
